{
  "type": "FeatureCollection",
  "name": "jerez-de-la-frontera-neighborhoods",
  "metadata": {
    "schemaVersion": 1,
    "cityId": "jerez-de-la-frontera",
    "cityName": "Jerez de la Frontera",
    "representative": false,
    "source": "Barrios urbanos DERA — Instituto de Estadística y Cartografía de Andalucía (Junta de Andalucía), CC BY 4.0"
  },
  "features": [
    {
      "type": "Feature",
      "properties": {
        "id": "almendral-la-esplendida",
        "name": "Almendral-La Espléndida",
        "cityId": "jerez-de-la-frontera"
      },
      "geometry": {
        "type": "Polygon",
        "coordinates": [
          [
            [-6.13111, 36.700408],
            [-6.131084, 36.700401],
            [-6.130251, 36.702448],
            [-6.129747, 36.703688],
            [-6.130579, 36.703893],
            [-6.131568, 36.704387],
            [-6.132407, 36.704658],
            [-6.133425, 36.704859],
            [-6.133628, 36.703894],
            [-6.1346, 36.701368],
            [-6.13111, 36.700408]
          ]
        ]
      }
    },
    {
      "type": "Feature",
      "properties": {
        "id": "bami-delicias-barbadillo",
        "name": "Bami-Delicias-Barbadillo",
        "cityId": "jerez-de-la-frontera"
      },
      "geometry": {
        "type": "Polygon",
        "coordinates": [
          [
            [-6.10645, 36.68778],
            [-6.107157, 36.687612],
            [-6.109644, 36.687205],
            [-6.109484, 36.686585],
            [-6.110305, 36.686433],
            [-6.112393, 36.686513],
            [-6.113664, 36.686423],
            [-6.108552, 36.685069],
            [-6.104525, 36.685946],
            [-6.102664, 36.686571],
            [-6.102175, 36.686615],
            [-6.102172, 36.686614],
            [-6.102096, 36.686871],
            [-6.104417, 36.687214],
            [-6.105519, 36.686984],
            [-6.106361, 36.686999],
            [-6.106419, 36.687251],
            [-6.106198, 36.687279],
            [-6.106413, 36.687789],
            [-6.10645, 36.68778]
          ]
        ]
      }
    },
    {
      "type": "Feature",
      "properties": {
        "id": "barrera-vista-alegre",
        "name": "Barrera-Vista Alegre",
        "cityId": "jerez-de-la-frontera"
      },
      "geometry": {
        "type": "Polygon",
        "coordinates": [
          [
            [-6.130617, 36.677731],
            [-6.131164, 36.676964],
            [-6.132888, 36.676463],
            [-6.133408, 36.676488],
            [-6.133639, 36.676524],
            [-6.133314, 36.675432],
            [-6.133449, 36.67541],
            [-6.13341, 36.675411],
            [-6.133125, 36.675418],
            [-6.132076, 36.675692],
            [-6.131797, 36.675655],
            [-6.131365, 36.675597],
            [-6.130268, 36.675266],
            [-6.128436, 36.674232],
            [-6.127903, 36.673931],
            [-6.125872, 36.672786],
            [-6.125832, 36.672764],
            [-6.125077, 36.673296],
            [-6.123813, 36.673713],
            [-6.123816, 36.673719],
            [-6.124258, 36.674123],
            [-6.124247, 36.674134],
            [-6.124878, 36.674243],
            [-6.126125, 36.67478],
            [-6.126003, 36.675239],
            [-6.126018, 36.675619],
            [-6.126264, 36.675878],
            [-6.126644, 36.675944],
            [-6.127141, 36.675399],
            [-6.128215, 36.67632],
            [-6.129903, 36.677263],
            [-6.130584, 36.677777],
            [-6.130617, 36.677731]
          ]
        ]
      }
    },
    {
      "type": "Feature",
      "properties": {
        "id": "barriada-agrimensor",
        "name": "Barriada Agrimensor",
        "cityId": "jerez-de-la-frontera"
      },
      "geometry": {
        "type": "Polygon",
        "coordinates": [
          [
            [-6.139722, 36.67836],
            [-6.139711, 36.678091],
            [-6.139414, 36.677738],
            [-6.139623, 36.677657],
            [-6.140224, 36.676363],
            [-6.140229, 36.676351],
            [-6.140176, 36.676322],
            [-6.138712, 36.675537],
            [-6.138024, 36.675403],
            [-6.13453, 36.675229],
            [-6.133449, 36.67541],
            [-6.133314, 36.675432],
            [-6.133639, 36.676524],
            [-6.134025, 36.676585],
            [-6.136035, 36.67733],
            [-6.137143, 36.677908],
            [-6.137243, 36.678058],
            [-6.137953, 36.678115],
            [-6.138764, 36.678359],
            [-6.139722, 36.67836]
          ]
        ]
      }
    },
    {
      "type": "Feature",
      "properties": {
        "id": "barriada-espana",
        "name": "Barriada España",
        "cityId": "jerez-de-la-frontera"
      },
      "geometry": {
        "type": "Polygon",
        "coordinates": [
          [
            [-6.127299, 36.688458],
            [-6.127803, 36.688495],
            [-6.127882, 36.688894],
            [-6.130053, 36.688653],
            [-6.130146, 36.689928],
            [-6.131421, 36.689588],
            [-6.131873, 36.688957],
            [-6.133308, 36.688668],
            [-6.133288, 36.688643],
            [-6.132434, 36.688514],
            [-6.133153, 36.686482],
            [-6.132632, 36.68642],
            [-6.131816, 36.686061],
            [-6.128004, 36.685852],
            [-6.127864, 36.687046],
            [-6.127299, 36.688458]
          ]
        ]
      }
    },
    {
      "type": "Feature",
      "properties": {
        "id": "blas-infante",
        "name": "Blas Infante",
        "cityId": "jerez-de-la-frontera"
      },
      "geometry": {
        "type": "Polygon",
        "coordinates": [
          [
            [-6.130561, 36.670647],
            [-6.12929, 36.669724],
            [-6.12872, 36.669606],
            [-6.127502, 36.669771],
            [-6.127513, 36.670055],
            [-6.127218, 36.670545],
            [-6.129668, 36.671625],
            [-6.130166, 36.67101],
            [-6.130189, 36.671021],
            [-6.130576, 36.670658],
            [-6.130561, 36.670647]
          ]
        ]
      }
    },
    {
      "type": "Feature",
      "properties": {
        "id": "bodegas-williams-and-humber",
        "name": "Bodegas Williams and Humber",
        "cityId": "jerez-de-la-frontera"
      },
      "geometry": {
        "type": "Polygon",
        "coordinates": [
          [
            [-6.149996, 36.675177],
            [-6.150068, 36.675216],
            [-6.150169, 36.67528],
            [-6.150264, 36.675349],
            [-6.150312, 36.675389],
            [-6.150204, 36.675609],
            [-6.15021, 36.675675],
            [-6.151405, 36.676364],
            [-6.156912, 36.678377],
            [-6.159181, 36.677292],
            [-6.158766, 36.675736],
            [-6.159186, 36.675143],
            [-6.15704, 36.674305],
            [-6.156854, 36.674232],
            [-6.157591, 36.673276],
            [-6.155758, 36.669684],
            [-6.155309, 36.669576],
            [-6.154908, 36.669736],
            [-6.154565, 36.669745],
            [-6.154562, 36.669754],
            [-6.154367, 36.669712],
            [-6.153349, 36.672447],
            [-6.152678, 36.67337],
            [-6.151613, 36.674088],
            [-6.150285, 36.674861],
            [-6.149996, 36.675177]
          ]
        ]
      }
    },
    {
      "type": "Feature",
      "properties": {
        "id": "carrefour-navinco",
        "name": "Carrefour-Navinco",
        "cityId": "jerez-de-la-frontera"
      },
      "geometry": {
        "type": "Polygon",
        "coordinates": [
          [
            [-6.106926, 36.698387],
            [-6.106938, 36.698412],
            [-6.11621, 36.6968],
            [-6.117074, 36.694532],
            [-6.11708, 36.694516],
            [-6.116476, 36.694711],
            [-6.115193, 36.694588],
            [-6.113883, 36.69451],
            [-6.108611, 36.695432],
            [-6.10773, 36.695656],
            [-6.107037, 36.695674],
            [-6.107151, 36.695779],
            [-6.107223, 36.696366],
            [-6.106925, 36.697434],
            [-6.106941, 36.697827],
            [-6.107254, 36.698329],
            [-6.106926, 36.698387]
          ]
        ]
      }
    },
    {
      "type": "Feature",
      "properties": {
        "id": "carretera-de-cortes",
        "name": "Carretera de Cortes",
        "cityId": "jerez-de-la-frontera"
      },
      "geometry": {
        "type": "Polygon",
        "coordinates": [
          [
            [-6.097259, 36.683152],
            [-6.097266, 36.683101],
            [-6.097253, 36.682992],
            [-6.097171, 36.682999],
            [-6.097112, 36.683025],
            [-6.097009, 36.683099],
            [-6.096904, 36.68317],
            [-6.096865, 36.683172],
            [-6.096862, 36.683193],
            [-6.096852, 36.683199],
            [-6.096558, 36.683262],
            [-6.096463, 36.683276],
            [-6.09629, 36.683315],
            [-6.095999, 36.683355],
            [-6.095814, 36.683399],
            [-6.095755, 36.683398],
            [-6.095549, 36.683386],
            [-6.09551, 36.683441],
            [-6.095446, 36.683822],
            [-6.095417, 36.684111],
            [-6.095394, 36.684348],
            [-6.095373, 36.684486],
            [-6.095338, 36.684782],
            [-6.09534, 36.685028],
            [-6.095484, 36.685065],
            [-6.095474, 36.685298],
            [-6.095463, 36.685429],
            [-6.09546, 36.685456],
            [-6.095455, 36.685518],
            [-6.095344, 36.685514],
            [-6.095207, 36.68551],
            [-6.094799, 36.685446],
            [-6.094507, 36.685397],
            [-6.093774, 36.685285],
            [-6.093218, 36.685203],
            [-6.092926, 36.68517],
            [-6.092913, 36.685169],
            [-6.092679, 36.685152],
            [-6.091934, 36.685106],
            [-6.091627, 36.685087],
            [-6.091281, 36.685066],
            [-6.09073, 36.685049],
            [-6.090208, 36.685067],
            [-6.089845, 36.685083],
            [-6.089082, 36.687103],
            [-6.089156, 36.687264],
            [-6.089402, 36.687529],
            [-6.089575, 36.68766],
            [-6.092249, 36.688078],
            [-6.092697, 36.688048],
            [-6.092855, 36.68836],
            [-6.092601, 36.688448],
            [-6.09247, 36.688542],
            [-6.092478, 36.68874],
            [-6.092894, 36.688765],
            [-6.093274, 36.688747],
            [-6.093778, 36.688715],
            [-6.094198, 36.688578],
            [-6.094288, 36.688576],
            [-6.094458, 36.688626],
            [-6.094203, 36.689255],
            [-6.095021, 36.689514],
            [-6.095169, 36.689022],
            [-6.095584, 36.689012],
            [-6.095585, 36.689031],
            [-6.098079, 36.688909],
            [-6.098097, 36.688851],
            [-6.098932, 36.686189],
            [-6.098677, 36.686147],
            [-6.098676, 36.686149],
            [-6.098347, 36.686108],
            [-6.097529, 36.685921],
            [-6.097462, 36.685901],
            [-6.097194, 36.685829],
            [-6.097023, 36.685792],
            [-6.097022, 36.685748],
            [-6.097006, 36.685216],
            [-6.097036, 36.685003],
            [-6.097052, 36.684892],
            [-6.097109, 36.684401],
            [-6.097162, 36.683948],
            [-6.097259, 36.683152]
          ]
        ]
      }
    },
    {
      "type": "Feature",
      "properties": {
        "id": "carretera-de-sevilla-poligono-el-porvenir",
        "name": "Carretera de Sevilla- Polígono el Porvenir",
        "cityId": "jerez-de-la-frontera"
      },
      "geometry": {
        "type": "Polygon",
        "coordinates": [
          [
            [-6.106195, 36.716407],
            [-6.106245, 36.716444],
            [-6.106377, 36.716525],
            [-6.106739, 36.716746],
            [-6.107211, 36.717035],
            [-6.107309, 36.717095],
            [-6.107494, 36.71721],
            [-6.107785, 36.717391],
            [-6.108279, 36.717262],
            [-6.10846, 36.717215],
            [-6.108725, 36.717375],
            [-6.108808, 36.717316],
            [-6.109039, 36.717153],
            [-6.109233, 36.717016],
            [-6.108033, 36.716207],
            [-6.1083, 36.7159],
            [-6.109165, 36.716388],
            [-6.109291, 36.716413],
            [-6.109952, 36.715741],
            [-6.1092, 36.715233],
            [-6.111142, 36.713334],
            [-6.111319, 36.713349],
            [-6.111681, 36.712954],
            [-6.110455, 36.712179],
            [-6.106195, 36.716407]
          ]
        ]
      }
    },
    {
      "type": "Feature",
      "properties": {
        "id": "centro-historico",
        "name": "Centro Histórico",
        "cityId": "jerez-de-la-frontera"
      },
      "geometry": {
        "type": "Polygon",
        "coordinates": [
          [
            [-6.137312, 36.686117],
            [-6.137378, 36.686029],
            [-6.139798, 36.68756],
            [-6.141099, 36.688542],
            [-6.142179, 36.688143],
            [-6.143489, 36.68788],
            [-6.143293, 36.687696],
            [-6.14489, 36.6864],
            [-6.145864, 36.685995],
            [-6.146944, 36.68589],
            [-6.147034, 36.685798],
            [-6.146987, 36.685775],
            [-6.146959, 36.685093],
            [-6.146537, 36.684002],
            [-6.1465, 36.683092],
            [-6.146123, 36.683102],
            [-6.145929, 36.682955],
            [-6.145826, 36.682646],
            [-6.144372, 36.678287],
            [-6.144178, 36.678046],
            [-6.144161, 36.678025],
            [-6.143021, 36.678703],
            [-6.142944, 36.678684],
            [-6.140804, 36.679825],
            [-6.139766, 36.679814],
            [-6.139127, 36.680325],
            [-6.138321, 36.681371],
            [-6.137935, 36.681153],
            [-6.136759, 36.6824],
            [-6.136757, 36.682417],
            [-6.13636, 36.685334],
            [-6.137312, 36.686117]
          ]
        ]
      }
    },
    {
      "type": "Feature",
      "properties": {
        "id": "ceret-alto",
        "name": "Ceret Alto",
        "cityId": "jerez-de-la-frontera"
      },
      "geometry": {
        "type": "Polygon",
        "coordinates": [
          [
            [-6.125686, 36.706927],
            [-6.128484, 36.707133],
            [-6.129321, 36.704842],
            [-6.127539, 36.704235],
            [-6.127478, 36.704751],
            [-6.127248, 36.705164],
            [-6.125686, 36.706927]
          ]
        ]
      }
    },
    {
      "type": "Feature",
      "properties": {
        "id": "cerro-fruto",
        "name": "Cerro Fruto",
        "cityId": "jerez-de-la-frontera"
      },
      "geometry": {
        "type": "Polygon",
        "coordinates": [
          [
            [-6.132426, 36.668777],
            [-6.130561, 36.670647],
            [-6.130576, 36.670658],
            [-6.130189, 36.671021],
            [-6.130935, 36.671388],
            [-6.131739, 36.671462],
            [-6.131739, 36.67147],
            [-6.132979, 36.671437],
            [-6.133718, 36.671276],
            [-6.13443, 36.670993],
            [-6.13487, 36.670569],
            [-6.132426, 36.668777]
          ]
        ]
      }
    },
    {
      "type": "Feature",
      "properties": {
        "id": "chapin-el-angel-la-sierra",
        "name": "Chapín-El Ángel-La Sierra",
        "cityId": "jerez-de-la-frontera"
      },
      "geometry": {
        "type": "Polygon",
        "coordinates": [
          [
            [-6.121835, 36.688103],
            [-6.121783, 36.685283],
            [-6.121148, 36.685572],
            [-6.121133, 36.685517],
            [-6.120107, 36.685964],
            [-6.119512, 36.686162],
            [-6.118343, 36.686192],
            [-6.116956, 36.686411],
            [-6.116945, 36.686371],
            [-6.115276, 36.68685],
            [-6.115274, 36.686849],
            [-6.115117, 36.686808],
            [-6.114169, 36.687138],
            [-6.113071, 36.68748],
            [-6.1117, 36.688613],
            [-6.110247, 36.689541],
            [-6.110128, 36.689617],
            [-6.108846, 36.690361],
            [-6.108701, 36.690445],
            [-6.108716, 36.690437],
            [-6.109384, 36.691158],
            [-6.111415, 36.692583],
            [-6.112789, 36.691495],
            [-6.115024, 36.69316],
            [-6.116323, 36.693663],
            [-6.117135, 36.694493],
            [-6.117074, 36.694532],
            [-6.11621, 36.6968],
            [-6.118875, 36.696337],
            [-6.119788, 36.696264],
            [-6.119887, 36.696173],
            [-6.122375, 36.693901],
            [-6.123638, 36.692771],
            [-6.124504, 36.691996],
            [-6.12502, 36.691497],
            [-6.12354, 36.68997],
            [-6.121859, 36.689404],
            [-6.121836, 36.688124],
            [-6.121835, 36.688103]
          ]
        ]
      }
    },
    {
      "type": "Feature",
      "properties": {
        "id": "ciudad-del-transporte-canada-ancha",
        "name": "Ciudad del Transporte / Cañada Ancha",
        "cityId": "jerez-de-la-frontera"
      },
      "geometry": {
        "type": "Polygon",
        "coordinates": [
          [
            [-6.08635, 36.718592],
            [-6.086518, 36.718872],
            [-6.084658, 36.720083],
            [-6.084696, 36.720365],
            [-6.084528, 36.720496],
            [-6.084222, 36.720587],
            [-6.083711, 36.720979],
            [-6.083587, 36.721074],
            [-6.083349, 36.721326],
            [-6.083311, 36.721419],
            [-6.083326, 36.721597],
            [-6.083511, 36.722056],
            [-6.084147, 36.722906],
            [-6.085026, 36.723924],
            [-6.086126, 36.725075],
            [-6.086413, 36.725376],
            [-6.087381, 36.726451],
            [-6.08746, 36.726538],
            [-6.087549, 36.726572],
            [-6.087299, 36.727075],
            [-6.0859, 36.728802],
            [-6.084503, 36.730402],
            [-6.084241, 36.730703],
            [-6.08309, 36.732091],
            [-6.084307, 36.732833],
            [-6.085017, 36.733265],
            [-6.08547, 36.733541],
            [-6.08576, 36.733696],
            [-6.085754, 36.733708],
            [-6.088016, 36.734946],
            [-6.088454, 36.734376],
            [-6.091526, 36.73099],
            [-6.092191, 36.73051],
            [-6.094658, 36.727958],
            [-6.096428, 36.726214],
            [-6.097552, 36.724749],
            [-6.09803, 36.724127],
            [-6.09811, 36.723171],
            [-6.097561, 36.722456],
            [-6.09617, 36.72112],
            [-6.094891, 36.719829],
            [-6.09447, 36.719451],
            [-6.094135, 36.719084],
            [-6.09408, 36.719057],
            [-6.093589, 36.718813],
            [-6.093158, 36.718503],
            [-6.09292, 36.718209],
            [-6.092762, 36.717812],
            [-6.092765, 36.717526],
            [-6.092651, 36.717171],
            [-6.092467, 36.716876],
            [-6.092209, 36.716534],
            [-6.09177, 36.716022],
            [-6.091439, 36.715652],
            [-6.091241, 36.715431],
            [-6.091194, 36.715453],
            [-6.090551, 36.715894],
            [-6.089587, 36.716571],
            [-6.088246, 36.717435],
            [-6.08635, 36.718592]
          ]
        ]
      }
    },
    {
      "type": "Feature",
      "properties": {
        "id": "ciudad-sol-princi-jerez",
        "name": "Ciudad Sol-Princi Jerez",
        "cityId": "jerez-de-la-frontera"
      },
      "geometry": {
        "type": "Polygon",
        "coordinates": [
          [
            [-6.126286, 36.680332],
            [-6.124329, 36.680402],
            [-6.121305, 36.679955],
            [-6.121024, 36.679516],
            [-6.120853, 36.679309],
            [-6.120746, 36.679179],
            [-6.11947, 36.678716],
            [-6.119515, 36.678643],
            [-6.119433, 36.678637],
            [-6.11908, 36.679077],
            [-6.118266, 36.679696],
            [-6.117151, 36.680118],
            [-6.116155, 36.680584],
            [-6.116147, 36.680867],
            [-6.116431, 36.682855],
            [-6.116964, 36.682748],
            [-6.119074, 36.682061],
            [-6.119276, 36.681996],
            [-6.122154, 36.681276],
            [-6.122989, 36.681159],
            [-6.125166, 36.680961],
            [-6.126522, 36.680732],
            [-6.126286, 36.680332]
          ]
        ]
      }
    },
    {
      "type": "Feature",
      "properties": {
        "id": "cooperativa-monte-alto-albariza",
        "name": "Cooperativa Monte Alto-Albariza",
        "cityId": "jerez-de-la-frontera"
      },
      "geometry": {
        "type": "Polygon",
        "coordinates": [
          [
            [-6.123537, 36.706742],
            [-6.124904, 36.70687],
            [-6.125686, 36.706927],
            [-6.127248, 36.705164],
            [-6.127478, 36.704751],
            [-6.127539, 36.704235],
            [-6.127506, 36.704224],
            [-6.127552, 36.703548],
            [-6.125578, 36.703472],
            [-6.125121, 36.70379],
            [-6.124212, 36.704797],
            [-6.123731, 36.705395],
            [-6.12353, 36.705907],
            [-6.123537, 36.706383],
            [-6.123537, 36.706742]
          ]
        ]
      }
    },
    {
      "type": "Feature",
      "properties": {
        "id": "el-altillo",
        "name": "El Altillo",
        "cityId": "jerez-de-la-frontera"
      },
      "geometry": {
        "type": "Polygon",
        "coordinates": [
          [
            [-6.125578, 36.703472],
            [-6.125552, 36.703471],
            [-6.126677, 36.702628],
            [-6.127726, 36.701513],
            [-6.123531, 36.699959],
            [-6.124353, 36.69927],
            [-6.12277, 36.698178],
            [-6.122128, 36.698763],
            [-6.121273, 36.698236],
            [-6.119053, 36.69996],
            [-6.118525, 36.700414],
            [-6.117915, 36.701195],
            [-6.117278, 36.701901],
            [-6.116702, 36.702356],
            [-6.115404, 36.703175],
            [-6.114175, 36.703934],
            [-6.11343, 36.704241],
            [-6.116264, 36.706497],
            [-6.116286, 36.706481],
            [-6.116771, 36.70633],
            [-6.11729, 36.706253],
            [-6.119061, 36.706343],
            [-6.121633, 36.706565],
            [-6.123537, 36.706742],
            [-6.123537, 36.706383],
            [-6.12353, 36.705907],
            [-6.123731, 36.705395],
            [-6.124212, 36.704797],
            [-6.125121, 36.70379],
            [-6.125578, 36.703472]
          ]
        ]
      }
    },
    {
      "type": "Feature",
      "properties": {
        "id": "el-bosque",
        "name": "El Bosque",
        "cityId": "jerez-de-la-frontera"
      },
      "geometry": {
        "type": "Polygon",
        "coordinates": [
          [
            [-6.121273, 36.698236],
            [-6.122128, 36.698763],
            [-6.12277, 36.698178],
            [-6.124353, 36.69927],
            [-6.128641, 36.695673],
            [-6.123638, 36.692771],
            [-6.122375, 36.693901],
            [-6.119887, 36.696173],
            [-6.121446, 36.696271],
            [-6.122993, 36.696498],
            [-6.123293, 36.696725],
            [-6.121191, 36.698185],
            [-6.121273, 36.698236]
          ]
        ]
      }
    },
    {
      "type": "Feature",
      "properties": {
        "id": "el-carmen-sagrada-familia",
        "name": "El Carmen-Sagrada Familia",
        "cityId": "jerez-de-la-frontera"
      },
      "geometry": {
        "type": "Polygon",
        "coordinates": [
          [
            [-6.146264, 36.695246],
            [-6.146227, 36.695225],
            [-6.145881, 36.695503],
            [-6.144046, 36.695695],
            [-6.144531, 36.697091],
            [-6.144781, 36.697515],
            [-6.145592, 36.697179],
            [-6.145922, 36.697689],
            [-6.146403, 36.697215],
            [-6.146796, 36.697512],
            [-6.147789, 36.696738],
            [-6.147692, 36.696081],
            [-6.147691, 36.696069],
            [-6.146264, 36.695246]
          ]
        ]
      }
    },
    {
      "type": "Feature",
      "properties": {
        "id": "el-geraldino",
        "name": "El Geraldino",
        "cityId": "jerez-de-la-frontera"
      },
      "geometry": {
        "type": "Polygon",
        "coordinates": [
          [
            [-6.117087, 36.663581],
            [-6.116543, 36.663634],
            [-6.115567, 36.663217],
            [-6.115249, 36.663491],
            [-6.114771, 36.663172],
            [-6.114008, 36.663965],
            [-6.113394, 36.663694],
            [-6.114071, 36.662815],
            [-6.113179, 36.662441],
            [-6.113588, 36.661702],
            [-6.114448, 36.661966],
            [-6.115001, 36.6614],
            [-6.115195, 36.661461],
            [-6.115401, 36.661124],
            [-6.115477, 36.66099],
            [-6.115309, 36.660884],
            [-6.115384, 36.660705],
            [-6.115272, 36.660642],
            [-6.115266, 36.66051],
            [-6.115068, 36.66036],
            [-6.115353, 36.659821],
            [-6.114955, 36.659727],
            [-6.114804, 36.659684],
            [-6.114602, 36.659637],
            [-6.114525, 36.659618],
            [-6.114426, 36.659595],
            [-6.114249, 36.659554],
            [-6.114188, 36.65954],
            [-6.114058, 36.659509],
            [-6.113792, 36.659444],
            [-6.113696, 36.659422],
            [-6.113594, 36.659394],
            [-6.113471, 36.659357],
            [-6.113333, 36.659313],
            [-6.113196, 36.659269],
            [-6.113023, 36.659208],
            [-6.112774, 36.659132],
            [-6.112504, 36.659043],
            [-6.112435, 36.659022],
            [-6.112307, 36.658981],
            [-6.112292, 36.658976],
            [-6.112147, 36.658932],
            [-6.112003, 36.658882],
            [-6.11167, 36.658756],
            [-6.111609, 36.658737],
            [-6.111525, 36.65871],
            [-6.111451, 36.658679],
            [-6.111253, 36.658603],
            [-6.11113, 36.658564],
            [-6.111062, 36.658535],
            [-6.111017, 36.658518],
            [-6.110955, 36.658501],
            [-6.11081, 36.658458],
            [-6.110724, 36.658435],
            [-6.11066, 36.658418],
            [-6.110563, 36.658393],
            [-6.110513, 36.658383],
            [-6.110464, 36.658372],
            [-6.110367, 36.658346],
            [-6.110257, 36.658301],
            [-6.110148, 36.658256],
            [-6.110007, 36.658169],
            [-6.109669, 36.657972],
            [-6.109433, 36.657835],
            [-6.109352, 36.657788],
            [-6.109265, 36.657744],
            [-6.109182, 36.657696],
            [-6.10915, 36.657681],
            [-6.10929, 36.658256],
            [-6.109162, 36.658755],
            [-6.109498, 36.660371],
            [-6.110077, 36.661941],
            [-6.109283, 36.662992],
            [-6.116904, 36.667495],
            [-6.117446, 36.666431],
            [-6.116143, 36.665795],
            [-6.116318, 36.665627],
            [-6.116867, 36.665662],
            [-6.117635, 36.665088],
            [-6.116844, 36.665074],
            [-6.117419, 36.664258],
            [-6.11777, 36.663985],
            [-6.117087, 36.663581]
          ]
        ]
      }
    },
    {
      "type": "Feature",
      "properties": {
        "id": "el-paquete-las-adelfas",
        "name": "El Paquete-Las Adelfas",
        "cityId": "jerez-de-la-frontera"
      },
      "geometry": {
        "type": "Polygon",
        "coordinates": [
          [
            [-6.13425, 36.695413],
            [-6.131988, 36.69289],
            [-6.131975, 36.692876],
            [-6.128641, 36.695673],
            [-6.124353, 36.69927],
            [-6.123531, 36.699959],
            [-6.127726, 36.701513],
            [-6.130251, 36.702448],
            [-6.131084, 36.700401],
            [-6.13111, 36.700408],
            [-6.132075, 36.697953],
            [-6.133578, 36.69619],
            [-6.133582, 36.696194],
            [-6.13425, 36.695413]
          ]
        ]
      }
    },
    {
      "type": "Feature",
      "properties": {
        "id": "el-peliron",
        "name": "El Pelirón",
        "cityId": "jerez-de-la-frontera"
      },
      "geometry": {
        "type": "Polygon",
        "coordinates": [
          [
            [-6.128004, 36.685852],
            [-6.128036, 36.685576],
            [-6.127966, 36.684467],
            [-6.127959, 36.684429],
            [-6.12178, 36.685094],
            [-6.121783, 36.685283],
            [-6.121835, 36.688103],
            [-6.124369, 36.688661],
            [-6.124545, 36.688147],
            [-6.126422, 36.688346],
            [-6.126434, 36.688991],
            [-6.127086, 36.688991],
            [-6.127299, 36.688458],
            [-6.127864, 36.687046],
            [-6.128004, 36.685852]
          ]
        ]
      }
    },
    {
      "type": "Feature",
      "properties": {
        "id": "el-pinar",
        "name": "El Pinar",
        "cityId": "jerez-de-la-frontera"
      },
      "geometry": {
        "type": "Polygon",
        "coordinates": [
          [
            [-6.106929, 36.689554],
            [-6.1069, 36.688828],
            [-6.106761, 36.688832],
            [-6.10645, 36.68778],
            [-6.106413, 36.687789],
            [-6.106198, 36.687279],
            [-6.106419, 36.687251],
            [-6.106361, 36.686999],
            [-6.105519, 36.686984],
            [-6.104417, 36.687214],
            [-6.102096, 36.686871],
            [-6.102172, 36.686614],
            [-6.100604, 36.686435],
            [-6.100498, 36.6869],
            [-6.100885, 36.68696],
            [-6.100791, 36.687244],
            [-6.102151, 36.687602],
            [-6.101685, 36.689485],
            [-6.100585, 36.689486],
            [-6.100588, 36.689505],
            [-6.100779, 36.690423],
            [-6.102703, 36.691344],
            [-6.102718, 36.691325],
            [-6.103019, 36.690956],
            [-6.103778, 36.689839],
            [-6.104226, 36.6897],
            [-6.104392, 36.689471],
            [-6.105248, 36.689477],
            [-6.105289, 36.689208],
            [-6.106929, 36.689554]
          ]
        ]
      }
    },
    {
      "type": "Feature",
      "properties": {
        "id": "el-retiro",
        "name": "El Retiro",
        "cityId": "jerez-de-la-frontera"
      },
      "geometry": {
        "type": "Polygon",
        "coordinates": [
          [
            [-6.124434, 36.677432],
            [-6.122875, 36.67804],
            [-6.121998, 36.678417],
            [-6.121213, 36.678914],
            [-6.120853, 36.679309],
            [-6.121024, 36.679516],
            [-6.121305, 36.679955],
            [-6.124329, 36.680402],
            [-6.126286, 36.680332],
            [-6.125763, 36.679444],
            [-6.124434, 36.677432]
          ]
        ]
      }
    },
    {
      "type": "Feature",
      "properties": {
        "id": "el-rocio",
        "name": "El Rocío",
        "cityId": "jerez-de-la-frontera"
      },
      "geometry": {
        "type": "Polygon",
        "coordinates": [
          [
            [-6.102718, 36.691325],
            [-6.103055, 36.691419],
            [-6.103823, 36.691399],
            [-6.104408, 36.691623],
            [-6.104831, 36.69171],
            [-6.105787, 36.691982],
            [-6.108701, 36.690445],
            [-6.108846, 36.690361],
            [-6.10693, 36.689588],
            [-6.106929, 36.689554],
            [-6.105289, 36.689208],
            [-6.105248, 36.689477],
            [-6.104392, 36.689471],
            [-6.104226, 36.6897],
            [-6.103778, 36.689839],
            [-6.103019, 36.690956],
            [-6.102718, 36.691325]
          ]
        ]
      }
    },
    {
      "type": "Feature",
      "properties": {
        "id": "estella-del-marques",
        "name": "Estella del Marqués",
        "cityId": "jerez-de-la-frontera"
      },
      "geometry": {
        "type": "MultiPolygon",
        "coordinates": [
          [
            [
              [-6.082975, 36.685739],
              [-6.083245, 36.685737],
              [-6.08346, 36.685734],
              [-6.084034, 36.685659],
              [-6.084066, 36.685659],
              [-6.084101, 36.685659],
              [-6.084115, 36.685657],
              [-6.085115, 36.68425],
              [-6.085188, 36.684148],
              [-6.085197, 36.684063],
              [-6.084052, 36.683631],
              [-6.082371, 36.685749],
              [-6.082472, 36.685753],
              [-6.082721, 36.685738],
              [-6.082975, 36.685739]
            ]
          ],
          [
            [
              [-6.072809, 36.686098],
              [-6.072947, 36.686094],
              [-6.073387, 36.686083],
              [-6.074084, 36.686227],
              [-6.074609, 36.686467],
              [-6.075908, 36.686869],
              [-6.076462, 36.686895],
              [-6.077361, 36.68673],
              [-6.078511, 36.686548],
              [-6.080675, 36.686136],
              [-6.081141, 36.685964],
              [-6.081727, 36.685827],
              [-6.082654, 36.684486],
              [-6.084091, 36.682363],
              [-6.082469, 36.68207],
              [-6.082189, 36.682615],
              [-6.081808, 36.683445],
              [-6.080933, 36.684541],
              [-6.080215, 36.685553],
              [-6.079772, 36.685586],
              [-6.079587, 36.685477],
              [-6.079342, 36.685301],
              [-6.078974, 36.685132],
              [-6.079246, 36.68415],
              [-6.079304, 36.683927],
              [-6.07933, 36.683827],
              [-6.079416, 36.683819],
              [-6.079536, 36.683822],
              [-6.079625, 36.683685],
              [-6.07969, 36.683459],
              [-6.079678, 36.683295],
              [-6.079606, 36.683334],
              [-6.079459, 36.683344],
              [-6.079395, 36.683432],
              [-6.079397, 36.6833],
              [-6.079438, 36.683046],
              [-6.079444, 36.682978],
              [-6.079444, 36.682895],
              [-6.079456, 36.682791],
              [-6.079497, 36.682571],
              [-6.079493, 36.682508],
              [-6.079468, 36.68246],
              [-6.079417, 36.682427],
              [-6.07907, 36.682276],
              [-6.078564, 36.682079],
              [-6.078405, 36.682028],
              [-6.078299, 36.682009],
              [-6.077588, 36.681911],
              [-6.077529, 36.682168],
              [-6.077614, 36.682237],
              [-6.077586, 36.682313],
              [-6.077324, 36.682426],
              [-6.077245, 36.68245],
              [-6.077103, 36.682537],
              [-6.07704, 36.682575],
              [-6.076972, 36.682606],
              [-6.076865, 36.682629],
              [-6.076797, 36.6827],
              [-6.076714, 36.682749],
              [-6.076542, 36.682842],
              [-6.076431, 36.682971],
              [-6.076441, 36.683225],
              [-6.07645, 36.683456],
              [-6.076499, 36.683643],
              [-6.076688, 36.683852],
              [-6.076048, 36.683655],
              [-6.075975, 36.683633],
              [-6.075648, 36.683532],
              [-6.075457, 36.683474],
              [-6.075184, 36.68339],
              [-6.074911, 36.683307],
              [-6.074786, 36.683263],
              [-6.074624, 36.683218],
              [-6.074496, 36.683177],
              [-6.074395, 36.683145],
              [-6.074294, 36.683114],
              [-6.074404, 36.682987],
              [-6.074561, 36.682806],
              [-6.075078, 36.682247],
              [-6.075261, 36.68199],
              [-6.075504, 36.681637],
              [-6.074639, 36.681392],
              [-6.074578, 36.681453],
              [-6.073685, 36.682173],
              [-6.073438, 36.681994],
              [-6.073319, 36.681909],
              [-6.07295, 36.68164],
              [-6.073127, 36.681516],
              [-6.072716, 36.681082],
              [-6.071647, 36.681831],
              [-6.071529, 36.681734],
              [-6.071427, 36.681637],
              [-6.07135, 36.681688],
              [-6.071182, 36.681791],
              [-6.070901, 36.681969],
              [-6.070859, 36.682024],
              [-6.070466, 36.68231],
              [-6.070586, 36.682483],
              [-6.07094, 36.682809],
              [-6.071398, 36.683274],
              [-6.072, 36.683779],
              [-6.072364, 36.684083],
              [-6.072421, 36.684131],
              [-6.07244, 36.684147],
              [-6.072472, 36.684174],
              [-6.072536, 36.684217],
              [-6.072685, 36.684315],
              [-6.072819, 36.684381],
              [-6.072922, 36.684433],
              [-6.073053, 36.684489],
              [-6.07311, 36.684514],
              [-6.073186, 36.684542],
              [-6.073191, 36.684544],
              [-6.073081, 36.684861],
              [-6.072914, 36.685224],
              [-6.072768, 36.685542],
              [-6.072798, 36.685591],
              [-6.072835, 36.685641],
              [-6.072878, 36.685667],
              [-6.072917, 36.685712],
              [-6.072923, 36.68571],
              [-6.072809, 36.686098]
            ]
          ]
        ]
      }
    },
    {
      "type": "Feature",
      "properties": {
        "id": "federico-mayo",
        "name": "Federico Mayo",
        "cityId": "jerez-de-la-frontera"
      },
      "geometry": {
        "type": "Polygon",
        "coordinates": [
          [
            [-6.13487, 36.670569],
            [-6.13443, 36.670993],
            [-6.133718, 36.671276],
            [-6.132979, 36.671437],
            [-6.131739, 36.67147],
            [-6.131771, 36.673768],
            [-6.13281, 36.673756],
            [-6.132866, 36.674602],
            [-6.13341, 36.675411],
            [-6.133449, 36.67541],
            [-6.13453, 36.675229],
            [-6.138024, 36.675403],
            [-6.138712, 36.675537],
            [-6.140176, 36.676322],
            [-6.140839, 36.674984],
            [-6.140833, 36.67498],
            [-6.140847, 36.674953],
            [-6.137396, 36.672422],
            [-6.13487, 36.670569]
          ]
        ]
      }
    },
    {
      "type": "Feature",
      "properties": {
        "id": "guadalcacin-del-caudillo",
        "name": "Guadalcacín del Caudillo",
        "cityId": "jerez-de-la-frontera"
      },
      "geometry": {
        "type": "Polygon",
        "coordinates": [
          [
            [-6.083658, 36.709661],
            [-6.083377, 36.710406],
            [-6.082475, 36.711819],
            [-6.081968, 36.712615],
            [-6.081705, 36.713211],
            [-6.081543, 36.71358],
            [-6.081282, 36.7144],
            [-6.081258, 36.714485],
            [-6.081022, 36.715307],
            [-6.080967, 36.716026],
            [-6.080963, 36.716086],
            [-6.081035, 36.717054],
            [-6.081044, 36.717182],
            [-6.081497, 36.717375],
            [-6.08234, 36.717613],
            [-6.083862, 36.716294],
            [-6.086175, 36.717748],
            [-6.08661, 36.718028],
            [-6.086289, 36.718239],
            [-6.086168, 36.718356],
            [-6.08635, 36.718592],
            [-6.088246, 36.717435],
            [-6.089587, 36.716571],
            [-6.090551, 36.715894],
            [-6.091194, 36.715453],
            [-6.091241, 36.715431],
            [-6.091439, 36.715652],
            [-6.092694, 36.714862],
            [-6.093951, 36.713997],
            [-6.095053, 36.713328],
            [-6.095469, 36.713061],
            [-6.095365, 36.712954],
            [-6.09594, 36.712589],
            [-6.095313, 36.711896],
            [-6.094343, 36.712389],
            [-6.094079, 36.71212],
            [-6.093147, 36.712668],
            [-6.093232, 36.712761],
            [-6.092396, 36.713178],
            [-6.091369, 36.713689],
            [-6.091111, 36.713391],
            [-6.091257, 36.713299],
            [-6.090648, 36.71258],
            [-6.090183, 36.712802],
            [-6.089664, 36.712207],
            [-6.089441, 36.711941],
            [-6.091016, 36.71102],
            [-6.09149, 36.711666],
            [-6.091852, 36.71148],
            [-6.092338, 36.71222],
            [-6.093842, 36.711497],
            [-6.095696, 36.71044],
            [-6.095204, 36.709974],
            [-6.095122, 36.709882],
            [-6.092593, 36.711334],
            [-6.092272, 36.710962],
            [-6.092008, 36.711045],
            [-6.091224, 36.710135],
            [-6.091839, 36.709783],
            [-6.091347, 36.7093],
            [-6.089618, 36.709689],
            [-6.088497, 36.709952],
            [-6.088365, 36.71],
            [-6.087345, 36.710261],
            [-6.087073, 36.710319],
            [-6.08557, 36.710628],
            [-6.083658, 36.709661]
          ]
        ]
      }
    },
    {
      "type": "Feature",
      "properties": {
        "id": "hijuela-de-coles",
        "name": "Hijuela de Coles",
        "cityId": "jerez-de-la-frontera"
      },
      "geometry": {
        "type": "Polygon",
        "coordinates": [
          [
            [-6.140847, 36.674953],
            [-6.140833, 36.67498],
            [-6.140839, 36.674984],
            [-6.143065, 36.676735],
            [-6.143095, 36.67673],
            [-6.143149, 36.676762],
            [-6.143414, 36.676449],
            [-6.143757, 36.675035],
            [-6.144145, 36.672426],
            [-6.143864, 36.671883],
            [-6.142058, 36.671782],
            [-6.142022, 36.67178],
            [-6.142019, 36.671791],
            [-6.141378, 36.673884],
            [-6.140847, 36.674953]
          ]
        ]
      }
    },
    {
      "type": "Feature",
      "properties": {
        "id": "hijuela-del-polo",
        "name": "Hijuela del Polo",
        "cityId": "jerez-de-la-frontera"
      },
      "geometry": {
        "type": "Polygon",
        "coordinates": [
          [
            [-6.121835, 36.688103],
            [-6.121836, 36.688124],
            [-6.121859, 36.689404],
            [-6.12354, 36.68997],
            [-6.12502, 36.691497],
            [-6.125631, 36.690908],
            [-6.126031, 36.690522],
            [-6.127079, 36.689009],
            [-6.127086, 36.688991],
            [-6.126434, 36.688991],
            [-6.126422, 36.688346],
            [-6.124545, 36.688147],
            [-6.124369, 36.688661],
            [-6.121835, 36.688103]
          ]
        ]
      }
    },
    {
      "type": "Feature",
      "properties": {
        "id": "hijuela-del-solete",
        "name": "Hijuela del Solete",
        "cityId": "jerez-de-la-frontera"
      },
      "geometry": {
        "type": "Polygon",
        "coordinates": [
          [
            [-6.119879, 36.669486],
            [-6.121358, 36.670809],
            [-6.121533, 36.670708],
            [-6.122232, 36.67076],
            [-6.122085, 36.670526],
            [-6.122772, 36.67054],
            [-6.12277, 36.669169],
            [-6.122472, 36.669177],
            [-6.122614, 36.667929],
            [-6.122612, 36.667198],
            [-6.122144, 36.666881],
            [-6.121942, 36.667261],
            [-6.121625, 36.667955],
            [-6.121495, 36.668759],
            [-6.12077, 36.66636],
            [-6.121977, 36.666132],
            [-6.121765, 36.664896],
            [-6.12304, 36.664732],
            [-6.123053, 36.664412],
            [-6.123007, 36.663906],
            [-6.122989, 36.66379],
            [-6.121459, 36.663902],
            [-6.121474, 36.664939],
            [-6.120521, 36.665097],
            [-6.120374, 36.664173],
            [-6.120067, 36.663717],
            [-6.118406, 36.665051],
            [-6.118958, 36.666211],
            [-6.120482, 36.665763],
            [-6.120345, 36.666387],
            [-6.12062, 36.667671],
            [-6.121292, 36.668748],
            [-6.119879, 36.669486]
          ]
        ]
      }
    },
    {
      "type": "Feature",
      "properties": {
        "id": "hospital",
        "name": "Hospital",
        "cityId": "jerez-de-la-frontera"
      },
      "geometry": {
        "type": "Polygon",
        "coordinates": [
          [
            [-6.14924, 36.696849],
            [-6.145784, 36.699217],
            [-6.145786, 36.69922],
            [-6.14672, 36.700805],
            [-6.146868, 36.700807],
            [-6.147137, 36.700671],
            [-6.1473, 36.700397],
            [-6.147941, 36.70058],
            [-6.148325, 36.700094],
            [-6.149619, 36.700714],
            [-6.149877, 36.700365],
            [-6.150048, 36.700345],
            [-6.150313, 36.700314],
            [-6.150653, 36.699924],
            [-6.150658, 36.699697],
            [-6.151728, 36.698691],
            [-6.152517, 36.699017],
            [-6.152704, 36.698551],
            [-6.152665, 36.698316],
            [-6.152451, 36.698109],
            [-6.152256, 36.698027],
            [-6.152716, 36.697533],
            [-6.153038, 36.697059],
            [-6.153184, 36.696662],
            [-6.153093, 36.696247],
            [-6.152815, 36.695968],
            [-6.152698, 36.695761],
            [-6.152713, 36.695625],
            [-6.152925, 36.695641],
            [-6.153197, 36.695887],
            [-6.153581, 36.696234],
            [-6.154386, 36.696737],
            [-6.154708, 36.695639],
            [-6.157193, 36.696553],
            [-6.159447, 36.697864],
            [-6.159557, 36.697779],
            [-6.159627, 36.697705],
            [-6.159702, 36.697624],
            [-6.159741, 36.697582],
            [-6.159779, 36.697537],
            [-6.159216, 36.697167],
            [-6.159141, 36.697131],
            [-6.159074, 36.697099],
            [-6.159027, 36.697076],
            [-6.158982, 36.697055],
            [-6.15892, 36.697024],
            [-6.158776, 36.696955],
            [-6.158702, 36.696919],
            [-6.158648, 36.696892],
            [-6.158333, 36.696735],
            [-6.157771, 36.696483],
            [-6.157673, 36.696439],
            [-6.157222, 36.69625],
            [-6.157132, 36.696213],
            [-6.156878, 36.69611],
            [-6.156752, 36.696058],
            [-6.156651, 36.696017],
            [-6.156439, 36.695931],
            [-6.155825, 36.695686],
            [-6.155753, 36.695657],
            [-6.155647, 36.695614],
            [-6.155195, 36.695433],
            [-6.155097, 36.695395],
            [-6.154975, 36.695346],
            [-6.154637, 36.695211],
            [-6.154156, 36.695019],
            [-6.15403, 36.694969],
            [-6.153932, 36.69493],
            [-6.154059, 36.694844],
            [-6.15325, 36.694521],
            [-6.151437, 36.694454],
            [-6.151414, 36.694439],
            [-6.15028, 36.695699],
            [-6.150249, 36.695681],
            [-6.149275, 36.696866],
            [-6.14924, 36.696849]
          ]
        ]
      }
    },
    {
      "type": "Feature",
      "properties": {
        "id": "icovesa-parque-de-la-serrana",
        "name": "Icovesa-Parque de la Serrana",
        "cityId": "jerez-de-la-frontera"
      },
      "geometry": {
        "type": "Polygon",
        "coordinates": [
          [
            [-6.147249, 36.694228],
            [-6.147263, 36.694213],
            [-6.145128, 36.692896],
            [-6.14416, 36.693939],
            [-6.143738, 36.693768],
            [-6.144029, 36.695647],
            [-6.144046, 36.695695],
            [-6.145881, 36.695503],
            [-6.146227, 36.695225],
            [-6.146264, 36.695246],
            [-6.147249, 36.694228]
          ]
        ]
      }
    },
    {
      "type": "Feature",
      "properties": {
        "id": "juan-xxiii-los-naranjos",
        "name": "Juan XXIII-Los Naranjos",
        "cityId": "jerez-de-la-frontera"
      },
      "geometry": {
        "type": "Polygon",
        "coordinates": [
          [
            [-6.150249, 36.695681],
            [-6.15028, 36.695699],
            [-6.151414, 36.694439],
            [-6.150359, 36.693734],
            [-6.150044, 36.693013],
            [-6.149126, 36.692117],
            [-6.148447, 36.691252],
            [-6.147929, 36.690818],
            [-6.147087, 36.691697],
            [-6.145425, 36.692576],
            [-6.145128, 36.692896],
            [-6.147263, 36.694213],
            [-6.147249, 36.694228],
            [-6.147907, 36.694604],
            [-6.148061, 36.694404],
            [-6.150249, 36.695681]
          ]
        ]
      }
    },
    {
      "type": "Feature",
      "properties": {
        "id": "la-asuncion",
        "name": "La Asunción",
        "cityId": "jerez-de-la-frontera"
      },
      "geometry": {
        "type": "Polygon",
        "coordinates": [
          [
            [-6.115983, 36.682946],
            [-6.114642, 36.683217],
            [-6.112694, 36.683299],
            [-6.111463, 36.683269],
            [-6.111361, 36.683226],
            [-6.110567, 36.683266],
            [-6.1102, 36.683519],
            [-6.109769, 36.684077],
            [-6.109416, 36.684663],
            [-6.108581, 36.685013],
            [-6.108488, 36.685052],
            [-6.108552, 36.685069],
            [-6.113664, 36.686423],
            [-6.115117, 36.686808],
            [-6.115274, 36.686849],
            [-6.115276, 36.68685],
            [-6.116945, 36.686371],
            [-6.115983, 36.682946]
          ]
        ]
      }
    },
    {
      "type": "Feature",
      "properties": {
        "id": "la-atalaya",
        "name": "La Atalaya",
        "cityId": "jerez-de-la-frontera"
      },
      "geometry": {
        "type": "Polygon",
        "coordinates": [
          [
            [-6.138602, 36.690634],
            [-6.139435, 36.692004],
            [-6.139944, 36.692679],
            [-6.142941, 36.691305],
            [-6.142559, 36.690525],
            [-6.142142, 36.690688],
            [-6.141552, 36.690096],
            [-6.140999, 36.690415],
            [-6.139438, 36.689489],
            [-6.139404, 36.689469],
            [-6.138817, 36.690092],
            [-6.138602, 36.690634]
          ]
        ]
      }
    },
    {
      "type": "Feature",
      "properties": {
        "id": "la-canaleja-el-pimiento",
        "name": "La Canaleja-El Pimiento",
        "cityId": "jerez-de-la-frontera"
      },
      "geometry": {
        "type": "Polygon",
        "coordinates": [
          [
            [-6.101395, 36.678245],
            [-6.100954, 36.678552],
            [-6.100571, 36.678882],
            [-6.100198, 36.679294],
            [-6.099852, 36.679777],
            [-6.099497, 36.680569],
            [-6.099487, 36.680649],
            [-6.099483, 36.680687],
            [-6.099462, 36.680858],
            [-6.099381, 36.681517],
            [-6.099317, 36.682042],
            [-6.099288, 36.682278],
            [-6.102025, 36.682881],
            [-6.101978, 36.682639],
            [-6.103466, 36.683056],
            [-6.103747, 36.683474],
            [-6.106545, 36.684586],
            [-6.107107, 36.684481],
            [-6.108581, 36.685013],
            [-6.109416, 36.684663],
            [-6.109769, 36.684077],
            [-6.1102, 36.683519],
            [-6.110567, 36.683266],
            [-6.111361, 36.683226],
            [-6.110272, 36.682765],
            [-6.108949, 36.682131],
            [-6.10894, 36.682156],
            [-6.106454, 36.680979],
            [-6.104385, 36.679996],
            [-6.102999, 36.679026],
            [-6.102482, 36.678772],
            [-6.101953, 36.678723],
            [-6.101395, 36.678245]
          ]
        ]
      }
    },
    {
      "type": "Feature",
      "properties": {
        "id": "la-cartuja",
        "name": "La Cartuja",
        "cityId": "jerez-de-la-frontera"
      },
      "geometry": {
        "type": "MultiPolygon",
        "coordinates": [
          [
            [
              [-6.085496, 36.653224],
              [-6.085589, 36.653833],
              [-6.085834, 36.654094],
              [-6.086032, 36.654183],
              [-6.08651, 36.654171],
              [-6.087011, 36.654047],
              [-6.087411, 36.65312],
              [-6.088042, 36.653256],
              [-6.0883, 36.652364],
              [-6.087533, 36.652154],
              [-6.08847, 36.64951],
              [-6.086724, 36.649922],
              [-6.085913, 36.651944],
              [-6.085527, 36.651934],
              [-6.085465, 36.652458],
              [-6.085496, 36.653224]
            ]
          ],
          [
            [
              [-6.089795, 36.653432],
              [-6.089899, 36.653671],
              [-6.090462, 36.653815],
              [-6.09112, 36.654075],
              [-6.091971, 36.654462],
              [-6.092724, 36.654852],
              [-6.093284, 36.655115],
              [-6.093847, 36.655463],
              [-6.094047, 36.655557],
              [-6.094653, 36.655119],
              [-6.094402, 36.653983],
              [-6.093368, 36.653555],
              [-6.093527, 36.65331],
              [-6.093189, 36.653085],
              [-6.093262, 36.652991],
              [-6.09291, 36.652803],
              [-6.092728, 36.653011],
              [-6.092486, 36.6529],
              [-6.092307, 36.653027],
              [-6.091387, 36.652547],
              [-6.090838, 36.652377],
              [-6.090455, 36.65235],
              [-6.090129, 36.65242],
              [-6.089717, 36.653015],
              [-6.089795, 36.653432]
            ]
          ]
        ]
      }
    },
    {
      "type": "Feature",
      "properties": {
        "id": "la-constancia",
        "name": "La Constancia",
        "cityId": "jerez-de-la-frontera"
      },
      "geometry": {
        "type": "Polygon",
        "coordinates": [
          [
            [-6.127299, 36.688458],
            [-6.127086, 36.688991],
            [-6.127079, 36.689009],
            [-6.126031, 36.690522],
            [-6.125631, 36.690908],
            [-6.126393, 36.691279],
            [-6.126656, 36.690878],
            [-6.127711, 36.691075],
            [-6.130317, 36.691115],
            [-6.130147, 36.689939],
            [-6.130146, 36.689928],
            [-6.130053, 36.688653],
            [-6.127882, 36.688894],
            [-6.127803, 36.688495],
            [-6.127299, 36.688458]
          ]
        ]
      }
    },
    {
      "type": "Feature",
      "properties": {
        "id": "la-constitucion",
        "name": "La Constitución",
        "cityId": "jerez-de-la-frontera"
      },
      "geometry": {
        "type": "Polygon",
        "coordinates": [
          [
            [-6.132364, 36.668418],
            [-6.132173, 36.66844],
            [-6.132002, 36.668617],
            [-6.131877, 36.668754],
            [-6.131608, 36.668876],
            [-6.130892, 36.669125],
            [-6.130441, 36.669147],
            [-6.129985, 36.669034],
            [-6.129387, 36.668973],
            [-6.128944, 36.668899],
            [-6.128682, 36.668886],
            [-6.128344, 36.668876],
            [-6.128356, 36.668176],
            [-6.128168, 36.668177],
            [-6.127428, 36.668181],
            [-6.126653, 36.668144],
            [-6.125961, 36.668207],
            [-6.125366, 36.668398],
            [-6.125266, 36.668851],
            [-6.125211, 36.669413],
            [-6.124761, 36.669603],
            [-6.124411, 36.669784],
            [-6.124112, 36.669965],
            [-6.12398, 36.670178],
            [-6.123918, 36.670339],
            [-6.123767, 36.670679],
            [-6.124326, 36.670462],
            [-6.12556, 36.670107],
            [-6.126677, 36.671496],
            [-6.127203, 36.670538],
            [-6.127218, 36.670545],
            [-6.127513, 36.670055],
            [-6.127502, 36.669771],
            [-6.12872, 36.669606],
            [-6.12929, 36.669724],
            [-6.130561, 36.670647],
            [-6.132426, 36.668777],
            [-6.132454, 36.668749],
            [-6.132364, 36.668418]
          ]
        ]
      }
    },
    {
      "type": "Feature",
      "properties": {
        "id": "la-coronacion-eduardo-delage",
        "name": "La Coronación-Eduardo Delage",
        "cityId": "jerez-de-la-frontera"
      },
      "geometry": {
        "type": "Polygon",
        "coordinates": [
          [
            [-6.14924, 36.696849],
            [-6.149275, 36.696866],
            [-6.150249, 36.695681],
            [-6.148061, 36.694404],
            [-6.147907, 36.694604],
            [-6.147249, 36.694228],
            [-6.146264, 36.695246],
            [-6.147691, 36.696069],
            [-6.147692, 36.696081],
            [-6.14924, 36.696849]
          ]
        ]
      }
    },
    {
      "type": "Feature",
      "properties": {
        "id": "la-corta",
        "name": "La Corta",
        "cityId": "jerez-de-la-frontera"
      },
      "geometry": {
        "type": "Polygon",
        "coordinates": [
          [
            [-6.107579, 36.655655],
            [-6.107642, 36.65571],
            [-6.107701, 36.655762],
            [-6.107804, 36.655854],
            [-6.10807, 36.656077],
            [-6.108201, 36.65601],
            [-6.108197, 36.655943],
            [-6.108161, 36.655863],
            [-6.10811, 36.655803],
            [-6.107965, 36.655661],
            [-6.107821, 36.65552],
            [-6.107653, 36.655369],
            [-6.107546, 36.655257],
            [-6.107473, 36.655187],
            [-6.107334, 36.655087],
            [-6.107221, 36.655027],
            [-6.106926, 36.654881],
            [-6.106823, 36.654828],
            [-6.106719, 36.654774],
            [-6.106533, 36.654657],
            [-6.106387, 36.654562],
            [-6.106282, 36.654503],
            [-6.10653, 36.653955],
            [-6.106964, 36.65395],
            [-6.106769, 36.653908],
            [-6.106709, 36.653774],
            [-6.106755, 36.653399],
            [-6.106773, 36.653103],
            [-6.106619, 36.653096],
            [-6.106222, 36.653264],
            [-6.105964, 36.653327],
            [-6.105729, 36.653383],
            [-6.105443, 36.65364],
            [-6.105355, 36.653616],
            [-6.105232, 36.65375],
            [-6.105352, 36.653821],
            [-6.105335, 36.653891],
            [-6.105308, 36.654],
            [-6.105299, 36.654031],
            [-6.105284, 36.654102],
            [-6.105264, 36.654181],
            [-6.105185, 36.65421],
            [-6.10513, 36.654238],
            [-6.105052, 36.654269],
            [-6.104911, 36.654362],
            [-6.104546, 36.654568],
            [-6.104468, 36.654623],
            [-6.10427, 36.654786],
            [-6.104367, 36.654867],
            [-6.104566, 36.655035],
            [-6.104726, 36.654984],
            [-6.104991, 36.6549],
            [-6.105417, 36.654765],
            [-6.105594, 36.654713],
            [-6.105779, 36.65469],
            [-6.105837, 36.654831],
            [-6.105951, 36.655049],
            [-6.106101, 36.655331],
            [-6.106176, 36.655478],
            [-6.106286, 36.655716],
            [-6.106341, 36.655748],
            [-6.106404, 36.655735],
            [-6.106492, 36.655713],
            [-6.106554, 36.655698],
            [-6.106732, 36.655657],
            [-6.106826, 36.655634],
            [-6.106917, 36.655616],
            [-6.107025, 36.655602],
            [-6.107092, 36.655695],
            [-6.107444, 36.655602],
            [-6.107579, 36.655655]
          ]
        ]
      }
    },
    {
      "type": "Feature",
      "properties": {
        "id": "la-granja",
        "name": "La Granja",
        "cityId": "jerez-de-la-frontera"
      },
      "geometry": {
        "type": "Polygon",
        "coordinates": [
          [
            [-6.107037, 36.695674],
            [-6.106695, 36.695359],
            [-6.105464, 36.695038],
            [-6.104376, 36.694674],
            [-6.103671, 36.694103],
            [-6.103112, 36.693521],
            [-6.099768, 36.695265],
            [-6.095976, 36.697149],
            [-6.096113, 36.697716],
            [-6.096821, 36.698365],
            [-6.097861, 36.69877],
            [-6.097879, 36.699201],
            [-6.097101, 36.700109],
            [-6.097087, 36.700125],
            [-6.09709, 36.700124],
            [-6.09762, 36.700031],
            [-6.106926, 36.698387],
            [-6.107254, 36.698329],
            [-6.106941, 36.697827],
            [-6.106925, 36.697434],
            [-6.107223, 36.696366],
            [-6.107151, 36.695779],
            [-6.107037, 36.695674]
          ]
        ]
      }
    },
    {
      "type": "Feature",
      "properties": {
        "id": "la-liberacion",
        "name": "La Liberación",
        "cityId": "jerez-de-la-frontera"
      },
      "geometry": {
        "type": "Polygon",
        "coordinates": [
          [
            [-6.137396, 36.672422],
            [-6.140847, 36.674953],
            [-6.141378, 36.673884],
            [-6.142019, 36.671791],
            [-6.140011, 36.671782],
            [-6.13974, 36.671612],
            [-6.139272, 36.670865],
            [-6.139087, 36.67011],
            [-6.13916, 36.66883],
            [-6.139154, 36.66883],
            [-6.139046, 36.667451],
            [-6.139024, 36.667502],
            [-6.136534, 36.668009],
            [-6.136547, 36.668612],
            [-6.13405, 36.668632],
            [-6.134073, 36.6692],
            [-6.137027, 36.670677],
            [-6.137864, 36.671856],
            [-6.137396, 36.672422]
          ]
        ]
      }
    },
    {
      "type": "Feature",
      "properties": {
        "id": "la-marquesa",
        "name": "La Marquesa",
        "cityId": "jerez-de-la-frontera"
      },
      "geometry": {
        "type": "Polygon",
        "coordinates": [
          [
            [-6.0981, 36.68891],
            [-6.098097, 36.688851],
            [-6.098079, 36.688909],
            [-6.095585, 36.689031],
            [-6.095615, 36.689517],
            [-6.095549, 36.689825],
            [-6.095284, 36.690212],
            [-6.094876, 36.690656],
            [-6.094446, 36.690838],
            [-6.093942, 36.690852],
            [-6.092544, 36.690942],
            [-6.092553, 36.692296],
            [-6.09206, 36.692309],
            [-6.092087, 36.692715],
            [-6.092469, 36.692714],
            [-6.092578, 36.694039],
            [-6.093126, 36.694015],
            [-6.093179, 36.696163],
            [-6.093117, 36.696375],
            [-6.09445, 36.696385],
            [-6.095343, 36.696754],
            [-6.095849, 36.697212],
            [-6.095976, 36.697149],
            [-6.099768, 36.695265],
            [-6.103112, 36.693521],
            [-6.103493, 36.693323],
            [-6.103338, 36.693274],
            [-6.102802, 36.693105],
            [-6.102101, 36.692652],
            [-6.10081, 36.692058],
            [-6.099658, 36.691303],
            [-6.098643, 36.690308],
            [-6.098117, 36.68934],
            [-6.0981, 36.68891]
          ]
        ]
      }
    },
    {
      "type": "Feature",
      "properties": {
        "id": "la-milagrosa-guernica",
        "name": "La Milagrosa-Guernica",
        "cityId": "jerez-de-la-frontera"
      },
      "geometry": {
        "type": "Polygon",
        "coordinates": [
          [
            [-6.102172, 36.686614],
            [-6.102175, 36.686615],
            [-6.102664, 36.686571],
            [-6.104525, 36.685946],
            [-6.108552, 36.685069],
            [-6.108488, 36.685052],
            [-6.108581, 36.685013],
            [-6.107107, 36.684481],
            [-6.106545, 36.684586],
            [-6.103747, 36.683474],
            [-6.103466, 36.683056],
            [-6.101978, 36.682639],
            [-6.102025, 36.682881],
            [-6.099288, 36.682278],
            [-6.099214, 36.682888],
            [-6.099197, 36.683052],
            [-6.097259, 36.683152],
            [-6.097162, 36.683948],
            [-6.097109, 36.684401],
            [-6.097052, 36.684892],
            [-6.097036, 36.685003],
            [-6.097006, 36.685216],
            [-6.097022, 36.685748],
            [-6.097023, 36.685792],
            [-6.097194, 36.685829],
            [-6.097462, 36.685901],
            [-6.097529, 36.685921],
            [-6.098347, 36.686108],
            [-6.098676, 36.686149],
            [-6.098677, 36.686147],
            [-6.098932, 36.686189],
            [-6.100014, 36.686367],
            [-6.100604, 36.686435],
            [-6.102172, 36.686614]
          ]
        ]
      }
    },
    {
      "type": "Feature",
      "properties": {
        "id": "la-pita",
        "name": "La Pita",
        "cityId": "jerez-de-la-frontera"
      },
      "geometry": {
        "type": "Polygon",
        "coordinates": [
          [
            [-6.100604, 36.686435],
            [-6.100014, 36.686367],
            [-6.098932, 36.686189],
            [-6.098097, 36.688851],
            [-6.0981, 36.68891],
            [-6.099644, 36.68868],
            [-6.099656, 36.688975],
            [-6.100588, 36.689505],
            [-6.100585, 36.689486],
            [-6.101685, 36.689485],
            [-6.102151, 36.687602],
            [-6.100791, 36.687244],
            [-6.100885, 36.68696],
            [-6.100498, 36.6869],
            [-6.100604, 36.686435]
          ]
        ]
      }
    },
    {
      "type": "Feature",
      "properties": {
        "id": "la-plata",
        "name": "La Plata",
        "cityId": "jerez-de-la-frontera"
      },
      "geometry": {
        "type": "Polygon",
        "coordinates": [
          [
            [-6.142941, 36.691305],
            [-6.139944, 36.692679],
            [-6.141746, 36.695073],
            [-6.14197, 36.694977],
            [-6.142122, 36.695119],
            [-6.144035, 36.696908],
            [-6.144165, 36.696919],
            [-6.144492, 36.697024],
            [-6.144531, 36.697091],
            [-6.144046, 36.695695],
            [-6.144029, 36.695647],
            [-6.143738, 36.693768],
            [-6.143633, 36.693725],
            [-6.143615, 36.69213],
            [-6.143331, 36.6921],
            [-6.143284, 36.692003],
            [-6.142941, 36.691305]
          ]
        ]
      }
    },
    {
      "type": "Feature",
      "properties": {
        "id": "la-teja",
        "name": "La Teja",
        "cityId": "jerez-de-la-frontera"
      },
      "geometry": {
        "type": "Polygon",
        "coordinates": [
          [
            [-6.103253, 36.677333],
            [-6.102713, 36.677242],
            [-6.101742, 36.677361],
            [-6.100659, 36.677609],
            [-6.09988, 36.678117],
            [-6.098746, 36.678539],
            [-6.098154, 36.67791],
            [-6.095896, 36.677826],
            [-6.096436, 36.677893],
            [-6.096427, 36.678482],
            [-6.096426, 36.678544],
            [-6.09646, 36.679348],
            [-6.096665, 36.67938],
            [-6.096761, 36.67937],
            [-6.096874, 36.679334],
            [-6.09697, 36.679304],
            [-6.097115, 36.679266],
            [-6.097261, 36.679255],
            [-6.097515, 36.679597],
            [-6.09753, 36.679705],
            [-6.097616, 36.679713],
            [-6.097742, 36.679706],
            [-6.09782, 36.679682],
            [-6.097825, 36.679621],
            [-6.098694, 36.679688],
            [-6.098774, 36.679686],
            [-6.09878, 36.679785],
            [-6.098815, 36.679857],
            [-6.098827, 36.679942],
            [-6.098822, 36.680029],
            [-6.098859, 36.680088],
            [-6.098996, 36.680145],
            [-6.099396, 36.680186],
            [-6.099377, 36.680249],
            [-6.099385, 36.680324],
            [-6.0994, 36.680386],
            [-6.099444, 36.680469],
            [-6.099497, 36.680569],
            [-6.099852, 36.679777],
            [-6.100198, 36.679294],
            [-6.100571, 36.678882],
            [-6.100954, 36.678552],
            [-6.101395, 36.678245],
            [-6.10148, 36.678187],
            [-6.102203, 36.677816],
            [-6.103253, 36.677333]
          ]
        ]
      }
    },
    {
      "type": "Feature",
      "properties": {
        "id": "la-union",
        "name": "La Unión",
        "cityId": "jerez-de-la-frontera"
      },
      "geometry": {
        "type": "Polygon",
        "coordinates": [
          [
            [-6.137607, 36.697433],
            [-6.139456, 36.698783],
            [-6.143719, 36.696882],
            [-6.144035, 36.696908],
            [-6.142122, 36.695119],
            [-6.14197, 36.694977],
            [-6.141746, 36.695073],
            [-6.140422, 36.695636],
            [-6.139585, 36.694406],
            [-6.137409, 36.694009],
            [-6.136252, 36.693435],
            [-6.136194, 36.693407],
            [-6.135234, 36.694296],
            [-6.137607, 36.697433]
          ]
        ]
      }
    },
    {
      "type": "Feature",
      "properties": {
        "id": "la-victoria",
        "name": "La Victoria",
        "cityId": "jerez-de-la-frontera"
      },
      "geometry": {
        "type": "Polygon",
        "coordinates": [
          [
            [-6.135535, 36.690558],
            [-6.135535, 36.690559],
            [-6.137488, 36.692032],
            [-6.137529, 36.692063],
            [-6.138346, 36.691282],
            [-6.138602, 36.690634],
            [-6.138817, 36.690092],
            [-6.139404, 36.689469],
            [-6.139438, 36.689489],
            [-6.139538, 36.689276],
            [-6.140739, 36.688675],
            [-6.141099, 36.688542],
            [-6.139798, 36.68756],
            [-6.137378, 36.686029],
            [-6.137312, 36.686117],
            [-6.135891, 36.687996],
            [-6.136038, 36.687849],
            [-6.137047, 36.688316],
            [-6.136941, 36.689192],
            [-6.135535, 36.690558]
          ]
        ]
      }
    },
    {
      "type": "Feature",
      "properties": {
        "id": "la-vid",
        "name": "La Vid",
        "cityId": "jerez-de-la-frontera"
      },
      "geometry": {
        "type": "Polygon",
        "coordinates": [
          [
            [-6.116945, 36.686371],
            [-6.116956, 36.686411],
            [-6.118343, 36.686192],
            [-6.119512, 36.686162],
            [-6.120107, 36.685964],
            [-6.121133, 36.685517],
            [-6.120439, 36.682977],
            [-6.119389, 36.683126],
            [-6.119074, 36.682061],
            [-6.116964, 36.682748],
            [-6.116431, 36.682855],
            [-6.115983, 36.682946],
            [-6.116945, 36.686371]
          ]
        ]
      }
    },
    {
      "type": "Feature",
      "properties": {
        "id": "las-abiertas",
        "name": "Las Abiertas",
        "cityId": "jerez-de-la-frontera"
      },
      "geometry": {
        "type": "MultiPolygon",
        "coordinates": [
          [
            [
              [-6.088604, 36.694062],
              [-6.08881, 36.694112],
              [-6.088356, 36.695507],
              [-6.089724, 36.69569],
              [-6.089778, 36.695955],
              [-6.090445, 36.695877],
              [-6.090408, 36.694098],
              [-6.089896, 36.694056],
              [-6.089907, 36.693481],
              [-6.088714, 36.693416],
              [-6.088604, 36.694062]
            ]
          ],
          [
            [
              [-6.091439, 36.715652],
              [-6.09177, 36.716022],
              [-6.092209, 36.716534],
              [-6.092467, 36.716876],
              [-6.092651, 36.717171],
              [-6.092765, 36.717526],
              [-6.092762, 36.717812],
              [-6.09292, 36.718209],
              [-6.093158, 36.718503],
              [-6.093589, 36.718813],
              [-6.09408, 36.719057],
              [-6.100468, 36.713433],
              [-6.106285, 36.708243],
              [-6.109752, 36.705186],
              [-6.109763, 36.705176],
              [-6.108598, 36.705086],
              [-6.10662, 36.705609],
              [-6.104752, 36.706443],
              [-6.10303, 36.70682],
              [-6.100967, 36.70711],
              [-6.098039, 36.707716],
              [-6.094704, 36.70853],
              [-6.093139, 36.707235],
              [-6.092373, 36.70698],
              [-6.09417, 36.704929],
              [-6.095713, 36.702367],
              [-6.096554, 36.700877],
              [-6.09709, 36.700124],
              [-6.097087, 36.700125],
              [-6.097101, 36.700109],
              [-6.097879, 36.699201],
              [-6.097861, 36.69877],
              [-6.096821, 36.698365],
              [-6.096113, 36.697716],
              [-6.095976, 36.697149],
              [-6.095849, 36.697212],
              [-6.095343, 36.696754],
              [-6.09445, 36.696385],
              [-6.093117, 36.696375],
              [-6.09311, 36.6964],
              [-6.090617, 36.696889],
              [-6.088982, 36.69723],
              [-6.087087, 36.697514],
              [-6.086759, 36.697161],
              [-6.085727, 36.696032],
              [-6.085303, 36.694688],
              [-6.085174, 36.694258],
              [-6.083826, 36.693083],
              [-6.082855, 36.69234],
              [-6.082424, 36.691954],
              [-6.082195, 36.691545],
              [-6.081949, 36.69072],
              [-6.08177, 36.689334],
              [-6.082442, 36.689316],
              [-6.082709, 36.688975],
              [-6.082657, 36.688507],
              [-6.081684, 36.688568],
              [-6.081612, 36.688462],
              [-6.081552, 36.688093],
              [-6.081576, 36.687831],
              [-6.081309, 36.687702],
              [-6.080843, 36.688522],
              [-6.080784, 36.688627],
              [-6.080424, 36.689262],
              [-6.079594, 36.690721],
              [-6.079699, 36.690678],
              [-6.080006, 36.690643],
              [-6.080239, 36.690574],
              [-6.081072, 36.690423],
              [-6.081112, 36.690567],
              [-6.081131, 36.690632],
              [-6.081398, 36.690589],
              [-6.081478, 36.690919],
              [-6.081582, 36.691505],
              [-6.08167, 36.6918],
              [-6.08234, 36.692621],
              [-6.082416, 36.692754],
              [-6.082433, 36.692826],
              [-6.082375, 36.693002],
              [-6.082115, 36.693809],
              [-6.081821, 36.69475],
              [-6.081756, 36.694958],
              [-6.081721, 36.695068],
              [-6.08063, 36.698981],
              [-6.080594, 36.699071],
              [-6.080282, 36.700038],
              [-6.080097, 36.700722],
              [-6.080049, 36.700831],
              [-6.079913, 36.700728],
              [-6.079844, 36.700799],
              [-6.079792, 36.70085],
              [-6.079657, 36.700942],
              [-6.079471, 36.700992],
              [-6.079188, 36.70099],
              [-6.07891, 36.700998],
              [-6.078686, 36.701003],
              [-6.078491, 36.700761],
              [-6.078319, 36.700558],
              [-6.078068, 36.700509],
              [-6.077686, 36.700442],
              [-6.077324, 36.700452],
              [-6.077058, 36.700473],
              [-6.076764, 36.700466],
              [-6.076944, 36.700539],
              [-6.077288, 36.700719],
              [-6.077523, 36.700945],
              [-6.077622, 36.701162],
              [-6.077717, 36.701374],
              [-6.07769, 36.701612],
              [-6.077657, 36.701907],
              [-6.077559, 36.702141],
              [-6.077362, 36.702606],
              [-6.078007, 36.702422],
              [-6.078741, 36.702213],
              [-6.07909, 36.70211],
              [-6.079186, 36.702294],
              [-6.079409, 36.702223],
              [-6.07941, 36.702222],
              [-6.079397, 36.702308],
              [-6.07941, 36.702479],
              [-6.07945, 36.702598],
              [-6.079463, 36.702738],
              [-6.079395, 36.702822],
              [-6.080108, 36.702855],
              [-6.080062, 36.703165],
              [-6.081369, 36.703193],
              [-6.08192, 36.703519],
              [-6.08194, 36.703553],
              [-6.082191, 36.703832],
              [-6.082237, 36.703932],
              [-6.081509, 36.704208],
              [-6.081484, 36.704201],
              [-6.081409, 36.704193],
              [-6.081333, 36.704181],
              [-6.081222, 36.704168],
              [-6.081101, 36.704178],
              [-6.081008, 36.70421],
              [-6.080899, 36.704257],
              [-6.080814, 36.704287],
              [-6.080662, 36.704332],
              [-6.080572, 36.704377],
              [-6.080392, 36.704467],
              [-6.079992, 36.704682],
              [-6.079907, 36.704742],
              [-6.07703, 36.706324],
              [-6.077241, 36.706403],
              [-6.07823, 36.706768],
              [-6.078304, 36.706795],
              [-6.078368, 36.706819],
              [-6.078444, 36.706847],
              [-6.078907, 36.707002],
              [-6.079171, 36.707094],
              [-6.079259, 36.707125],
              [-6.079582, 36.707239],
              [-6.080263, 36.707452],
              [-6.08031, 36.70761],
              [-6.080357, 36.707761],
              [-6.080411, 36.707837],
              [-6.08047, 36.70792],
              [-6.080578, 36.708028],
              [-6.080663, 36.708093],
              [-6.080818, 36.708177],
              [-6.08111, 36.70833],
              [-6.081331, 36.70843],
              [-6.08149, 36.708527],
              [-6.081733, 36.708654],
              [-6.081942, 36.708763],
              [-6.082039, 36.708814],
              [-6.082963, 36.709296],
              [-6.083475, 36.709563],
              [-6.083658, 36.70966],
              [-6.083658, 36.709661],
              [-6.08557, 36.710628],
              [-6.087073, 36.710319],
              [-6.087345, 36.710261],
              [-6.088365, 36.71],
              [-6.088497, 36.709952],
              [-6.089618, 36.709689],
              [-6.091347, 36.7093],
              [-6.091839, 36.709783],
              [-6.091224, 36.710135],
              [-6.092008, 36.711045],
              [-6.092272, 36.710962],
              [-6.092593, 36.711334],
              [-6.095122, 36.709882],
              [-6.095204, 36.709974],
              [-6.095696, 36.71044],
              [-6.093842, 36.711497],
              [-6.092338, 36.71222],
              [-6.091852, 36.71148],
              [-6.09149, 36.711666],
              [-6.091016, 36.71102],
              [-6.089441, 36.711941],
              [-6.089664, 36.712207],
              [-6.090183, 36.712802],
              [-6.090648, 36.71258],
              [-6.091257, 36.713299],
              [-6.091111, 36.713391],
              [-6.091369, 36.713689],
              [-6.092396, 36.713178],
              [-6.093232, 36.712761],
              [-6.093147, 36.712668],
              [-6.094079, 36.71212],
              [-6.094343, 36.712389],
              [-6.095313, 36.711896],
              [-6.09594, 36.712589],
              [-6.095365, 36.712954],
              [-6.095469, 36.713061],
              [-6.095053, 36.713328],
              [-6.093951, 36.713997],
              [-6.092694, 36.714862],
              [-6.091439, 36.715652]
            ]
          ]
        ]
      }
    },
    {
      "type": "Feature",
      "properties": {
        "id": "las-marinas",
        "name": "Las Marinas",
        "cityId": "jerez-de-la-frontera"
      },
      "geometry": {
        "type": "Polygon",
        "coordinates": [
          [
            [-6.133582, 36.696194],
            [-6.136247, 36.698215],
            [-6.137521, 36.697371],
            [-6.137607, 36.697433],
            [-6.135234, 36.694296],
            [-6.13522, 36.694278],
            [-6.13425, 36.695413],
            [-6.133582, 36.696194]
          ]
        ]
      }
    },
    {
      "type": "Feature",
      "properties": {
        "id": "las-torres",
        "name": "Las Torres",
        "cityId": "jerez-de-la-frontera"
      },
      "geometry": {
        "type": "Polygon",
        "coordinates": [
          [
            [-6.147692, 36.696081],
            [-6.147789, 36.696738],
            [-6.146796, 36.697512],
            [-6.146403, 36.697215],
            [-6.145922, 36.697689],
            [-6.145592, 36.697179],
            [-6.144781, 36.697515],
            [-6.145784, 36.699217],
            [-6.14924, 36.696849],
            [-6.147692, 36.696081]
          ]
        ]
      }
    },
    {
      "type": "Feature",
      "properties": {
        "id": "las-vinas",
        "name": "Las Viñas",
        "cityId": "jerez-de-la-frontera"
      },
      "geometry": {
        "type": "Polygon",
        "coordinates": [
          [
            [-6.126534, 36.680752],
            [-6.126522, 36.680732],
            [-6.125166, 36.680961],
            [-6.122989, 36.681159],
            [-6.122154, 36.681276],
            [-6.119276, 36.681996],
            [-6.119074, 36.682061],
            [-6.119389, 36.683126],
            [-6.120439, 36.682977],
            [-6.121133, 36.685517],
            [-6.121148, 36.685572],
            [-6.121783, 36.685283],
            [-6.12178, 36.685094],
            [-6.127959, 36.684429],
            [-6.12773, 36.683102],
            [-6.127162, 36.681818],
            [-6.126534, 36.680752]
          ]
        ]
      }
    },
    {
      "type": "Feature",
      "properties": {
        "id": "loma-del-toruno",
        "name": "Loma del Toruño",
        "cityId": "jerez-de-la-frontera"
      },
      "geometry": {
        "type": "Polygon",
        "coordinates": [
          [
            [-6.143554, 36.661768],
            [-6.143156, 36.661795],
            [-6.143193, 36.662299],
            [-6.143439, 36.662706],
            [-6.143745, 36.663267],
            [-6.144003, 36.663531],
            [-6.144456, 36.663736],
            [-6.144701, 36.663629],
            [-6.144588, 36.663372],
            [-6.144532, 36.663066],
            [-6.144565, 36.662805],
            [-6.144731, 36.662553],
            [-6.144922, 36.662205],
            [-6.145165, 36.661311],
            [-6.145461, 36.660299],
            [-6.145596, 36.659999],
            [-6.146309, 36.659129],
            [-6.146276, 36.659036],
            [-6.146499, 36.658758],
            [-6.146659, 36.658363],
            [-6.146394, 36.657259],
            [-6.145296, 36.657323],
            [-6.145282, 36.65769],
            [-6.144721, 36.658698],
            [-6.144437, 36.658564],
            [-6.144641, 36.65818],
            [-6.143242, 36.658051],
            [-6.143099, 36.659226],
            [-6.142144, 36.659204],
            [-6.141379, 36.660595],
            [-6.141621, 36.660589],
            [-6.142212, 36.66036],
            [-6.14272, 36.660278],
            [-6.142991, 36.660186],
            [-6.143283, 36.660155],
            [-6.143476, 36.660197],
            [-6.143854, 36.660471],
            [-6.144097, 36.660689],
            [-6.144273, 36.661028],
            [-6.144371, 36.66164],
            [-6.143549, 36.661638],
            [-6.143554, 36.661768]
          ]
        ]
      }
    },
    {
      "type": "Feature",
      "properties": {
        "id": "lomopardo",
        "name": "Lomopardo",
        "cityId": "jerez-de-la-frontera"
      },
      "geometry": {
        "type": "Polygon",
        "coordinates": [
          [
            [-6.080223, 36.65557],
            [-6.080652, 36.655574],
            [-6.081306, 36.655452],
            [-6.082974, 36.654954],
            [-6.083042, 36.655029],
            [-6.08313, 36.655122],
            [-6.083193, 36.655203],
            [-6.083226, 36.655281],
            [-6.083246, 36.655353],
            [-6.083282, 36.655424],
            [-6.083393, 36.655441],
            [-6.083504, 36.655447],
            [-6.083572, 36.65545],
            [-6.083833, 36.655438],
            [-6.083854, 36.65533],
            [-6.083866, 36.655276],
            [-6.083908, 36.655223],
            [-6.08395, 36.655152],
            [-6.083984, 36.655079],
            [-6.084006, 36.655024],
            [-6.084027, 36.654972],
            [-6.084028, 36.654792],
            [-6.084039, 36.654717],
            [-6.084046, 36.654663],
            [-6.084057, 36.654579],
            [-6.084067, 36.654496],
            [-6.084074, 36.654441],
            [-6.084083, 36.654369],
            [-6.084089, 36.654317],
            [-6.084094, 36.65424],
            [-6.084113, 36.654192],
            [-6.084121, 36.65413],
            [-6.084101, 36.654076],
            [-6.084083, 36.654027],
            [-6.084047, 36.653957],
            [-6.084012, 36.653877],
            [-6.083941, 36.65371],
            [-6.083901, 36.653617],
            [-6.083843, 36.653479],
            [-6.083777, 36.653345],
            [-6.083735, 36.65327],
            [-6.083694, 36.653214],
            [-6.0835, 36.653094],
            [-6.083462, 36.653122],
            [-6.083435, 36.653167],
            [-6.083377, 36.653248],
            [-6.083265, 36.653399],
            [-6.083159, 36.653532],
            [-6.083065, 36.653645],
            [-6.083001, 36.653718],
            [-6.082893, 36.653824],
            [-6.082797, 36.653901],
            [-6.082752, 36.653929],
            [-6.082673, 36.653976],
            [-6.081809, 36.6531],
            [-6.080723, 36.653769],
            [-6.08114, 36.654244],
            [-6.08077, 36.654474],
            [-6.080999, 36.654771],
            [-6.080796, 36.654869],
            [-6.080548, 36.654986],
            [-6.080459, 36.655029],
            [-6.080402, 36.655058],
            [-6.080268, 36.655128],
            [-6.080156, 36.655189],
            [-6.079978, 36.655266],
            [-6.079817, 36.655351],
            [-6.080063, 36.655356],
            [-6.080173, 36.655335],
            [-6.080223, 36.65557]
          ]
        ]
      }
    },
    {
      "type": "Feature",
      "properties": {
        "id": "los-arcos",
        "name": "Los Arcos",
        "cityId": "jerez-de-la-frontera"
      },
      "geometry": {
        "type": "Polygon",
        "coordinates": [
          [
            [-6.117074, 36.694532],
            [-6.117135, 36.694493],
            [-6.116323, 36.693663],
            [-6.115024, 36.69316],
            [-6.112789, 36.691495],
            [-6.111415, 36.692583],
            [-6.109384, 36.691158],
            [-6.108716, 36.690437],
            [-6.108701, 36.690445],
            [-6.105787, 36.691982],
            [-6.103338, 36.693274],
            [-6.103493, 36.693323],
            [-6.103112, 36.693521],
            [-6.103671, 36.694103],
            [-6.104376, 36.694674],
            [-6.105464, 36.695038],
            [-6.106695, 36.695359],
            [-6.107037, 36.695674],
            [-6.10773, 36.695656],
            [-6.108611, 36.695432],
            [-6.113883, 36.69451],
            [-6.115193, 36.694588],
            [-6.116476, 36.694711],
            [-6.11708, 36.694516],
            [-6.117074, 36.694532]
          ]
        ]
      }
    },
    {
      "type": "Feature",
      "properties": {
        "id": "los-cedros",
        "name": "Los Cedros",
        "cityId": "jerez-de-la-frontera"
      },
      "geometry": {
        "type": "Polygon",
        "coordinates": [
          [
            [-6.108846, 36.690361],
            [-6.110128, 36.689617],
            [-6.110247, 36.689541],
            [-6.109644, 36.687205],
            [-6.107157, 36.687612],
            [-6.10645, 36.68778],
            [-6.106761, 36.688832],
            [-6.1069, 36.688828],
            [-6.106929, 36.689554],
            [-6.10693, 36.689588],
            [-6.108846, 36.690361]
          ]
        ]
      }
    },
    {
      "type": "Feature",
      "properties": {
        "id": "monte-alto",
        "name": "Monte Alto",
        "cityId": "jerez-de-la-frontera"
      },
      "geometry": {
        "type": "Polygon",
        "coordinates": [
          [
            [-6.1346, 36.701368],
            [-6.133628, 36.703894],
            [-6.133425, 36.704859],
            [-6.132407, 36.704658],
            [-6.131568, 36.704387],
            [-6.130579, 36.703893],
            [-6.129747, 36.703688],
            [-6.129743, 36.703688],
            [-6.12971, 36.703779],
            [-6.129321, 36.704842],
            [-6.128484, 36.707133],
            [-6.12856, 36.707139],
            [-6.128555, 36.707207],
            [-6.129807, 36.707246],
            [-6.137388, 36.70651],
            [-6.137886, 36.706334],
            [-6.138443, 36.705938],
            [-6.138986, 36.705086],
            [-6.140008, 36.703417],
            [-6.140622, 36.702637],
            [-6.141507, 36.702045],
            [-6.141652, 36.701927],
            [-6.138377, 36.70203],
            [-6.137062, 36.701951],
            [-6.134901, 36.701439],
            [-6.134909, 36.701419],
            [-6.134614, 36.701332],
            [-6.1346, 36.701368]
          ]
        ]
      }
    },
    {
      "type": "Feature",
      "properties": {
        "id": "montealegre",
        "name": "Montealegre",
        "cityId": "jerez-de-la-frontera"
      },
      "geometry": {
        "type": "Polygon",
        "coordinates": [
          [
            [-6.10915, 36.657681],
            [-6.109111, 36.657662],
            [-6.109076, 36.657589],
            [-6.109028, 36.657497],
            [-6.108995, 36.65744],
            [-6.108935, 36.657332],
            [-6.108909, 36.657284],
            [-6.108875, 36.657234],
            [-6.108847, 36.657188],
            [-6.108811, 36.657133],
            [-6.108768, 36.657061],
            [-6.108713, 36.656982],
            [-6.108684, 36.65694],
            [-6.108632, 36.656874],
            [-6.108605, 36.656842],
            [-6.108575, 36.656796],
            [-6.108536, 36.656745],
            [-6.108477, 36.656662],
            [-6.108364, 36.65647],
            [-6.108278, 36.656354],
            [-6.108233, 36.65627],
            [-6.108211, 36.656194],
            [-6.108096, 36.656155],
            [-6.108013, 36.656112],
            [-6.107888, 36.656048],
            [-6.107199, 36.655942],
            [-6.107094, 36.655924],
            [-6.106921, 36.655929],
            [-6.106483, 36.656024],
            [-6.106396, 36.656037],
            [-6.106138, 36.656051],
            [-6.106073, 36.655854],
            [-6.106009, 36.655824],
            [-6.105613, 36.655941],
            [-6.105565, 36.655976],
            [-6.105516, 36.656013],
            [-6.105418, 36.656083],
            [-6.105223, 36.656226],
            [-6.105176, 36.656261],
            [-6.105079, 36.656331],
            [-6.104949, 36.656424],
            [-6.104837, 36.656506],
            [-6.104637, 36.656653],
            [-6.104569, 36.656702],
            [-6.104411, 36.656803],
            [-6.10436, 36.656834],
            [-6.104271, 36.656892],
            [-6.103846, 36.65671],
            [-6.103633, 36.656618],
            [-6.103224, 36.65644],
            [-6.103071, 36.656374],
            [-6.102952, 36.656321],
            [-6.10274, 36.65623],
            [-6.102634, 36.656183],
            [-6.102568, 36.656163],
            [-6.102545, 36.656331],
            [-6.102539, 36.656417],
            [-6.102526, 36.656544],
            [-6.10251, 36.656697],
            [-6.102499, 36.6568],
            [-6.10248, 36.656902],
            [-6.102471, 36.656951],
            [-6.102458, 36.656996],
            [-6.102423, 36.657076],
            [-6.102376, 36.657156],
            [-6.102328, 36.657222],
            [-6.102277, 36.657287],
            [-6.102218, 36.657347],
            [-6.102188, 36.657379],
            [-6.102085, 36.657479],
            [-6.101992, 36.657558],
            [-6.101886, 36.657649],
            [-6.101788, 36.657736],
            [-6.101728, 36.657795],
            [-6.101626, 36.657923],
            [-6.101586, 36.657973],
            [-6.101529, 36.65806],
            [-6.101499, 36.658115],
            [-6.101451, 36.658172],
            [-6.101405, 36.658224],
            [-6.10127, 36.658306],
            [-6.101189, 36.658351],
            [-6.101129, 36.658389],
            [-6.101067, 36.658431],
            [-6.101016, 36.65847],
            [-6.100953, 36.658538],
            [-6.100909, 36.658604],
            [-6.100677, 36.658644],
            [-6.100641, 36.658693],
            [-6.10064, 36.658694],
            [-6.100629, 36.658709],
            [-6.10062, 36.658691],
            [-6.100193, 36.658552],
            [-6.099354, 36.658319],
            [-6.099191, 36.658271],
            [-6.099066, 36.658238],
            [-6.09901, 36.658217],
            [-6.098677, 36.658115],
            [-6.098215, 36.657959],
            [-6.097832, 36.657797],
            [-6.097152, 36.657481],
            [-6.096904, 36.657359],
            [-6.096414, 36.65712],
            [-6.095559, 36.6567],
            [-6.094977, 36.656414],
            [-6.094685, 36.656254],
            [-6.094444, 36.656083],
            [-6.09408, 36.655781],
            [-6.093732, 36.655502],
            [-6.093583, 36.655382],
            [-6.09353, 36.655422],
            [-6.093497, 36.655474],
            [-6.093442, 36.655649],
            [-6.093341, 36.655947],
            [-6.093201, 36.65637],
            [-6.093127, 36.656606],
            [-6.093006, 36.656969],
            [-6.092913, 36.657262],
            [-6.092764, 36.657724],
            [-6.09267, 36.658035],
            [-6.092643, 36.658164],
            [-6.092624, 36.658257],
            [-6.092589, 36.658616],
            [-6.092567, 36.658848],
            [-6.092528, 36.659068],
            [-6.092433, 36.659513],
            [-6.092286, 36.660257],
            [-6.092123, 36.661034],
            [-6.092031, 36.66144],
            [-6.092023, 36.66153],
            [-6.092065, 36.661626],
            [-6.091964, 36.661625],
            [-6.09176, 36.661624],
            [-6.091665, 36.661616],
            [-6.091519, 36.661606],
            [-6.091404, 36.661604],
            [-6.091308, 36.661602],
            [-6.091177, 36.661598],
            [-6.091094, 36.661599],
            [-6.091068, 36.661627],
            [-6.091016, 36.661699],
            [-6.090972, 36.661832],
            [-6.090934, 36.661929],
            [-6.091447, 36.661802],
            [-6.092514, 36.661774],
            [-6.09416, 36.662018],
            [-6.095039, 36.662626],
            [-6.095764, 36.662952],
            [-6.096768, 36.663155],
            [-6.097926, 36.663641],
            [-6.0993, 36.664178],
            [-6.100236, 36.664441],
            [-6.10189, 36.664857],
            [-6.103904, 36.665377],
            [-6.10542, 36.665911],
            [-6.107088, 36.666671],
            [-6.108329, 36.667441],
            [-6.110281, 36.668193],
            [-6.113545, 36.669713],
            [-6.115071, 36.670476],
            [-6.116863, 36.671565],
            [-6.118462, 36.671148],
            [-6.11917, 36.671682],
            [-6.121338, 36.67099],
            [-6.121335, 36.670895],
            [-6.121332, 36.670824],
            [-6.121358, 36.670809],
            [-6.119879, 36.669486],
            [-6.119109, 36.668798],
            [-6.116904, 36.667495],
            [-6.109283, 36.662992],
            [-6.110077, 36.661941],
            [-6.109498, 36.660371],
            [-6.109162, 36.658755],
            [-6.10929, 36.658256],
            [-6.10915, 36.657681]
          ]
        ]
      }
    },
    {
      "type": "Feature",
      "properties": {
        "id": "nazaret",
        "name": "Nazaret",
        "cityId": "jerez-de-la-frontera"
      },
      "geometry": {
        "type": "Polygon",
        "coordinates": [
          [
            [-6.111588, 36.677054],
            [-6.111583, 36.677079],
            [-6.112771, 36.677231],
            [-6.114875, 36.677328],
            [-6.115822, 36.677424],
            [-6.11905, 36.678606],
            [-6.119433, 36.678637],
            [-6.119515, 36.678643],
            [-6.119989, 36.677872],
            [-6.120729, 36.677205],
            [-6.121487, 36.676992],
            [-6.12242, 36.677049],
            [-6.122709, 36.677007],
            [-6.120857, 36.675213],
            [-6.118698, 36.673494],
            [-6.110968, 36.674162],
            [-6.111008, 36.67436],
            [-6.111338, 36.675374],
            [-6.111837, 36.675888],
            [-6.111588, 36.677054]
          ]
        ]
      }
    },
    {
      "type": "Feature",
      "properties": {
        "id": "nazaret-este",
        "name": "Nazaret Este",
        "cityId": "jerez-de-la-frontera"
      },
      "geometry": {
        "type": "Polygon",
        "coordinates": [
          [
            [-6.109571, 36.67685],
            [-6.110986, 36.676933],
            [-6.111588, 36.677054],
            [-6.111837, 36.675888],
            [-6.111338, 36.675374],
            [-6.111008, 36.67436],
            [-6.110968, 36.674162],
            [-6.110952, 36.674164],
            [-6.110934, 36.674078],
            [-6.109346, 36.674132],
            [-6.108936, 36.674257],
            [-6.108603, 36.674451],
            [-6.107872, 36.674943],
            [-6.106917, 36.67557],
            [-6.105995, 36.676139],
            [-6.10558, 36.676345],
            [-6.106036, 36.676718],
            [-6.106451, 36.676717],
            [-6.106824, 36.676616],
            [-6.10735, 36.676572],
            [-6.10931, 36.676835],
            [-6.109571, 36.67685]
          ]
        ]
      }
    },
    {
      "type": "Feature",
      "properties": {
        "id": "nueva-andalucia",
        "name": "Nueva Andalucía",
        "cityId": "jerez-de-la-frontera"
      },
      "geometry": {
        "type": "Polygon",
        "coordinates": [
          [
            [-6.110968, 36.674162],
            [-6.118698, 36.673494],
            [-6.118728, 36.673491],
            [-6.117969, 36.672543],
            [-6.116696, 36.671609],
            [-6.116863, 36.671565],
            [-6.115071, 36.670476],
            [-6.113545, 36.669713],
            [-6.110281, 36.668193],
            [-6.108329, 36.667441],
            [-6.107088, 36.666671],
            [-6.10542, 36.665911],
            [-6.103904, 36.665377],
            [-6.10189, 36.664857],
            [-6.100236, 36.664441],
            [-6.0993, 36.664178],
            [-6.097926, 36.663641],
            [-6.096768, 36.663155],
            [-6.095764, 36.662952],
            [-6.095039, 36.662626],
            [-6.09416, 36.662018],
            [-6.092514, 36.661774],
            [-6.091447, 36.661802],
            [-6.090934, 36.661929],
            [-6.090928, 36.661946],
            [-6.090871, 36.662058],
            [-6.090826, 36.662162],
            [-6.090806, 36.662249],
            [-6.090794, 36.662307],
            [-6.090801, 36.662382],
            [-6.090808, 36.662454],
            [-6.090834, 36.662505],
            [-6.09088, 36.662573],
            [-6.090955, 36.662637],
            [-6.091037, 36.662689],
            [-6.09112, 36.662738],
            [-6.091192, 36.662806],
            [-6.091247, 36.662884],
            [-6.091271, 36.662951],
            [-6.091298, 36.663006],
            [-6.091311, 36.663078],
            [-6.091315, 36.66315],
            [-6.091313, 36.663209],
            [-6.091339, 36.66326],
            [-6.091438, 36.663335],
            [-6.091514, 36.663408],
            [-6.091585, 36.663488],
            [-6.091763, 36.66359],
            [-6.091805, 36.663658],
            [-6.091858, 36.663715],
            [-6.091927, 36.663787],
            [-6.092077, 36.663923],
            [-6.092155, 36.664002],
            [-6.092171, 36.66402],
            [-6.092202, 36.664053],
            [-6.092292, 36.664172],
            [-6.09243, 36.664376],
            [-6.092449, 36.664436],
            [-6.092458, 36.664506],
            [-6.092458, 36.664585],
            [-6.092463, 36.664665],
            [-6.092468, 36.66476],
            [-6.092476, 36.664859],
            [-6.092517, 36.664985],
            [-6.092585, 36.66505],
            [-6.092692, 36.665081],
            [-6.092756, 36.6651],
            [-6.092894, 36.665121],
            [-6.092987, 36.665143],
            [-6.0931, 36.665167],
            [-6.09317, 36.66519],
            [-6.09324, 36.66522],
            [-6.093322, 36.665261],
            [-6.093542, 36.665372],
            [-6.093609, 36.665397],
            [-6.093652, 36.665423],
            [-6.093716, 36.665443],
            [-6.093819, 36.665492],
            [-6.094004, 36.665582],
            [-6.094106, 36.665632],
            [-6.094158, 36.665653],
            [-6.094278, 36.6657],
            [-6.094379, 36.665738],
            [-6.094497, 36.66578],
            [-6.094597, 36.665813],
            [-6.094687, 36.665845],
            [-6.094778, 36.665867],
            [-6.094872, 36.665881],
            [-6.094986, 36.665898],
            [-6.095188, 36.665928],
            [-6.095282, 36.665943],
            [-6.095383, 36.665957],
            [-6.095575, 36.665979],
            [-6.095651, 36.665992],
            [-6.095748, 36.66601],
            [-6.095821, 36.66603],
            [-6.095893, 36.666073],
            [-6.095947, 36.666117],
            [-6.096004, 36.66617],
            [-6.096054, 36.666216],
            [-6.0962, 36.666352],
            [-6.09631, 36.666451],
            [-6.0964, 36.666531],
            [-6.096474, 36.666591],
            [-6.0965, 36.666604],
            [-6.096545, 36.666626],
            [-6.09666, 36.666666],
            [-6.0968, 36.666692],
            [-6.09687, 36.666709],
            [-6.096969, 36.666724],
            [-6.097063, 36.666735],
            [-6.097202, 36.666755],
            [-6.097507, 36.6668],
            [-6.097614, 36.666816],
            [-6.097736, 36.666836],
            [-6.097924, 36.66687],
            [-6.098125, 36.66691],
            [-6.098237, 36.666921],
            [-6.098323, 36.666887],
            [-6.098368, 36.666825],
            [-6.098417, 36.666747],
            [-6.098458, 36.666698],
            [-6.098504, 36.666676],
            [-6.09855, 36.666663],
            [-6.098629, 36.666665],
            [-6.098758, 36.666692],
            [-6.099033, 36.666758],
            [-6.099158, 36.666788],
            [-6.099257, 36.666812],
            [-6.099535, 36.666881],
            [-6.099637, 36.666909],
            [-6.099703, 36.666927],
            [-6.09982, 36.666951],
            [-6.099939, 36.666973],
            [-6.10001, 36.666978],
            [-6.100104, 36.66698],
            [-6.100182, 36.666984],
            [-6.10027, 36.666991],
            [-6.100351, 36.667007],
            [-6.100437, 36.667035],
            [-6.100545, 36.667079],
            [-6.100616, 36.667109],
            [-6.100704, 36.667155],
            [-6.100793, 36.667192],
            [-6.100883, 36.667214],
            [-6.100953, 36.667205],
            [-6.100993, 36.667179],
            [-6.101082, 36.667122],
            [-6.101138, 36.667066],
            [-6.101209, 36.666995],
            [-6.101289, 36.666908],
            [-6.101348, 36.666851],
            [-6.101383, 36.666824],
            [-6.101463, 36.666777],
            [-6.101538, 36.666752],
            [-6.101603, 36.66679],
            [-6.101745, 36.666889],
            [-6.102049, 36.667106],
            [-6.102186, 36.667209],
            [-6.102259, 36.667264],
            [-6.102422, 36.667376],
            [-6.10256, 36.66747],
            [-6.102732, 36.667582],
            [-6.102821, 36.66764],
            [-6.102888, 36.667684],
            [-6.102952, 36.667726],
            [-6.103022, 36.667774],
            [-6.103067, 36.667818],
            [-6.103103, 36.667858],
            [-6.103128, 36.667913],
            [-6.103154, 36.667966],
            [-6.103158, 36.667972],
            [-6.103057, 36.668592],
            [-6.102753, 36.668546],
            [-6.102425, 36.669136],
            [-6.100171, 36.668412],
            [-6.09982, 36.669235],
            [-6.098009, 36.668801],
            [-6.097986, 36.670349],
            [-6.100526, 36.670501],
            [-6.100478, 36.671087],
            [-6.097353, 36.670905],
            [-6.097237, 36.671206],
            [-6.095139, 36.670366],
            [-6.095497, 36.669703],
            [-6.094686, 36.669357],
            [-6.094252, 36.669907],
            [-6.09205, 36.668946],
            [-6.091375, 36.668445],
            [-6.091507, 36.668167],
            [-6.090591, 36.667697],
            [-6.09002, 36.668022],
            [-6.089903, 36.668656],
            [-6.091925, 36.669372],
            [-6.093827, 36.670589],
            [-6.094803, 36.671212],
            [-6.095751, 36.671772],
            [-6.096089, 36.672206],
            [-6.098037, 36.673398],
            [-6.098028, 36.673548],
            [-6.093272, 36.672801],
            [-6.09313, 36.67317],
            [-6.092749, 36.673249],
            [-6.092656, 36.673779],
            [-6.093972, 36.673928],
            [-6.093824, 36.674494],
            [-6.094413, 36.674628],
            [-6.093941, 36.67636],
            [-6.094172, 36.676434],
            [-6.094115, 36.67678],
            [-6.095536, 36.677063],
            [-6.095331, 36.677756],
            [-6.095896, 36.677826],
            [-6.098154, 36.67791],
            [-6.098746, 36.678539],
            [-6.09988, 36.678117],
            [-6.100659, 36.677609],
            [-6.101742, 36.677361],
            [-6.102713, 36.677242],
            [-6.103253, 36.677333],
            [-6.103529, 36.677206],
            [-6.104365, 36.67689],
            [-6.105535, 36.676367],
            [-6.10558, 36.676345],
            [-6.105995, 36.676139],
            [-6.106917, 36.67557],
            [-6.107872, 36.674943],
            [-6.108603, 36.674451],
            [-6.108936, 36.674257],
            [-6.109346, 36.674132],
            [-6.110934, 36.674078],
            [-6.110952, 36.674164],
            [-6.110968, 36.674162]
          ]
        ]
      }
    },
    {
      "type": "Feature",
      "properties": {
        "id": "nuevo-monte-alto",
        "name": "Nuevo Monte Alto",
        "cityId": "jerez-de-la-frontera"
      },
      "geometry": {
        "type": "Polygon",
        "coordinates": [
          [
            [-6.141652, 36.701927],
            [-6.141507, 36.702045],
            [-6.140622, 36.702637],
            [-6.140008, 36.703417],
            [-6.138986, 36.705086],
            [-6.138443, 36.705938],
            [-6.138417, 36.705979],
            [-6.138571, 36.7063],
            [-6.138741, 36.706507],
            [-6.138966, 36.706582],
            [-6.139123, 36.706582],
            [-6.139355, 36.706351],
            [-6.139618, 36.706093],
            [-6.139887, 36.706277],
            [-6.140096, 36.706399],
            [-6.140196, 36.706365],
            [-6.14037, 36.706275],
            [-6.140718, 36.706306],
            [-6.140843, 36.706297],
            [-6.140919, 36.706291],
            [-6.141079, 36.706159],
            [-6.141159, 36.706092],
            [-6.141201, 36.706056],
            [-6.141606, 36.705753],
            [-6.141816, 36.705597],
            [-6.141864, 36.705533],
            [-6.14194, 36.705416],
            [-6.141975, 36.705372],
            [-6.142078, 36.705241],
            [-6.14223, 36.705057],
            [-6.141919, 36.704874],
            [-6.142284, 36.704662],
            [-6.143527, 36.704973],
            [-6.144277, 36.705163],
            [-6.144941, 36.70533],
            [-6.145118, 36.705382],
            [-6.145395, 36.705464],
            [-6.145481, 36.705485],
            [-6.145697, 36.705542],
            [-6.145836, 36.705578],
            [-6.145889, 36.705587],
            [-6.145996, 36.705606],
            [-6.146594, 36.705746],
            [-6.146669, 36.705763],
            [-6.146806, 36.705796],
            [-6.146957, 36.705836],
            [-6.147176, 36.705891],
            [-6.147451, 36.705969],
            [-6.148299, 36.706209],
            [-6.14902, 36.706417],
            [-6.149081, 36.706435],
            [-6.14914, 36.706451],
            [-6.149202, 36.706467],
            [-6.149005, 36.706007],
            [-6.148973, 36.705934],
            [-6.148901, 36.705773],
            [-6.148822, 36.705598],
            [-6.148785, 36.705513],
            [-6.148553, 36.704995],
            [-6.148374, 36.704594],
            [-6.148307, 36.704444],
            [-6.148214, 36.704235],
            [-6.148153, 36.704097],
            [-6.147993, 36.703743],
            [-6.147961, 36.703668],
            [-6.147908, 36.703693],
            [-6.147891, 36.703655],
            [-6.147845, 36.703553],
            [-6.147674, 36.703181],
            [-6.14739, 36.702544],
            [-6.147124, 36.701927],
            [-6.147193, 36.701812],
            [-6.147019, 36.701447],
            [-6.146934, 36.70127],
            [-6.146711, 36.700805],
            [-6.14672, 36.700805],
            [-6.145786, 36.69922],
            [-6.14449, 36.700088],
            [-6.144475, 36.700081],
            [-6.141704, 36.701926],
            [-6.141652, 36.701927]
          ]
        ]
      }
    },
    {
      "type": "Feature",
      "properties": {
        "id": "olivar-de-rivero",
        "name": "Olivar de Rivero",
        "cityId": "jerez-de-la-frontera"
      },
      "geometry": {
        "type": "Polygon",
        "coordinates": [
          [
            [-6.113664, 36.686423],
            [-6.112393, 36.686513],
            [-6.110305, 36.686433],
            [-6.109484, 36.686585],
            [-6.109644, 36.687205],
            [-6.110247, 36.689541],
            [-6.1117, 36.688613],
            [-6.113071, 36.68748],
            [-6.114169, 36.687138],
            [-6.115117, 36.686808],
            [-6.113664, 36.686423]
          ]
        ]
      }
    },
    {
      "type": "Feature",
      "properties": {
        "id": "p-e-de-jerez",
        "name": "P.E. de Jerez",
        "cityId": "jerez-de-la-frontera"
      },
      "geometry": {
        "type": "Polygon",
        "coordinates": [
          [
            [-6.123537, 36.706742],
            [-6.121633, 36.706565],
            [-6.119061, 36.706343],
            [-6.11729, 36.706253],
            [-6.116771, 36.70633],
            [-6.116286, 36.706481],
            [-6.116264, 36.706497],
            [-6.11585, 36.706811],
            [-6.114698, 36.707943],
            [-6.114199, 36.708479],
            [-6.113868, 36.708834],
            [-6.112945, 36.709801],
            [-6.113742, 36.710371],
            [-6.114684, 36.711051],
            [-6.116092, 36.712022],
            [-6.116712, 36.712548],
            [-6.116988, 36.712848],
            [-6.117142, 36.712824],
            [-6.117799, 36.712869],
            [-6.118317, 36.712905],
            [-6.11856, 36.712901],
            [-6.119287, 36.71294],
            [-6.119527, 36.712953],
            [-6.119716, 36.712964],
            [-6.120183, 36.713002],
            [-6.120584, 36.713035],
            [-6.121084, 36.713082],
            [-6.121433, 36.713116],
            [-6.121673, 36.713139],
            [-6.121828, 36.713154],
            [-6.122326, 36.713206],
            [-6.122804, 36.713255],
            [-6.123848, 36.713363],
            [-6.123925, 36.713371],
            [-6.12401, 36.713379],
            [-6.124138, 36.713391],
            [-6.124405, 36.713421],
            [-6.125014, 36.713491],
            [-6.125392, 36.713628],
            [-6.126322, 36.714021],
            [-6.126336, 36.714027],
            [-6.126469, 36.714082],
            [-6.126548, 36.714083],
            [-6.126558, 36.714083],
            [-6.126615, 36.714013],
            [-6.126689, 36.713879],
            [-6.126959, 36.713389],
            [-6.127118, 36.713101],
            [-6.127185, 36.712977],
            [-6.127307, 36.712756],
            [-6.128505, 36.709945],
            [-6.12845, 36.708633],
            [-6.128555, 36.707207],
            [-6.12856, 36.707139],
            [-6.128484, 36.707133],
            [-6.125686, 36.706927],
            [-6.124904, 36.70687],
            [-6.123537, 36.706742]
          ]
        ]
      }
    },
    {
      "type": "Feature",
      "properties": {
        "id": "p-e-oeste",
        "name": "P.E. Oeste",
        "cityId": "jerez-de-la-frontera"
      },
      "geometry": {
        "type": "Polygon",
        "coordinates": [
          [
            [-6.149996, 36.675177],
            [-6.14999, 36.675173],
            [-6.149555, 36.675534],
            [-6.149448, 36.675739],
            [-6.149264, 36.676092],
            [-6.149192, 36.676585],
            [-6.149276, 36.677297],
            [-6.149641, 36.678091],
            [-6.150168, 36.678792],
            [-6.150873, 36.679755],
            [-6.151029, 36.679969],
            [-6.151092, 36.680054],
            [-6.151364, 36.680104],
            [-6.151363, 36.68013],
            [-6.160614, 36.681471],
            [-6.160661, 36.681488],
            [-6.160661, 36.681488],
            [-6.161347, 36.681637],
            [-6.161437, 36.681632],
            [-6.162072, 36.681706],
            [-6.162158, 36.681719],
            [-6.162261, 36.681737],
            [-6.162299, 36.681664],
            [-6.162302, 36.681658],
            [-6.162565, 36.681309],
            [-6.162554, 36.681054],
            [-6.162481, 36.680867],
            [-6.162505, 36.680718],
            [-6.162951, 36.680834],
            [-6.163303, 36.680784],
            [-6.163329, 36.680794],
            [-6.164203, 36.680991],
            [-6.164241, 36.680882],
            [-6.164357, 36.680494],
            [-6.16392, 36.680188],
            [-6.163883, 36.680129],
            [-6.163949, 36.679878],
            [-6.163761, 36.679664],
            [-6.163345, 36.679363],
            [-6.162989, 36.67914],
            [-6.162901, 36.679104],
            [-6.162251, 36.678676],
            [-6.1624, 36.679217],
            [-6.162864, 36.680206],
            [-6.162695, 36.68041],
            [-6.162657, 36.680469],
            [-6.162488, 36.680388],
            [-6.162467, 36.680431],
            [-6.162456, 36.680426],
            [-6.162316, 36.68038],
            [-6.162059, 36.680308],
            [-6.161892, 36.680261],
            [-6.161783, 36.680234],
            [-6.16171, 36.680214],
            [-6.161623, 36.680175],
            [-6.16156, 36.680155],
            [-6.161463, 36.680128],
            [-6.161318, 36.680087],
            [-6.161241, 36.68008],
            [-6.160862, 36.679921],
            [-6.160811, 36.679816],
            [-6.158152, 36.678785],
            [-6.157941, 36.678767],
            [-6.15733, 36.678535],
            [-6.156912, 36.678377],
            [-6.151405, 36.676364],
            [-6.15021, 36.675675],
            [-6.150204, 36.675609],
            [-6.150312, 36.675389],
            [-6.150264, 36.675349],
            [-6.150169, 36.67528],
            [-6.150068, 36.675216],
            [-6.149996, 36.675177]
          ]
        ]
      }
    },
    {
      "type": "Feature",
      "properties": {
        "id": "p-i-autopista",
        "name": "P.I. Autopista",
        "cityId": "jerez-de-la-frontera"
      },
      "geometry": {
        "type": "Polygon",
        "coordinates": [
          [
            [-6.106938, 36.698412],
            [-6.107496, 36.6995],
            [-6.11214, 36.703078],
            [-6.11656, 36.699092],
            [-6.119178, 36.696821],
            [-6.119788, 36.696264],
            [-6.118875, 36.696337],
            [-6.11621, 36.6968],
            [-6.106938, 36.698412]
          ]
        ]
      }
    },
    {
      "type": "Feature",
      "properties": {
        "id": "p-i-carretera-de-sanlucar",
        "name": "P.I. Carretera de Sanlúcar",
        "cityId": "jerez-de-la-frontera"
      },
      "geometry": {
        "type": "Polygon",
        "coordinates": [
          [
            [-6.153369, 36.683951],
            [-6.153543, 36.683914],
            [-6.153541, 36.683906],
            [-6.155783, 36.68341],
            [-6.155758, 36.683293],
            [-6.155682, 36.682929],
            [-6.155618, 36.682612],
            [-6.155617, 36.682565],
            [-6.155672, 36.682289],
            [-6.155724, 36.682093],
            [-6.155877, 36.681512],
            [-6.156512, 36.681594],
            [-6.156642, 36.681611],
            [-6.156761, 36.6816],
            [-6.156884, 36.681616],
            [-6.157014, 36.681637],
            [-6.157149, 36.681657],
            [-6.157227, 36.681669],
            [-6.157304, 36.681682],
            [-6.157452, 36.681704],
            [-6.157525, 36.681716],
            [-6.157622, 36.681731],
            [-6.158754, 36.681906],
            [-6.158883, 36.681926],
            [-6.159394, 36.682002],
            [-6.159675, 36.682042],
            [-6.16043, 36.682152],
            [-6.160441, 36.682153],
            [-6.16049, 36.68197],
            [-6.160513, 36.681885],
            [-6.160554, 36.681712],
            [-6.160571, 36.681641],
            [-6.160588, 36.681564],
            [-6.160592, 36.681552],
            [-6.160614, 36.681471],
            [-6.151363, 36.68013],
            [-6.151364, 36.680104],
            [-6.151092, 36.680054],
            [-6.151473, 36.680573],
            [-6.15153, 36.68065],
            [-6.151523, 36.680653],
            [-6.153053, 36.682927],
            [-6.153369, 36.683951]
          ]
        ]
      }
    },
    {
      "type": "Feature",
      "properties": {
        "id": "p-i-el-portal",
        "name": "P.I. El Portal",
        "cityId": "jerez-de-la-frontera"
      },
      "geometry": {
        "type": "Polygon",
        "coordinates": [
          [
            [-6.133759, 36.668634],
            [-6.13298, 36.667552],
            [-6.133828, 36.667529],
            [-6.133669, 36.666931],
            [-6.13393, 36.666934],
            [-6.134081, 36.666917],
            [-6.13411, 36.666597],
            [-6.134053, 36.666325],
            [-6.134165, 36.666048],
            [-6.134195, 36.665433],
            [-6.134247, 36.665258],
            [-6.134294, 36.664806],
            [-6.134328, 36.664723],
            [-6.134331, 36.664454],
            [-6.134334, 36.664427],
            [-6.134333, 36.664319],
            [-6.134342, 36.663552],
            [-6.134332, 36.663446],
            [-6.134849, 36.663397],
            [-6.134709, 36.662033],
            [-6.134277, 36.661729],
            [-6.135128, 36.660069],
            [-6.138315, 36.655195],
            [-6.137578, 36.654115],
            [-6.136462, 36.654185],
            [-6.136283, 36.654],
            [-6.136317, 36.65375],
            [-6.135873, 36.653579],
            [-6.135796, 36.6535],
            [-6.134907, 36.653209],
            [-6.134137, 36.652914],
            [-6.136557, 36.650635],
            [-6.133155, 36.650182],
            [-6.13131, 36.649168],
            [-6.13076, 36.648925],
            [-6.130426, 36.648978],
            [-6.130367, 36.648794],
            [-6.130562, 36.648181],
            [-6.131467, 36.648157],
            [-6.130825, 36.647224],
            [-6.130448, 36.646869],
            [-6.129795, 36.647178],
            [-6.129283, 36.646461],
            [-6.128975, 36.645955],
            [-6.128795, 36.645482],
            [-6.128738, 36.645484],
            [-6.129145, 36.645295],
            [-6.12959, 36.645088],
            [-6.129994, 36.64449],
            [-6.131793, 36.644999],
            [-6.132373, 36.644849],
            [-6.133236, 36.643949],
            [-6.133845, 36.643273],
            [-6.131509, 36.642123],
            [-6.130387, 36.64202],
            [-6.128341, 36.641565],
            [-6.12722, 36.642612],
            [-6.125858, 36.644282],
            [-6.125366, 36.645273],
            [-6.125081, 36.646017],
            [-6.125049, 36.646588],
            [-6.125009, 36.647176],
            [-6.124933, 36.648019],
            [-6.125297, 36.649795],
            [-6.125337, 36.650011],
            [-6.125498, 36.650849],
            [-6.125788, 36.652789],
            [-6.125841, 36.653041],
            [-6.125997, 36.654027],
            [-6.12606, 36.654367],
            [-6.126103, 36.654379],
            [-6.1262, 36.654702],
            [-6.126645, 36.655982],
            [-6.127352, 36.657766],
            [-6.127653, 36.658489],
            [-6.12761, 36.658943],
            [-6.127389, 36.658655],
            [-6.127413, 36.658871],
            [-6.127422, 36.659101],
            [-6.127447, 36.659317],
            [-6.12744, 36.659917],
            [-6.127418, 36.660172],
            [-6.127395, 36.660321],
            [-6.127395, 36.660323],
            [-6.127395, 36.660323],
            [-6.12733, 36.660736],
            [-6.12705, 36.66184],
            [-6.12688, 36.662316],
            [-6.126632, 36.662833],
            [-6.126261, 36.663467],
            [-6.125692, 36.664464],
            [-6.125469, 36.664899],
            [-6.125317, 36.665199],
            [-6.127118, 36.666366],
            [-6.127274, 36.666453],
            [-6.12751, 36.666651],
            [-6.128106, 36.666982],
            [-6.128636, 36.667207],
            [-6.128168, 36.668177],
            [-6.128356, 36.668176],
            [-6.128344, 36.668876],
            [-6.128682, 36.668886],
            [-6.128944, 36.668899],
            [-6.129387, 36.668973],
            [-6.129985, 36.669034],
            [-6.130441, 36.669147],
            [-6.130892, 36.669125],
            [-6.131608, 36.668876],
            [-6.131877, 36.668754],
            [-6.132002, 36.668617],
            [-6.132173, 36.66844],
            [-6.132364, 36.668418],
            [-6.132387, 36.668415],
            [-6.132637, 36.668408],
            [-6.132892, 36.668565],
            [-6.133431, 36.668637],
            [-6.133759, 36.668634]
          ]
        ]
      }
    },
    {
      "type": "Feature",
      "properties": {
        "id": "p-i-guadalquivir",
        "name": "P.I. Guadalquivir",
        "cityId": "jerez-de-la-frontera"
      },
      "geometry": {
        "type": "Polygon",
        "coordinates": [
          [
            [-6.153399, 36.684048],
            [-6.153436, 36.684167],
            [-6.153666, 36.685285],
            [-6.153718, 36.685542],
            [-6.153718, 36.685542],
            [-6.153747, 36.685845],
            [-6.154031, 36.687339],
            [-6.154475, 36.687483],
            [-6.154569, 36.687492],
            [-6.155302, 36.687562],
            [-6.156039, 36.687726],
            [-6.156675, 36.687881],
            [-6.156751, 36.687901],
            [-6.156888, 36.687951],
            [-6.156979, 36.687974],
            [-6.157125, 36.688001],
            [-6.157154, 36.687937],
            [-6.157182, 36.687826],
            [-6.157237, 36.687549],
            [-6.157318, 36.687162],
            [-6.157192, 36.687148],
            [-6.157169, 36.687222],
            [-6.157137, 36.687312],
            [-6.157018, 36.687285],
            [-6.157159, 36.68633],
            [-6.157017, 36.686303],
            [-6.157027, 36.686126],
            [-6.156661, 36.686112],
            [-6.156678, 36.685802],
            [-6.156635, 36.685658],
            [-6.156502, 36.685554],
            [-6.156397, 36.684513],
            [-6.156003, 36.684315],
            [-6.155933, 36.684146],
            [-6.155815, 36.683563],
            [-6.1558, 36.683493],
            [-6.155783, 36.68341],
            [-6.153541, 36.683906],
            [-6.153543, 36.683914],
            [-6.153369, 36.683951],
            [-6.153399, 36.684048]
          ]
        ]
      }
    },
    {
      "type": "Feature",
      "properties": {
        "id": "pago-de-san-jose",
        "name": "Pago de San José",
        "cityId": "jerez-de-la-frontera"
      },
      "geometry": {
        "type": "Polygon",
        "coordinates": [
          [
            [-6.109571, 36.67685],
            [-6.109442, 36.678151],
            [-6.109224, 36.678533],
            [-6.109144, 36.678976],
            [-6.108285, 36.680428],
            [-6.109536, 36.68049],
            [-6.108949, 36.682131],
            [-6.110272, 36.682765],
            [-6.111361, 36.683226],
            [-6.111463, 36.683269],
            [-6.112694, 36.683299],
            [-6.114642, 36.683217],
            [-6.115983, 36.682946],
            [-6.116431, 36.682855],
            [-6.116147, 36.680867],
            [-6.116155, 36.680584],
            [-6.117151, 36.680118],
            [-6.118266, 36.679696],
            [-6.11908, 36.679077],
            [-6.119433, 36.678637],
            [-6.11905, 36.678606],
            [-6.115822, 36.677424],
            [-6.114875, 36.677328],
            [-6.112771, 36.677231],
            [-6.111583, 36.677079],
            [-6.111588, 36.677054],
            [-6.110986, 36.676933],
            [-6.109571, 36.67685]
          ]
        ]
      }
    },
    {
      "type": "Feature",
      "properties": {
        "id": "parque-atlantico",
        "name": "Parque Atlántico",
        "cityId": "jerez-de-la-frontera"
      },
      "geometry": {
        "type": "Polygon",
        "coordinates": [
          [
            [-6.123914, 36.676645],
            [-6.122732, 36.67703],
            [-6.122709, 36.677007],
            [-6.12242, 36.677049],
            [-6.121487, 36.676992],
            [-6.120729, 36.677205],
            [-6.119989, 36.677872],
            [-6.119515, 36.678643],
            [-6.11947, 36.678716],
            [-6.120746, 36.679179],
            [-6.120853, 36.679309],
            [-6.121213, 36.678914],
            [-6.121998, 36.678417],
            [-6.122875, 36.67804],
            [-6.124434, 36.677432],
            [-6.123914, 36.676645]
          ]
        ]
      }
    },
    {
      "type": "Feature",
      "properties": {
        "id": "picaduenas-alta",
        "name": "Picadueñas Alta",
        "cityId": "jerez-de-la-frontera"
      },
      "geometry": {
        "type": "Polygon",
        "coordinates": [
          [
            [-6.149096, 36.688392],
            [-6.149123, 36.688453],
            [-6.149561, 36.688783],
            [-6.14994, 36.688811],
            [-6.151097, 36.688287],
            [-6.151088, 36.688059],
            [-6.152595, 36.688019],
            [-6.152569, 36.687375],
            [-6.154569, 36.687492],
            [-6.154475, 36.687483],
            [-6.154031, 36.687339],
            [-6.153747, 36.685845],
            [-6.153718, 36.685542],
            [-6.153718, 36.685542],
            [-6.153666, 36.685285],
            [-6.153436, 36.684167],
            [-6.153399, 36.684048],
            [-6.152477, 36.68412],
            [-6.150534, 36.684311],
            [-6.148516, 36.684783],
            [-6.147794, 36.685151],
            [-6.147061, 36.685812],
            [-6.148093, 36.686316],
            [-6.148347, 36.686765],
            [-6.149096, 36.688392]
          ]
        ]
      }
    },
    {
      "type": "Feature",
      "properties": {
        "id": "picaduenas-baja",
        "name": "Picadueñas Baja",
        "cityId": "jerez-de-la-frontera"
      },
      "geometry": {
        "type": "Polygon",
        "coordinates": [
          [
            [-6.147034, 36.685798],
            [-6.147061, 36.685812],
            [-6.147794, 36.685151],
            [-6.148516, 36.684783],
            [-6.150534, 36.684311],
            [-6.152477, 36.68412],
            [-6.153399, 36.684048],
            [-6.153369, 36.683951],
            [-6.153053, 36.682927],
            [-6.151523, 36.680653],
            [-6.15153, 36.68065],
            [-6.151473, 36.680573],
            [-6.151092, 36.680054],
            [-6.151029, 36.679969],
            [-6.150327, 36.679832],
            [-6.149003, 36.679574],
            [-6.148327, 36.679442],
            [-6.147775, 36.679241],
            [-6.146318, 36.67865],
            [-6.145445, 36.678298],
            [-6.144888, 36.67807],
            [-6.144616, 36.677951],
            [-6.144608, 36.677825],
            [-6.144365, 36.67784],
            [-6.144368, 36.677911],
            [-6.144178, 36.678046],
            [-6.144372, 36.678287],
            [-6.145826, 36.682646],
            [-6.145929, 36.682955],
            [-6.146123, 36.683102],
            [-6.1465, 36.683092],
            [-6.146537, 36.684002],
            [-6.146959, 36.685093],
            [-6.146987, 36.685775],
            [-6.147034, 36.685798]
          ]
        ]
      }
    },
    {
      "type": "Feature",
      "properties": {
        "id": "plaza-del-caballo-torres-de-cordoba",
        "name": "Plaza del Caballo-Torres de Córdoba",
        "cityId": "jerez-de-la-frontera"
      },
      "geometry": {
        "type": "Polygon",
        "coordinates": [
          [
            [-6.12502, 36.691497],
            [-6.124504, 36.691996],
            [-6.123638, 36.692771],
            [-6.128641, 36.695673],
            [-6.131975, 36.692876],
            [-6.131988, 36.69289],
            [-6.132859, 36.69229],
            [-6.13163, 36.691254],
            [-6.130437, 36.691116],
            [-6.130317, 36.691115],
            [-6.127711, 36.691075],
            [-6.126656, 36.690878],
            [-6.126393, 36.691279],
            [-6.125631, 36.690908],
            [-6.12502, 36.691497]
          ]
        ]
      }
    },
    {
      "type": "Feature",
      "properties": {
        "id": "puente-de-cadiz",
        "name": "Puente de Cádiz",
        "cityId": "jerez-de-la-frontera"
      },
      "geometry": {
        "type": "Polygon",
        "coordinates": [
          [
            [-6.121358, 36.670809],
            [-6.121332, 36.670824],
            [-6.121335, 36.670895],
            [-6.121338, 36.67099],
            [-6.11917, 36.671682],
            [-6.118462, 36.671148],
            [-6.116863, 36.671565],
            [-6.116696, 36.671609],
            [-6.117969, 36.672543],
            [-6.118728, 36.673491],
            [-6.118698, 36.673494],
            [-6.120857, 36.675213],
            [-6.122709, 36.677007],
            [-6.122732, 36.67703],
            [-6.123914, 36.676645],
            [-6.123524, 36.676054],
            [-6.123725, 36.674657],
            [-6.124247, 36.674134],
            [-6.124258, 36.674123],
            [-6.123816, 36.673719],
            [-6.123813, 36.673713],
            [-6.123563, 36.673207],
            [-6.123141, 36.673136],
            [-6.123066, 36.67237],
            [-6.122892, 36.671694],
            [-6.122495, 36.671114],
            [-6.122253, 36.670793],
            [-6.122232, 36.67076],
            [-6.121533, 36.670708],
            [-6.121358, 36.670809]
          ]
        ]
      }
    },
    {
      "type": "Feature",
      "properties": {
        "id": "puerta-de-arcos",
        "name": "Puerta de Arcos",
        "cityId": "jerez-de-la-frontera"
      },
      "geometry": {
        "type": "Polygon",
        "coordinates": [
          [
            [-6.102718, 36.691325],
            [-6.102703, 36.691344],
            [-6.100779, 36.690423],
            [-6.100588, 36.689505],
            [-6.099656, 36.688975],
            [-6.099644, 36.68868],
            [-6.0981, 36.68891],
            [-6.098117, 36.68934],
            [-6.098643, 36.690308],
            [-6.099658, 36.691303],
            [-6.10081, 36.692058],
            [-6.102101, 36.692652],
            [-6.102802, 36.693105],
            [-6.103338, 36.693274],
            [-6.105787, 36.691982],
            [-6.104831, 36.69171],
            [-6.104408, 36.691623],
            [-6.103823, 36.691399],
            [-6.103055, 36.691419],
            [-6.102718, 36.691325]
          ]
        ]
      }
    },
    {
      "type": "Feature",
      "properties": {
        "id": "puerta-del-sol",
        "name": "Puerta del Sol",
        "cityId": "jerez-de-la-frontera"
      },
      "geometry": {
        "type": "Polygon",
        "coordinates": [
          [
            [-6.128654, 36.680723],
            [-6.130826, 36.677923],
            [-6.130617, 36.677731],
            [-6.130584, 36.677777],
            [-6.129903, 36.677263],
            [-6.128215, 36.67632],
            [-6.127141, 36.675399],
            [-6.126644, 36.675944],
            [-6.126264, 36.675878],
            [-6.126018, 36.675619],
            [-6.126003, 36.675239],
            [-6.126125, 36.67478],
            [-6.124878, 36.674243],
            [-6.124247, 36.674134],
            [-6.123725, 36.674657],
            [-6.123524, 36.676054],
            [-6.123914, 36.676645],
            [-6.124434, 36.677432],
            [-6.125763, 36.679444],
            [-6.126286, 36.680332],
            [-6.126522, 36.680732],
            [-6.126534, 36.680752],
            [-6.12863, 36.680753],
            [-6.128654, 36.680723]
          ]
        ]
      }
    },
    {
      "type": "Feature",
      "properties": {
        "id": "puertas-de-sevilla",
        "name": "Puertas de Sevilla",
        "cityId": "jerez-de-la-frontera"
      },
      "geometry": {
        "type": "Polygon",
        "coordinates": [
          [
            [-6.134014, 36.689518],
            [-6.135535, 36.690558],
            [-6.136941, 36.689192],
            [-6.137047, 36.688316],
            [-6.136038, 36.687849],
            [-6.135891, 36.687996],
            [-6.13495, 36.688941],
            [-6.134014, 36.689518]
          ]
        ]
      }
    },
    {
      "type": "Feature",
      "properties": {
        "id": "puertas-del-sur",
        "name": "Puertas del Sur",
        "cityId": "jerez-de-la-frontera"
      },
      "geometry": {
        "type": "Polygon",
        "coordinates": [
          [
            [-6.154367, 36.669712],
            [-6.1541, 36.669655],
            [-6.15411, 36.669542],
            [-6.154278, 36.668925],
            [-6.154506, 36.668238],
            [-6.15463, 36.667855],
            [-6.154659, 36.667764],
            [-6.154679, 36.667703],
            [-6.154695, 36.667642],
            [-6.154957, 36.666803],
            [-6.15501, 36.666699],
            [-6.155053, 36.666572],
            [-6.155108, 36.666449],
            [-6.155188, 36.666307],
            [-6.155324, 36.666123],
            [-6.155423, 36.666003],
            [-6.155513, 36.665949],
            [-6.155459, 36.665899],
            [-6.155441, 36.665855],
            [-6.155444, 36.665805],
            [-6.155469, 36.665753],
            [-6.155515, 36.665715],
            [-6.15557, 36.665693],
            [-6.155643, 36.665689],
            [-6.155718, 36.66571],
            [-6.155808, 36.66559],
            [-6.155861, 36.665546],
            [-6.157237, 36.664347],
            [-6.157488, 36.66413],
            [-6.157544, 36.664073],
            [-6.157559, 36.664011],
            [-6.157974, 36.663677],
            [-6.157305, 36.663479],
            [-6.156659, 36.66311],
            [-6.15668, 36.663018],
            [-6.156843, 36.662668],
            [-6.15687, 36.661487],
            [-6.157698, 36.660743],
            [-6.156029, 36.659435],
            [-6.155774, 36.65937],
            [-6.155495, 36.659347],
            [-6.155306, 36.659362],
            [-6.155202, 36.659274],
            [-6.154985, 36.659228],
            [-6.153893, 36.659369],
            [-6.15449, 36.660075],
            [-6.153589, 36.660893],
            [-6.149807, 36.658181],
            [-6.149795, 36.658202],
            [-6.149584, 36.658575],
            [-6.149548, 36.658634],
            [-6.149483, 36.65874],
            [-6.149382, 36.658905],
            [-6.149081, 36.659287],
            [-6.148835, 36.659584],
            [-6.148755, 36.659705],
            [-6.148689, 36.659826],
            [-6.148493, 36.660217],
            [-6.148476, 36.660278],
            [-6.148209, 36.660778],
            [-6.148173, 36.660854],
            [-6.148096, 36.661018],
            [-6.147976, 36.661343],
            [-6.147892, 36.661573],
            [-6.147838, 36.661721],
            [-6.147775, 36.661894],
            [-6.147339, 36.663088],
            [-6.147269, 36.663286],
            [-6.147226, 36.663388],
            [-6.14716, 36.663492],
            [-6.147089, 36.663581],
            [-6.146998, 36.663676],
            [-6.146497, 36.664237],
            [-6.1461, 36.664638],
            [-6.145949, 36.66478],
            [-6.145776, 36.664738],
            [-6.14551, 36.664849],
            [-6.145224, 36.664833],
            [-6.144639, 36.664803],
            [-6.144129, 36.664874],
            [-6.143507, 36.665005],
            [-6.142764, 36.665288],
            [-6.142291, 36.665565],
            [-6.141876, 36.665886],
            [-6.141478, 36.666252],
            [-6.141282, 36.666682],
            [-6.141139, 36.66703],
            [-6.139926, 36.666993],
            [-6.139575, 36.666999],
            [-6.139316, 36.667063],
            [-6.139165, 36.667173],
            [-6.139046, 36.667451],
            [-6.139154, 36.66883],
            [-6.13916, 36.66883],
            [-6.139087, 36.67011],
            [-6.139272, 36.670865],
            [-6.13974, 36.671612],
            [-6.140011, 36.671782],
            [-6.142019, 36.671791],
            [-6.142022, 36.67178],
            [-6.142058, 36.671782],
            [-6.143864, 36.671883],
            [-6.144145, 36.672426],
            [-6.143757, 36.675035],
            [-6.143414, 36.676449],
            [-6.143149, 36.676762],
            [-6.143747, 36.677112],
            [-6.144089, 36.677406],
            [-6.144364, 36.677797],
            [-6.144365, 36.67784],
            [-6.144608, 36.677825],
            [-6.144616, 36.677951],
            [-6.144888, 36.67807],
            [-6.145445, 36.678298],
            [-6.146318, 36.67865],
            [-6.147775, 36.679241],
            [-6.148327, 36.679442],
            [-6.149003, 36.679574],
            [-6.150327, 36.679832],
            [-6.151029, 36.679969],
            [-6.150873, 36.679755],
            [-6.150168, 36.678792],
            [-6.149641, 36.678091],
            [-6.149276, 36.677297],
            [-6.149192, 36.676585],
            [-6.149264, 36.676092],
            [-6.149448, 36.675739],
            [-6.149555, 36.675534],
            [-6.14999, 36.675173],
            [-6.149996, 36.675177],
            [-6.150285, 36.674861],
            [-6.151613, 36.674088],
            [-6.152678, 36.67337],
            [-6.153349, 36.672447],
            [-6.154367, 36.669712]
          ]
        ]
      }
    },
    {
      "type": "Feature",
      "properties": {
        "id": "rancho-villegas-bodegas-croft",
        "name": "Rancho Villegas-Bodegas Croft",
        "cityId": "jerez-de-la-frontera"
      },
      "geometry": {
        "type": "Polygon",
        "coordinates": [
          [
            [-6.138443, 36.705938],
            [-6.137886, 36.706334],
            [-6.137388, 36.70651],
            [-6.129807, 36.707246],
            [-6.128555, 36.707207],
            [-6.12845, 36.708633],
            [-6.128505, 36.709945],
            [-6.127307, 36.712756],
            [-6.128422, 36.713082],
            [-6.12902, 36.713257],
            [-6.129637, 36.713437],
            [-6.129682, 36.71345],
            [-6.129732, 36.713465],
            [-6.129837, 36.713493],
            [-6.130549, 36.713703],
            [-6.130692, 36.713745],
            [-6.132043, 36.714144],
            [-6.133067, 36.714448],
            [-6.133142, 36.714471],
            [-6.133082, 36.713675],
            [-6.133048, 36.713263],
            [-6.133003, 36.712719],
            [-6.13297, 36.712307],
            [-6.132981, 36.711632],
            [-6.132988, 36.711191],
            [-6.132995, 36.710723],
            [-6.133001, 36.710205],
            [-6.133002, 36.710055],
            [-6.133004, 36.709855],
            [-6.133006, 36.709779],
            [-6.133008, 36.709624],
            [-6.133061, 36.70962],
            [-6.133966, 36.709605],
            [-6.134427, 36.709598],
            [-6.135018, 36.709588],
            [-6.135473, 36.709581],
            [-6.13563, 36.70957],
            [-6.135773, 36.70956],
            [-6.136206, 36.709532],
            [-6.137103, 36.709507],
            [-6.137503, 36.709496],
            [-6.13786, 36.709486],
            [-6.138541, 36.709468],
            [-6.138704, 36.709462],
            [-6.138767, 36.709469],
            [-6.138782, 36.70943],
            [-6.138779, 36.709379],
            [-6.138765, 36.709195],
            [-6.13876, 36.709127],
            [-6.138747, 36.708958],
            [-6.138738, 36.708836],
            [-6.138728, 36.708704],
            [-6.138708, 36.70835],
            [-6.139036, 36.708313],
            [-6.139737, 36.70882],
            [-6.140036, 36.708736],
            [-6.140589, 36.708582],
            [-6.140681, 36.708207],
            [-6.140734, 36.707989],
            [-6.140783, 36.707784],
            [-6.140467, 36.707095],
            [-6.139872, 36.706872],
            [-6.139603, 36.706772],
            [-6.139118, 36.706587],
            [-6.139123, 36.706582],
            [-6.138966, 36.706582],
            [-6.138741, 36.706507],
            [-6.138571, 36.7063],
            [-6.138417, 36.705979],
            [-6.138443, 36.705938]
          ]
        ]
      }
    },
    {
      "type": "Feature",
      "properties": {
        "id": "recreo-de-las-cadenas",
        "name": "Recreo de las Cadenas",
        "cityId": "jerez-de-la-frontera"
      },
      "geometry": {
        "type": "Polygon",
        "coordinates": [
          [
            [-6.137488, 36.692032],
            [-6.136252, 36.693435],
            [-6.137409, 36.694009],
            [-6.139585, 36.694406],
            [-6.140422, 36.695636],
            [-6.141746, 36.695073],
            [-6.139944, 36.692679],
            [-6.139435, 36.692004],
            [-6.138602, 36.690634],
            [-6.138346, 36.691282],
            [-6.137529, 36.692063],
            [-6.137488, 36.692032]
          ]
        ]
      }
    },
    {
      "type": "Feature",
      "properties": {
        "id": "residencial-la-cartuja",
        "name": "Residencial La Cartuja",
        "cityId": "jerez-de-la-frontera"
      },
      "geometry": {
        "type": "Polygon",
        "coordinates": [
          [
            [-6.123066, 36.67237],
            [-6.123141, 36.673136],
            [-6.123563, 36.673207],
            [-6.123813, 36.673713],
            [-6.125077, 36.673296],
            [-6.125832, 36.672764],
            [-6.125872, 36.672786],
            [-6.126726, 36.671556],
            [-6.126677, 36.671496],
            [-6.12556, 36.670107],
            [-6.124326, 36.670462],
            [-6.123767, 36.670679],
            [-6.123735, 36.670753],
            [-6.123629, 36.671303],
            [-6.123066, 36.67237]
          ]
        ]
      }
    },
    {
      "type": "Feature",
      "properties": {
        "id": "san-benito",
        "name": "San Benito",
        "cityId": "jerez-de-la-frontera"
      },
      "geometry": {
        "type": "Polygon",
        "coordinates": [
          [
            [-6.144781, 36.697515],
            [-6.144531, 36.697091],
            [-6.144492, 36.697024],
            [-6.144165, 36.696919],
            [-6.144035, 36.696908],
            [-6.143719, 36.696882],
            [-6.139456, 36.698783],
            [-6.137607, 36.697433],
            [-6.137521, 36.697371],
            [-6.136247, 36.698215],
            [-6.136244, 36.698217],
            [-6.134909, 36.701419],
            [-6.134901, 36.701439],
            [-6.137062, 36.701951],
            [-6.138377, 36.70203],
            [-6.141652, 36.701927],
            [-6.141704, 36.701926],
            [-6.144475, 36.700081],
            [-6.14449, 36.700088],
            [-6.145786, 36.69922],
            [-6.145784, 36.699217],
            [-6.144781, 36.697515]
          ]
        ]
      }
    },
    {
      "type": "Feature",
      "properties": {
        "id": "san-gines-de-la-jara",
        "name": "San Ginés de la Jara",
        "cityId": "jerez-de-la-frontera"
      },
      "geometry": {
        "type": "Polygon",
        "coordinates": [
          [
            [-6.133582, 36.696194],
            [-6.133578, 36.69619],
            [-6.132075, 36.697953],
            [-6.13111, 36.700408],
            [-6.1346, 36.701368],
            [-6.134614, 36.701332],
            [-6.134909, 36.701419],
            [-6.136244, 36.698217],
            [-6.136247, 36.698215],
            [-6.133582, 36.696194]
          ]
        ]
      }
    },
    {
      "type": "Feature",
      "properties": {
        "id": "san-jeronimo-las-flores",
        "name": "San Jerónimo-Las Flores",
        "cityId": "jerez-de-la-frontera"
      },
      "geometry": {
        "type": "Polygon",
        "coordinates": [
          [
            [-6.109752, 36.705186],
            [-6.106285, 36.708243],
            [-6.100468, 36.713433],
            [-6.09408, 36.719057],
            [-6.094135, 36.719084],
            [-6.09447, 36.719451],
            [-6.094891, 36.719829],
            [-6.09617, 36.72112],
            [-6.097561, 36.722456],
            [-6.09811, 36.723171],
            [-6.09876, 36.7228],
            [-6.099171, 36.722467],
            [-6.099865, 36.722007],
            [-6.101358, 36.720932],
            [-6.102719, 36.719962],
            [-6.102761, 36.719921],
            [-6.10294, 36.719743],
            [-6.103111, 36.719573],
            [-6.103182, 36.7195],
            [-6.103268, 36.719413],
            [-6.103451, 36.719222],
            [-6.103623, 36.719043],
            [-6.103774, 36.718892],
            [-6.10388, 36.718786],
            [-6.104277, 36.71837],
            [-6.10437, 36.718273],
            [-6.104422, 36.718217],
            [-6.10467, 36.717963],
            [-6.104951, 36.717669],
            [-6.105048, 36.71757],
            [-6.105438, 36.717161],
            [-6.105736, 36.716865],
            [-6.106119, 36.716483],
            [-6.106195, 36.716407],
            [-6.110455, 36.712179],
            [-6.111681, 36.712954],
            [-6.111319, 36.713349],
            [-6.111142, 36.713334],
            [-6.1092, 36.715233],
            [-6.109952, 36.715741],
            [-6.109291, 36.716413],
            [-6.109465, 36.716448],
            [-6.109791, 36.716424],
            [-6.11125, 36.71625],
            [-6.113418, 36.715962],
            [-6.113705, 36.715723],
            [-6.114324, 36.715101],
            [-6.11559, 36.713824],
            [-6.116433, 36.713116],
            [-6.116879, 36.712865],
            [-6.116988, 36.712848],
            [-6.116712, 36.712548],
            [-6.116092, 36.712022],
            [-6.114684, 36.711051],
            [-6.113742, 36.710371],
            [-6.112945, 36.709801],
            [-6.113868, 36.708834],
            [-6.114199, 36.708479],
            [-6.114698, 36.707943],
            [-6.11585, 36.706811],
            [-6.116264, 36.706497],
            [-6.11343, 36.704241],
            [-6.113333, 36.704281],
            [-6.112802, 36.704659],
            [-6.111911, 36.70495],
            [-6.110944, 36.705148],
            [-6.110354, 36.70524],
            [-6.109752, 36.705186]
          ]
        ]
      }
    },
    {
      "type": "Feature",
      "properties": {
        "id": "san-joaquin",
        "name": "San Joaquín",
        "cityId": "jerez-de-la-frontera"
      },
      "geometry": {
        "type": "Polygon",
        "coordinates": [
          [
            [-6.127539, 36.704235],
            [-6.129321, 36.704842],
            [-6.12971, 36.703779],
            [-6.129743, 36.703688],
            [-6.129747, 36.703688],
            [-6.130251, 36.702448],
            [-6.127726, 36.701513],
            [-6.126677, 36.702628],
            [-6.125552, 36.703471],
            [-6.125578, 36.703472],
            [-6.127552, 36.703548],
            [-6.127506, 36.704224],
            [-6.127539, 36.704235]
          ]
        ]
      }
    },
    {
      "type": "Feature",
      "properties": {
        "id": "san-jose-obrero",
        "name": "San José Obrero",
        "cityId": "jerez-de-la-frontera"
      },
      "geometry": {
        "type": "Polygon",
        "coordinates": [
          [
            [-6.106926, 36.698387],
            [-6.09762, 36.700031],
            [-6.09709, 36.700124],
            [-6.096554, 36.700877],
            [-6.095713, 36.702367],
            [-6.09417, 36.704929],
            [-6.092373, 36.70698],
            [-6.093139, 36.707235],
            [-6.094704, 36.70853],
            [-6.098039, 36.707716],
            [-6.100967, 36.70711],
            [-6.10303, 36.70682],
            [-6.104752, 36.706443],
            [-6.10662, 36.705609],
            [-6.108598, 36.705086],
            [-6.109763, 36.705176],
            [-6.112004, 36.7032],
            [-6.11214, 36.703078],
            [-6.107496, 36.6995],
            [-6.106938, 36.698412],
            [-6.106926, 36.698387]
          ]
        ]
      }
    },
    {
      "type": "Feature",
      "properties": {
        "id": "san-miguel",
        "name": "San Miguel",
        "cityId": "jerez-de-la-frontera"
      },
      "geometry": {
        "type": "Polygon",
        "coordinates": [
          [
            [-6.136757, 36.682417],
            [-6.136759, 36.6824],
            [-6.137935, 36.681153],
            [-6.138321, 36.681371],
            [-6.139127, 36.680325],
            [-6.139766, 36.679814],
            [-6.140804, 36.679825],
            [-6.142944, 36.678684],
            [-6.142021, 36.678463],
            [-6.140178, 36.67836],
            [-6.139722, 36.67836],
            [-6.138764, 36.678359],
            [-6.137953, 36.678115],
            [-6.137243, 36.678058],
            [-6.137143, 36.677908],
            [-6.136035, 36.67733],
            [-6.134025, 36.676585],
            [-6.133639, 36.676524],
            [-6.133408, 36.676488],
            [-6.132888, 36.676463],
            [-6.131164, 36.676964],
            [-6.130617, 36.677731],
            [-6.130826, 36.677923],
            [-6.128654, 36.680723],
            [-6.129384, 36.680733],
            [-6.131058, 36.681334],
            [-6.132399, 36.681831],
            [-6.133654, 36.682557],
            [-6.134322, 36.68159],
            [-6.13543, 36.682169],
            [-6.136757, 36.682417]
          ]
        ]
      }
    },
    {
      "type": "Feature",
      "properties": {
        "id": "san-pedro",
        "name": "San Pedro",
        "cityId": "jerez-de-la-frontera"
      },
      "geometry": {
        "type": "Polygon",
        "coordinates": [
          [
            [-6.135891, 36.687996],
            [-6.137312, 36.686117],
            [-6.13636, 36.685334],
            [-6.136757, 36.682417],
            [-6.13543, 36.682169],
            [-6.134322, 36.68159],
            [-6.133654, 36.682557],
            [-6.132399, 36.681831],
            [-6.131058, 36.681334],
            [-6.129384, 36.680733],
            [-6.128654, 36.680723],
            [-6.12863, 36.680753],
            [-6.126534, 36.680752],
            [-6.127162, 36.681818],
            [-6.12773, 36.683102],
            [-6.127959, 36.684429],
            [-6.127966, 36.684467],
            [-6.128036, 36.685576],
            [-6.128004, 36.685852],
            [-6.131816, 36.686061],
            [-6.132632, 36.68642],
            [-6.133153, 36.686482],
            [-6.132434, 36.688514],
            [-6.133288, 36.688643],
            [-6.133308, 36.688668],
            [-6.133984, 36.689536],
            [-6.134014, 36.689518],
            [-6.13495, 36.688941],
            [-6.135891, 36.687996]
          ]
        ]
      }
    },
    {
      "type": "Feature",
      "properties": {
        "id": "san-telmo-nuevo",
        "name": "San Telmo Nuevo",
        "cityId": "jerez-de-la-frontera"
      },
      "geometry": {
        "type": "Polygon",
        "coordinates": [
          [
            [-6.125872, 36.672786],
            [-6.127903, 36.673931],
            [-6.129721, 36.671648],
            [-6.129668, 36.671625],
            [-6.127218, 36.670545],
            [-6.127203, 36.670538],
            [-6.126677, 36.671496],
            [-6.126726, 36.671556],
            [-6.125872, 36.672786]
          ]
        ]
      }
    },
    {
      "type": "Feature",
      "properties": {
        "id": "san-telmo-viejo",
        "name": "San Telmo Viejo",
        "cityId": "jerez-de-la-frontera"
      },
      "geometry": {
        "type": "Polygon",
        "coordinates": [
          [
            [-6.130189, 36.671021],
            [-6.130166, 36.67101],
            [-6.129668, 36.671625],
            [-6.129721, 36.671648],
            [-6.127903, 36.673931],
            [-6.128436, 36.674232],
            [-6.130268, 36.675266],
            [-6.131365, 36.675597],
            [-6.131797, 36.675655],
            [-6.132076, 36.675692],
            [-6.133125, 36.675418],
            [-6.13341, 36.675411],
            [-6.132866, 36.674602],
            [-6.13281, 36.673756],
            [-6.131771, 36.673768],
            [-6.131739, 36.67147],
            [-6.131739, 36.671462],
            [-6.130935, 36.671388],
            [-6.130189, 36.671021]
          ]
        ]
      }
    },
    {
      "type": "Feature",
      "properties": {
        "id": "san-valentin-san-juan-de-dios",
        "name": "San Valentín-San Juan de Dios",
        "cityId": "jerez-de-la-frontera"
      },
      "geometry": {
        "type": "Polygon",
        "coordinates": [
          [
            [-6.147929, 36.690818],
            [-6.148447, 36.691252],
            [-6.149126, 36.692117],
            [-6.150044, 36.693013],
            [-6.150359, 36.693734],
            [-6.151414, 36.694439],
            [-6.151437, 36.694454],
            [-6.15325, 36.694521],
            [-6.154059, 36.694844],
            [-6.153932, 36.69493],
            [-6.15403, 36.694969],
            [-6.154156, 36.695019],
            [-6.154637, 36.695211],
            [-6.154975, 36.695346],
            [-6.155097, 36.695395],
            [-6.155195, 36.695433],
            [-6.155647, 36.695614],
            [-6.155753, 36.695657],
            [-6.155825, 36.695686],
            [-6.156439, 36.695931],
            [-6.156651, 36.696017],
            [-6.156752, 36.696058],
            [-6.156878, 36.69611],
            [-6.157132, 36.696213],
            [-6.157222, 36.69625],
            [-6.157673, 36.696439],
            [-6.157771, 36.696483],
            [-6.158333, 36.696735],
            [-6.158648, 36.696892],
            [-6.158702, 36.696919],
            [-6.158776, 36.696955],
            [-6.15892, 36.697024],
            [-6.158982, 36.697055],
            [-6.159027, 36.697076],
            [-6.159074, 36.697099],
            [-6.159141, 36.697131],
            [-6.159216, 36.697167],
            [-6.159779, 36.697537],
            [-6.159741, 36.697582],
            [-6.159702, 36.697624],
            [-6.159627, 36.697705],
            [-6.159557, 36.697779],
            [-6.159447, 36.697864],
            [-6.163033, 36.699949],
            [-6.163311, 36.69963],
            [-6.164046, 36.695532],
            [-6.163749, 36.694579],
            [-6.163376, 36.693368],
            [-6.163279, 36.691006],
            [-6.162795, 36.690214],
            [-6.161177, 36.689295],
            [-6.156572, 36.688091],
            [-6.156675, 36.687881],
            [-6.156039, 36.687726],
            [-6.155302, 36.687562],
            [-6.154569, 36.687492],
            [-6.152569, 36.687375],
            [-6.152595, 36.688019],
            [-6.151088, 36.688059],
            [-6.151097, 36.688287],
            [-6.14994, 36.688811],
            [-6.149561, 36.688783],
            [-6.149123, 36.688453],
            [-6.149096, 36.688392],
            [-6.147318, 36.690438],
            [-6.147824, 36.69073],
            [-6.147946, 36.690801],
            [-6.147929, 36.690818]
          ]
        ]
      }
    },
    {
      "type": "Feature",
      "properties": {
        "id": "santa-ines",
        "name": "Santa Inés",
        "cityId": "jerez-de-la-frontera"
      },
      "geometry": {
        "type": "Polygon",
        "coordinates": [
          [
            [-6.118998, 36.661888],
            [-6.118382, 36.662349],
            [-6.118057, 36.662446],
            [-6.118202, 36.662641],
            [-6.117171, 36.663573],
            [-6.117087, 36.663581],
            [-6.11777, 36.663985],
            [-6.118251, 36.664269],
            [-6.119726, 36.663146],
            [-6.119187, 36.661987],
            [-6.119108, 36.661999],
            [-6.119047, 36.661851],
            [-6.118998, 36.661888]
          ]
        ]
      }
    },
    {
      "type": "Feature",
      "properties": {
        "id": "santiago",
        "name": "Santiago",
        "cityId": "jerez-de-la-frontera"
      },
      "geometry": {
        "type": "Polygon",
        "coordinates": [
          [
            [-6.139438, 36.689489],
            [-6.140999, 36.690415],
            [-6.141552, 36.690096],
            [-6.142142, 36.690688],
            [-6.142559, 36.690525],
            [-6.142941, 36.691305],
            [-6.143284, 36.692003],
            [-6.143331, 36.6921],
            [-6.143615, 36.69213],
            [-6.143633, 36.693725],
            [-6.143738, 36.693768],
            [-6.14416, 36.693939],
            [-6.145128, 36.692896],
            [-6.145425, 36.692576],
            [-6.147087, 36.691697],
            [-6.147929, 36.690818],
            [-6.147946, 36.690801],
            [-6.147824, 36.69073],
            [-6.147318, 36.690438],
            [-6.149096, 36.688392],
            [-6.148347, 36.686765],
            [-6.148093, 36.686316],
            [-6.147061, 36.685812],
            [-6.147034, 36.685798],
            [-6.146944, 36.68589],
            [-6.145864, 36.685995],
            [-6.14489, 36.6864],
            [-6.143293, 36.687696],
            [-6.143489, 36.68788],
            [-6.142179, 36.688143],
            [-6.141099, 36.688542],
            [-6.140739, 36.688675],
            [-6.139538, 36.689276],
            [-6.139438, 36.689489]
          ]
        ]
      }
    },
    {
      "type": "Feature",
      "properties": {
        "id": "santo-tomas-de-aquino",
        "name": "Santo Tomás de Aquino",
        "cityId": "jerez-de-la-frontera"
      },
      "geometry": {
        "type": "Polygon",
        "coordinates": [
          [
            [-6.13487, 36.670569],
            [-6.137396, 36.672422],
            [-6.137864, 36.671856],
            [-6.137027, 36.670677],
            [-6.134073, 36.6692],
            [-6.13405, 36.668632],
            [-6.133759, 36.668634],
            [-6.133431, 36.668637],
            [-6.132892, 36.668565],
            [-6.132637, 36.668408],
            [-6.132387, 36.668415],
            [-6.132364, 36.668418],
            [-6.132454, 36.668749],
            [-6.132426, 36.668777],
            [-6.13487, 36.670569]
          ]
        ]
      }
    },
    {
      "type": "Feature",
      "properties": {
        "id": "sementales-parque-jacaranda-palos-blancos",
        "name": "Sementales-Parque Jacaranda-Palos Blancos",
        "cityId": "jerez-de-la-frontera"
      },
      "geometry": {
        "type": "Polygon",
        "coordinates": [
          [
            [-6.109752, 36.705186],
            [-6.110354, 36.70524],
            [-6.110944, 36.705148],
            [-6.111911, 36.70495],
            [-6.112802, 36.704659],
            [-6.113333, 36.704281],
            [-6.11343, 36.704241],
            [-6.114175, 36.703934],
            [-6.115404, 36.703175],
            [-6.116702, 36.702356],
            [-6.117278, 36.701901],
            [-6.117915, 36.701195],
            [-6.118525, 36.700414],
            [-6.119053, 36.69996],
            [-6.121273, 36.698236],
            [-6.121191, 36.698185],
            [-6.123293, 36.696725],
            [-6.122993, 36.696498],
            [-6.121446, 36.696271],
            [-6.119887, 36.696173],
            [-6.119788, 36.696264],
            [-6.119178, 36.696821],
            [-6.11656, 36.699092],
            [-6.11214, 36.703078],
            [-6.112004, 36.7032],
            [-6.109763, 36.705176],
            [-6.109752, 36.705186]
          ]
        ]
      }
    },
    {
      "type": "Feature",
      "properties": {
        "id": "solete-alto",
        "name": "Solete Alto",
        "cityId": "jerez-de-la-frontera"
      },
      "geometry": {
        "type": "MultiPolygon",
        "coordinates": [
          [
            [
              [-6.118998, 36.661888],
              [-6.119047, 36.661851],
              [-6.119108, 36.661999],
              [-6.119187, 36.661987],
              [-6.121586, 36.661682],
              [-6.121516, 36.661642],
              [-6.121622, 36.661626],
              [-6.121285, 36.661424],
              [-6.121719, 36.660712],
              [-6.120342, 36.660061],
              [-6.120483, 36.659658],
              [-6.118939, 36.659303],
              [-6.11905, 36.658938],
              [-6.118449, 36.658849],
              [-6.118381, 36.658825],
              [-6.118221, 36.659147],
              [-6.117901, 36.659681],
              [-6.117248, 36.659155],
              [-6.118029, 36.658659],
              [-6.117696, 36.65808],
              [-6.118148, 36.657797],
              [-6.118051, 36.657471],
              [-6.117356, 36.657309],
              [-6.115981, 36.658001],
              [-6.116511, 36.658649],
              [-6.116862, 36.658961],
              [-6.116206, 36.660016],
              [-6.116142, 36.659999],
              [-6.116131, 36.660027],
              [-6.116012, 36.659995],
              [-6.115686, 36.66072],
              [-6.116158, 36.660884],
              [-6.116098, 36.660989],
              [-6.116082, 36.661002],
              [-6.116089, 36.661005],
              [-6.116005, 36.661153],
              [-6.117279, 36.661495],
              [-6.117579, 36.661487],
              [-6.117606, 36.661496],
              [-6.117737, 36.661402],
              [-6.118355, 36.661068],
              [-6.118587, 36.661438],
              [-6.118865, 36.661415],
              [-6.118916, 36.661539],
              [-6.118998, 36.661888]
            ]
          ],
          [
            [
              [-6.124029, 36.662442],
              [-6.124949, 36.662802],
              [-6.125216, 36.661965],
              [-6.125349, 36.661516],
              [-6.125544, 36.660741],
              [-6.125671, 36.660151],
              [-6.125695, 36.65993],
              [-6.125656, 36.659928],
              [-6.124353, 36.660227],
              [-6.124093, 36.659219],
              [-6.123657, 36.659274],
              [-6.123591, 36.659011],
              [-6.124186, 36.658819],
              [-6.123719, 36.657514],
              [-6.122942, 36.657306],
              [-6.122484, 36.658441],
              [-6.122908, 36.65921],
              [-6.122058, 36.659699],
              [-6.12237, 36.660152],
              [-6.122621, 36.661152],
              [-6.122355, 36.66199],
              [-6.12267, 36.662676],
              [-6.123501, 36.662435],
              [-6.124029, 36.662442]
            ]
          ]
        ]
      }
    },
    {
      "type": "Feature",
      "properties": {
        "id": "torresoto",
        "name": "Torresoto",
        "cityId": "jerez-de-la-frontera"
      },
      "geometry": {
        "type": "Polygon",
        "coordinates": [
          [
            [-6.144178, 36.678046],
            [-6.144368, 36.677911],
            [-6.144365, 36.67784],
            [-6.144364, 36.677797],
            [-6.144089, 36.677406],
            [-6.143747, 36.677112],
            [-6.143149, 36.676762],
            [-6.143095, 36.67673],
            [-6.143065, 36.676735],
            [-6.140839, 36.674984],
            [-6.140176, 36.676322],
            [-6.140229, 36.676351],
            [-6.140224, 36.676363],
            [-6.139623, 36.677657],
            [-6.139414, 36.677738],
            [-6.139711, 36.678091],
            [-6.139722, 36.67836],
            [-6.140178, 36.67836],
            [-6.142021, 36.678463],
            [-6.142944, 36.678684],
            [-6.143021, 36.678703],
            [-6.144161, 36.678025],
            [-6.144178, 36.678046]
          ]
        ]
      }
    },
    {
      "type": "Feature",
      "properties": {
        "id": "villas-del-este",
        "name": "Villas del Este",
        "cityId": "jerez-de-la-frontera"
      },
      "geometry": {
        "type": "Polygon",
        "coordinates": [
          [
            [-6.10558, 36.676345],
            [-6.105535, 36.676367],
            [-6.104365, 36.67689],
            [-6.103529, 36.677206],
            [-6.103253, 36.677333],
            [-6.102203, 36.677816],
            [-6.10148, 36.678187],
            [-6.101395, 36.678245],
            [-6.101953, 36.678723],
            [-6.102482, 36.678772],
            [-6.102999, 36.679026],
            [-6.104385, 36.679996],
            [-6.106454, 36.680979],
            [-6.10894, 36.682156],
            [-6.108949, 36.682131],
            [-6.109536, 36.68049],
            [-6.108285, 36.680428],
            [-6.109144, 36.678976],
            [-6.109224, 36.678533],
            [-6.109442, 36.678151],
            [-6.109571, 36.67685],
            [-6.10931, 36.676835],
            [-6.10735, 36.676572],
            [-6.106824, 36.676616],
            [-6.106451, 36.676717],
            [-6.106036, 36.676718],
            [-6.10558, 36.676345]
          ]
        ]
      }
    },
    {
      "type": "Feature",
      "properties": {
        "id": "yeguada",
        "name": "Yeguada",
        "cityId": "jerez-de-la-frontera"
      },
      "geometry": {
        "type": "Polygon",
        "coordinates": [
          [
            [-6.135234, 36.694296],
            [-6.136194, 36.693407],
            [-6.136252, 36.693435],
            [-6.137488, 36.692032],
            [-6.135535, 36.690559],
            [-6.135535, 36.690558],
            [-6.134014, 36.689518],
            [-6.133984, 36.689536],
            [-6.133308, 36.688668],
            [-6.131873, 36.688957],
            [-6.131421, 36.689588],
            [-6.130146, 36.689928],
            [-6.130147, 36.689939],
            [-6.130317, 36.691115],
            [-6.130437, 36.691116],
            [-6.13163, 36.691254],
            [-6.132859, 36.69229],
            [-6.131988, 36.69289],
            [-6.13425, 36.695413],
            [-6.13522, 36.694278],
            [-6.135234, 36.694296]
          ]
        ]
      }
    }
  ]
}
