{
  "type": "FeatureCollection",
  "name": "granada-neighborhoods",
  "metadata": {
    "schemaVersion": 1,
    "cityId": "granada",
    "cityName": "Granada",
    "representative": false,
    "source": "Barrios urbanos DERA — Instituto de Estadística y Cartografía de Andalucía (Junta de Andalucía), CC BY 4.0"
  },
  "features": [
    {
      "type": "Feature",
      "properties": {
        "id": "albaycin",
        "name": "Albaycín",
        "cityId": "granada"
      },
      "geometry": {
        "type": "Polygon",
        "coordinates": [
          [
            [-3.596183, 37.185234],
            [-3.596339, 37.185074],
            [-3.596645, 37.184966],
            [-3.596942, 37.184932],
            [-3.597382, 37.184938],
            [-3.597751, 37.185009],
            [-3.598316, 37.18526],
            [-3.598551, 37.185202],
            [-3.598611, 37.184972],
            [-3.598436, 37.184859],
            [-3.598066, 37.184713],
            [-3.597757, 37.184461],
            [-3.597394, 37.183856],
            [-3.596909, 37.183367],
            [-3.596488, 37.183198],
            [-3.59616, 37.183166],
            [-3.595947, 37.183315],
            [-3.595926, 37.183266],
            [-3.59576, 37.18307],
            [-3.596168, 37.182855],
            [-3.596136, 37.182716],
            [-3.595727, 37.182743],
            [-3.595113, 37.182787],
            [-3.595286, 37.182606],
            [-3.595613, 37.182563],
            [-3.595561, 37.182449],
            [-3.596194, 37.182257],
            [-3.596727, 37.182287],
            [-3.597076, 37.182441],
            [-3.597403, 37.182431],
            [-3.597916, 37.18247],
            [-3.599548, 37.182545],
            [-3.599641, 37.182455],
            [-3.599373, 37.182098],
            [-3.599372, 37.181922],
            [-3.599112, 37.181556],
            [-3.598998, 37.181043],
            [-3.599048, 37.18047],
            [-3.599046, 37.180161],
            [-3.598951, 37.179765],
            [-3.598392, 37.17874],
            [-3.597948, 37.178243],
            [-3.597798, 37.177847],
            [-3.597619, 37.177659],
            [-3.597576, 37.177613],
            [-3.596764, 37.176986],
            [-3.596454, 37.176442],
            [-3.596447, 37.17643],
            [-3.595479, 37.176963],
            [-3.59431, 37.177762],
            [-3.593212, 37.178091],
            [-3.592607, 37.178267],
            [-3.592618, 37.178284],
            [-3.592507, 37.178386],
            [-3.592164, 37.178423],
            [-3.591881, 37.178377],
            [-3.591597, 37.178277],
            [-3.591351, 37.178284],
            [-3.590994, 37.178393],
            [-3.590712, 37.178502],
            [-3.590458, 37.178497],
            [-3.590034, 37.178488],
            [-3.589081, 37.178653],
            [-3.58902, 37.178445],
            [-3.589019, 37.178266],
            [-3.588988, 37.178135],
            [-3.588726, 37.178005],
            [-3.588473, 37.178],
            [-3.588287, 37.178097],
            [-3.588169, 37.17827],
            [-3.588088, 37.178426],
            [-3.587888, 37.17854],
            [-3.58768, 37.178613],
            [-3.587538, 37.178619],
            [-3.587345, 37.17865],
            [-3.587234, 37.17874],
            [-3.586966, 37.178855],
            [-3.586707, 37.178987],
            [-3.586843, 37.179022],
            [-3.586946, 37.179129],
            [-3.587022, 37.179236],
            [-3.586993, 37.179326],
            [-3.587525, 37.179381],
            [-3.588115, 37.17928],
            [-3.588296, 37.179851],
            [-3.588454, 37.180342],
            [-3.588565, 37.180753],
            [-3.588636, 37.18106],
            [-3.588702, 37.181138],
            [-3.588711, 37.181192],
            [-3.588405, 37.181203],
            [-3.58818, 37.181189],
            [-3.587878, 37.181102],
            [-3.587774, 37.181072],
            [-3.587477, 37.181075],
            [-3.587279, 37.181083],
            [-3.587183, 37.181054],
            [-3.587047, 37.18102],
            [-3.587048, 37.181135],
            [-3.587095, 37.181172],
            [-3.587197, 37.181197],
            [-3.58713, 37.181348],
            [-3.587297, 37.181366],
            [-3.587605, 37.18153],
            [-3.587544, 37.181603],
            [-3.587412, 37.181615],
            [-3.587255, 37.181628],
            [-3.587265, 37.181691],
            [-3.58727, 37.181731],
            [-3.587391, 37.18175],
            [-3.587548, 37.181755],
            [-3.587742, 37.181826],
            [-3.587847, 37.181861],
            [-3.587877, 37.181921],
            [-3.58781, 37.181963],
            [-3.587826, 37.182016],
            [-3.587878, 37.182058],
            [-3.588013, 37.182147],
            [-3.58814, 37.182241],
            [-3.58826, 37.18236],
            [-3.588268, 37.182443],
            [-3.588292, 37.182551],
            [-3.588255, 37.182611],
            [-3.588218, 37.18267],
            [-3.588181, 37.1827],
            [-3.588159, 37.18276],
            [-3.588264, 37.182816],
            [-3.588443, 37.182893],
            [-3.588563, 37.18297],
            [-3.58875, 37.18307],
            [-3.588712, 37.182999],
            [-3.588839, 37.182944],
            [-3.589026, 37.183128],
            [-3.589324, 37.183121],
            [-3.589527, 37.183227],
            [-3.589654, 37.183304],
            [-3.589543, 37.183382],
            [-3.589611, 37.183507],
            [-3.589754, 37.183703],
            [-3.589561, 37.183788],
            [-3.589771, 37.184025],
            [-3.589802, 37.184144],
            [-3.590087, 37.184387],
            [-3.590206, 37.184315],
            [-3.590348, 37.184398],
            [-3.590467, 37.184391],
            [-3.590556, 37.184295],
            [-3.591006, 37.184699],
            [-3.590954, 37.184764],
            [-3.590903, 37.184842],
            [-3.591008, 37.184973],
            [-3.590957, 37.185063],
            [-3.590846, 37.185153],
            [-3.590689, 37.185153],
            [-3.590614, 37.185136],
            [-3.59048, 37.185095],
            [-3.590353, 37.185018],
            [-3.590166, 37.184989],
            [-3.590204, 37.185078],
            [-3.590272, 37.185143],
            [-3.590332, 37.185203],
            [-3.590325, 37.185298],
            [-3.590304, 37.1854],
            [-3.590293, 37.185461],
            [-3.590324, 37.185594],
            [-3.590314, 37.185687],
            [-3.590539, 37.185903],
            [-3.590673, 37.186111],
            [-3.590769, 37.186153],
            [-3.590664, 37.186341],
            [-3.590408, 37.186253],
            [-3.590319, 37.186402],
            [-3.590144, 37.186399],
            [-3.589853, 37.185949],
            [-3.589607, 37.18578],
            [-3.589207, 37.185629],
            [-3.5891, 37.185557],
            [-3.588844, 37.185422],
            [-3.58865, 37.185243],
            [-3.588626, 37.185265],
            [-3.588508, 37.185397],
            [-3.588359, 37.185403],
            [-3.588226, 37.185308],
            [-3.588479, 37.185011],
            [-3.588708, 37.185083],
            [-3.588964, 37.185171],
            [-3.58893, 37.184877],
            [-3.588892, 37.184784],
            [-3.588801, 37.184686],
            [-3.58871, 37.184585],
            [-3.588677, 37.184449],
            [-3.588633, 37.184355],
            [-3.588531, 37.184186],
            [-3.588419, 37.184186],
            [-3.588287, 37.184229],
            [-3.588216, 37.18406],
            [-3.587993, 37.184086],
            [-3.588122, 37.184294],
            [-3.588032, 37.184307],
            [-3.588118, 37.184473],
            [-3.588076, 37.184482],
            [-3.587986, 37.184503],
            [-3.587933, 37.184542],
            [-3.587901, 37.184623],
            [-3.587849, 37.184674],
            [-3.587682, 37.184428],
            [-3.586803, 37.184896],
            [-3.587076, 37.185193],
            [-3.587252, 37.185218],
            [-3.587406, 37.185208],
            [-3.587496, 37.185178],
            [-3.587731, 37.185279],
            [-3.588066, 37.185448],
            [-3.587987, 37.185518],
            [-3.587907, 37.185589],
            [-3.587827, 37.185659],
            [-3.587768, 37.185711],
            [-3.587747, 37.185729],
            [-3.587668, 37.185799],
            [-3.587588, 37.18587],
            [-3.587508, 37.18594],
            [-3.587428, 37.18601],
            [-3.587349, 37.18608],
            [-3.587269, 37.186151],
            [-3.587095, 37.186199],
            [-3.58692, 37.186247],
            [-3.586746, 37.186295],
            [-3.586572, 37.186343],
            [-3.586485, 37.186452],
            [-3.586399, 37.186561],
            [-3.586361, 37.186696],
            [-3.58635, 37.186768],
            [-3.586362, 37.186924],
            [-3.586375, 37.187079],
            [-3.58643, 37.187196],
            [-3.586485, 37.187313],
            [-3.58654, 37.18743],
            [-3.586595, 37.187547],
            [-3.58665, 37.187664],
            [-3.586706, 37.18778],
            [-3.586761, 37.187897],
            [-3.586816, 37.188014],
            [-3.586876, 37.188093],
            [-3.586935, 37.188171],
            [-3.587036, 37.188233],
            [-3.587136, 37.188294],
            [-3.587237, 37.188356],
            [-3.587337, 37.188417],
            [-3.587397, 37.188507],
            [-3.587457, 37.188597],
            [-3.587521, 37.188703],
            [-3.587585, 37.188808],
            [-3.587649, 37.188914],
            [-3.587714, 37.189019],
            [-3.587878, 37.189104],
            [-3.588016, 37.189136],
            [-3.588154, 37.189168],
            [-3.588292, 37.1892],
            [-3.588431, 37.189232],
            [-3.588552, 37.189279],
            [-3.588674, 37.189326],
            [-3.58877, 37.189391],
            [-3.588866, 37.189455],
            [-3.588947, 37.189532],
            [-3.589027, 37.189608],
            [-3.589034, 37.189616],
            [-3.589085, 37.189676],
            [-3.589371, 37.189688],
            [-3.589654, 37.189531],
            [-3.589873, 37.188885],
            [-3.590155, 37.188585],
            [-3.590508, 37.187866],
            [-3.590907, 37.187434],
            [-3.591324, 37.187228],
            [-3.591532, 37.187012],
            [-3.593158, 37.186825],
            [-3.594024, 37.186761],
            [-3.594664, 37.186411],
            [-3.596178, 37.185232],
            [-3.596183, 37.185234]
          ]
        ]
      }
    },
    {
      "type": "Feature",
      "properties": {
        "id": "almanjayar",
        "name": "Almanjáyar",
        "cityId": "granada"
      },
      "geometry": {
        "type": "Polygon",
        "coordinates": [
          [
            [-3.609309, 37.207417],
            [-3.609346, 37.207406],
            [-3.609801, 37.209245],
            [-3.610169, 37.212328],
            [-3.610209, 37.212327],
            [-3.610432, 37.212337],
            [-3.61123, 37.21228],
            [-3.612071, 37.21218],
            [-3.612697, 37.212099],
            [-3.613106, 37.21202],
            [-3.613604, 37.211856],
            [-3.613954, 37.211765],
            [-3.614178, 37.21177],
            [-3.614311, 37.211727],
            [-3.614415, 37.211595],
            [-3.615619, 37.211196],
            [-3.617158, 37.210717],
            [-3.617813, 37.210481],
            [-3.618452, 37.210298],
            [-3.619227, 37.210205],
            [-3.620284, 37.21011],
            [-3.621529, 37.21002],
            [-3.621596, 37.209853],
            [-3.621765, 37.209756],
            [-3.621883, 37.209654],
            [-3.621942, 37.209505],
            [-3.62203, 37.209326],
            [-3.622185, 37.209158],
            [-3.621959, 37.208867],
            [-3.62132, 37.20825],
            [-3.620421, 37.207299],
            [-3.61656, 37.203268],
            [-3.609306, 37.207412],
            [-3.609309, 37.207417]
          ]
        ]
      }
    },
    {
      "type": "Feature",
      "properties": {
        "id": "angustias-chana-encina",
        "name": "Angustias-Chana-Encina",
        "cityId": "granada"
      },
      "geometry": {
        "type": "MultiPolygon",
        "coordinates": [
          [
            [
              [-3.637055, 37.191981],
              [-3.637229, 37.192054],
              [-3.637124, 37.192343],
              [-3.637086, 37.192496],
              [-3.638302, 37.193783],
              [-3.637762, 37.194132],
              [-3.638731, 37.194961],
              [-3.639234, 37.194613],
              [-3.639361, 37.194636],
              [-3.639473, 37.194653],
              [-3.6396, 37.194647],
              [-3.639847, 37.19483],
              [-3.64021, 37.19453],
              [-3.640328, 37.194398],
              [-3.639842, 37.194222],
              [-3.639502, 37.19448],
              [-3.639404, 37.194445],
              [-3.638727, 37.193662],
              [-3.639157, 37.193403],
              [-3.639379, 37.193187],
              [-3.639543, 37.19298],
              [-3.637055, 37.191981]
            ]
          ],
          [
            [
              [-3.632356, 37.196511],
              [-3.632359, 37.1965],
              [-3.632386, 37.196345],
              [-3.632329, 37.196169],
              [-3.632333, 37.195881],
              [-3.6324, 37.195609],
              [-3.632477, 37.194929],
              [-3.632538, 37.194603],
              [-3.632082, 37.194453],
              [-3.632037, 37.194438],
              [-3.632079, 37.19421],
              [-3.632144, 37.193925],
              [-3.632185, 37.193796],
              [-3.632384, 37.193167],
              [-3.632469, 37.192677],
              [-3.632774, 37.191514],
              [-3.632833, 37.191235],
              [-3.632961, 37.190407],
              [-3.63299, 37.190306],
              [-3.633031, 37.190144],
              [-3.628773, 37.18831],
              [-3.623775, 37.186768],
              [-3.614909, 37.184971],
              [-3.614652, 37.189474],
              [-3.618769, 37.19136],
              [-3.62215, 37.192426],
              [-3.62591, 37.194066],
              [-3.630306, 37.195933],
              [-3.631715, 37.196331],
              [-3.632356, 37.196511]
            ]
          ]
        ]
      }
    },
    {
      "type": "Feature",
      "properties": {
        "id": "bobadilla",
        "name": "Bobadilla",
        "cityId": "granada"
      },
      "geometry": {
        "type": "Polygon",
        "coordinates": [
          [
            [-3.639543, 37.19298],
            [-3.639697, 37.192786],
            [-3.639889, 37.192636],
            [-3.640229, 37.192407],
            [-3.640645, 37.192238],
            [-3.641047, 37.192105],
            [-3.641145, 37.192235],
            [-3.641123, 37.192355],
            [-3.641206, 37.192491],
            [-3.641409, 37.192651],
            [-3.641589, 37.192811],
            [-3.641449, 37.192943],
            [-3.641368, 37.193057],
            [-3.64116, 37.193118],
            [-3.641026, 37.19319],
            [-3.640945, 37.19328],
            [-3.640812, 37.193489],
            [-3.642055, 37.194029],
            [-3.64218, 37.19387],
            [-3.642238, 37.19372],
            [-3.642319, 37.193672],
            [-3.642356, 37.193594],
            [-3.642408, 37.19354],
            [-3.642535, 37.193635],
            [-3.642728, 37.193521],
            [-3.642795, 37.193544],
            [-3.642936, 37.193436],
            [-3.64304, 37.1934],
            [-3.643565, 37.193755],
            [-3.64389, 37.193431],
            [-3.643642, 37.193188],
            [-3.643968, 37.192942],
            [-3.644246, 37.192887],
            [-3.644534, 37.19314],
            [-3.644854, 37.193387],
            [-3.645011, 37.193575],
            [-3.645223, 37.193828],
            [-3.645353, 37.194033],
            [-3.645469, 37.194125],
            [-3.64644, 37.193043],
            [-3.646714, 37.192668],
            [-3.646881, 37.192467],
            [-3.647016, 37.192358],
            [-3.64715, 37.192217],
            [-3.647223, 37.192108],
            [-3.647378, 37.191999],
            [-3.647424, 37.191901],
            [-3.647427, 37.191447],
            [-3.646413, 37.191507],
            [-3.645538, 37.191522],
            [-3.645534, 37.191522],
            [-3.644968, 37.191273],
            [-3.644594, 37.190946],
            [-3.644468, 37.190735],
            [-3.644332, 37.190596],
            [-3.644178, 37.190484],
            [-3.643913, 37.190436],
            [-3.643801, 37.190455],
            [-3.643739, 37.19045],
            [-3.64366, 37.190464],
            [-3.643707, 37.190248],
            [-3.643755, 37.189801],
            [-3.64381, 37.189228],
            [-3.643527, 37.189307],
            [-3.643477, 37.189613],
            [-3.642523, 37.189889],
            [-3.642343, 37.189971],
            [-3.642186, 37.190026],
            [-3.641855, 37.190222],
            [-3.641784, 37.190258],
            [-3.641102, 37.189337],
            [-3.641475, 37.18906],
            [-3.641628, 37.189016],
            [-3.642059, 37.18887],
            [-3.64233, 37.189203],
            [-3.642658, 37.189106],
            [-3.642799, 37.189093],
            [-3.643275, 37.189019],
            [-3.643767, 37.18895],
            [-3.643863, 37.18892],
            [-3.643877, 37.188819],
            [-3.643852, 37.188419],
            [-3.64373, 37.188199],
            [-3.643587, 37.188021],
            [-3.643407, 37.187796],
            [-3.643369, 37.187712],
            [-3.643299, 37.187439],
            [-3.644916, 37.186529],
            [-3.644168, 37.186188],
            [-3.643824, 37.186046],
            [-3.643749, 37.185981],
            [-3.643389, 37.185733],
            [-3.642774, 37.186094],
            [-3.642682, 37.18585],
            [-3.642629, 37.185689],
            [-3.64208, 37.186014],
            [-3.641985, 37.186194],
            [-3.64224, 37.186466],
            [-3.642693, 37.186267],
            [-3.642814, 37.186499],
            [-3.642973, 37.186796],
            [-3.641935, 37.187345],
            [-3.641253, 37.187651],
            [-3.641694, 37.188026],
            [-3.641957, 37.188227],
            [-3.642213, 37.188524],
            [-3.642013, 37.188644],
            [-3.641562, 37.188271],
            [-3.64137, 37.188385],
            [-3.641235, 37.188296],
            [-3.641064, 37.188428],
            [-3.640885, 37.18834],
            [-3.640722, 37.188447],
            [-3.640782, 37.188502],
            [-3.640649, 37.188616],
            [-3.640671, 37.188639],
            [-3.639853, 37.189024],
            [-3.639851, 37.189023],
            [-3.639664, 37.189006],
            [-3.639457, 37.189081],
            [-3.639509, 37.189225],
            [-3.640379, 37.190198],
            [-3.640329, 37.190225],
            [-3.640228, 37.190276],
            [-3.640121, 37.19019],
            [-3.639912, 37.190173],
            [-3.63966, 37.190228],
            [-3.639636, 37.190315],
            [-3.639479, 37.190978],
            [-3.639439, 37.190974],
            [-3.637152, 37.190677],
            [-3.636861, 37.190631],
            [-3.636018, 37.190516],
            [-3.635339, 37.190412],
            [-3.635007, 37.190363],
            [-3.635092, 37.189794],
            [-3.634027, 37.189636],
            [-3.634012, 37.18976],
            [-3.634013, 37.189924],
            [-3.634041, 37.190141],
            [-3.633939, 37.190264],
            [-3.633859, 37.190589],
            [-3.634099, 37.190704],
            [-3.634504, 37.190897],
            [-3.635713, 37.191418],
            [-3.637055, 37.191981],
            [-3.639543, 37.19298]
          ]
        ]
      }
    },
    {
      "type": "Feature",
      "properties": {
        "id": "bola-de-oro",
        "name": "Bola de Oro",
        "cityId": "granada"
      },
      "geometry": {
        "type": "Polygon",
        "coordinates": [
          [
            [-3.587374, 37.163154],
            [-3.587053, 37.163321],
            [-3.587002, 37.163425],
            [-3.586575, 37.163743],
            [-3.584396, 37.162267],
            [-3.58419, 37.162296],
            [-3.583956, 37.162084],
            [-3.583894, 37.161884],
            [-3.583945, 37.161794],
            [-3.581821, 37.160738],
            [-3.582089, 37.160957],
            [-3.582633, 37.161455],
            [-3.582768, 37.161561],
            [-3.583008, 37.161751],
            [-3.58321, 37.161935],
            [-3.583323, 37.162101],
            [-3.583384, 37.162208],
            [-3.58334, 37.162316],
            [-3.583244, 37.1624],
            [-3.583155, 37.162472],
            [-3.583044, 37.162591],
            [-3.582963, 37.162753],
            [-3.582846, 37.162962],
            [-3.58275, 37.163112],
            [-3.582542, 37.163172],
            [-3.582348, 37.163149],
            [-3.58208, 37.163121],
            [-3.581931, 37.163205],
            [-3.581477, 37.163285],
            [-3.580874, 37.163347],
            [-3.580584, 37.163373],
            [-3.580145, 37.163417],
            [-3.579675, 37.163335],
            [-3.579191, 37.163336],
            [-3.578925, 37.163607],
            [-3.578865, 37.163643],
            [-3.580566, 37.164175],
            [-3.582333, 37.164817],
            [-3.583186, 37.16503],
            [-3.584137, 37.165304],
            [-3.586017, 37.165605],
            [-3.587315, 37.165784],
            [-3.588014, 37.166044],
            [-3.588793, 37.166629],
            [-3.589502, 37.167197],
            [-3.59012, 37.166571],
            [-3.588912, 37.165149],
            [-3.587374, 37.163154]
          ]
        ]
      }
    },
    {
      "type": "Feature",
      "properties": {
        "id": "camino-de-los-neveros",
        "name": "Camino de los Neveros",
        "cityId": "granada"
      },
      "geometry": {
        "type": "Polygon",
        "coordinates": [
          [
            [-3.584307, 37.158682],
            [-3.584249, 37.158693],
            [-3.584054, 37.158604],
            [-3.583615, 37.158328],
            [-3.583347, 37.158174],
            [-3.583071, 37.158071],
            [-3.582415, 37.157939],
            [-3.581909, 37.157792],
            [-3.581399, 37.15769],
            [-3.581086, 37.157725],
            [-3.580604, 37.157494],
            [-3.577946, 37.156254],
            [-3.575493, 37.155127],
            [-3.574047, 37.154471],
            [-3.573842, 37.154485],
            [-3.573412, 37.154571],
            [-3.573729, 37.154744],
            [-3.573969, 37.154972],
            [-3.57408, 37.155206],
            [-3.574228, 37.155347],
            [-3.574534, 37.155488],
            [-3.575083, 37.155706],
            [-3.575, 37.155822],
            [-3.574724, 37.15574],
            [-3.574135, 37.155653],
            [-3.574029, 37.155672],
            [-3.574028, 37.155672],
            [-3.573592, 37.155751],
            [-3.572867, 37.155914],
            [-3.572659, 37.155973],
            [-3.572653, 37.15598],
            [-3.572191, 37.156549],
            [-3.571586, 37.156469],
            [-3.571434, 37.15647],
            [-3.571063, 37.15674],
            [-3.570789, 37.15686],
            [-3.570626, 37.15698],
            [-3.570382, 37.157226],
            [-3.569744, 37.158448],
            [-3.570267, 37.158545],
            [-3.572398, 37.159053],
            [-3.575361, 37.160557],
            [-3.575537, 37.160893],
            [-3.575679, 37.161047],
            [-3.575769, 37.161106],
            [-3.575964, 37.161225],
            [-3.57621, 37.161355],
            [-3.576629, 37.161591],
            [-3.577146, 37.161911],
            [-3.577497, 37.162094],
            [-3.577669, 37.162105],
            [-3.578035, 37.162175],
            [-3.578609, 37.162226],
            [-3.57875, 37.162207],
            [-3.578906, 37.162206],
            [-3.579063, 37.162277],
            [-3.579191, 37.162372],
            [-3.579497, 37.162501],
            [-3.579736, 37.162554],
            [-3.579825, 37.162542],
            [-3.579959, 37.162541],
            [-3.580108, 37.162516],
            [-3.58025, 37.162498],
            [-3.580324, 37.162497],
            [-3.580518, 37.16258],
            [-3.580683, 37.162633],
            [-3.581019, 37.162744],
            [-3.581213, 37.162767],
            [-3.581391, 37.162743],
            [-3.581599, 37.162676],
            [-3.581755, 37.162622],
            [-3.581979, 37.16262],
            [-3.58204, 37.162924],
            [-3.582308, 37.16281],
            [-3.582523, 37.162683],
            [-3.582649, 37.162534],
            [-3.582804, 37.16239],
            [-3.582855, 37.162217],
            [-3.582824, 37.162014],
            [-3.582636, 37.16183],
            [-3.582628, 37.161717],
            [-3.582634, 37.161598],
            [-3.582633, 37.161455],
            [-3.582089, 37.160957],
            [-3.581821, 37.160738],
            [-3.583945, 37.161794],
            [-3.583894, 37.161884],
            [-3.583956, 37.162084],
            [-3.58419, 37.162296],
            [-3.584396, 37.162267],
            [-3.586575, 37.163743],
            [-3.587002, 37.163425],
            [-3.587053, 37.163321],
            [-3.587374, 37.163154],
            [-3.587202, 37.162981],
            [-3.587133, 37.162912],
            [-3.586686, 37.161417],
            [-3.586659, 37.16079],
            [-3.586175, 37.160061],
            [-3.584307, 37.158682]
          ]
        ]
      }
    },
    {
      "type": "Feature",
      "properties": {
        "id": "camino-de-ronda",
        "name": "Camino de Ronda",
        "cityId": "granada"
      },
      "geometry": {
        "type": "Polygon",
        "coordinates": [
          [
            [-3.608799, 37.178891],
            [-3.609793, 37.178109],
            [-3.612746, 37.183197],
            [-3.61361, 37.182916],
            [-3.613641, 37.182964],
            [-3.613045, 37.181947],
            [-3.61433, 37.181496],
            [-3.615263, 37.181698],
            [-3.616398, 37.179836],
            [-3.616996, 37.179946],
            [-3.617126, 37.179627],
            [-3.616708, 37.179501],
            [-3.615863, 37.17925],
            [-3.616282, 37.178934],
            [-3.616301, 37.178953],
            [-3.617595, 37.17802],
            [-3.617606, 37.178027],
            [-3.61774, 37.177924],
            [-3.618366, 37.17808],
            [-3.618921, 37.178259],
            [-3.619584, 37.178494],
            [-3.620132, 37.178701],
            [-3.620901, 37.178993],
            [-3.6214, 37.179251],
            [-3.621963, 37.179589],
            [-3.622702, 37.180063],
            [-3.62316, 37.179606],
            [-3.623909, 37.179049],
            [-3.624502, 37.178797],
            [-3.624411, 37.178549],
            [-3.623845, 37.178829],
            [-3.623685, 37.178695],
            [-3.623363, 37.17842],
            [-3.624847, 37.177602],
            [-3.624614, 37.177362],
            [-3.62472, 37.177305],
            [-3.6243, 37.176909],
            [-3.623902, 37.177125],
            [-3.623688, 37.176934],
            [-3.624156, 37.176655],
            [-3.623941, 37.176393],
            [-3.623623, 37.176579],
            [-3.623124, 37.176326],
            [-3.622802, 37.176044],
            [-3.622881, 37.175923],
            [-3.622569, 37.175704],
            [-3.622709, 37.175519],
            [-3.622504, 37.175343],
            [-3.622124, 37.175614],
            [-3.621794, 37.175339],
            [-3.622541, 37.174505],
            [-3.622623, 37.174377],
            [-3.622501, 37.174179],
            [-3.622429, 37.173986],
            [-3.622363, 37.173839],
            [-3.622342, 37.173788],
            [-3.62308, 37.172983],
            [-3.622952, 37.172882],
            [-3.622466, 37.173304],
            [-3.622074, 37.173113],
            [-3.621679, 37.173468],
            [-3.621772, 37.173598],
            [-3.621851, 37.173649],
            [-3.621457, 37.174048],
            [-3.621649, 37.17411],
            [-3.621862, 37.174131],
            [-3.621842, 37.174285],
            [-3.621758, 37.174387],
            [-3.621526, 37.174718],
            [-3.62123, 37.174992],
            [-3.62151, 37.17532],
            [-3.621411, 37.175395],
            [-3.621282, 37.175299],
            [-3.620795, 37.175545],
            [-3.62059, 37.175666],
            [-3.620414, 37.175854],
            [-3.62023, 37.17598],
            [-3.619961, 37.176061],
            [-3.619601, 37.176279],
            [-3.619115, 37.175884],
            [-3.618893, 37.175652],
            [-3.617728, 37.176396],
            [-3.618316, 37.177086],
            [-3.618082, 37.177207],
            [-3.618147, 37.177286],
            [-3.617787, 37.177555],
            [-3.617561, 37.177641],
            [-3.617214, 37.177774],
            [-3.617264, 37.177806],
            [-3.616539, 37.17831],
            [-3.615506, 37.17737],
            [-3.615034, 37.17689],
            [-3.614787, 37.176649],
            [-3.614679, 37.176479],
            [-3.61467, 37.176335],
            [-3.614685, 37.176204],
            [-3.614684, 37.176034],
            [-3.614814, 37.17602],
            [-3.615076, 37.175993],
            [-3.615324, 37.175924],
            [-3.615704, 37.175595],
            [-3.615895, 37.175513],
            [-3.616028, 37.175375],
            [-3.616074, 37.175328],
            [-3.615187, 37.174994],
            [-3.61513, 37.174972],
            [-3.615713, 37.174586],
            [-3.615683, 37.174554],
            [-3.615241, 37.174088],
            [-3.614924, 37.173882],
            [-3.614675, 37.173748],
            [-3.614523, 37.173731],
            [-3.614364, 37.173606],
            [-3.613794, 37.174059],
            [-3.613019, 37.173721],
            [-3.612963, 37.173699],
            [-3.613482, 37.173183],
            [-3.613623, 37.173045],
            [-3.61385, 37.172644],
            [-3.613842, 37.172525],
            [-3.613692, 37.172424],
            [-3.613364, 37.172361],
            [-3.612655, 37.172287],
            [-3.612038, 37.172385],
            [-3.611592, 37.172525],
            [-3.611562, 37.172489],
            [-3.611403, 37.172239],
            [-3.610986, 37.171294],
            [-3.610881, 37.170929],
            [-3.611372, 37.170572],
            [-3.612028, 37.170297],
            [-3.61257, 37.170069],
            [-3.613045, 37.17057],
            [-3.613363, 37.171003],
            [-3.61387, 37.171435],
            [-3.614248, 37.171239],
            [-3.613997, 37.170921],
            [-3.614597, 37.17063],
            [-3.615102, 37.171199],
            [-3.615918, 37.170847],
            [-3.615348, 37.170248],
            [-3.615918, 37.169905],
            [-3.616009, 37.170002],
            [-3.616351, 37.169784],
            [-3.616053, 37.169432],
            [-3.615621, 37.169618],
            [-3.61539, 37.169364],
            [-3.614681, 37.169721],
            [-3.614249, 37.169953],
            [-3.613671, 37.16932],
            [-3.614347, 37.168937],
            [-3.614182, 37.168748],
            [-3.614313, 37.168702],
            [-3.614004, 37.167996],
            [-3.613641, 37.168136],
            [-3.613353, 37.168216],
            [-3.613012, 37.168082],
            [-3.612765, 37.168303],
            [-3.612989, 37.168469],
            [-3.612631, 37.168744],
            [-3.612266, 37.168997],
            [-3.611876, 37.169224],
            [-3.611661, 37.169362],
            [-3.611283, 37.169589],
            [-3.61112, 37.169694],
            [-3.61096, 37.169807],
            [-3.610634, 37.170013],
            [-3.610601, 37.169763],
            [-3.610528, 37.169042],
            [-3.610646, 37.16891],
            [-3.610757, 37.168737],
            [-3.610875, 37.168605],
            [-3.610895, 37.168378],
            [-3.61087, 37.168289],
            [-3.610796, 37.168033],
            [-3.610604, 37.167837],
            [-3.610324, 37.167961],
            [-3.60888, 37.167958],
            [-3.607091, 37.169536],
            [-3.602532, 37.171907],
            [-3.60264, 37.172022],
            [-3.603233, 37.172492],
            [-3.604111, 37.172838],
            [-3.604577, 37.173217],
            [-3.605109, 37.173469],
            [-3.605706, 37.173614],
            [-3.606046, 37.17399],
            [-3.606596, 37.174963],
            [-3.604573, 37.176295],
            [-3.608799, 37.178891]
          ]
        ]
      }
    },
    {
      "type": "Feature",
      "properties": {
        "id": "campo-verde",
        "name": "Campo Verde",
        "cityId": "granada"
      },
      "geometry": {
        "type": "Polygon",
        "coordinates": [
          [
            [-3.599692, 37.199941],
            [-3.600403, 37.200155],
            [-3.604239, 37.198944],
            [-3.604235, 37.198759],
            [-3.60419, 37.196956],
            [-3.604514, 37.194609],
            [-3.604471, 37.194622],
            [-3.601475, 37.195511],
            [-3.599692, 37.199941]
          ]
        ]
      }
    },
    {
      "type": "Feature",
      "properties": {
        "id": "campus-de-la-salud",
        "name": "Campus de la Salud",
        "cityId": "granada"
      },
      "geometry": {
        "type": "Polygon",
        "coordinates": [
          [
            [-3.595419, 37.149964],
            [-3.596527, 37.150345],
            [-3.598098, 37.150755],
            [-3.600191, 37.151058],
            [-3.602415, 37.151413],
            [-3.604379, 37.151926],
            [-3.605488, 37.152039],
            [-3.605489, 37.152038],
            [-3.605491, 37.152036],
            [-3.605493, 37.152034],
            [-3.605495, 37.152031],
            [-3.605497, 37.152029],
            [-3.605501, 37.152026],
            [-3.605502, 37.152024],
            [-3.605503, 37.152022],
            [-3.605507, 37.152019],
            [-3.605511, 37.152014],
            [-3.605516, 37.152008],
            [-3.605519, 37.152005],
            [-3.605814, 37.151682],
            [-3.605972, 37.151438],
            [-3.606567, 37.150516],
            [-3.606771, 37.150199],
            [-3.606864, 37.149894],
            [-3.607007, 37.149424],
            [-3.607144, 37.148971],
            [-3.607177, 37.148558],
            [-3.607202, 37.148239],
            [-3.607257, 37.147544],
            [-3.607295, 37.147056],
            [-3.607328, 37.146636],
            [-3.607367, 37.146363],
            [-3.607375, 37.146302],
            [-3.607445, 37.145806],
            [-3.607606, 37.145385],
            [-3.607765, 37.144966],
            [-3.608044, 37.144477],
            [-3.608158, 37.144276],
            [-3.608382, 37.143883],
            [-3.608455, 37.143755],
            [-3.608136, 37.143341],
            [-3.607956, 37.143137],
            [-3.607708, 37.142955],
            [-3.607418, 37.142772],
            [-3.60705, 37.142591],
            [-3.606744, 37.142572],
            [-3.606481, 37.142573],
            [-3.606166, 37.142581],
            [-3.605869, 37.142699],
            [-3.605497, 37.142918],
            [-3.605209, 37.14311],
            [-3.604855, 37.1435],
            [-3.604324, 37.144075],
            [-3.603623, 37.144698],
            [-3.603074, 37.145129],
            [-3.602761, 37.145328],
            [-3.602211, 37.145658],
            [-3.601346, 37.145936],
            [-3.600778, 37.14615],
            [-3.59973, 37.146545],
            [-3.598718, 37.146926],
            [-3.598187, 37.147247],
            [-3.597144, 37.147878],
            [-3.596145, 37.148398],
            [-3.595305, 37.148837],
            [-3.594319, 37.149395],
            [-3.595011, 37.149663],
            [-3.595492, 37.149908],
            [-3.595419, 37.149964]
          ]
        ]
      }
    },
    {
      "type": "Feature",
      "properties": {
        "id": "carretera-de-la-sierra",
        "name": "Carretera de la Sierra",
        "cityId": "granada"
      },
      "geometry": {
        "type": "Polygon",
        "coordinates": [
          [
            [-3.589502, 37.167197],
            [-3.588793, 37.166629],
            [-3.588014, 37.166044],
            [-3.587315, 37.165784],
            [-3.586017, 37.165605],
            [-3.584137, 37.165304],
            [-3.583186, 37.16503],
            [-3.582333, 37.164817],
            [-3.580566, 37.164175],
            [-3.578865, 37.163643],
            [-3.578724, 37.163728],
            [-3.578291, 37.163598],
            [-3.577956, 37.163552],
            [-3.577449, 37.163489],
            [-3.576986, 37.163462],
            [-3.576382, 37.163316],
            [-3.576016, 37.163246],
            [-3.575524, 37.163117],
            [-3.575479, 37.163171],
            [-3.575275, 37.163756],
            [-3.57432, 37.163594],
            [-3.574371, 37.163446],
            [-3.573996, 37.163382],
            [-3.573921, 37.163369],
            [-3.573887, 37.163471],
            [-3.573813, 37.163507],
            [-3.573552, 37.16349],
            [-3.57335, 37.163414],
            [-3.572948, 37.163344],
            [-3.572264, 37.163035],
            [-3.57151, 37.16279],
            [-3.571303, 37.16266],
            [-3.570825, 37.162496],
            [-3.570556, 37.16248],
            [-3.57055, 37.162479],
            [-3.57054, 37.162475],
            [-3.570249, 37.162381],
            [-3.57023, 37.162375],
            [-3.569819, 37.162328],
            [-3.569818, 37.162328],
            [-3.569073, 37.162278],
            [-3.568589, 37.162334],
            [-3.568409, 37.162203],
            [-3.568373, 37.162212],
            [-3.568337, 37.162223],
            [-3.568301, 37.162233],
            [-3.568266, 37.162244],
            [-3.568231, 37.162256],
            [-3.568196, 37.162268],
            [-3.568186, 37.162271],
            [-3.568202, 37.162289],
            [-3.568204, 37.162482],
            [-3.568177, 37.162665],
            [-3.568177, 37.162665],
            [-3.568179, 37.162893],
            [-3.568236, 37.163005],
            [-3.56831, 37.163117],
            [-3.568311, 37.163284],
            [-3.568233, 37.163411],
            [-3.568172, 37.163537],
            [-3.568131, 37.163586],
            [-3.568197, 37.163695],
            [-3.568198, 37.163778],
            [-3.568138, 37.163802],
            [-3.568064, 37.163851],
            [-3.568065, 37.16397],
            [-3.56814, 37.164035],
            [-3.568223, 37.164124],
            [-3.568254, 37.164339],
            [-3.568218, 37.1645],
            [-3.568152, 37.164667],
            [-3.568153, 37.164792],
            [-3.568146, 37.164834],
            [-3.567941, 37.164994],
            [-3.567774, 37.165225],
            [-3.567836, 37.165247],
            [-3.568403, 37.165375],
            [-3.568762, 37.165469],
            [-3.569135, 37.165545],
            [-3.569553, 37.165632],
            [-3.569769, 37.165625],
            [-3.569969, 37.165553],
            [-3.570356, 37.165509],
            [-3.570922, 37.165411],
            [-3.57113, 37.16538],
            [-3.571229, 37.165398],
            [-3.573324, 37.165508],
            [-3.573568, 37.165613],
            [-3.573747, 37.165642],
            [-3.573859, 37.165641],
            [-3.574068, 37.165682],
            [-3.574336, 37.165716],
            [-3.574746, 37.165762],
            [-3.574858, 37.165708],
            [-3.574846, 37.165593],
            [-3.574788, 37.165345],
            [-3.574839, 37.165249],
            [-3.575332, 37.16539],
            [-3.575652, 37.165495],
            [-3.575758, 37.165483],
            [-3.575905, 37.16528],
            [-3.57596, 37.164998],
            [-3.575977, 37.164886],
            [-3.576013, 37.164719],
            [-3.576296, 37.164795],
            [-3.576327, 37.16492],
            [-3.576402, 37.164955],
            [-3.576388, 37.165104],
            [-3.576448, 37.165187],
            [-3.576589, 37.165103],
            [-3.576692, 37.164936],
            [-3.576826, 37.164771],
            [-3.577102, 37.164779],
            [-3.577355, 37.164777],
            [-3.577773, 37.164893],
            [-3.577897, 37.164964],
            [-3.578158, 37.165007],
            [-3.578102, 37.165197],
            [-3.578237, 37.165256],
            [-3.578349, 37.165357],
            [-3.578447, 37.165434],
            [-3.578619, 37.165499],
            [-3.578716, 37.165558],
            [-3.578917, 37.165593],
            [-3.578992, 37.16564],
            [-3.579023, 37.165783],
            [-3.579202, 37.165812],
            [-3.579223, 37.165687],
            [-3.57934, 37.165352],
            [-3.57934, 37.165305],
            [-3.579353, 37.165111],
            [-3.579549, 37.165145],
            [-3.579932, 37.165296],
            [-3.580011, 37.165403],
            [-3.580161, 37.165473],
            [-3.580392, 37.165514],
            [-3.580496, 37.165514],
            [-3.580615, 37.165495],
            [-3.58075, 37.165536],
            [-3.580854, 37.165589],
            [-3.581011, 37.16566],
            [-3.581138, 37.165701],
            [-3.581422, 37.165771],
            [-3.581818, 37.165907],
            [-3.582099, 37.166088],
            [-3.582185, 37.166197],
            [-3.582023, 37.166371],
            [-3.582232, 37.166483],
            [-3.582434, 37.166595],
            [-3.582391, 37.166756],
            [-3.582659, 37.166773],
            [-3.582897, 37.166742],
            [-3.583001, 37.166664],
            [-3.583173, 37.166729],
            [-3.583359, 37.166781],
            [-3.583617, 37.166857],
            [-3.583838, 37.166856],
            [-3.584353, 37.167021],
            [-3.584734, 37.167174],
            [-3.586367, 37.168441],
            [-3.587413, 37.168895],
            [-3.58748, 37.1689],
            [-3.587628, 37.168792],
            [-3.588098, 37.168817],
            [-3.588777, 37.167954],
            [-3.588911, 37.167819],
            [-3.589516, 37.167243],
            [-3.589728, 37.167378],
            [-3.589502, 37.167197]
          ]
        ]
      }
    },
    {
      "type": "Feature",
      "properties": {
        "id": "cartuja",
        "name": "Cartuja",
        "cityId": "granada"
      },
      "geometry": {
        "type": "Polygon",
        "coordinates": [
          [
            [-3.604365, 37.199081],
            [-3.60437, 37.198902],
            [-3.604239, 37.198944],
            [-3.600403, 37.200155],
            [-3.599692, 37.199941],
            [-3.599605, 37.199915],
            [-3.599124, 37.200352],
            [-3.599236, 37.20032],
            [-3.599087, 37.200487],
            [-3.598506, 37.201135],
            [-3.598061, 37.201731],
            [-3.597788, 37.202378],
            [-3.597635, 37.202922],
            [-3.597582, 37.202981],
            [-3.596913, 37.207167],
            [-3.596939, 37.207101],
            [-3.596975, 37.206797],
            [-3.597966, 37.206963],
            [-3.59885, 37.20711],
            [-3.600296, 37.207352],
            [-3.601048, 37.207403],
            [-3.601728, 37.207449],
            [-3.601923, 37.207603],
            [-3.602066, 37.207821],
            [-3.602509, 37.207884],
            [-3.602675, 37.207938],
            [-3.60302, 37.208049],
            [-3.603479, 37.208096],
            [-3.60377, 37.208087],
            [-3.603911, 37.208009],
            [-3.603897, 37.208082],
            [-3.604004, 37.207759],
            [-3.604149, 37.207324],
            [-3.603872, 37.204374],
            [-3.604266, 37.202816],
            [-3.604365, 37.199081]
          ]
        ]
      }
    },
    {
      "type": "Feature",
      "properties": {
        "id": "caseria-de-montijo",
        "name": "Casería de Montijo",
        "cityId": "granada"
      },
      "geometry": {
        "type": "Polygon",
        "coordinates": [
          [
            [-3.601475, 37.195511],
            [-3.601513, 37.195416],
            [-3.601134, 37.195443],
            [-3.601147, 37.195541],
            [-3.600784, 37.195674],
            [-3.600523, 37.196144],
            [-3.600281, 37.196254],
            [-3.600196, 37.196248],
            [-3.599992, 37.196234],
            [-3.599628, 37.19604],
            [-3.599564, 37.196117],
            [-3.599361, 37.196361],
            [-3.598802, 37.197032],
            [-3.598118, 37.197161],
            [-3.598053, 37.197087],
            [-3.597917, 37.197042],
            [-3.597703, 37.197089],
            [-3.597448, 37.197382],
            [-3.597001, 37.197732],
            [-3.597042, 37.19785],
            [-3.597166, 37.197857],
            [-3.597379, 37.197869],
            [-3.596918, 37.19811],
            [-3.596598, 37.198277],
            [-3.59616, 37.198759],
            [-3.595818, 37.198852],
            [-3.595854, 37.198938],
            [-3.596234, 37.199193],
            [-3.596398, 37.199152],
            [-3.59657, 37.199237],
            [-3.596214, 37.199336],
            [-3.595869, 37.199312],
            [-3.596654, 37.199836],
            [-3.597027, 37.200063],
            [-3.597165, 37.200428],
            [-3.597273, 37.200564],
            [-3.598027, 37.201023],
            [-3.598177, 37.200994],
            [-3.598638, 37.200649],
            [-3.599093, 37.200361],
            [-3.599124, 37.200352],
            [-3.599605, 37.199915],
            [-3.599692, 37.199941],
            [-3.601475, 37.195511]
          ]
        ]
      }
    },
    {
      "type": "Feature",
      "properties": {
        "id": "castano-mirasierra",
        "name": "Castaño-Mirasierra",
        "cityId": "granada"
      },
      "geometry": {
        "type": "Polygon",
        "coordinates": [
          [
            [-3.592773, 37.158867],
            [-3.595464, 37.157795],
            [-3.595485, 37.157624],
            [-3.593634, 37.154633],
            [-3.592304, 37.153222],
            [-3.592674, 37.15054],
            [-3.592554, 37.150471],
            [-3.592419, 37.150394],
            [-3.591727, 37.150481],
            [-3.591249, 37.150275],
            [-3.591093, 37.150317],
            [-3.590797, 37.150551],
            [-3.590667, 37.15017],
            [-3.590478, 37.149855],
            [-3.590367, 37.149879],
            [-3.589929, 37.15009],
            [-3.589275, 37.150344],
            [-3.588993, 37.150429],
            [-3.588785, 37.15049],
            [-3.589499, 37.151351],
            [-3.590019, 37.151145],
            [-3.590035, 37.151235],
            [-3.589976, 37.151354],
            [-3.590111, 37.151532],
            [-3.589846, 37.151856],
            [-3.589468, 37.152156],
            [-3.588616, 37.152726],
            [-3.587823, 37.153201],
            [-3.587185, 37.153562],
            [-3.586303, 37.154145],
            [-3.585391, 37.154716],
            [-3.584995, 37.154889],
            [-3.584993, 37.154888],
            [-3.584517, 37.154842],
            [-3.584236, 37.154614],
            [-3.583831, 37.154276],
            [-3.583351, 37.153873],
            [-3.583071, 37.153723],
            [-3.583178, 37.153713],
            [-3.583074, 37.153396],
            [-3.582927, 37.1531],
            [-3.582913, 37.153071],
            [-3.582851, 37.152947],
            [-3.582806, 37.152969],
            [-3.582772, 37.152979],
            [-3.582675, 37.15289],
            [-3.582634, 37.152853],
            [-3.5825, 37.152732],
            [-3.582283, 37.15226],
            [-3.582163, 37.152098],
            [-3.581744, 37.151704],
            [-3.58168, 37.151645],
            [-3.581561, 37.151592],
            [-3.581493, 37.151485],
            [-3.58153, 37.15138],
            [-3.581283, 37.151093],
            [-3.581101, 37.150891],
            [-3.580792, 37.151098],
            [-3.580764, 37.151117],
            [-3.580459, 37.151311],
            [-3.580406, 37.151345],
            [-3.580357, 37.1513],
            [-3.579998, 37.150968],
            [-3.579819, 37.150814],
            [-3.580145, 37.150592],
            [-3.58034, 37.15073],
            [-3.580357, 37.150719],
            [-3.580381, 37.150699],
            [-3.58039, 37.150692],
            [-3.580709, 37.150474],
            [-3.580312, 37.150079],
            [-3.580239, 37.150039],
            [-3.579885, 37.150167],
            [-3.579873, 37.15016],
            [-3.579842, 37.150179],
            [-3.579822, 37.150192],
            [-3.579799, 37.150206],
            [-3.57977, 37.150222],
            [-3.579741, 37.150238],
            [-3.579711, 37.150254],
            [-3.579698, 37.150262],
            [-3.57969, 37.150398],
            [-3.579536, 37.150513],
            [-3.579051, 37.150878],
            [-3.579628, 37.151501],
            [-3.580448, 37.152386],
            [-3.578826, 37.153274],
            [-3.579245, 37.153738],
            [-3.579249, 37.153843],
            [-3.5793, 37.153933],
            [-3.579696, 37.154238],
            [-3.579918, 37.154516],
            [-3.580179, 37.154772],
            [-3.580197, 37.154792],
            [-3.580202, 37.154798],
            [-3.580401, 37.155032],
            [-3.58065, 37.155197],
            [-3.580973, 37.15552],
            [-3.581288, 37.155815],
            [-3.581924, 37.156212],
            [-3.5824, 37.156076],
            [-3.583072, 37.155866],
            [-3.583429, 37.15575],
            [-3.583758, 37.155599],
            [-3.584229, 37.155402],
            [-3.584349, 37.155363],
            [-3.584372, 37.155356],
            [-3.584444, 37.155418],
            [-3.584625, 37.155641],
            [-3.584628, 37.155644],
            [-3.58477, 37.155571],
            [-3.585144, 37.155361],
            [-3.586014, 37.156057],
            [-3.587856, 37.157963],
            [-3.589397, 37.160376],
            [-3.589832, 37.160356],
            [-3.590678, 37.159986],
            [-3.5912, 37.160019],
            [-3.591326, 37.159443],
            [-3.592773, 37.158867]
          ]
        ]
      }
    },
    {
      "type": "Feature",
      "properties": {
        "id": "centro-sagrario",
        "name": "Centro-Sagrario",
        "cityId": "granada"
      },
      "geometry": {
        "type": "Polygon",
        "coordinates": [
          [
            [-3.599641, 37.182455],
            [-3.599921, 37.182185],
            [-3.601194, 37.182479],
            [-3.604645, 37.184262],
            [-3.606452, 37.180734],
            [-3.608799, 37.178891],
            [-3.604573, 37.176295],
            [-3.606596, 37.174963],
            [-3.606046, 37.17399],
            [-3.605706, 37.173614],
            [-3.605109, 37.173469],
            [-3.604577, 37.173217],
            [-3.604111, 37.172838],
            [-3.603233, 37.172492],
            [-3.60264, 37.172022],
            [-3.600092, 37.173401],
            [-3.599843, 37.173597],
            [-3.599141, 37.174148],
            [-3.598283, 37.175325],
            [-3.596454, 37.176442],
            [-3.596764, 37.176986],
            [-3.597576, 37.177613],
            [-3.597619, 37.177659],
            [-3.597798, 37.177847],
            [-3.597948, 37.178243],
            [-3.598392, 37.17874],
            [-3.598951, 37.179765],
            [-3.599046, 37.180161],
            [-3.599048, 37.18047],
            [-3.598998, 37.181043],
            [-3.599112, 37.181556],
            [-3.599372, 37.181922],
            [-3.599373, 37.182098],
            [-3.599641, 37.182455]
          ]
        ]
      }
    },
    {
      "type": "Feature",
      "properties": {
        "id": "cerrillo-de-maracena",
        "name": "Cerrillo de Maracena",
        "cityId": "granada"
      },
      "geometry": {
        "type": "Polygon",
        "coordinates": [
          [
            [-3.624683, 37.201812],
            [-3.624733, 37.201779],
            [-3.625263, 37.202727],
            [-3.625438, 37.203019],
            [-3.625914, 37.203833],
            [-3.62604, 37.204049],
            [-3.626069, 37.204099],
            [-3.626503, 37.203978],
            [-3.626756, 37.203863],
            [-3.626914, 37.204125],
            [-3.627059, 37.204383],
            [-3.62709, 37.204406],
            [-3.627435, 37.204896],
            [-3.627564, 37.205001],
            [-3.62743, 37.205068],
            [-3.626923, 37.205304],
            [-3.627061, 37.205549],
            [-3.627287, 37.205905],
            [-3.627491, 37.206144],
            [-3.627601, 37.206261],
            [-3.627603, 37.206264],
            [-3.627796, 37.20613],
            [-3.627918, 37.206029],
            [-3.62815, 37.205837],
            [-3.628273, 37.205735],
            [-3.628289, 37.205722],
            [-3.628434, 37.205644],
            [-3.629249, 37.205207],
            [-3.629176, 37.205229],
            [-3.629041, 37.204994],
            [-3.629238, 37.204858],
            [-3.628634, 37.204297],
            [-3.628513, 37.204372],
            [-3.628192, 37.204571],
            [-3.628009, 37.204314],
            [-3.627947, 37.204261],
            [-3.627848, 37.204266],
            [-3.627752, 37.204198],
            [-3.627566, 37.20418],
            [-3.627298, 37.204326],
            [-3.627212, 37.204224],
            [-3.627203, 37.204225],
            [-3.627594, 37.203797],
            [-3.627603, 37.203795],
            [-3.627662, 37.203723],
            [-3.62894, 37.20216],
            [-3.629703, 37.201057],
            [-3.629902, 37.200768],
            [-3.630355, 37.199963],
            [-3.630646, 37.199514],
            [-3.631311, 37.198323],
            [-3.632035, 37.197104],
            [-3.632229, 37.196983],
            [-3.632312, 37.196655],
            [-3.632356, 37.196511],
            [-3.631715, 37.196331],
            [-3.630306, 37.195933],
            [-3.62591, 37.194066],
            [-3.62215, 37.192426],
            [-3.618769, 37.19136],
            [-3.614652, 37.189474],
            [-3.614606, 37.190288],
            [-3.614949, 37.191116],
            [-3.614981, 37.191108],
            [-3.617392, 37.193722],
            [-3.617372, 37.193735],
            [-3.618596, 37.194842],
            [-3.621662, 37.196279],
            [-3.624553, 37.201557],
            [-3.624527, 37.201561],
            [-3.624683, 37.201812]
          ]
        ]
      }
    },
    {
      "type": "Feature",
      "properties": {
        "id": "cervantes",
        "name": "Cervantes",
        "cityId": "granada"
      },
      "geometry": {
        "type": "Polygon",
        "coordinates": [
          [
            [-3.589728, 37.167378],
            [-3.592049, 37.168864],
            [-3.592979, 37.169115],
            [-3.593616, 37.169175],
            [-3.594358, 37.169044],
            [-3.595547, 37.168465],
            [-3.596364, 37.168083],
            [-3.596332, 37.167818],
            [-3.596402, 37.167562],
            [-3.596596, 37.167336],
            [-3.597143, 37.167067],
            [-3.598237, 37.16662],
            [-3.598364, 37.166449],
            [-3.596859, 37.164638],
            [-3.596684, 37.16393],
            [-3.594018, 37.165195],
            [-3.593523, 37.164564],
            [-3.592566, 37.162624],
            [-3.592981, 37.160245],
            [-3.593256, 37.159309],
            [-3.593066, 37.158946],
            [-3.592773, 37.158867],
            [-3.591326, 37.159443],
            [-3.5912, 37.160019],
            [-3.590678, 37.159986],
            [-3.589832, 37.160356],
            [-3.589397, 37.160376],
            [-3.587856, 37.157963],
            [-3.586014, 37.156057],
            [-3.585144, 37.155361],
            [-3.58477, 37.155571],
            [-3.584628, 37.155644],
            [-3.584625, 37.155641],
            [-3.584444, 37.155418],
            [-3.584372, 37.155356],
            [-3.584349, 37.155363],
            [-3.584229, 37.155402],
            [-3.583758, 37.155599],
            [-3.583429, 37.15575],
            [-3.583072, 37.155866],
            [-3.5824, 37.156076],
            [-3.581924, 37.156212],
            [-3.582185, 37.156631],
            [-3.582209, 37.15686],
            [-3.58292, 37.157544],
            [-3.584249, 37.158693],
            [-3.584304, 37.158619],
            [-3.584354, 37.158674],
            [-3.584307, 37.158682],
            [-3.586175, 37.160061],
            [-3.586659, 37.16079],
            [-3.586686, 37.161417],
            [-3.587133, 37.162912],
            [-3.587202, 37.162981],
            [-3.587374, 37.163154],
            [-3.588912, 37.165149],
            [-3.59012, 37.166571],
            [-3.589502, 37.167197],
            [-3.589728, 37.167378]
          ]
        ]
      }
    },
    {
      "type": "Feature",
      "properties": {
        "id": "el-fargue",
        "name": "El Fargue",
        "cityId": "granada"
      },
      "geometry": {
        "type": "MultiPolygon",
        "coordinates": [
          [
            [
              [-3.564409, 37.202005],
              [-3.564471, 37.202031],
              [-3.564419, 37.202149],
              [-3.564329, 37.202267],
              [-3.564237, 37.202343],
              [-3.564159, 37.202447],
              [-3.56421, 37.20251],
              [-3.564149, 37.20261],
              [-3.564164, 37.202616],
              [-3.564137, 37.202656],
              [-3.56411, 37.202764],
              [-3.5641, 37.202808],
              [-3.564212, 37.202844],
              [-3.56433, 37.202749],
              [-3.564439, 37.202617],
              [-3.564548, 37.202486],
              [-3.564643, 37.202371],
              [-3.564738, 37.202255],
              [-3.564833, 37.20214],
              [-3.564928, 37.202025],
              [-3.564877, 37.201984],
              [-3.564823, 37.201971],
              [-3.564631, 37.201923],
              [-3.56458, 37.201904],
              [-3.564577, 37.201909],
              [-3.564515, 37.201887],
              [-3.564409, 37.202005]
            ]
          ],
          [
            [
              [-3.565189, 37.201288],
              [-3.565217, 37.201364],
              [-3.565235, 37.201379],
              [-3.565245, 37.201387],
              [-3.565285, 37.20142],
              [-3.565332, 37.201445],
              [-3.565392, 37.201374],
              [-3.565457, 37.201297],
              [-3.56553, 37.20122],
              [-3.565561, 37.201234],
              [-3.565603, 37.201188],
              [-3.565704, 37.201085],
              [-3.565804, 37.200982],
              [-3.565905, 37.200879],
              [-3.566006, 37.200776],
              [-3.566129, 37.200692],
              [-3.566252, 37.200608],
              [-3.566387, 37.200546],
              [-3.566522, 37.200485],
              [-3.56642, 37.200434],
              [-3.566345, 37.200397],
              [-3.566318, 37.200384],
              [-3.566216, 37.200334],
              [-3.566214, 37.200333],
              [-3.566115, 37.200284],
              [-3.566104, 37.200278],
              [-3.566052, 37.200253],
              [-3.566013, 37.200234],
              [-3.565911, 37.200183],
              [-3.56583, 37.200143],
              [-3.565809, 37.200133],
              [-3.565708, 37.200083],
              [-3.565729, 37.199966],
              [-3.565655, 37.199817],
              [-3.565525, 37.199791],
              [-3.565381, 37.199848],
              [-3.565317, 37.199873],
              [-3.56531, 37.199915],
              [-3.565306, 37.199933],
              [-3.565297, 37.200119],
              [-3.565351, 37.200132],
              [-3.565527, 37.200392],
              [-3.565701, 37.200659],
              [-3.565556, 37.200857],
              [-3.565531, 37.200891],
              [-3.565429, 37.201029],
              [-3.56538, 37.201006],
              [-3.565366, 37.201012],
              [-3.565342, 37.201053],
              [-3.565224, 37.201009],
              [-3.565143, 37.201096],
              [-3.565162, 37.201219],
              [-3.565189, 37.201288]
            ]
          ],
          [
            [
              [-3.563834, 37.209918],
              [-3.563961, 37.209864],
              [-3.564049, 37.209726],
              [-3.564685, 37.209067],
              [-3.564841, 37.208906],
              [-3.564848, 37.20884],
              [-3.56484, 37.208816],
              [-3.564995, 37.208643],
              [-3.565092, 37.208672],
              [-3.565196, 37.208582],
              [-3.565181, 37.208534],
              [-3.56518, 37.208439],
              [-3.565254, 37.208361],
              [-3.565276, 37.208266],
              [-3.565267, 37.208111],
              [-3.565401, 37.208104],
              [-3.565422, 37.207871],
              [-3.565325, 37.207818],
              [-3.56522, 37.207813],
              [-3.56522, 37.207759],
              [-3.565339, 37.207711],
              [-3.565457, 37.207633],
              [-3.565679, 37.207375],
              [-3.565784, 37.207411],
              [-3.565806, 37.207357],
              [-3.565798, 37.207321],
              [-3.565909, 37.207219],
              [-3.566197, 37.20686],
              [-3.566397, 37.206728],
              [-3.566546, 37.206691],
              [-3.566688, 37.206727],
              [-3.566741, 37.206792],
              [-3.566898, 37.206875],
              [-3.566899, 37.206982],
              [-3.566833, 37.207113],
              [-3.566752, 37.207281],
              [-3.566597, 37.207496],
              [-3.566434, 37.207712],
              [-3.566249, 37.207897],
              [-3.566064, 37.208005],
              [-3.565908, 37.208155],
              [-3.56582, 37.208329],
              [-3.565762, 37.20849],
              [-3.565704, 37.208657],
              [-3.565586, 37.208837],
              [-3.565609, 37.208974],
              [-3.565669, 37.209033],
              [-3.565796, 37.209032],
              [-3.565892, 37.208996],
              [-3.565973, 37.208864],
              [-3.566085, 37.208822],
              [-3.566168, 37.208911],
              [-3.566176, 37.20903],
              [-3.566177, 37.20915],
              [-3.566185, 37.209269],
              [-3.566201, 37.209382],
              [-3.566209, 37.209466],
              [-3.566159, 37.209579],
              [-3.56613, 37.209618],
              [-3.566139, 37.209622],
              [-3.566164, 37.209643],
              [-3.566205, 37.209611],
              [-3.566411, 37.209577],
              [-3.566616, 37.209576],
              [-3.566709, 37.209531],
              [-3.566717, 37.209412],
              [-3.566661, 37.209337],
              [-3.566576, 37.209248],
              [-3.566585, 37.209204],
              [-3.566585, 37.209159],
              [-3.566594, 37.209069],
              [-3.566649, 37.20895],
              [-3.566769, 37.208838],
              [-3.566815, 37.20874],
              [-3.566861, 37.208733],
              [-3.566918, 37.20877],
              [-3.566992, 37.208762],
              [-3.567001, 37.20874],
              [-3.567, 37.208635],
              [-3.567, 37.208538],
              [-3.566999, 37.208449],
              [-3.567035, 37.208337],
              [-3.567128, 37.208202],
              [-3.567257, 37.208083],
              [-3.567498, 37.20788],
              [-3.567675, 37.207924],
              [-3.567833, 37.207871],
              [-3.567862, 37.207953],
              [-3.567957, 37.208154],
              [-3.568106, 37.208002],
              [-3.568187, 37.20787],
              [-3.568455, 37.207767],
              [-3.568723, 37.20767],
              [-3.568861, 37.207548],
              [-3.568958, 37.207441],
              [-3.569033, 37.207306],
              [-3.569165, 37.206971],
              [-3.569315, 37.20697],
              [-3.569464, 37.206795],
              [-3.569589, 37.206671],
              [-3.569753, 37.206557],
              [-3.569931, 37.206452],
              [-3.570129, 37.206269],
              [-3.570365, 37.206093],
              [-3.570616, 37.205999],
              [-3.570756, 37.205905],
              [-3.570853, 37.205815],
              [-3.571026, 37.205752],
              [-3.571294, 37.205534],
              [-3.571297, 37.205412],
              [-3.571401, 37.205273],
              [-3.571519, 37.20512],
              [-3.571567, 37.204988],
              [-3.571657, 37.204887],
              [-3.571784, 37.204847],
              [-3.571905, 37.204813],
              [-3.572001, 37.204706],
              [-3.572012, 37.204565],
              [-3.572005, 37.204444],
              [-3.571883, 37.204323],
              [-3.571749, 37.204232],
              [-3.571548, 37.204141],
              [-3.571354, 37.204098],
              [-3.571129, 37.204094],
              [-3.57076, 37.204145],
              [-3.570642, 37.204185],
              [-3.570449, 37.204228],
              [-3.570195, 37.204247],
              [-3.570046, 37.204255],
              [-3.569906, 37.204246],
              [-3.569742, 37.204188],
              [-3.56968, 37.204125],
              [-3.569568, 37.204161],
              [-3.569367, 37.204162],
              [-3.568832, 37.204385],
              [-3.56855, 37.204416],
              [-3.568529, 37.204374],
              [-3.568315, 37.204442],
              [-3.567977, 37.204426],
              [-3.567849, 37.20443],
              [-3.567661, 37.204436],
              [-3.56766, 37.204444],
              [-3.567638, 37.204594],
              [-3.567618, 37.204725],
              [-3.567562, 37.204743],
              [-3.566911, 37.205084],
              [-3.56657, 37.205451],
              [-3.566182, 37.206255],
              [-3.566159, 37.206297],
              [-3.566028, 37.206536],
              [-3.566013, 37.206671],
              [-3.565861, 37.206859],
              [-3.565629, 37.207014],
              [-3.565533, 37.207144],
              [-3.565446, 37.207299],
              [-3.565222, 37.207525],
              [-3.565086, 37.207584],
              [-3.564965, 37.20761],
              [-3.564893, 37.207662],
              [-3.564825, 37.207803],
              [-3.564863, 37.207952],
              [-3.564902, 37.208089],
              [-3.564902, 37.20819],
              [-3.564903, 37.208291],
              [-3.564889, 37.208375],
              [-3.564807, 37.208435],
              [-3.564688, 37.208495],
              [-3.564555, 37.208603],
              [-3.564466, 37.208699],
              [-3.564378, 37.208807],
              [-3.564245, 37.208956],
              [-3.564118, 37.20901],
              [-3.563984, 37.209047],
              [-3.56394, 37.209131],
              [-3.563963, 37.209214],
              [-3.564031, 37.209321],
              [-3.563713, 37.20968],
              [-3.563489, 37.209706],
              [-3.563572, 37.209788],
              [-3.563596, 37.209919],
              [-3.5637, 37.209913],
              [-3.563834, 37.209918]
            ]
          ],
          [
            [
              [-3.555965, 37.209198],
              [-3.555831, 37.209286],
              [-3.555696, 37.209373],
              [-3.555561, 37.20946],
              [-3.55541, 37.209569],
              [-3.555259, 37.209678],
              [-3.555357, 37.209768],
              [-3.555389, 37.209798],
              [-3.555235, 37.209965],
              [-3.555182, 37.210066],
              [-3.555233, 37.210253],
              [-3.555382, 37.210317],
              [-3.555578, 37.2101],
              [-3.55565, 37.210037],
              [-3.555802, 37.209936],
              [-3.555953, 37.209835],
              [-3.556104, 37.209734],
              [-3.556256, 37.209633],
              [-3.556348, 37.209554],
              [-3.556441, 37.209474],
              [-3.556355, 37.209383],
              [-3.556317, 37.209342],
              [-3.556302, 37.209326],
              [-3.55627, 37.209293],
              [-3.55626, 37.209282],
              [-3.556185, 37.209202],
              [-3.5561, 37.209111],
              [-3.555965, 37.209198]
            ]
          ],
          [
            [
              [-3.555804, 37.212932],
              [-3.555877, 37.213063],
              [-3.55588, 37.213068],
              [-3.555885, 37.213078],
              [-3.556632, 37.213217],
              [-3.556739, 37.213239],
              [-3.55674, 37.213236],
              [-3.556765, 37.213163],
              [-3.556766, 37.213161],
              [-3.556816, 37.213015],
              [-3.556721, 37.21287],
              [-3.556702, 37.21284],
              [-3.556661, 37.212687],
              [-3.556761, 37.212488],
              [-3.556879, 37.21246],
              [-3.557105, 37.212473],
              [-3.557341, 37.212436],
              [-3.55737, 37.212481],
              [-3.557415, 37.212473],
              [-3.557426, 37.212471],
              [-3.557386, 37.212426],
              [-3.557527, 37.21239],
              [-3.557549, 37.212299],
              [-3.557481, 37.212228],
              [-3.557328, 37.212116],
              [-3.557305, 37.21212],
              [-3.557265, 37.212037],
              [-3.557219, 37.21194],
              [-3.557287, 37.211927],
              [-3.556978, 37.211369],
              [-3.55719, 37.211035],
              [-3.557308, 37.210935],
              [-3.557679, 37.210906],
              [-3.557886, 37.210959],
              [-3.557905, 37.210964],
              [-3.557933, 37.210882],
              [-3.557867, 37.210682],
              [-3.557812, 37.210694],
              [-3.55775, 37.210686],
              [-3.557675, 37.210651],
              [-3.557673, 37.210412],
              [-3.55765, 37.210293],
              [-3.557493, 37.210276],
              [-3.557366, 37.210247],
              [-3.557381, 37.210169],
              [-3.557678, 37.210025],
              [-3.557915, 37.209869],
              [-3.558063, 37.209719],
              [-3.558062, 37.209629],
              [-3.558114, 37.209593],
              [-3.558114, 37.209528],
              [-3.558068, 37.209433],
              [-3.558218, 37.209202],
              [-3.558633, 37.209331],
              [-3.558761, 37.209086],
              [-3.558937, 37.209139],
              [-3.559032, 37.208958],
              [-3.558884, 37.208918],
              [-3.558912, 37.208872],
              [-3.558424, 37.208747],
              [-3.559061, 37.208291],
              [-3.559169, 37.208331],
              [-3.559181, 37.208404],
              [-3.559204, 37.20849],
              [-3.559228, 37.208567],
              [-3.559313, 37.208648],
              [-3.559404, 37.208734],
              [-3.55945, 37.208797],
              [-3.55949, 37.20886],
              [-3.559502, 37.208942],
              [-3.559408, 37.209164],
              [-3.559359, 37.209228],
              [-3.55933, 37.209267],
              [-3.55935, 37.209295],
              [-3.559449, 37.209378],
              [-3.559684, 37.209573],
              [-3.559814, 37.209681],
              [-3.559893, 37.209747],
              [-3.559994, 37.209832],
              [-3.560063, 37.209889],
              [-3.560447, 37.210208],
              [-3.560532, 37.210275],
              [-3.560577, 37.210262],
              [-3.56061, 37.210225],
              [-3.560653, 37.210178],
              [-3.560713, 37.210153],
              [-3.560779, 37.210082],
              [-3.560876, 37.210016],
              [-3.560964, 37.209926],
              [-3.561039, 37.209866],
              [-3.561188, 37.209937],
              [-3.561278, 37.209948],
              [-3.561352, 37.209858],
              [-3.561381, 37.209787],
              [-3.561402, 37.209685],
              [-3.561522, 37.209691],
              [-3.561746, 37.209707],
              [-3.56194, 37.209748],
              [-3.562037, 37.209849],
              [-3.562038, 37.209986],
              [-3.562017, 37.210088],
              [-3.562077, 37.210117],
              [-3.562211, 37.210117],
              [-3.562375, 37.210098],
              [-3.562434, 37.210008],
              [-3.562455, 37.209907],
              [-3.562477, 37.209841],
              [-3.562499, 37.209757],
              [-3.562558, 37.20971],
              [-3.562632, 37.209655],
              [-3.562691, 37.209596],
              [-3.562706, 37.209512],
              [-3.562765, 37.209422],
              [-3.562802, 37.209422],
              [-3.563123, 37.209486],
              [-3.563279, 37.209444],
              [-3.563346, 37.209443],
              [-3.563398, 37.209395],
              [-3.563478, 37.209061],
              [-3.563604, 37.208953],
              [-3.563566, 37.208858],
              [-3.563846, 37.208517],
              [-3.563846, 37.20841],
              [-3.563845, 37.208314],
              [-3.563859, 37.208195],
              [-3.563784, 37.208118],
              [-3.563605, 37.208101],
              [-3.563463, 37.208113],
              [-3.563173, 37.208204],
              [-3.562972, 37.208253],
              [-3.562749, 37.208296],
              [-3.562644, 37.208272],
              [-3.562554, 37.208207],
              [-3.562751, 37.207622],
              [-3.563026, 37.207501],
              [-3.563167, 37.207351],
              [-3.563262, 37.207184],
              [-3.563426, 37.20707],
              [-3.563544, 37.206992],
              [-3.5637, 37.206878],
              [-3.563849, 37.206812],
              [-3.564027, 37.206739],
              [-3.564242, 37.206619],
              [-3.564186, 37.206331],
              [-3.564038, 37.205889],
              [-3.564781, 37.205958],
              [-3.564658, 37.206343],
              [-3.564653, 37.2067],
              [-3.564626, 37.207046],
              [-3.56444, 37.207167],
              [-3.564431, 37.20717],
              [-3.564577, 37.207309],
              [-3.564713, 37.207231],
              [-3.564848, 37.207025],
              [-3.564917, 37.206574],
              [-3.564908, 37.206471],
              [-3.564898, 37.206129],
              [-3.564937, 37.205987],
              [-3.564879, 37.205704],
              [-3.564867, 37.205215],
              [-3.564407, 37.205043],
              [-3.564467, 37.20499],
              [-3.564488, 37.204948],
              [-3.564137, 37.204836],
              [-3.56413, 37.204834],
              [-3.564075, 37.204824],
              [-3.56393, 37.204796],
              [-3.563803, 37.204775],
              [-3.563712, 37.204768],
              [-3.563585, 37.204733],
              [-3.563449, 37.204683],
              [-3.56325, 37.204662],
              [-3.563275, 37.20443],
              [-3.563481, 37.204146],
              [-3.563636, 37.204218],
              [-3.563717, 37.204116],
              [-3.563689, 37.204051],
              [-3.563724, 37.203935],
              [-3.563814, 37.203855],
              [-3.563895, 37.203775],
              [-3.563977, 37.203796],
              [-3.564134, 37.203624],
              [-3.564167, 37.203588],
              [-3.564206, 37.203524],
              [-3.564524, 37.203122],
              [-3.564625, 37.202982],
              [-3.564664, 37.202909],
              [-3.564634, 37.202817],
              [-3.564779, 37.202892],
              [-3.564974, 37.202641],
              [-3.565017, 37.202624],
              [-3.565314, 37.202401],
              [-3.565334, 37.202389],
              [-3.56551, 37.202279],
              [-3.565574, 37.20225],
              [-3.565712, 37.202188],
              [-3.565824, 37.202083],
              [-3.565851, 37.201975],
              [-3.565857, 37.201926],
              [-3.566476, 37.201909],
              [-3.566594, 37.201814],
              [-3.566728, 37.201637],
              [-3.566968, 37.201438],
              [-3.567081, 37.201383],
              [-3.567166, 37.201446],
              [-3.567323, 37.201337],
              [-3.567452, 37.201319],
              [-3.567474, 37.201259],
              [-3.567491, 37.201215],
              [-3.56744, 37.2012],
              [-3.567265, 37.201148],
              [-3.567538, 37.200755],
              [-3.567608, 37.200653],
              [-3.567616, 37.200642],
              [-3.567924, 37.200428],
              [-3.567986, 37.200379],
              [-3.568166, 37.200396],
              [-3.568466, 37.200498],
              [-3.568573, 37.200533],
              [-3.568686, 37.200497],
              [-3.568514, 37.200045],
              [-3.568502, 37.200011],
              [-3.568523, 37.199983],
              [-3.568764, 37.199663],
              [-3.568593, 37.19957],
              [-3.568445, 37.199461],
              [-3.568212, 37.199223],
              [-3.568011, 37.199324],
              [-3.567531, 37.199675],
              [-3.56779, 37.199946],
              [-3.567744, 37.199982],
              [-3.567648, 37.200058],
              [-3.567552, 37.200133],
              [-3.567456, 37.200209],
              [-3.567361, 37.200284],
              [-3.567265, 37.200359],
              [-3.567164, 37.200412],
              [-3.567063, 37.200464],
              [-3.566934, 37.200513],
              [-3.566805, 37.200561],
              [-3.566676, 37.20061],
              [-3.566547, 37.200658],
              [-3.566445, 37.200697],
              [-3.566296, 37.200776],
              [-3.566147, 37.200856],
              [-3.566021, 37.200956],
              [-3.565895, 37.201056],
              [-3.565816, 37.201152],
              [-3.565736, 37.201248],
              [-3.565656, 37.201344],
              [-3.565577, 37.20144],
              [-3.565469, 37.201574],
              [-3.56536, 37.201707],
              [-3.565252, 37.201841],
              [-3.565144, 37.201974],
              [-3.565036, 37.202108],
              [-3.564928, 37.202241],
              [-3.56482, 37.202374],
              [-3.564711, 37.202508],
              [-3.564611, 37.202596],
              [-3.56451, 37.202685],
              [-3.564409, 37.202773],
              [-3.564308, 37.202861],
              [-3.564216, 37.20292],
              [-3.564123, 37.202979],
              [-3.564031, 37.203038],
              [-3.563938, 37.203098],
              [-3.563761, 37.203143],
              [-3.563584, 37.203189],
              [-3.563458, 37.203209],
              [-3.563332, 37.203228],
              [-3.563206, 37.203247],
              [-3.56308, 37.203266],
              [-3.562954, 37.203285],
              [-3.562828, 37.203304],
              [-3.562702, 37.203324],
              [-3.562577, 37.203343],
              [-3.562416, 37.203373],
              [-3.562256, 37.203403],
              [-3.562093, 37.203447],
              [-3.56193, 37.20349],
              [-3.56183, 37.203549],
              [-3.561731, 37.203607],
              [-3.561631, 37.203666],
              [-3.561531, 37.203724],
              [-3.561432, 37.203783],
              [-3.561332, 37.203841],
              [-3.561233, 37.2039],
              [-3.561133, 37.203958],
              [-3.561213, 37.204079],
              [-3.561099, 37.204118],
              [-3.560985, 37.204157],
              [-3.560871, 37.204196],
              [-3.560758, 37.204235],
              [-3.56062, 37.204326],
              [-3.560483, 37.204416],
              [-3.560417, 37.204519],
              [-3.560352, 37.204622],
              [-3.560286, 37.204725],
              [-3.560221, 37.204828],
              [-3.560061, 37.204869],
              [-3.5599, 37.20491],
              [-3.559735, 37.205001],
              [-3.559569, 37.205092],
              [-3.559548, 37.205228],
              [-3.559526, 37.205363],
              [-3.559505, 37.205498],
              [-3.559483, 37.205634],
              [-3.55941, 37.205704],
              [-3.559338, 37.205774],
              [-3.559147, 37.205829],
              [-3.558955, 37.205884],
              [-3.558945, 37.205996],
              [-3.558934, 37.206107],
              [-3.558923, 37.206219],
              [-3.558912, 37.20633],
              [-3.558901, 37.206442],
              [-3.558891, 37.206554],
              [-3.55888, 37.206665],
              [-3.558869, 37.206777],
              [-3.558861, 37.206858],
              [-3.558806, 37.206962],
              [-3.55875, 37.207066],
              [-3.558628, 37.207105],
              [-3.558505, 37.207143],
              [-3.558383, 37.207182],
              [-3.558261, 37.207221],
              [-3.558134, 37.207231],
              [-3.558007, 37.20724],
              [-3.557892, 37.207207],
              [-3.5578, 37.207181],
              [-3.557784, 37.207224],
              [-3.557792, 37.20727],
              [-3.557815, 37.207359],
              [-3.557763, 37.207377],
              [-3.557643, 37.207306],
              [-3.557537, 37.207157],
              [-3.557425, 37.207086],
              [-3.557365, 37.207087],
              [-3.557202, 37.207111],
              [-3.557127, 37.207159],
              [-3.557105, 37.207231],
              [-3.557099, 37.207309],
              [-3.557054, 37.20738],
              [-3.556988, 37.207452],
              [-3.556951, 37.207554],
              [-3.556967, 37.207637],
              [-3.557057, 37.207684],
              [-3.557221, 37.207791],
              [-3.557303, 37.207785],
              [-3.557469, 37.208034],
              [-3.558064, 37.207835],
              [-3.558353, 37.207613],
              [-3.558397, 37.207505],
              [-3.558605, 37.207421],
              [-3.558821, 37.207342],
              [-3.558962, 37.207342],
              [-3.559022, 37.207383],
              [-3.559038, 37.207449],
              [-3.559001, 37.207514],
              [-3.558823, 37.20764],
              [-3.558765, 37.207813],
              [-3.558817, 37.207879],
              [-3.558588, 37.208083],
              [-3.55798, 37.208503],
              [-3.557912, 37.208461],
              [-3.557853, 37.208509],
              [-3.557876, 37.208611],
              [-3.557906, 37.208688],
              [-3.557877, 37.20876],
              [-3.557818, 37.208802],
              [-3.557677, 37.208862],
              [-3.557639, 37.208761],
              [-3.557489, 37.20879],
              [-3.557528, 37.20891],
              [-3.557394, 37.208965],
              [-3.557296, 37.208822],
              [-3.557131, 37.208704],
              [-3.556882, 37.208953],
              [-3.556814, 37.208991],
              [-3.556802, 37.209033],
              [-3.5568, 37.20904],
              [-3.556762, 37.209175],
              [-3.556723, 37.209317],
              [-3.556683, 37.20946],
              [-3.556571, 37.209582],
              [-3.556459, 37.209704],
              [-3.556362, 37.20977],
              [-3.556264, 37.209835],
              [-3.556129, 37.209926],
              [-3.555994, 37.210017],
              [-3.555866, 37.210124],
              [-3.555739, 37.21023],
              [-3.555611, 37.210337],
              [-3.555484, 37.210443],
              [-3.555462, 37.210513],
              [-3.555354, 37.210509],
              [-3.555314, 37.210606],
              [-3.55523, 37.210707],
              [-3.555078, 37.210791],
              [-3.554809, 37.210886],
              [-3.554873, 37.211119],
              [-3.555217, 37.211055],
              [-3.555272, 37.211389],
              [-3.554564, 37.211423],
              [-3.554667, 37.212251],
              [-3.555412, 37.2122],
              [-3.555437, 37.212432],
              [-3.55525, 37.212475],
              [-3.555288, 37.212819],
              [-3.555329, 37.21285],
              [-3.555502, 37.212706],
              [-3.555623, 37.212605],
              [-3.555643, 37.212588],
              [-3.555602, 37.212557],
              [-3.555578, 37.212431],
              [-3.555517, 37.212229],
              [-3.555861, 37.212317],
              [-3.555867, 37.21235],
              [-3.555875, 37.212395],
              [-3.555857, 37.212471],
              [-3.555826, 37.212595],
              [-3.555721, 37.212853],
              [-3.555716, 37.21292],
              [-3.555783, 37.212894],
              [-3.555804, 37.212932]
            ]
          ]
        ]
      }
    },
    {
      "type": "Feature",
      "properties": {
        "id": "figares",
        "name": "Fígares",
        "cityId": "granada"
      },
      "geometry": {
        "type": "Polygon",
        "coordinates": [
          [
            [-3.60264, 37.172022],
            [-3.602532, 37.171907],
            [-3.607091, 37.169536],
            [-3.60888, 37.167958],
            [-3.610324, 37.167961],
            [-3.610604, 37.167837],
            [-3.610667, 37.167748],
            [-3.610687, 37.167539],
            [-3.610522, 37.167361],
            [-3.610393, 37.167314],
            [-3.610328, 37.16729],
            [-3.6102, 37.167106],
            [-3.610146, 37.166021],
            [-3.610244, 37.165234],
            [-3.610321, 37.164619],
            [-3.61047, 37.163688],
            [-3.610775, 37.162631],
            [-3.61038, 37.162651],
            [-3.610366, 37.162656],
            [-3.610012, 37.162781],
            [-3.609377, 37.163026],
            [-3.608657, 37.16334],
            [-3.608367, 37.162977],
            [-3.608088, 37.162828],
            [-3.608562, 37.162247],
            [-3.608594, 37.162168],
            [-3.607211, 37.161504],
            [-3.607668, 37.160975],
            [-3.605658, 37.159904],
            [-3.605502, 37.160119],
            [-3.604252, 37.161217],
            [-3.601435, 37.163141],
            [-3.598548, 37.166199],
            [-3.598364, 37.166449],
            [-3.598237, 37.16662],
            [-3.597143, 37.167067],
            [-3.596596, 37.167336],
            [-3.596402, 37.167562],
            [-3.596332, 37.167818],
            [-3.596364, 37.168083],
            [-3.596419, 37.168058],
            [-3.596459, 37.168466],
            [-3.598613, 37.171265],
            [-3.599843, 37.173597],
            [-3.600092, 37.173401],
            [-3.60264, 37.172022]
          ]
        ]
      }
    },
    {
      "type": "Feature",
      "properties": {
        "id": "haza-grande",
        "name": "Haza Grande",
        "cityId": "granada"
      },
      "geometry": {
        "type": "Polygon",
        "coordinates": [
          [
            [-3.589085, 37.189676],
            [-3.589116, 37.189712],
            [-3.589105, 37.189711],
            [-3.588981, 37.189748],
            [-3.588899, 37.189846],
            [-3.588817, 37.189945],
            [-3.588734, 37.190043],
            [-3.588652, 37.190142],
            [-3.588603, 37.190229],
            [-3.588553, 37.190316],
            [-3.588504, 37.190403],
            [-3.588455, 37.19049],
            [-3.588405, 37.190577],
            [-3.588356, 37.190664],
            [-3.588307, 37.190751],
            [-3.588257, 37.190838],
            [-3.588192, 37.190924],
            [-3.588126, 37.191009],
            [-3.588061, 37.191095],
            [-3.587995, 37.191181],
            [-3.587964, 37.191286],
            [-3.587948, 37.191354],
            [-3.587918, 37.191508],
            [-3.588014, 37.191588],
            [-3.588136, 37.191507],
            [-3.588311, 37.191553],
            [-3.588422, 37.191373],
            [-3.58848, 37.191284],
            [-3.588643, 37.191174],
            [-3.588729, 37.191043],
            [-3.588816, 37.190911],
            [-3.588957, 37.190969],
            [-3.589086, 37.190856],
            [-3.589214, 37.190743],
            [-3.589285, 37.190823],
            [-3.589356, 37.190904],
            [-3.589501, 37.190805],
            [-3.589645, 37.190707],
            [-3.589789, 37.190608],
            [-3.589907, 37.190527],
            [-3.58999, 37.190587],
            [-3.590117, 37.190488],
            [-3.590222, 37.190381],
            [-3.590317, 37.190279],
            [-3.590476, 37.190172],
            [-3.590651, 37.190103],
            [-3.590926, 37.190052],
            [-3.590936, 37.190101],
            [-3.590956, 37.190202],
            [-3.591075, 37.19022],
            [-3.591193, 37.190237],
            [-3.59134, 37.190311],
            [-3.591487, 37.190384],
            [-3.591634, 37.190458],
            [-3.591782, 37.190532],
            [-3.591815, 37.190545],
            [-3.591893, 37.190414],
            [-3.591971, 37.190283],
            [-3.592034, 37.190404],
            [-3.592097, 37.190526],
            [-3.592213, 37.190575],
            [-3.592329, 37.190624],
            [-3.592447, 37.190618],
            [-3.592453, 37.190628],
            [-3.592505, 37.190712],
            [-3.592561, 37.1908],
            [-3.592423, 37.19086],
            [-3.592343, 37.190899],
            [-3.592275, 37.190954],
            [-3.592093, 37.190904],
            [-3.59203, 37.190926],
            [-3.591699, 37.190829],
            [-3.591605, 37.191021],
            [-3.591553, 37.191141],
            [-3.591554, 37.191311],
            [-3.591847, 37.191369],
            [-3.592219, 37.191363],
            [-3.592289, 37.191435],
            [-3.592595, 37.191744],
            [-3.592786, 37.191726],
            [-3.592624, 37.190553],
            [-3.592706, 37.190215],
            [-3.593123, 37.189762],
            [-3.593295, 37.189524],
            [-3.596667, 37.189009],
            [-3.597465, 37.188578],
            [-3.597729, 37.188149],
            [-3.598262, 37.187906],
            [-3.599451, 37.188007],
            [-3.599017, 37.187262],
            [-3.59903, 37.187011],
            [-3.599265, 37.186519],
            [-3.599248, 37.186245],
            [-3.599068, 37.186114],
            [-3.598709, 37.186116],
            [-3.598306, 37.18613],
            [-3.598066, 37.186059],
            [-3.597494, 37.185465],
            [-3.59718, 37.185347],
            [-3.596612, 37.185374],
            [-3.596183, 37.185234],
            [-3.596178, 37.185232],
            [-3.594664, 37.186411],
            [-3.594024, 37.186761],
            [-3.593158, 37.186825],
            [-3.591532, 37.187012],
            [-3.591324, 37.187228],
            [-3.590907, 37.187434],
            [-3.590508, 37.187866],
            [-3.590155, 37.188585],
            [-3.589873, 37.188885],
            [-3.589654, 37.189531],
            [-3.589371, 37.189688],
            [-3.589085, 37.189676]
          ]
        ]
      }
    },
    {
      "type": "Feature",
      "properties": {
        "id": "joaquina-eguaras",
        "name": "Joaquina Eguaras",
        "cityId": "granada"
      },
      "geometry": {
        "type": "Polygon",
        "coordinates": [
          [
            [-3.609306, 37.207412],
            [-3.61656, 37.203268],
            [-3.612531, 37.199282],
            [-3.612659, 37.199227],
            [-3.612613, 37.199185],
            [-3.610223, 37.197007],
            [-3.610166, 37.196956],
            [-3.604235, 37.198759],
            [-3.604239, 37.198944],
            [-3.60437, 37.198902],
            [-3.604365, 37.199081],
            [-3.605869, 37.202159],
            [-3.606069, 37.202568],
            [-3.609306, 37.207412]
          ]
        ]
      }
    },
    {
      "type": "Feature",
      "properties": {
        "id": "la-cruz",
        "name": "La Cruz",
        "cityId": "granada"
      },
      "geometry": {
        "type": "Polygon",
        "coordinates": [
          [
            [-3.61656, 37.203268],
            [-3.620421, 37.207299],
            [-3.620494, 37.207206],
            [-3.620566, 37.206364],
            [-3.620623, 37.206278],
            [-3.620662, 37.206179],
            [-3.620664, 37.20596],
            [-3.620703, 37.205562],
            [-3.621243, 37.205191],
            [-3.620637, 37.204492],
            [-3.624683, 37.201812],
            [-3.624527, 37.201561],
            [-3.624553, 37.201557],
            [-3.621662, 37.196279],
            [-3.618596, 37.194842],
            [-3.617372, 37.193735],
            [-3.617392, 37.193722],
            [-3.614981, 37.191108],
            [-3.614949, 37.191116],
            [-3.614979, 37.191455],
            [-3.611464, 37.189058],
            [-3.61101, 37.189565],
            [-3.610463, 37.190552],
            [-3.609768, 37.191096],
            [-3.60837, 37.191432],
            [-3.607865, 37.19155],
            [-3.607736, 37.191666],
            [-3.608115, 37.192673],
            [-3.608507, 37.194163],
            [-3.609356, 37.19562],
            [-3.610223, 37.197007],
            [-3.612613, 37.199185],
            [-3.612659, 37.199227],
            [-3.612531, 37.199282],
            [-3.61656, 37.203268]
          ]
        ]
      }
    },
    {
      "type": "Feature",
      "properties": {
        "id": "la-paz",
        "name": "La Paz",
        "cityId": "granada"
      },
      "geometry": {
        "type": "Polygon",
        "coordinates": [
          [
            [-3.604004, 37.207759],
            [-3.607623, 37.207754],
            [-3.608418, 37.207668],
            [-3.609309, 37.207417],
            [-3.609306, 37.207412],
            [-3.606069, 37.202568],
            [-3.605869, 37.202159],
            [-3.604365, 37.199081],
            [-3.604266, 37.202816],
            [-3.603872, 37.204374],
            [-3.604149, 37.207324],
            [-3.604004, 37.207759]
          ]
        ]
      }
    },
    {
      "type": "Feature",
      "properties": {
        "id": "lancha-del-genil",
        "name": "Lancha del Genil",
        "cityId": "granada"
      },
      "geometry": {
        "type": "Polygon",
        "coordinates": [
          [
            [-3.568254, 37.164339],
            [-3.567483, 37.164408],
            [-3.567394, 37.164204],
            [-3.567056, 37.164071],
            [-3.56662, 37.164051],
            [-3.566338, 37.163906],
            [-3.566057, 37.163896],
            [-3.565608, 37.163898],
            [-3.565324, 37.163906],
            [-3.565344, 37.163883],
            [-3.565434, 37.163552],
            [-3.565432, 37.163552],
            [-3.565579, 37.163159],
            [-3.565583, 37.16316],
            [-3.565613, 37.163166],
            [-3.565754, 37.163197],
            [-3.565951, 37.163201],
            [-3.566213, 37.163184],
            [-3.566985, 37.163143],
            [-3.567009, 37.163247],
            [-3.567054, 37.163295],
            [-3.567115, 37.16339],
            [-3.567211, 37.163378],
            [-3.567203, 37.163252],
            [-3.567195, 37.163132],
            [-3.567493, 37.163076],
            [-3.567762, 37.162949],
            [-3.567858, 37.162885],
            [-3.567992, 37.162785],
            [-3.568072, 37.16272],
            [-3.568098, 37.162699],
            [-3.568177, 37.162654],
            [-3.568177, 37.162665],
            [-3.568204, 37.162482],
            [-3.568063, 37.162515],
            [-3.567962, 37.16256],
            [-3.567805, 37.16266],
            [-3.567735, 37.162684],
            [-3.567668, 37.162706],
            [-3.56751, 37.162464],
            [-3.567465, 37.162482],
            [-3.567436, 37.162595],
            [-3.567513, 37.162766],
            [-3.567434, 37.162779],
            [-3.567097, 37.162803],
            [-3.566693, 37.162838],
            [-3.566566, 37.162784],
            [-3.566505, 37.162772],
            [-3.566335, 37.162738],
            [-3.566312, 37.162619],
            [-3.566326, 37.162583],
            [-3.566326, 37.162523],
            [-3.566132, 37.162524],
            [-3.566103, 37.16259],
            [-3.566126, 37.162685],
            [-3.566021, 37.162668],
            [-3.56591, 37.16265],
            [-3.565768, 37.162663],
            [-3.565679, 37.16264],
            [-3.565619, 37.162586],
            [-3.56547, 37.162605],
            [-3.56544, 37.162665],
            [-3.565552, 37.162658],
            [-3.565642, 37.162705],
            [-3.565787, 37.16279],
            [-3.565717, 37.162841],
            [-3.565539, 37.162926],
            [-3.565382, 37.162874],
            [-3.565174, 37.162875],
            [-3.565032, 37.162839],
            [-3.56483, 37.162793],
            [-3.56463, 37.162774],
            [-3.564391, 37.162775],
            [-3.564002, 37.162624],
            [-3.564037, 37.162349],
            [-3.564037, 37.16223],
            [-3.56436, 37.161602],
            [-3.563227, 37.161614],
            [-3.563095, 37.161847],
            [-3.563214, 37.16187],
            [-3.563349, 37.161929],
            [-3.563521, 37.162006],
            [-3.563514, 37.162119],
            [-3.563485, 37.162203],
            [-3.563381, 37.162293],
            [-3.563202, 37.162234],
            [-3.563136, 37.162324],
            [-3.563368, 37.162424],
            [-3.563361, 37.16249],
            [-3.56357, 37.162614],
            [-3.563825, 37.162682],
            [-3.563612, 37.162744],
            [-3.563201, 37.162729],
            [-3.562982, 37.162688],
            [-3.562929, 37.162664],
            [-3.562971, 37.162353],
            [-3.562609, 37.16229],
            [-3.562636, 37.16216],
            [-3.562291, 37.162088],
            [-3.562262, 37.162036],
            [-3.562098, 37.161995],
            [-3.562009, 37.162043],
            [-3.561875, 37.162061],
            [-3.561577, 37.162021],
            [-3.561525, 37.162117],
            [-3.561272, 37.162136],
            [-3.561049, 37.162161],
            [-3.561058, 37.162423],
            [-3.561156, 37.162479],
            [-3.561372, 37.162517],
            [-3.561372, 37.162636],
            [-3.561366, 37.162638],
            [-3.561121, 37.16271],
            [-3.560718, 37.162716],
            [-3.560711, 37.162716],
            [-3.560612, 37.162718],
            [-3.560505, 37.162718],
            [-3.560399, 37.162717],
            [-3.560293, 37.162714],
            [-3.560187, 37.16271],
            [-3.560081, 37.162704],
            [-3.559975, 37.162696],
            [-3.559869, 37.162688],
            [-3.559764, 37.162677],
            [-3.559659, 37.162666],
            [-3.559554, 37.162653],
            [-3.559449, 37.162638],
            [-3.559345, 37.162622],
            [-3.559241, 37.162604],
            [-3.559137, 37.162585],
            [-3.559034, 37.162565],
            [-3.558932, 37.162543],
            [-3.558829, 37.16252],
            [-3.558728, 37.162495],
            [-3.558603, 37.162462],
            [-3.558497, 37.162436],
            [-3.557702, 37.162208],
            [-3.557654, 37.162194],
            [-3.557505, 37.162144],
            [-3.557473, 37.162134],
            [-3.557416, 37.162117],
            [-3.557359, 37.162101],
            [-3.557302, 37.162085],
            [-3.557244, 37.162071],
            [-3.557186, 37.162057],
            [-3.557127, 37.162044],
            [-3.557069, 37.162032],
            [-3.55701, 37.162021],
            [-3.556951, 37.16201],
            [-3.556891, 37.162001],
            [-3.556832, 37.161992],
            [-3.556772, 37.161984],
            [-3.556712, 37.161977],
            [-3.556652, 37.16197],
            [-3.556592, 37.161965],
            [-3.556233, 37.161853],
            [-3.556204, 37.161844],
            [-3.556203, 37.161843],
            [-3.555606, 37.161614],
            [-3.555083, 37.161324],
            [-3.554522, 37.161076],
            [-3.554246, 37.16106],
            [-3.553874, 37.161068],
            [-3.553101, 37.161357],
            [-3.552656, 37.161538],
            [-3.552625, 37.161413],
            [-3.552521, 37.161414],
            [-3.552477, 37.161521],
            [-3.552276, 37.161564],
            [-3.552322, 37.161749],
            [-3.55152, 37.162187],
            [-3.55126, 37.162296],
            [-3.551055, 37.162222],
            [-3.550731, 37.162131],
            [-3.550785, 37.161957],
            [-3.550669, 37.161902],
            [-3.550727, 37.161609],
            [-3.550695, 37.16155],
            [-3.549973, 37.161457],
            [-3.549914, 37.161679],
            [-3.54981, 37.161939],
            [-3.549986, 37.162034],
            [-3.550273, 37.162092],
            [-3.550593, 37.162139],
            [-3.550598, 37.162224],
            [-3.550571, 37.16232],
            [-3.550507, 37.162488],
            [-3.550353, 37.162485],
            [-3.5496, 37.162357],
            [-3.54898, 37.162193],
            [-3.548942, 37.162074],
            [-3.549141, 37.161787],
            [-3.549191, 37.161519],
            [-3.549428, 37.161321],
            [-3.549741, 37.161361],
            [-3.549843, 37.161015],
            [-3.549485, 37.160927],
            [-3.549426, 37.161017],
            [-3.549286, 37.161262],
            [-3.548928, 37.16115],
            [-3.548847, 37.161258],
            [-3.548649, 37.161194],
            [-3.54852, 37.161476],
            [-3.548722, 37.161551],
            [-3.548649, 37.161736],
            [-3.548466, 37.162039],
            [-3.548376, 37.162149],
            [-3.548268, 37.16213],
            [-3.548214, 37.16212],
            [-3.547913, 37.1627],
            [-3.547871, 37.162781],
            [-3.547993, 37.162798],
            [-3.548085, 37.162837],
            [-3.548149, 37.162817],
            [-3.548217, 37.1628],
            [-3.548274, 37.162778],
            [-3.548306, 37.162756],
            [-3.548316, 37.162747],
            [-3.548426, 37.162727],
            [-3.549584, 37.162944],
            [-3.549736, 37.162885],
            [-3.549779, 37.162731],
            [-3.54987, 37.162744],
            [-3.550049, 37.162681],
            [-3.550094, 37.162604],
            [-3.550427, 37.16267],
            [-3.550489, 37.162719],
            [-3.550405, 37.16281],
            [-3.550501, 37.162877],
            [-3.550445, 37.162936],
            [-3.550609, 37.163029],
            [-3.550727, 37.162943],
            [-3.550964, 37.163032],
            [-3.551031, 37.162955],
            [-3.551127, 37.163],
            [-3.551274, 37.162986],
            [-3.551347, 37.162985],
            [-3.55138, 37.162929],
            [-3.551408, 37.162882],
            [-3.551419, 37.162836],
            [-3.552878, 37.162852],
            [-3.553008, 37.162854],
            [-3.553112, 37.162818],
            [-3.553194, 37.16283],
            [-3.553434, 37.163226],
            [-3.553435, 37.163228],
            [-3.553376, 37.163276],
            [-3.553242, 37.163346],
            [-3.553186, 37.163473],
            [-3.553152, 37.163502],
            [-3.553288, 37.163509],
            [-3.553415, 37.163538],
            [-3.553475, 37.163615],
            [-3.553528, 37.163734],
            [-3.553694, 37.163855],
            [-3.553747, 37.163853],
            [-3.553945, 37.163799],
            [-3.554264, 37.163711],
            [-3.55441, 37.163688],
            [-3.554479, 37.163686],
            [-3.554486, 37.163685],
            [-3.554504, 37.163677],
            [-3.554523, 37.163671],
            [-3.554753, 37.16368],
            [-3.554913, 37.163722],
            [-3.554973, 37.163789],
            [-3.554998, 37.163955],
            [-3.555071, 37.164093],
            [-3.555155, 37.164226],
            [-3.55528, 37.16433],
            [-3.555382, 37.164367],
            [-3.555548, 37.164366],
            [-3.555792, 37.16437],
            [-3.556001, 37.164431],
            [-3.556174, 37.16454],
            [-3.556359, 37.164672],
            [-3.55655, 37.164819],
            [-3.556706, 37.164908],
            [-3.556873, 37.164993],
            [-3.557021, 37.165032],
            [-3.557017, 37.165052],
            [-3.557678, 37.16515],
            [-3.558003, 37.165306],
            [-3.558257, 37.165518],
            [-3.558386, 37.165776],
            [-3.558625, 37.165843],
            [-3.558793, 37.165752],
            [-3.559144, 37.165761],
            [-3.559651, 37.165939],
            [-3.560002, 37.165904],
            [-3.560268, 37.165666],
            [-3.560617, 37.165473],
            [-3.561881, 37.165332],
            [-3.562316, 37.165252],
            [-3.562441, 37.165026],
            [-3.562892, 37.16526],
            [-3.563497, 37.165314],
            [-3.564578, 37.165263],
            [-3.565153, 37.16507],
            [-3.56598, 37.164886],
            [-3.566239, 37.164966],
            [-3.566445, 37.16503],
            [-3.566908, 37.1651],
            [-3.567836, 37.165247],
            [-3.567774, 37.165225],
            [-3.567941, 37.164994],
            [-3.568146, 37.164834],
            [-3.568153, 37.164792],
            [-3.568152, 37.164667],
            [-3.568218, 37.1645],
            [-3.568254, 37.164339]
          ],
          [
            [-3.559207, 37.162998],
            [-3.559394, 37.163081],
            [-3.559356, 37.163209],
            [-3.559346, 37.163352],
            [-3.55918, 37.163697],
            [-3.559243, 37.163805],
            [-3.559308, 37.163865],
            [-3.559416, 37.163954],
            [-3.559678, 37.164424],
            [-3.559629, 37.164471],
            [-3.55958, 37.164472],
            [-3.5595, 37.164429],
            [-3.559344, 37.164416],
            [-3.559282, 37.164441],
            [-3.559261, 37.164512],
            [-3.559372, 37.164533],
            [-3.559393, 37.164561],
            [-3.559163, 37.164558],
            [-3.558986, 37.1646],
            [-3.558986, 37.164574],
            [-3.558937, 37.164389],
            [-3.558865, 37.164237],
            [-3.558751, 37.164133],
            [-3.558602, 37.164067],
            [-3.558453, 37.164025],
            [-3.558226, 37.163959],
            [-3.558024, 37.163922],
            [-3.558168, 37.163571],
            [-3.558486, 37.163621],
            [-3.558593, 37.163579],
            [-3.558674, 37.163388],
            [-3.558843, 37.163018],
            [-3.558901, 37.162916],
            [-3.559207, 37.162998]
          ]
        ]
      }
    },
    {
      "type": "Feature",
      "properties": {
        "id": "pajaritos",
        "name": "Pajaritos",
        "cityId": "granada"
      },
      "geometry": {
        "type": "Polygon",
        "coordinates": [
          [
            [-3.614652, 37.189474],
            [-3.614909, 37.184971],
            [-3.61491, 37.184961],
            [-3.614382, 37.184131],
            [-3.613641, 37.182964],
            [-3.61361, 37.182916],
            [-3.612746, 37.183197],
            [-3.609793, 37.178109],
            [-3.608799, 37.178891],
            [-3.606452, 37.180734],
            [-3.604645, 37.184262],
            [-3.604641, 37.18427],
            [-3.610145, 37.186943],
            [-3.610701, 37.187106],
            [-3.610962, 37.187291],
            [-3.610705, 37.187714],
            [-3.611584, 37.188925],
            [-3.611464, 37.189058],
            [-3.614979, 37.191455],
            [-3.614949, 37.191116],
            [-3.614606, 37.190288],
            [-3.614652, 37.189474]
          ]
        ]
      }
    },
    {
      "type": "Feature",
      "properties": {
        "id": "parque-nueva-granada",
        "name": "Parque Nueva Granada",
        "cityId": "granada"
      },
      "geometry": {
        "type": "Polygon",
        "coordinates": [
          [
            [-3.599124, 37.200352],
            [-3.599093, 37.200361],
            [-3.598638, 37.200649],
            [-3.598177, 37.200994],
            [-3.598027, 37.201023],
            [-3.597273, 37.200564],
            [-3.597165, 37.200428],
            [-3.597027, 37.200063],
            [-3.596654, 37.199836],
            [-3.595869, 37.199312],
            [-3.595678, 37.199299],
            [-3.595344, 37.199432],
            [-3.594736, 37.199914],
            [-3.594487, 37.200035],
            [-3.594242, 37.200154],
            [-3.593214, 37.200673],
            [-3.592161, 37.201409],
            [-3.591922, 37.201622],
            [-3.590789, 37.20132],
            [-3.590511, 37.202706],
            [-3.590764, 37.204225],
            [-3.591571, 37.205953],
            [-3.592031, 37.206374],
            [-3.591867, 37.206837],
            [-3.593015, 37.206937],
            [-3.592935, 37.207321],
            [-3.592978, 37.207452],
            [-3.593213, 37.207483],
            [-3.593276, 37.207166],
            [-3.593656, 37.207217],
            [-3.593998, 37.207247],
            [-3.59442, 37.207342],
            [-3.595454, 37.207461],
            [-3.595161, 37.207839],
            [-3.595336, 37.207925],
            [-3.595176, 37.208132],
            [-3.595973, 37.208527],
            [-3.596064, 37.208419],
            [-3.596713, 37.207646],
            [-3.596724, 37.207652],
            [-3.596731, 37.207625],
            [-3.596731, 37.207624],
            [-3.596913, 37.207167],
            [-3.597582, 37.202981],
            [-3.597635, 37.202922],
            [-3.597788, 37.202378],
            [-3.598061, 37.201731],
            [-3.598506, 37.201135],
            [-3.599087, 37.200487],
            [-3.599236, 37.20032],
            [-3.599124, 37.200352]
          ]
        ]
      }
    },
    {
      "type": "Feature",
      "properties": {
        "id": "plaza-de-toros-doctores-san-lazaro",
        "name": "Plaza de Toros-Doctores-San Lázaro",
        "cityId": "granada"
      },
      "geometry": {
        "type": "Polygon",
        "coordinates": [
          [
            [-3.611464, 37.189058],
            [-3.611584, 37.188925],
            [-3.610705, 37.187714],
            [-3.610962, 37.187291],
            [-3.610701, 37.187106],
            [-3.610145, 37.186943],
            [-3.604641, 37.18427],
            [-3.604596, 37.184249],
            [-3.603746, 37.186628],
            [-3.603895, 37.186963],
            [-3.603943, 37.187071],
            [-3.604921, 37.18865],
            [-3.605549, 37.189336],
            [-3.605871, 37.189688],
            [-3.606892, 37.190686],
            [-3.607726, 37.191639],
            [-3.607736, 37.191666],
            [-3.607865, 37.19155],
            [-3.60837, 37.191432],
            [-3.609768, 37.191096],
            [-3.610463, 37.190552],
            [-3.61101, 37.189565],
            [-3.611464, 37.189058]
          ]
        ]
      }
    },
    {
      "type": "Feature",
      "properties": {
        "id": "rey-badis",
        "name": "Rey Badis",
        "cityId": "granada"
      },
      "geometry": {
        "type": "Polygon",
        "coordinates": [
          [
            [-3.604004, 37.207759],
            [-3.603897, 37.208082],
            [-3.603792, 37.208623],
            [-3.603753, 37.208691],
            [-3.603768, 37.208694],
            [-3.603787, 37.208697],
            [-3.6036, 37.209431],
            [-3.603532, 37.209632],
            [-3.603195, 37.210271],
            [-3.60311, 37.210545],
            [-3.603025, 37.210715],
            [-3.602793, 37.211039],
            [-3.602649, 37.211135],
            [-3.60266, 37.211217],
            [-3.602812, 37.211204],
            [-3.603154, 37.211123],
            [-3.603385, 37.21105],
            [-3.603436, 37.210948],
            [-3.603681, 37.210848],
            [-3.603896, 37.210773],
            [-3.604021, 37.210582],
            [-3.604061, 37.210567],
            [-3.604334, 37.2111],
            [-3.605296, 37.211902],
            [-3.606515, 37.212463],
            [-3.606516, 37.212542],
            [-3.606848, 37.212546],
            [-3.607314, 37.212575],
            [-3.607813, 37.212578],
            [-3.60869, 37.212531],
            [-3.609348, 37.212464],
            [-3.609687, 37.21243],
            [-3.609952, 37.212333],
            [-3.610169, 37.212328],
            [-3.609801, 37.209245],
            [-3.609346, 37.207406],
            [-3.609309, 37.207417],
            [-3.608418, 37.207668],
            [-3.607623, 37.207754],
            [-3.604004, 37.207759]
          ]
        ]
      }
    },
    {
      "type": "Feature",
      "properties": {
        "id": "rosaleda",
        "name": "Rosaleda",
        "cityId": "granada"
      },
      "geometry": {
        "type": "Polygon",
        "coordinates": [
          [
            [-3.613641, 37.182964],
            [-3.614382, 37.184131],
            [-3.61491, 37.184961],
            [-3.614909, 37.184971],
            [-3.623775, 37.186768],
            [-3.628773, 37.18831],
            [-3.633031, 37.190144],
            [-3.633032, 37.190142],
            [-3.633066, 37.189971],
            [-3.633092, 37.189799],
            [-3.633108, 37.189626],
            [-3.633116, 37.189453],
            [-3.633114, 37.189279],
            [-3.633104, 37.189106],
            [-3.633084, 37.188934],
            [-3.633056, 37.188762],
            [-3.633019, 37.188591],
            [-3.632973, 37.188422],
            [-3.632918, 37.188254],
            [-3.632854, 37.188088],
            [-3.632782, 37.187925],
            [-3.632701, 37.187764],
            [-3.632612, 37.187606],
            [-3.632515, 37.187451],
            [-3.63241, 37.1873],
            [-3.632298, 37.187152],
            [-3.632177, 37.187007],
            [-3.632049, 37.186867],
            [-3.631914, 37.186732],
            [-3.631773, 37.186601],
            [-3.631624, 37.186475],
            [-3.631469, 37.186354],
            [-3.631308, 37.186238],
            [-3.631141, 37.186127],
            [-3.630968, 37.186023],
            [-3.63079, 37.185924],
            [-3.630607, 37.185831],
            [-3.630533, 37.185796],
            [-3.628879, 37.184957],
            [-3.625257, 37.183438],
            [-3.622759, 37.18241],
            [-3.622349, 37.182241],
            [-3.621637, 37.18178],
            [-3.621035, 37.181968],
            [-3.620857, 37.18202],
            [-3.620688, 37.181913],
            [-3.620358, 37.181659],
            [-3.62039, 37.181542],
            [-3.620372, 37.181252],
            [-3.620365, 37.181131],
            [-3.620015, 37.181174],
            [-3.619678, 37.181003],
            [-3.619552, 37.181075],
            [-3.61896, 37.180691],
            [-3.618467, 37.180479],
            [-3.617584, 37.180114],
            [-3.61698, 37.179986],
            [-3.616996, 37.179946],
            [-3.616398, 37.179836],
            [-3.615263, 37.181698],
            [-3.61433, 37.181496],
            [-3.613045, 37.181947],
            [-3.613641, 37.182964]
          ]
        ]
      }
    },
    {
      "type": "Feature",
      "properties": {
        "id": "sacromonte",
        "name": "Sacromonte",
        "cityId": "granada"
      },
      "geometry": {
        "type": "MultiPolygon",
        "coordinates": [
          [
            [
              [-3.576924, 37.183803],
              [-3.578237, 37.183699],
              [-3.578518, 37.183698],
              [-3.57854, 37.183582],
              [-3.578547, 37.18343],
              [-3.578477, 37.183321],
              [-3.578339, 37.18314],
              [-3.578284, 37.182872],
              [-3.578183, 37.182606],
              [-3.577887, 37.182607],
              [-3.577659, 37.182608],
              [-3.577393, 37.182561],
              [-3.577127, 37.182562],
              [-3.576861, 37.182563],
              [-3.576702, 37.182619],
              [-3.576566, 37.182711],
              [-3.576255, 37.1827],
              [-3.576019, 37.182659],
              [-3.575813, 37.182514],
              [-3.575675, 37.182356],
              [-3.575659, 37.182259],
              [-3.575689, 37.18215],
              [-3.575749, 37.182076],
              [-3.575915, 37.182027],
              [-3.576113, 37.18202],
              [-3.576424, 37.181994],
              [-3.576622, 37.181981],
              [-3.576758, 37.18198],
              [-3.576948, 37.181992],
              [-3.577146, 37.182009],
              [-3.577228, 37.181802],
              [-3.577219, 37.181668],
              [-3.577165, 37.181517],
              [-3.577102, 37.181286],
              [-3.576328, 37.18129],
              [-3.576298, 37.181405],
              [-3.576169, 37.181412],
              [-3.575956, 37.181413],
              [-3.57582, 37.181402],
              [-3.575592, 37.18139],
              [-3.575432, 37.181397],
              [-3.575258, 37.181435],
              [-3.575129, 37.181447],
              [-3.575007, 37.181381],
              [-3.574938, 37.181388],
              [-3.574947, 37.181485],
              [-3.574849, 37.18157],
              [-3.57475, 37.181607],
              [-3.574455, 37.1817],
              [-3.574242, 37.181737],
              [-3.57406, 37.181769],
              [-3.573848, 37.181794],
              [-3.57391, 37.181994],
              [-3.573561, 37.182063],
              [-3.573601, 37.182318],
              [-3.573769, 37.182402],
              [-3.573997, 37.182444],
              [-3.574399, 37.182405],
              [-3.574423, 37.182484],
              [-3.574673, 37.182477],
              [-3.574705, 37.182707],
              [-3.574941, 37.182706],
              [-3.574949, 37.182797],
              [-3.574874, 37.182907],
              [-3.574768, 37.183023],
              [-3.574892, 37.183272],
              [-3.575043, 37.183222],
              [-3.575096, 37.183137],
              [-3.575217, 37.183118],
              [-3.575338, 37.183008],
              [-3.575475, 37.183038],
              [-3.575582, 37.183165],
              [-3.575772, 37.183085],
              [-3.575726, 37.183019],
              [-3.575938, 37.182932],
              [-3.576007, 37.183042],
              [-3.57616, 37.183217],
              [-3.576282, 37.183314],
              [-3.576533, 37.183385],
              [-3.576875, 37.183384],
              [-3.576924, 37.183803]
            ]
          ],
          [
            [
              [-3.586993, 37.179326],
              [-3.586985, 37.179349],
              [-3.586949, 37.179522],
              [-3.586764, 37.179589],
              [-3.5866, 37.179685],
              [-3.586594, 37.179864],
              [-3.58673, 37.180084],
              [-3.586776, 37.180233],
              [-3.586777, 37.180322],
              [-3.586584, 37.180419],
              [-3.58639, 37.180479],
              [-3.586034, 37.180612],
              [-3.585826, 37.180786],
              [-3.585939, 37.180887],
              [-3.58582, 37.180977],
              [-3.585701, 37.181001],
              [-3.585531, 37.181139],
              [-3.585309, 37.181278],
              [-3.585071, 37.181416],
              [-3.584855, 37.181471],
              [-3.584654, 37.18146],
              [-3.584646, 37.181406],
              [-3.584646, 37.181317],
              [-3.584571, 37.181251],
              [-3.58451, 37.18118],
              [-3.584391, 37.181127],
              [-3.584177, 37.181361],
              [-3.584132, 37.181391],
              [-3.584013, 37.181463],
              [-3.583849, 37.18138],
              [-3.583885, 37.181302],
              [-3.583646, 37.181184],
              [-3.583638, 37.181149],
              [-3.583496, 37.181102],
              [-3.58328, 37.181043],
              [-3.583056, 37.180979],
              [-3.582817, 37.180974],
              [-3.582805, 37.181012],
              [-3.582522, 37.181026],
              [-3.582303, 37.181149],
              [-3.582152, 37.181333],
              [-3.582034, 37.181374],
              [-3.581729, 37.181382],
              [-3.581331, 37.181269],
              [-3.581321, 37.181059],
              [-3.581107, 37.180803],
              [-3.581006, 37.180797],
              [-3.581079, 37.181494],
              [-3.58052, 37.181503],
              [-3.579989, 37.18145],
              [-3.580037, 37.181282],
              [-3.579943, 37.181242],
              [-3.579698, 37.181297],
              [-3.57942, 37.181414],
              [-3.579225, 37.181401],
              [-3.579114, 37.181273],
              [-3.579056, 37.181429],
              [-3.578769, 37.181451],
              [-3.578736, 37.181512],
              [-3.579167, 37.181523],
              [-3.57943, 37.181637],
              [-3.579542, 37.181813],
              [-3.579887, 37.181622],
              [-3.579854, 37.181723],
              [-3.580218, 37.181721],
              [-3.580429, 37.181734],
              [-3.580531, 37.181767],
              [-3.580929, 37.181779],
              [-3.581258, 37.181716],
              [-3.581411, 37.18179],
              [-3.58137, 37.181932],
              [-3.581506, 37.18208],
              [-3.581592, 37.182188],
              [-3.581551, 37.182365],
              [-3.581525, 37.182392],
              [-3.581585, 37.182425],
              [-3.581755, 37.182512],
              [-3.581849, 37.182607],
              [-3.58185, 37.182769],
              [-3.581851, 37.182925],
              [-3.581945, 37.182985],
              [-3.582174, 37.183093],
              [-3.582165, 37.183011],
              [-3.582147, 37.182869],
              [-3.581968, 37.182728],
              [-3.58206, 37.182579],
              [-3.581941, 37.182566],
              [-3.582, 37.18245],
              [-3.582109, 37.182348],
              [-3.582108, 37.182267],
              [-3.581938, 37.182126],
              [-3.581768, 37.181984],
              [-3.581792, 37.181802],
              [-3.581959, 37.181537],
              [-3.582203, 37.181387],
              [-3.582624, 37.18131],
              [-3.582604, 37.181339],
              [-3.582523, 37.181411],
              [-3.582352, 37.181495],
              [-3.582249, 37.181621],
              [-3.582234, 37.181698],
              [-3.582242, 37.181805],
              [-3.582213, 37.181889],
              [-3.582192, 37.181979],
              [-3.582393, 37.182061],
              [-3.58249, 37.181971],
              [-3.582661, 37.181982],
              [-3.582692, 37.18206],
              [-3.582826, 37.182089],
              [-3.582886, 37.182124],
              [-3.582961, 37.182213],
              [-3.583117, 37.182183],
              [-3.583229, 37.182164],
              [-3.583445, 37.182229],
              [-3.58364, 37.182293],
              [-3.583683, 37.182168],
              [-3.583713, 37.18209],
              [-3.58381, 37.182114],
              [-3.583796, 37.182203],
              [-3.583885, 37.182256],
              [-3.583975, 37.182298],
              [-3.584042, 37.182238],
              [-3.584124, 37.182237],
              [-3.584139, 37.182345],
              [-3.584222, 37.182368],
              [-3.584386, 37.182403],
              [-3.584423, 37.182373],
              [-3.584437, 37.182272],
              [-3.584579, 37.182289],
              [-3.584691, 37.182306],
              [-3.58484, 37.182371],
              [-3.584915, 37.182436],
              [-3.584989, 37.182388],
              [-3.585042, 37.182412],
              [-3.585161, 37.182435],
              [-3.58525, 37.182393],
              [-3.58535, 37.182281],
              [-3.585275, 37.182236],
              [-3.585306, 37.182108],
              [-3.585342, 37.181961],
              [-3.585493, 37.181829],
              [-3.585708, 37.181642],
              [-3.585768, 37.181667],
              [-3.585859, 37.181771],
              [-3.58595, 37.18177],
              [-3.586055, 37.181695],
              [-3.586071, 37.181631],
              [-3.586325, 37.181671],
              [-3.58649, 37.181774],
              [-3.586605, 37.181846],
              [-3.58679, 37.18187],
              [-3.58694, 37.181813],
              [-3.587031, 37.181888],
              [-3.58696, 37.18191],
              [-3.58692, 37.181984],
              [-3.586957, 37.182011],
              [-3.587023, 37.18206],
              [-3.587194, 37.182003],
              [-3.587209, 37.181998],
              [-3.587144, 37.181873],
              [-3.587141, 37.181869],
              [-3.587054, 37.181863],
              [-3.587014, 37.181797],
              [-3.587069, 37.181708],
              [-3.587078, 37.181708],
              [-3.587107, 37.181705],
              [-3.587148, 37.181701],
              [-3.587265, 37.181691],
              [-3.587255, 37.181628],
              [-3.587412, 37.181615],
              [-3.587544, 37.181603],
              [-3.587605, 37.18153],
              [-3.587297, 37.181366],
              [-3.58713, 37.181348],
              [-3.587197, 37.181197],
              [-3.587095, 37.181172],
              [-3.587048, 37.181135],
              [-3.587047, 37.18102],
              [-3.587183, 37.181054],
              [-3.587279, 37.181083],
              [-3.587477, 37.181075],
              [-3.587774, 37.181072],
              [-3.587878, 37.181102],
              [-3.58818, 37.181189],
              [-3.588405, 37.181203],
              [-3.588711, 37.181192],
              [-3.588702, 37.181138],
              [-3.588636, 37.18106],
              [-3.588565, 37.180753],
              [-3.588454, 37.180342],
              [-3.588296, 37.179851],
              [-3.588115, 37.17928],
              [-3.587525, 37.179381],
              [-3.586993, 37.179326]
            ]
          ]
        ]
      }
    },
    {
      "type": "Feature",
      "properties": {
        "id": "san-francisco-javier",
        "name": "San Francisco Javier",
        "cityId": "granada"
      },
      "geometry": {
        "type": "Polygon",
        "coordinates": [
          [
            [-3.604235, 37.198759],
            [-3.610166, 37.196956],
            [-3.610223, 37.197007],
            [-3.609356, 37.19562],
            [-3.608507, 37.194163],
            [-3.608115, 37.192673],
            [-3.607736, 37.191666],
            [-3.607726, 37.191639],
            [-3.606892, 37.190686],
            [-3.605871, 37.189688],
            [-3.605549, 37.189336],
            [-3.603807, 37.189965],
            [-3.603897, 37.191553],
            [-3.60408, 37.192149],
            [-3.604598, 37.194311],
            [-3.604471, 37.194622],
            [-3.604514, 37.194609],
            [-3.60419, 37.196956],
            [-3.604235, 37.198759]
          ]
        ]
      }
    },
    {
      "type": "Feature",
      "properties": {
        "id": "san-ildefonso",
        "name": "San Ildefonso",
        "cityId": "granada"
      },
      "geometry": {
        "type": "Polygon",
        "coordinates": [
          [
            [-3.604471, 37.194622],
            [-3.604598, 37.194311],
            [-3.60408, 37.192149],
            [-3.603897, 37.191553],
            [-3.603807, 37.189965],
            [-3.605549, 37.189336],
            [-3.604921, 37.18865],
            [-3.603943, 37.187071],
            [-3.603895, 37.186963],
            [-3.603746, 37.186628],
            [-3.604596, 37.184249],
            [-3.604641, 37.18427],
            [-3.604645, 37.184262],
            [-3.601194, 37.182479],
            [-3.599921, 37.182185],
            [-3.599641, 37.182455],
            [-3.599548, 37.182545],
            [-3.597916, 37.18247],
            [-3.597403, 37.182431],
            [-3.597076, 37.182441],
            [-3.596727, 37.182287],
            [-3.596194, 37.182257],
            [-3.595561, 37.182449],
            [-3.595613, 37.182563],
            [-3.595286, 37.182606],
            [-3.595113, 37.182787],
            [-3.595727, 37.182743],
            [-3.596136, 37.182716],
            [-3.596168, 37.182855],
            [-3.59576, 37.18307],
            [-3.595926, 37.183266],
            [-3.595947, 37.183315],
            [-3.59616, 37.183166],
            [-3.596488, 37.183198],
            [-3.596909, 37.183367],
            [-3.597394, 37.183856],
            [-3.597757, 37.184461],
            [-3.598066, 37.184713],
            [-3.598436, 37.184859],
            [-3.598611, 37.184972],
            [-3.598551, 37.185202],
            [-3.598316, 37.18526],
            [-3.597751, 37.185009],
            [-3.597382, 37.184938],
            [-3.596942, 37.184932],
            [-3.596645, 37.184966],
            [-3.596339, 37.185074],
            [-3.596183, 37.185234],
            [-3.596612, 37.185374],
            [-3.59718, 37.185347],
            [-3.597494, 37.185465],
            [-3.598066, 37.186059],
            [-3.598306, 37.18613],
            [-3.598709, 37.186116],
            [-3.599068, 37.186114],
            [-3.599248, 37.186245],
            [-3.599265, 37.186519],
            [-3.59903, 37.187011],
            [-3.599017, 37.187262],
            [-3.599451, 37.188007],
            [-3.598262, 37.187906],
            [-3.597729, 37.188149],
            [-3.597465, 37.188578],
            [-3.596667, 37.189009],
            [-3.593295, 37.189524],
            [-3.593123, 37.189762],
            [-3.592706, 37.190215],
            [-3.592624, 37.190553],
            [-3.592786, 37.191726],
            [-3.592849, 37.19172],
            [-3.592873, 37.191824],
            [-3.592873, 37.191844],
            [-3.592914, 37.191844],
            [-3.593049, 37.1918],
            [-3.593284, 37.191725],
            [-3.593541, 37.191706],
            [-3.59386, 37.191625],
            [-3.593855, 37.191739],
            [-3.593831, 37.19235],
            [-3.593931, 37.192976],
            [-3.594144, 37.193029],
            [-3.594394, 37.193022],
            [-3.594949, 37.192802],
            [-3.594794, 37.193077],
            [-3.594731, 37.193271],
            [-3.594456, 37.193678],
            [-3.594164, 37.193742],
            [-3.594151, 37.193954],
            [-3.593965, 37.193869],
            [-3.593662, 37.193836],
            [-3.593846, 37.194264],
            [-3.594161, 37.194994],
            [-3.594503, 37.195129],
            [-3.594454, 37.195209],
            [-3.594483, 37.195346],
            [-3.594741, 37.195402],
            [-3.59489, 37.195344],
            [-3.595027, 37.19544],
            [-3.595042, 37.195555],
            [-3.5949, 37.195738],
            [-3.594751, 37.195796],
            [-3.59464, 37.195905],
            [-3.595063, 37.196468],
            [-3.595321, 37.196547],
            [-3.595577, 37.196466],
            [-3.595768, 37.196232],
            [-3.595766, 37.195991],
            [-3.596059, 37.195989],
            [-3.596237, 37.195851],
            [-3.596254, 37.195849],
            [-3.596519, 37.195531],
            [-3.596712, 37.195564],
            [-3.596685, 37.195666],
            [-3.597115, 37.19574],
            [-3.597165, 37.195594],
            [-3.597299, 37.195623],
            [-3.597185, 37.195958],
            [-3.597302, 37.196092],
            [-3.597418, 37.196222],
            [-3.597782, 37.196243],
            [-3.598095, 37.196105],
            [-3.598257, 37.195813],
            [-3.598915, 37.194975],
            [-3.599267, 37.194351],
            [-3.599208, 37.194117],
            [-3.598795, 37.193434],
            [-3.598838, 37.193388],
            [-3.599067, 37.193501],
            [-3.599084, 37.193597],
            [-3.599362, 37.193788],
            [-3.599513, 37.193893],
            [-3.599314, 37.194076],
            [-3.599421, 37.194218],
            [-3.599644, 37.1942],
            [-3.599705, 37.194697],
            [-3.599792, 37.194931],
            [-3.6002, 37.19506],
            [-3.600296, 37.195414],
            [-3.600575, 37.195418],
            [-3.600688, 37.195309],
            [-3.600927, 37.195328],
            [-3.601037, 37.195239],
            [-3.601116, 37.195301],
            [-3.601134, 37.195443],
            [-3.601513, 37.195416],
            [-3.601475, 37.195511],
            [-3.604471, 37.194622]
          ]
        ]
      }
    },
    {
      "type": "Feature",
      "properties": {
        "id": "san-matias-realejo",
        "name": "San Matías-Realejo",
        "cityId": "granada"
      },
      "geometry": {
        "type": "Polygon",
        "coordinates": [
          [
            [-3.599843, 37.173597],
            [-3.598613, 37.171265],
            [-3.596459, 37.168466],
            [-3.596419, 37.168058],
            [-3.596364, 37.168083],
            [-3.595547, 37.168465],
            [-3.594358, 37.169044],
            [-3.593616, 37.169175],
            [-3.592979, 37.169115],
            [-3.592049, 37.168864],
            [-3.589728, 37.167378],
            [-3.589516, 37.167243],
            [-3.588911, 37.167819],
            [-3.588777, 37.167954],
            [-3.588098, 37.168817],
            [-3.587628, 37.168792],
            [-3.58748, 37.1689],
            [-3.587413, 37.168895],
            [-3.586367, 37.168441],
            [-3.584734, 37.167174],
            [-3.584353, 37.167021],
            [-3.583838, 37.166856],
            [-3.583617, 37.166857],
            [-3.583658, 37.166869],
            [-3.583711, 37.166994],
            [-3.583764, 37.167024],
            [-3.58404, 37.167106],
            [-3.584078, 37.167189],
            [-3.584138, 37.167249],
            [-3.584183, 37.16732],
            [-3.584325, 37.167415],
            [-3.584543, 37.167569],
            [-3.584823, 37.167761],
            [-3.584837, 37.167785],
            [-3.584713, 37.167829],
            [-3.584582, 37.167849],
            [-3.584463, 37.167837],
            [-3.584329, 37.167904],
            [-3.584322, 37.167975],
            [-3.58436, 37.168052],
            [-3.584459, 37.168131],
            [-3.584511, 37.168308],
            [-3.584332, 37.168297],
            [-3.584228, 37.168286],
            [-3.584116, 37.168286],
            [-3.584064, 37.16831],
            [-3.583945, 37.168341],
            [-3.583796, 37.168324],
            [-3.583721, 37.168306],
            [-3.58352, 37.168289],
            [-3.583574, 37.167942],
            [-3.583209, 37.168057],
            [-3.582997, 37.16859],
            [-3.582983, 37.168615],
            [-3.582961, 37.168671],
            [-3.582938, 37.168725],
            [-3.582741, 37.168681],
            [-3.582636, 37.168687],
            [-3.582525, 37.168688],
            [-3.582414, 37.168813],
            [-3.582189, 37.168636],
            [-3.582032, 37.168517],
            [-3.581776, 37.168425],
            [-3.581583, 37.168191],
            [-3.581455, 37.16818],
            [-3.581351, 37.168121],
            [-3.58129, 37.168044],
            [-3.581156, 37.167967],
            [-3.581067, 37.168033],
            [-3.580868, 37.168284],
            [-3.580577, 37.168333],
            [-3.580256, 37.168222],
            [-3.580218, 37.168174],
            [-3.580026, 37.168396],
            [-3.579923, 37.168384],
            [-3.579846, 37.168376],
            [-3.579806, 37.168372],
            [-3.579772, 37.16829],
            [-3.579779, 37.168224],
            [-3.57963, 37.168153],
            [-3.579555, 37.168189],
            [-3.579332, 37.168143],
            [-3.579167, 37.168102],
            [-3.579167, 37.168042],
            [-3.578988, 37.168013],
            [-3.578891, 37.168014],
            [-3.57866, 37.167985],
            [-3.578661, 37.16811],
            [-3.578893, 37.16821],
            [-3.578893, 37.16827],
            [-3.578898, 37.168394],
            [-3.57802, 37.168054],
            [-3.577451, 37.16777],
            [-3.577327, 37.167718],
            [-3.576762, 37.168111],
            [-3.576757, 37.168108],
            [-3.576746, 37.16811],
            [-3.57675, 37.168119],
            [-3.576464, 37.168297],
            [-3.575276, 37.167604],
            [-3.574864, 37.167871],
            [-3.574503, 37.168104],
            [-3.574868, 37.168444],
            [-3.575149, 37.168706],
            [-3.576528, 37.169991],
            [-3.576659, 37.170113],
            [-3.577044, 37.170471],
            [-3.576924, 37.170579],
            [-3.577863, 37.171307],
            [-3.578397, 37.17102],
            [-3.578973, 37.170674],
            [-3.579628, 37.17104],
            [-3.579659, 37.170991],
            [-3.580441, 37.170033],
            [-3.581371, 37.168935],
            [-3.581379, 37.168926],
            [-3.581903, 37.169191],
            [-3.582209, 37.169267],
            [-3.582478, 37.16935],
            [-3.583001, 37.169621],
            [-3.583256, 37.169847],
            [-3.583279, 37.169936],
            [-3.583101, 37.169949],
            [-3.583086, 37.17005],
            [-3.583169, 37.170157],
            [-3.583222, 37.170234],
            [-3.583371, 37.170228],
            [-3.583514, 37.17037],
            [-3.583671, 37.170542],
            [-3.583717, 37.170673],
            [-3.58365, 37.170733],
            [-3.583696, 37.17084],
            [-3.58363, 37.170918],
            [-3.583712, 37.170989],
            [-3.583862, 37.171048],
            [-3.583981, 37.171089],
            [-3.584122, 37.171071],
            [-3.584272, 37.171147],
            [-3.584376, 37.171117],
            [-3.584444, 37.171182],
            [-3.584585, 37.171128],
            [-3.584705, 37.171229],
            [-3.584764, 37.171169],
            [-3.584854, 37.171216],
            [-3.58492, 37.17112],
            [-3.585107, 37.171227],
            [-3.585144, 37.171221],
            [-3.585302, 37.171375],
            [-3.585436, 37.171356],
            [-3.585459, 37.171446],
            [-3.585556, 37.171469],
            [-3.58575, 37.171486],
            [-3.585892, 37.171503],
            [-3.58604, 37.171425],
            [-3.586159, 37.171347],
            [-3.586396, 37.171256],
            [-3.586626, 37.171094],
            [-3.586827, 37.171039],
            [-3.587216, 37.171222],
            [-3.587612, 37.171435],
            [-3.587987, 37.17169],
            [-3.588115, 37.171844],
            [-3.588363, 37.172159],
            [-3.588559, 37.17242],
            [-3.588747, 37.172664],
            [-3.5888, 37.172801],
            [-3.588696, 37.172885],
            [-3.588495, 37.172862],
            [-3.588203, 37.172642],
            [-3.587903, 37.172429],
            [-3.587566, 37.172222],
            [-3.587266, 37.171908],
            [-3.586973, 37.171683],
            [-3.586811, 37.171874],
            [-3.587014, 37.17207],
            [-3.587433, 37.172402],
            [-3.587361, 37.172617],
            [-3.587391, 37.172712],
            [-3.587496, 37.172825],
            [-3.587654, 37.172961],
            [-3.588006, 37.173204],
            [-3.588314, 37.173477],
            [-3.588644, 37.173767],
            [-3.588383, 37.173822],
            [-3.588197, 37.173769],
            [-3.587913, 37.173705],
            [-3.587973, 37.173483],
            [-3.587612, 37.173331],
            [-3.587255, 37.173404],
            [-3.587212, 37.173637],
            [-3.587176, 37.173822],
            [-3.58667, 37.173926],
            [-3.586498, 37.173808],
            [-3.586364, 37.173773],
            [-3.585918, 37.173936],
            [-3.585396, 37.173879],
            [-3.585031, 37.173964],
            [-3.58492, 37.174058],
            [-3.584482, 37.173875],
            [-3.584469, 37.17374],
            [-3.584394, 37.173651],
            [-3.584199, 37.173079],
            [-3.583987, 37.172809],
            [-3.583811, 37.172503],
            [-3.58378, 37.172385],
            [-3.583376, 37.17213],
            [-3.583092, 37.172158],
            [-3.58295, 37.172117],
            [-3.582669, 37.172742],
            [-3.579722, 37.171197],
            [-3.578683, 37.17197],
            [-3.579586, 37.173058],
            [-3.581102, 37.173289],
            [-3.581271, 37.173513],
            [-3.581181, 37.173559],
            [-3.581701, 37.174325],
            [-3.582198, 37.175032],
            [-3.582401, 37.175228],
            [-3.582648, 37.175418],
            [-3.583276, 37.175265],
            [-3.583286, 37.175126],
            [-3.583419, 37.17507],
            [-3.584194, 37.176005],
            [-3.58486, 37.176616],
            [-3.585335, 37.177699],
            [-3.585207, 37.177659],
            [-3.584917, 37.177802],
            [-3.584833, 37.178027],
            [-3.584903, 37.178177],
            [-3.584765, 37.178389],
            [-3.584888, 37.178498],
            [-3.5852, 37.178273],
            [-3.585579, 37.178626],
            [-3.586195, 37.178179],
            [-3.585949, 37.177677],
            [-3.585996, 37.1776],
            [-3.585949, 37.177482],
            [-3.585943, 37.17748],
            [-3.586082, 37.177412],
            [-3.586589, 37.176778],
            [-3.58702, 37.177104],
            [-3.587104, 37.17726],
            [-3.587153, 37.177233],
            [-3.587448, 37.177576],
            [-3.587706, 37.177762],
            [-3.588169, 37.17827],
            [-3.588287, 37.178097],
            [-3.588473, 37.178],
            [-3.588726, 37.178005],
            [-3.588988, 37.178135],
            [-3.589019, 37.178266],
            [-3.58902, 37.178445],
            [-3.589081, 37.178653],
            [-3.590034, 37.178488],
            [-3.590458, 37.178497],
            [-3.590712, 37.178502],
            [-3.590994, 37.178393],
            [-3.591351, 37.178284],
            [-3.591597, 37.178277],
            [-3.591881, 37.178377],
            [-3.592164, 37.178423],
            [-3.592507, 37.178386],
            [-3.592618, 37.178284],
            [-3.592607, 37.178267],
            [-3.593212, 37.178091],
            [-3.59431, 37.177762],
            [-3.595479, 37.176963],
            [-3.596447, 37.17643],
            [-3.596454, 37.176442],
            [-3.598283, 37.175325],
            [-3.599141, 37.174148],
            [-3.599843, 37.173597]
          ]
        ]
      }
    },
    {
      "type": "Feature",
      "properties": {
        "id": "zaidin-vergeles",
        "name": "Zaidín-Vergeles",
        "cityId": "granada"
      },
      "geometry": {
        "type": "Polygon",
        "coordinates": [
          [
            [-3.595419, 37.149964],
            [-3.595299, 37.150058],
            [-3.595196, 37.150243],
            [-3.595048, 37.150321],
            [-3.59432, 37.150742],
            [-3.594333, 37.150902],
            [-3.593197, 37.150941],
            [-3.593187, 37.150941],
            [-3.5931, 37.150944],
            [-3.592736, 37.150931],
            [-3.592748, 37.150583],
            [-3.592674, 37.15054],
            [-3.592304, 37.153222],
            [-3.593634, 37.154633],
            [-3.595485, 37.157624],
            [-3.595464, 37.157795],
            [-3.592773, 37.158867],
            [-3.593066, 37.158946],
            [-3.593256, 37.159309],
            [-3.592981, 37.160245],
            [-3.592566, 37.162624],
            [-3.593523, 37.164564],
            [-3.594018, 37.165195],
            [-3.596684, 37.16393],
            [-3.596859, 37.164638],
            [-3.598364, 37.166449],
            [-3.598548, 37.166199],
            [-3.601435, 37.163141],
            [-3.604252, 37.161217],
            [-3.605502, 37.160119],
            [-3.605658, 37.159904],
            [-3.607668, 37.160975],
            [-3.607211, 37.161504],
            [-3.608594, 37.162168],
            [-3.608562, 37.162247],
            [-3.608088, 37.162828],
            [-3.608367, 37.162977],
            [-3.608657, 37.16334],
            [-3.609377, 37.163026],
            [-3.610012, 37.162781],
            [-3.610366, 37.162656],
            [-3.612734, 37.156987],
            [-3.612707, 37.156929],
            [-3.611745, 37.156309],
            [-3.611631, 37.156238],
            [-3.611517, 37.156166],
            [-3.611514, 37.156164],
            [-3.611509, 37.156159],
            [-3.611508, 37.156157],
            [-3.610593, 37.155296],
            [-3.610415, 37.155093],
            [-3.610412, 37.15509],
            [-3.609941, 37.154553],
            [-3.609026, 37.153439],
            [-3.608951, 37.153389],
            [-3.608394, 37.153022],
            [-3.606965, 37.15235],
            [-3.606895, 37.152336],
            [-3.605479, 37.152049],
            [-3.605488, 37.152039],
            [-3.605488, 37.152039],
            [-3.604379, 37.151926],
            [-3.602415, 37.151413],
            [-3.600191, 37.151058],
            [-3.598098, 37.150755],
            [-3.596527, 37.150345],
            [-3.595419, 37.149964]
          ]
        ]
      }
    }
  ]
}
