{
  "type": "FeatureCollection",
  "name": "sevilla-neighborhoods",
  "metadata": {
    "schemaVersion": 1,
    "cityId": "sevilla",
    "cityName": "Sevilla",
    "representative": false,
    "source": "Ayuntamiento de Sevilla — ide.SEVILLA, Barrios (datos abiertos)"
  },
  "features": [
    {
      "type": "Feature",
      "properties": {
        "id": "2-villegas",
        "name": "Villegas",
        "cityId": "sevilla"
      },
      "geometry": {
        "type": "Polygon",
        "coordinates": [
          [
            [-5.971842, 37.411017],
            [-5.972045, 37.410955],
            [-5.97208, 37.410928],
            [-5.972303, 37.410858],
            [-5.972546, 37.410781],
            [-5.972624, 37.410764],
            [-5.972717, 37.410744],
            [-5.973142, 37.410618],
            [-5.973258, 37.410667],
            [-5.973341, 37.410643],
            [-5.973381, 37.410613],
            [-5.973419, 37.410595],
            [-5.973515, 37.410562],
            [-5.973419, 37.410367],
            [-5.973347, 37.41022],
            [-5.973274, 37.410088],
            [-5.97325, 37.410051],
            [-5.973243, 37.410042],
            [-5.973232, 37.410034],
            [-5.973304, 37.409963],
            [-5.973337, 37.409935],
            [-5.973365, 37.409896],
            [-5.97378, 37.41006],
            [-5.974023, 37.409697],
            [-5.974111, 37.409585],
            [-5.974178, 37.409643],
            [-5.974304, 37.409731],
            [-5.974416, 37.409784],
            [-5.974511, 37.409813],
            [-5.974661, 37.409866],
            [-5.974587, 37.409939],
            [-5.974386, 37.410453],
            [-5.974337, 37.4106],
            [-5.974111, 37.411284],
            [-5.97409, 37.411342],
            [-5.973999, 37.411568],
            [-5.974122, 37.411797],
            [-5.974163, 37.411837],
            [-5.974234, 37.411909],
            [-5.974238, 37.411913],
            [-5.974248, 37.411931],
            [-5.974322, 37.412081],
            [-5.974353, 37.412143],
            [-5.974395, 37.412228],
            [-5.974448, 37.412339],
            [-5.974493, 37.412429],
            [-5.974357, 37.412472],
            [-5.974251, 37.412489],
            [-5.973644, 37.412671],
            [-5.973303, 37.412779],
            [-5.973037, 37.412862],
            [-5.97299, 37.412896],
            [-5.972793, 37.412964],
            [-5.972532, 37.412421],
            [-5.971842, 37.411017]
          ]
        ]
      }
    },
    {
      "type": "Feature",
      "properties": {
        "id": "2-villegas-2",
        "name": "Villegas",
        "cityId": "sevilla"
      },
      "geometry": {
        "type": "Polygon",
        "coordinates": [
          [
            [-5.974737, 37.409791],
            [-5.974774, 37.409659],
            [-5.975004, 37.408957],
            [-5.975919, 37.409062],
            [-5.976293, 37.409104],
            [-5.976448, 37.409128],
            [-5.976596, 37.409136],
            [-5.976651, 37.409128],
            [-5.976555, 37.409543],
            [-5.97607, 37.409466],
            [-5.976024, 37.409679],
            [-5.976086, 37.409689],
            [-5.976113, 37.409687],
            [-5.976141, 37.409677],
            [-5.976747, 37.409765],
            [-5.97676, 37.409719],
            [-5.976968, 37.40975],
            [-5.977003, 37.409603],
            [-5.976971, 37.409548],
            [-5.976982, 37.40951],
            [-5.977007, 37.409418],
            [-5.977245, 37.409452],
            [-5.977462, 37.409484],
            [-5.977389, 37.409797],
            [-5.977839, 37.409871],
            [-5.977798, 37.409991],
            [-5.977677, 37.410249],
            [-5.977664, 37.410277],
            [-5.977589, 37.410252],
            [-5.97749, 37.41022],
            [-5.977426, 37.410206],
            [-5.976873, 37.410134],
            [-5.97489, 37.409833],
            [-5.974737, 37.409791]
          ]
        ]
      }
    },
    {
      "type": "Feature",
      "properties": {
        "id": "aeropuerto-viejo",
        "name": "Aeropuerto Viejo",
        "cityId": "sevilla"
      },
      "geometry": {
        "type": "Polygon",
        "coordinates": [
          [
            [-5.931322, 37.413737],
            [-5.931532, 37.413648],
            [-5.932272, 37.413346],
            [-5.933917, 37.412666],
            [-5.935268, 37.412119],
            [-5.936486, 37.411619],
            [-5.937399, 37.411252],
            [-5.938014, 37.411019],
            [-5.938531, 37.410832],
            [-5.938927, 37.410689],
            [-5.939798, 37.410319],
            [-5.939966, 37.410255],
            [-5.940752, 37.409961],
            [-5.941131, 37.409836],
            [-5.941762, 37.409639],
            [-5.9424, 37.409475],
            [-5.942423, 37.40947],
            [-5.943777, 37.409179],
            [-5.945401, 37.408798],
            [-5.945497, 37.408776],
            [-5.946348, 37.408581],
            [-5.947026, 37.408431],
            [-5.947242, 37.408367],
            [-5.9475, 37.408264],
            [-5.948009, 37.408058],
            [-5.94828, 37.407961],
            [-5.948527, 37.407916],
            [-5.948773, 37.407878],
            [-5.948886, 37.407896],
            [-5.948932, 37.407895],
            [-5.949294, 37.407896],
            [-5.949567, 37.40788],
            [-5.949707, 37.407864],
            [-5.950109, 37.407773],
            [-5.95044, 37.407689],
            [-5.950742, 37.407612],
            [-5.951419, 37.407427],
            [-5.952037, 37.407268],
            [-5.952545, 37.407119],
            [-5.952977, 37.406975],
            [-5.953295, 37.406852],
            [-5.953663, 37.406672],
            [-5.954027, 37.406485],
            [-5.954215, 37.406377],
            [-5.954392, 37.406268],
            [-5.954484, 37.406257],
            [-5.954692, 37.40612],
            [-5.95492, 37.40596],
            [-5.955412, 37.405575],
            [-5.956493, 37.404712],
            [-5.957415, 37.403993],
            [-5.958796, 37.4029],
            [-5.958955, 37.402768],
            [-5.95903, 37.402814],
            [-5.959099, 37.402844],
            [-5.959202, 37.402875],
            [-5.959277, 37.402895],
            [-5.959336, 37.402907],
            [-5.959388, 37.402914],
            [-5.959448, 37.402921],
            [-5.959605, 37.40293],
            [-5.959731, 37.402927],
            [-5.959889, 37.40292],
            [-5.960192, 37.402903],
            [-5.960396, 37.402887],
            [-5.960894, 37.402858],
            [-5.961139, 37.402838],
            [-5.961493, 37.40281],
            [-5.962076, 37.402771],
            [-5.962471, 37.402768],
            [-5.962955, 37.402795],
            [-5.963931, 37.402891],
            [-5.964251, 37.402923],
            [-5.964349, 37.402937],
            [-5.964732, 37.402986],
            [-5.964643, 37.403092],
            [-5.964511, 37.403263],
            [-5.964498, 37.403291],
            [-5.964485, 37.403319],
            [-5.964472, 37.403347],
            [-5.964458, 37.403374],
            [-5.964445, 37.403402],
            [-5.964432, 37.40343],
            [-5.964419, 37.403457],
            [-5.964406, 37.403485],
            [-5.964393, 37.403513],
            [-5.964379, 37.403541],
            [-5.964257, 37.403821],
            [-5.964221, 37.40402],
            [-5.964218, 37.404036],
            [-5.964216, 37.404052],
            [-5.964214, 37.404068],
            [-5.964213, 37.404084],
            [-5.964212, 37.4041],
            [-5.964212, 37.404117],
            [-5.964212, 37.404133],
            [-5.964212, 37.404149],
            [-5.964213, 37.404165],
            [-5.964214, 37.404181],
            [-5.964215, 37.404195],
            [-5.964217, 37.404208],
            [-5.964218, 37.404221],
            [-5.964221, 37.404235],
            [-5.964223, 37.404248],
            [-5.964226, 37.404261],
            [-5.964229, 37.404274],
            [-5.964232, 37.404287],
            [-5.964236, 37.4043],
            [-5.96424, 37.404313],
            [-5.964292, 37.40447],
            [-5.964388, 37.404801],
            [-5.964527, 37.405255],
            [-5.964529, 37.405261],
            [-5.964759, 37.406],
            [-5.965009, 37.406777],
            [-5.966115, 37.406511],
            [-5.966942, 37.406313],
            [-5.967498, 37.407762],
            [-5.965463, 37.408225],
            [-5.96548, 37.408296],
            [-5.965658, 37.408874],
            [-5.965729, 37.40913],
            [-5.965855, 37.409544],
            [-5.965908, 37.409714],
            [-5.965964, 37.409878],
            [-5.965979, 37.409915],
            [-5.965995, 37.409952],
            [-5.966002, 37.409971],
            [-5.96601, 37.40999],
            [-5.966018, 37.410009],
            [-5.966025, 37.410028],
            [-5.966033, 37.410046],
            [-5.966094, 37.410166],
            [-5.966145, 37.410267],
            [-5.966157, 37.410284],
            [-5.966168, 37.410302],
            [-5.966179, 37.410319],
            [-5.96619, 37.410337],
            [-5.966201, 37.410354],
            [-5.966213, 37.410372],
            [-5.966224, 37.410389],
            [-5.966235, 37.410407],
            [-5.966246, 37.410424],
            [-5.966257, 37.410442],
            [-5.966286, 37.410486],
            [-5.966315, 37.41053],
            [-5.966344, 37.410574],
            [-5.966373, 37.410618],
            [-5.966402, 37.410662],
            [-5.96646, 37.41075],
            [-5.966488, 37.410794],
            [-5.966517, 37.410838],
            [-5.966546, 37.410882],
            [-5.966577, 37.410928],
            [-5.966608, 37.410975],
            [-5.966638, 37.411021],
            [-5.966669, 37.411068],
            [-5.966699, 37.411114],
            [-5.96673, 37.41116],
            [-5.966761, 37.411207],
            [-5.966791, 37.411253],
            [-5.966822, 37.4113],
            [-5.966853, 37.411346],
            [-5.966862, 37.411362],
            [-5.966872, 37.411378],
            [-5.966881, 37.411394],
            [-5.96689, 37.41141],
            [-5.9669, 37.411426],
            [-5.966909, 37.411442],
            [-5.966919, 37.411458],
            [-5.966928, 37.411474],
            [-5.966937, 37.41149],
            [-5.966947, 37.411506],
            [-5.967016, 37.411606],
            [-5.96687, 37.41165],
            [-5.966854, 37.411655],
            [-5.966838, 37.41166],
            [-5.966823, 37.411666],
            [-5.966807, 37.411672],
            [-5.966793, 37.411679],
            [-5.966778, 37.411685],
            [-5.966763, 37.411692],
            [-5.966734, 37.411706],
            [-5.96672, 37.411714],
            [-5.966705, 37.411721],
            [-5.966692, 37.411729],
            [-5.966678, 37.411737],
            [-5.966665, 37.411745],
            [-5.966651, 37.411753],
            [-5.966638, 37.411762],
            [-5.966625, 37.411771],
            [-5.966612, 37.411779],
            [-5.966599, 37.411788],
            [-5.966586, 37.411796],
            [-5.966221, 37.412032],
            [-5.965582, 37.412438],
            [-5.964976, 37.412814],
            [-5.964303, 37.413254],
            [-5.963484, 37.413767],
            [-5.963084, 37.414012],
            [-5.962848, 37.414135],
            [-5.962627, 37.414237],
            [-5.962367, 37.414331],
            [-5.962041, 37.414427],
            [-5.961905, 37.414467],
            [-5.961671, 37.414537],
            [-5.96135, 37.414625],
            [-5.96131, 37.414638],
            [-5.96127, 37.414652],
            [-5.961254, 37.414657],
            [-5.96119, 37.414678],
            [-5.96115, 37.414691],
            [-5.961109, 37.414704],
            [-5.961069, 37.414717],
            [-5.961029, 37.414731],
            [-5.960989, 37.414744],
            [-5.960949, 37.414757],
            [-5.960891, 37.414779],
            [-5.960833, 37.414802],
            [-5.960775, 37.414824],
            [-5.960717, 37.414846],
            [-5.96066, 37.414869],
            [-5.960602, 37.414891],
            [-5.960544, 37.414914],
            [-5.960486, 37.414936],
            [-5.960428, 37.414958],
            [-5.96037, 37.414981],
            [-5.960294, 37.415011],
            [-5.960219, 37.415042],
            [-5.960143, 37.415072],
            [-5.960067, 37.415103],
            [-5.959992, 37.415133],
            [-5.959703, 37.415281],
            [-5.959307, 37.415373],
            [-5.958806, 37.415487],
            [-5.958755, 37.415498],
            [-5.958704, 37.415509],
            [-5.958653, 37.41552],
            [-5.958602, 37.415531],
            [-5.958552, 37.415542],
            [-5.958501, 37.415553],
            [-5.95845, 37.415564],
            [-5.958349, 37.415585],
            [-5.957348, 37.415723],
            [-5.957022, 37.41578],
            [-5.956829, 37.415817],
            [-5.956478, 37.415888],
            [-5.956336, 37.416326],
            [-5.956218, 37.416596],
            [-5.955652, 37.41687],
            [-5.955196, 37.417101],
            [-5.954905, 37.417205],
            [-5.954882, 37.417213],
            [-5.954859, 37.41722],
            [-5.954836, 37.417228],
            [-5.954813, 37.417235],
            [-5.95479, 37.417242],
            [-5.954768, 37.41725],
            [-5.954745, 37.417257],
            [-5.954721, 37.417265],
            [-5.954698, 37.417272],
            [-5.954675, 37.41728],
            [-5.954645, 37.41729],
            [-5.954614, 37.417301],
            [-5.954583, 37.417312],
            [-5.954552, 37.417322],
            [-5.954521, 37.417333],
            [-5.95449, 37.417344],
            [-5.95446, 37.417354],
            [-5.954429, 37.417365],
            [-5.954398, 37.417376],
            [-5.954367, 37.417387],
            [-5.954335, 37.417401],
            [-5.954271, 37.417429],
            [-5.954238, 37.417444],
            [-5.954206, 37.417458],
            [-5.954174, 37.417472],
            [-5.954142, 37.417487],
            [-5.95411, 37.417501],
            [-5.954077, 37.417515],
            [-5.954045, 37.41753],
            [-5.95393, 37.417596],
            [-5.953785, 37.417663],
            [-5.953752, 37.417679],
            [-5.953718, 37.417695],
            [-5.953685, 37.41771],
            [-5.953652, 37.417726],
            [-5.953619, 37.417741],
            [-5.953586, 37.417757],
            [-5.953553, 37.417773],
            [-5.95352, 37.417788],
            [-5.953486, 37.417804],
            [-5.953453, 37.417819],
            [-5.953427, 37.41783],
            [-5.953401, 37.417841],
            [-5.953375, 37.417852],
            [-5.953349, 37.417863],
            [-5.953323, 37.417874],
            [-5.953296, 37.417885],
            [-5.95327, 37.417896],
            [-5.953244, 37.417907],
            [-5.953218, 37.417918],
            [-5.953192, 37.417929],
            [-5.95315, 37.417945],
            [-5.953107, 37.417959],
            [-5.953065, 37.417975],
            [-5.953023, 37.41799],
            [-5.952981, 37.418005],
            [-5.952939, 37.41802],
            [-5.952896, 37.418035],
            [-5.952854, 37.41805],
            [-5.952812, 37.418065],
            [-5.95277, 37.41808],
            [-5.952718, 37.418096],
            [-5.952667, 37.418112],
            [-5.952615, 37.418128],
            [-5.952563, 37.418145],
            [-5.952511, 37.418161],
            [-5.951979, 37.418314],
            [-5.951862, 37.418427],
            [-5.951182, 37.419375],
            [-5.95099, 37.419666],
            [-5.950951, 37.419718],
            [-5.950924, 37.419767],
            [-5.950857, 37.419909],
            [-5.950662, 37.420333],
            [-5.950608, 37.420464],
            [-5.950586, 37.420534],
            [-5.950512, 37.420774],
            [-5.950455, 37.420983],
            [-5.950427, 37.421129],
            [-5.950402, 37.421297],
            [-5.950371, 37.421535],
            [-5.950359, 37.42178],
            [-5.950364, 37.422002],
            [-5.950409, 37.422496],
            [-5.95044, 37.422671],
            [-5.950511, 37.422984],
            [-5.950591, 37.423241],
            [-5.950687, 37.423514],
            [-5.950833, 37.423861],
            [-5.950925, 37.424066],
            [-5.951009, 37.424277],
            [-5.950643, 37.424376],
            [-5.950402, 37.42447],
            [-5.949974, 37.425127],
            [-5.949643, 37.426066],
            [-5.94921, 37.426507],
            [-5.948812, 37.426683],
            [-5.94825, 37.426717],
            [-5.947855, 37.426639],
            [-5.947303, 37.426623],
            [-5.946927, 37.42673],
            [-5.946611, 37.426777],
            [-5.946168, 37.426749],
            [-5.945153, 37.426794],
            [-5.944812, 37.426744],
            [-5.944317, 37.426609],
            [-5.944055, 37.426488],
            [-5.943659, 37.42639],
            [-5.942884, 37.426312],
            [-5.942002, 37.426314],
            [-5.941479, 37.426366],
            [-5.941067, 37.426464],
            [-5.940736, 37.426472],
            [-5.940354, 37.426413],
            [-5.940159, 37.426398],
            [-5.93994, 37.426453],
            [-5.939519, 37.426963],
            [-5.939235, 37.427205],
            [-5.938633, 37.427617],
            [-5.93826, 37.427773],
            [-5.937736, 37.427865],
            [-5.937227, 37.428005],
            [-5.936746, 37.428223],
            [-5.936464, 37.428553],
            [-5.936386, 37.429055],
            [-5.936403, 37.430427],
            [-5.936352, 37.430683],
            [-5.936337, 37.430928],
            [-5.936199, 37.431146],
            [-5.935744, 37.430122],
            [-5.934819, 37.427063],
            [-5.93456, 37.426733],
            [-5.934196, 37.426378],
            [-5.93387, 37.426106],
            [-5.931092, 37.42497],
            [-5.930457, 37.424873],
            [-5.929434, 37.424703],
            [-5.928571, 37.42453],
            [-5.928192, 37.424392],
            [-5.927866, 37.424609],
            [-5.927782, 37.424474],
            [-5.927662, 37.424397],
            [-5.927309, 37.423783],
            [-5.927172, 37.423565],
            [-5.926803, 37.42276],
            [-5.926679, 37.422287],
            [-5.926731, 37.421809],
            [-5.927382, 37.420531],
            [-5.928486, 37.418299],
            [-5.929587, 37.415972],
            [-5.929714, 37.415786],
            [-5.929927, 37.41548],
            [-5.930368, 37.414845],
            [-5.930604, 37.414582],
            [-5.930671, 37.414512],
            [-5.930825, 37.414407],
            [-5.931041, 37.414282],
            [-5.931118, 37.414272],
            [-5.93123, 37.414235],
            [-5.931323, 37.414177],
            [-5.931395, 37.4141],
            [-5.931444, 37.414019],
            [-5.931439, 37.413927],
            [-5.931401, 37.413853],
            [-5.931322, 37.413737]
          ]
        ]
      }
    },
    {
      "type": "Feature",
      "properties": {
        "id": "alfalfa",
        "name": "Alfalfa",
        "cityId": "sevilla"
      },
      "geometry": {
        "type": "Polygon",
        "coordinates": [
          [
            [-5.988502, 37.392895],
            [-5.988593, 37.392449],
            [-5.988614, 37.392347],
            [-5.98868, 37.391979],
            [-5.988692, 37.39188],
            [-5.988758, 37.391622],
            [-5.988792, 37.391524],
            [-5.988795, 37.391466],
            [-5.988805, 37.391409],
            [-5.988841, 37.391224],
            [-5.988861, 37.391162],
            [-5.988974, 37.390986],
            [-5.98888, 37.390926],
            [-5.988672, 37.390798],
            [-5.988555, 37.390732],
            [-5.988353, 37.390592],
            [-5.988268, 37.390569],
            [-5.988295, 37.390455],
            [-5.988335, 37.390254],
            [-5.988454, 37.390026],
            [-5.988418, 37.389917],
            [-5.988438, 37.389915],
            [-5.988662, 37.389877],
            [-5.988923, 37.389845],
            [-5.988987, 37.389854],
            [-5.988998, 37.389824],
            [-5.98901, 37.389792],
            [-5.989134, 37.389641],
            [-5.989226, 37.389548],
            [-5.989305, 37.389521],
            [-5.989424, 37.389492],
            [-5.989575, 37.389503],
            [-5.989693, 37.389496],
            [-5.990067, 37.389418],
            [-5.990122, 37.389373],
            [-5.990229, 37.389255],
            [-5.990325, 37.389146],
            [-5.990373, 37.389077],
            [-5.990383, 37.389062],
            [-5.990427, 37.388963],
            [-5.990469, 37.388877],
            [-5.990499, 37.388832],
            [-5.99053, 37.388817],
            [-5.990546, 37.388806],
            [-5.990553, 37.388764],
            [-5.990607, 37.388728],
            [-5.990629, 37.388717],
            [-5.990839, 37.388611],
            [-5.990955, 37.388555],
            [-5.99102, 37.388523],
            [-5.991099, 37.388479],
            [-5.991127, 37.388359],
            [-5.991166, 37.38833],
            [-5.991384, 37.388365],
            [-5.991423, 37.388364],
            [-5.991503, 37.388382],
            [-5.991505, 37.388427],
            [-5.991825, 37.388465],
            [-5.992007, 37.388462],
            [-5.992213, 37.388462],
            [-5.992494, 37.388687],
            [-5.992645, 37.388776],
            [-5.992611, 37.388859],
            [-5.992571, 37.389049],
            [-5.99256, 37.389186],
            [-5.992553, 37.389419],
            [-5.992907, 37.389545],
            [-5.993227, 37.389659],
            [-5.993278, 37.389497],
            [-5.993301, 37.389424],
            [-5.993341, 37.389357],
            [-5.993471, 37.389358],
            [-5.993584, 37.389359],
            [-5.993781, 37.389389],
            [-5.993827, 37.389357],
            [-5.99397, 37.389243],
            [-5.994054, 37.389151],
            [-5.994072, 37.38913],
            [-5.994096, 37.389101],
            [-5.994109, 37.389088],
            [-5.994134, 37.389098],
            [-5.994166, 37.389103],
            [-5.99435, 37.389092],
            [-5.994338, 37.389041],
            [-5.994236, 37.389043],
            [-5.994209, 37.389036],
            [-5.994186, 37.389025],
            [-5.994173, 37.389008],
            [-5.994163, 37.38899],
            [-5.994156, 37.388951],
            [-5.994149, 37.388844],
            [-5.994135, 37.388627],
            [-5.994123, 37.388431],
            [-5.994121, 37.388388],
            [-5.994128, 37.388354],
            [-5.994146, 37.388331],
            [-5.994226, 37.38825],
            [-5.994286, 37.388183],
            [-5.994331, 37.388113],
            [-5.994346, 37.388069],
            [-5.994344, 37.388052],
            [-5.994333, 37.38803],
            [-5.994405, 37.388078],
            [-5.994466, 37.388111],
            [-5.994559, 37.388151],
            [-5.994632, 37.388175],
            [-5.994694, 37.388191],
            [-5.994731, 37.388215],
            [-5.994759, 37.388244],
            [-5.994832, 37.388331],
            [-5.994827, 37.388339],
            [-5.994828, 37.388352],
            [-5.994833, 37.388392],
            [-5.994901, 37.388918],
            [-5.994909, 37.388976],
            [-5.994913, 37.388993],
            [-5.994922, 37.389003],
            [-5.994931, 37.389009],
            [-5.995069, 37.389003],
            [-5.995619, 37.388966],
            [-5.996198, 37.38892],
            [-5.996277, 37.388912],
            [-5.996292, 37.388908],
            [-5.996304, 37.3889],
            [-5.99631, 37.388892],
            [-5.996314, 37.388882],
            [-5.996407, 37.388939],
            [-5.996961, 37.388896],
            [-5.997077, 37.388894],
            [-5.997356, 37.389223],
            [-5.997177, 37.389332],
            [-5.997398, 37.389558],
            [-5.997496, 37.38963],
            [-5.997706, 37.389797],
            [-5.997505, 37.389916],
            [-5.997884, 37.390458],
            [-5.997815, 37.390503],
            [-5.997955, 37.390634],
            [-5.998047, 37.390693],
            [-5.998214, 37.390782],
            [-5.998485, 37.390932],
            [-5.998581, 37.390949],
            [-5.998291, 37.391129],
            [-5.997949, 37.391316],
            [-5.998189, 37.391673],
            [-5.998309, 37.391985],
            [-5.9983, 37.392052],
            [-5.998299, 37.392324],
            [-5.998169, 37.392295],
            [-5.997916, 37.392278],
            [-5.99751, 37.39223],
            [-5.997301, 37.392219],
            [-5.996915, 37.392234],
            [-5.996921, 37.392803],
            [-5.996534, 37.39275],
            [-5.996372, 37.392726],
            [-5.996249, 37.39271],
            [-5.996148, 37.392707],
            [-5.996139, 37.392705],
            [-5.995775, 37.392705],
            [-5.995652, 37.392704],
            [-5.995547, 37.392703],
            [-5.995396, 37.3927],
            [-5.995071, 37.392718],
            [-5.994961, 37.392727],
            [-5.994809, 37.392739],
            [-5.994184, 37.392774],
            [-5.993938, 37.392787],
            [-5.993677, 37.392805],
            [-5.99365, 37.392804],
            [-5.993014, 37.392791],
            [-5.992266, 37.392786],
            [-5.991421, 37.392725],
            [-5.990599, 37.392609],
            [-5.990519, 37.392589],
            [-5.990387, 37.392553],
            [-5.9903, 37.392526],
            [-5.990229, 37.392507],
            [-5.990166, 37.392493],
            [-5.990118, 37.392486],
            [-5.99009, 37.392483],
            [-5.990038, 37.392482],
            [-5.989821, 37.392479],
            [-5.989817, 37.392517],
            [-5.989562, 37.392519],
            [-5.988693, 37.392866],
            [-5.988502, 37.392895]
          ]
        ]
      }
    },
    {
      "type": "Feature",
      "properties": {
        "id": "amate",
        "name": "Amate",
        "cityId": "sevilla"
      },
      "geometry": {
        "type": "Polygon",
        "coordinates": [
          [
            [-5.954064, 37.380606],
            [-5.954138, 37.379969],
            [-5.953881, 37.379809],
            [-5.953343, 37.379417],
            [-5.954173, 37.378858],
            [-5.954238, 37.378811],
            [-5.954309, 37.378686],
            [-5.95444, 37.378445],
            [-5.954578, 37.378192],
            [-5.954686, 37.377999],
            [-5.954733, 37.377876],
            [-5.954836, 37.377602],
            [-5.955061, 37.37702],
            [-5.955113, 37.376888],
            [-5.955113, 37.37677],
            [-5.955193, 37.376516],
            [-5.955319, 37.376151],
            [-5.955392, 37.375964],
            [-5.955485, 37.375978],
            [-5.957214, 37.376253],
            [-5.957916, 37.37636],
            [-5.958468, 37.376452],
            [-5.959245, 37.376584],
            [-5.960016, 37.3767],
            [-5.960183, 37.376733],
            [-5.960234, 37.376744],
            [-5.960696, 37.376804],
            [-5.960603, 37.376853],
            [-5.960306, 37.377019],
            [-5.960297, 37.37761],
            [-5.960222, 37.378273],
            [-5.960131, 37.378987],
            [-5.960022, 37.379762],
            [-5.959999, 37.37995],
            [-5.959921, 37.380609],
            [-5.959861, 37.381039],
            [-5.959588, 37.381036],
            [-5.958776, 37.380981],
            [-5.958546, 37.380963],
            [-5.957122, 37.380851],
            [-5.956209, 37.380779],
            [-5.955825, 37.380748],
            [-5.955757, 37.380742],
            [-5.955117, 37.38069],
            [-5.954064, 37.380606]
          ]
        ]
      }
    },
    {
      "type": "Feature",
      "properties": {
        "id": "arbol-gordo",
        "name": "Arbol Gordo",
        "cityId": "sevilla"
      },
      "geometry": {
        "type": "Polygon",
        "coordinates": [
          [
            [-5.971053, 37.401071],
            [-5.971747, 37.400836],
            [-5.972461, 37.400672],
            [-5.972656, 37.400626],
            [-5.972723, 37.400609],
            [-5.972798, 37.400579],
            [-5.97288, 37.400526],
            [-5.972949, 37.400466],
            [-5.972988, 37.400417],
            [-5.973022, 37.400359],
            [-5.973037, 37.400317],
            [-5.973081, 37.400141],
            [-5.97314, 37.399874],
            [-5.973214, 37.399616],
            [-5.973275, 37.399534],
            [-5.973352, 37.399469],
            [-5.973435, 37.399406],
            [-5.973508, 37.39937],
            [-5.973861, 37.399254],
            [-5.973891, 37.399315],
            [-5.973926, 37.399416],
            [-5.973971, 37.399497],
            [-5.974441, 37.400342],
            [-5.974622, 37.400664],
            [-5.974952, 37.40117],
            [-5.974203, 37.401463],
            [-5.974171, 37.401471],
            [-5.97358, 37.401615],
            [-5.973229, 37.4017],
            [-5.97288, 37.401784],
            [-5.97228, 37.401928],
            [-5.9718, 37.402065],
            [-5.971641, 37.402116],
            [-5.971053, 37.401071]
          ]
        ]
      }
    },
    {
      "type": "Feature",
      "properties": {
        "id": "arenal",
        "name": "Arenal",
        "cityId": "sevilla"
      },
      "geometry": {
        "type": "Polygon",
        "coordinates": [
          [
            [-5.994333, 37.38803],
            [-5.994243, 37.387508],
            [-5.994139, 37.386685],
            [-5.994134, 37.386647],
            [-5.994075, 37.386224],
            [-5.994006, 37.385705],
            [-5.993937, 37.385196],
            [-5.993899, 37.38497],
            [-5.993763, 37.384146],
            [-5.993988, 37.383706],
            [-5.994203, 37.38367],
            [-5.994295, 37.383648],
            [-5.994375, 37.383629],
            [-5.994486, 37.38359],
            [-5.994508, 37.383574],
            [-5.995271, 37.383352],
            [-5.995332, 37.383348],
            [-5.995481, 37.383304],
            [-5.995556, 37.383277],
            [-5.996404, 37.38298],
            [-5.997797, 37.382279],
            [-5.997798, 37.382279],
            [-5.998673, 37.38326],
            [-5.998846, 37.383453],
            [-6.00048, 37.38489],
            [-6.001147, 37.385391],
            [-6.00188, 37.385942],
            [-6.002413, 37.386294],
            [-6.002377, 37.386335],
            [-6.002138, 37.386605],
            [-6.001899, 37.38687],
            [-6.00145, 37.387371],
            [-6.001114, 37.387157],
            [-6.00075, 37.387497],
            [-6.00007, 37.388134],
            [-5.999649, 37.388461],
            [-5.999264, 37.388785],
            [-5.999502, 37.389062],
            [-5.99964, 37.38915],
            [-5.999446, 37.389342],
            [-5.999425, 37.389362],
            [-5.999026, 37.389093],
            [-5.998645, 37.389336],
            [-5.998401, 37.389442],
            [-5.998111, 37.389552],
            [-5.998076, 37.389574],
            [-5.997851, 37.389716],
            [-5.997706, 37.389797],
            [-5.997496, 37.38963],
            [-5.997398, 37.389558],
            [-5.997177, 37.389332],
            [-5.997356, 37.389223],
            [-5.997077, 37.388894],
            [-5.996961, 37.388896],
            [-5.996407, 37.388939],
            [-5.996314, 37.388882],
            [-5.99631, 37.388892],
            [-5.996304, 37.3889],
            [-5.996292, 37.388908],
            [-5.996277, 37.388912],
            [-5.996198, 37.38892],
            [-5.995619, 37.388966],
            [-5.995069, 37.389003],
            [-5.994931, 37.389009],
            [-5.994922, 37.389003],
            [-5.994913, 37.388993],
            [-5.994909, 37.388976],
            [-5.994901, 37.388918],
            [-5.994833, 37.388392],
            [-5.994828, 37.388352],
            [-5.994827, 37.388339],
            [-5.994832, 37.388331],
            [-5.994759, 37.388244],
            [-5.994731, 37.388215],
            [-5.994694, 37.388191],
            [-5.994632, 37.388175],
            [-5.994559, 37.388151],
            [-5.994466, 37.388111],
            [-5.994405, 37.388078],
            [-5.994333, 37.38803]
          ]
        ]
      }
    },
    {
      "type": "Feature",
      "properties": {
        "id": "avenida-de-la-paz",
        "name": "Avenida de la Paz",
        "cityId": "sevilla"
      },
      "geometry": {
        "type": "Polygon",
        "coordinates": [
          [
            [-5.958457, 37.361828],
            [-5.958802, 37.361462],
            [-5.959106, 37.361169],
            [-5.95928, 37.360807],
            [-5.959385, 37.360945],
            [-5.959514, 37.361096],
            [-5.959638, 37.361232],
            [-5.960684, 37.360692],
            [-5.961728, 37.361557],
            [-5.962023, 37.361335],
            [-5.96309, 37.362213],
            [-5.963156, 37.362267],
            [-5.963347, 37.362425],
            [-5.963543, 37.362587],
            [-5.963792, 37.362793],
            [-5.964362, 37.363265],
            [-5.964649, 37.363502],
            [-5.964912, 37.36372],
            [-5.965149, 37.363918],
            [-5.965305, 37.364047],
            [-5.965361, 37.364094],
            [-5.965506, 37.364214],
            [-5.965318, 37.364358],
            [-5.965182, 37.364463],
            [-5.965326, 37.364574],
            [-5.965521, 37.364724],
            [-5.965991, 37.365115],
            [-5.966209, 37.365303],
            [-5.966456, 37.365121],
            [-5.966672, 37.3653],
            [-5.96705, 37.365616],
            [-5.967261, 37.36578],
            [-5.96629, 37.366994],
            [-5.967156, 37.367714],
            [-5.969036, 37.369277],
            [-5.969046, 37.369285],
            [-5.969257, 37.36945],
            [-5.968728, 37.369864],
            [-5.968635, 37.369937],
            [-5.968582, 37.369978],
            [-5.968449, 37.370089],
            [-5.968061, 37.36976],
            [-5.966661, 37.3686],
            [-5.965628, 37.367752],
            [-5.963397, 37.365899],
            [-5.962977, 37.365558],
            [-5.962143, 37.364879],
            [-5.960303, 37.363439],
            [-5.958457, 37.361828]
          ]
        ]
      }
    },
    {
      "type": "Feature",
      "properties": {
        "id": "bami",
        "name": "Bami",
        "cityId": "sevilla"
      },
      "geometry": {
        "type": "Polygon",
        "coordinates": [
          [
            [-5.97427, 37.359021],
            [-5.974634, 37.358931],
            [-5.974692, 37.358918],
            [-5.975386, 37.358732],
            [-5.975482, 37.358708],
            [-5.975904, 37.3586],
            [-5.975944, 37.358679],
            [-5.976822, 37.358374],
            [-5.977711, 37.358061],
            [-5.978058, 37.358675],
            [-5.97978, 37.358054],
            [-5.979236, 37.357076],
            [-5.979199, 37.357028],
            [-5.980185, 37.356844],
            [-5.98038, 37.356806],
            [-5.980632, 37.357227],
            [-5.981, 37.357855],
            [-5.981273, 37.35832],
            [-5.981417, 37.358565],
            [-5.980294, 37.358974],
            [-5.981167, 37.360531],
            [-5.981034, 37.36059],
            [-5.980281, 37.360855],
            [-5.980093, 37.360919],
            [-5.979434, 37.361156],
            [-5.978556, 37.361471],
            [-5.977673, 37.361788],
            [-5.977562, 37.361828],
            [-5.976445, 37.362222],
            [-5.976282, 37.362268],
            [-5.976066, 37.362331],
            [-5.975974, 37.362349],
            [-5.975898, 37.362367],
            [-5.975823, 37.362391],
            [-5.975757, 37.362414],
            [-5.975667, 37.362445],
            [-5.97494, 37.360711],
            [-5.974723, 37.360197],
            [-5.974513, 37.359667],
            [-5.974365, 37.359282],
            [-5.97427, 37.359021]
          ]
        ]
      }
    },
    {
      "type": "Feature",
      "properties": {
        "id": "barriada-de-pineda",
        "name": "Barriada de Pineda",
        "cityId": "sevilla"
      },
      "geometry": {
        "type": "Polygon",
        "coordinates": [
          [
            [-5.958634, 37.355708],
            [-5.958657, 37.355676],
            [-5.95869, 37.35563],
            [-5.958722, 37.355584],
            [-5.958754, 37.355535],
            [-5.958787, 37.355487],
            [-5.958819, 37.355438],
            [-5.958851, 37.355389],
            [-5.958884, 37.35534],
            [-5.958916, 37.355292],
            [-5.958948, 37.355243],
            [-5.958981, 37.355194],
            [-5.959013, 37.355145],
            [-5.959046, 37.355096],
            [-5.959315, 37.354654],
            [-5.959369, 37.354536],
            [-5.959461, 37.354384],
            [-5.959496, 37.354322],
            [-5.959509, 37.354297],
            [-5.959522, 37.354271],
            [-5.959535, 37.354246],
            [-5.959548, 37.354221],
            [-5.959561, 37.354196],
            [-5.959574, 37.35417],
            [-5.959587, 37.354145],
            [-5.9596, 37.35412],
            [-5.959613, 37.354094],
            [-5.959627, 37.354069],
            [-5.959648, 37.354026],
            [-5.959669, 37.353983],
            [-5.95969, 37.35394],
            [-5.959711, 37.353897],
            [-5.959732, 37.353854],
            [-5.959753, 37.353811],
            [-5.959775, 37.353768],
            [-5.959796, 37.353725],
            [-5.959817, 37.353682],
            [-5.959838, 37.353639],
            [-5.959862, 37.35359],
            [-5.959886, 37.35354],
            [-5.959909, 37.353491],
            [-5.959933, 37.353442],
            [-5.959956, 37.353393],
            [-5.95998, 37.353343],
            [-5.960004, 37.353294],
            [-5.960028, 37.353245],
            [-5.960051, 37.353196],
            [-5.960075, 37.353147],
            [-5.960095, 37.353104],
            [-5.960115, 37.353062],
            [-5.960135, 37.353019],
            [-5.960156, 37.352977],
            [-5.960176, 37.352934],
            [-5.960196, 37.352892],
            [-5.960216, 37.352849],
            [-5.960236, 37.352807],
            [-5.960256, 37.352764],
            [-5.960276, 37.352722],
            [-5.96032, 37.352629],
            [-5.960342, 37.352583],
            [-5.960364, 37.352537],
            [-5.960386, 37.352491],
            [-5.960408, 37.352445],
            [-5.96043, 37.352399],
            [-5.960452, 37.352353],
            [-5.960474, 37.352307],
            [-5.960496, 37.352261],
            [-5.960517, 37.352218],
            [-5.960539, 37.352175],
            [-5.960561, 37.352132],
            [-5.960582, 37.352089],
            [-5.960604, 37.352046],
            [-5.960625, 37.352003],
            [-5.960647, 37.35196],
            [-5.960669, 37.351917],
            [-5.960712, 37.351831],
            [-5.960734, 37.351789],
            [-5.960755, 37.351747],
            [-5.960799, 37.351663],
            [-5.96082, 37.351621],
            [-5.960842, 37.351578],
            [-5.960863, 37.351536],
            [-5.960885, 37.351494],
            [-5.960907, 37.351452],
            [-5.960928, 37.35141],
            [-5.960971, 37.351329],
            [-5.960993, 37.351289],
            [-5.961014, 37.351249],
            [-5.961057, 37.351168],
            [-5.961078, 37.351127],
            [-5.9611, 37.351087],
            [-5.961121, 37.351047],
            [-5.961143, 37.351006],
            [-5.961166, 37.350965],
            [-5.961189, 37.350923],
            [-5.961213, 37.350881],
            [-5.961236, 37.350839],
            [-5.961259, 37.350797],
            [-5.961283, 37.350755],
            [-5.961306, 37.350713],
            [-5.96133, 37.350671],
            [-5.961353, 37.350629],
            [-5.961392, 37.35056],
            [-5.961423, 37.350504],
            [-5.961454, 37.350448],
            [-5.961485, 37.350393],
            [-5.961517, 37.350337],
            [-5.961549, 37.350281],
            [-5.961583, 37.350224],
            [-5.961601, 37.350196],
            [-5.961618, 37.350168],
            [-5.961635, 37.350139],
            [-5.961669, 37.350083],
            [-5.961686, 37.350054],
            [-5.961703, 37.350026],
            [-5.961832, 37.349819],
            [-5.961907, 37.349717],
            [-5.96193, 37.349682],
            [-5.961953, 37.349647],
            [-5.961976, 37.349612],
            [-5.961999, 37.349577],
            [-5.962022, 37.349542],
            [-5.962045, 37.349507],
            [-5.962068, 37.349472],
            [-5.962091, 37.349437],
            [-5.962114, 37.349403],
            [-5.962136, 37.349368],
            [-5.962174, 37.349313],
            [-5.962212, 37.349258],
            [-5.962249, 37.349203],
            [-5.962287, 37.349148],
            [-5.962324, 37.349094],
            [-5.962362, 37.349039],
            [-5.962399, 37.348984],
            [-5.962437, 37.348929],
            [-5.962475, 37.348874],
            [-5.962512, 37.34882],
            [-5.962543, 37.348779],
            [-5.962574, 37.348738],
            [-5.962604, 37.348697],
            [-5.962635, 37.348656],
            [-5.962666, 37.348615],
            [-5.962697, 37.348574],
            [-5.962728, 37.348533],
            [-5.962758, 37.348492],
            [-5.962789, 37.348451],
            [-5.96282, 37.34841],
            [-5.962851, 37.34837],
            [-5.962882, 37.348331],
            [-5.962914, 37.348291],
            [-5.962945, 37.348251],
            [-5.963007, 37.348171],
            [-5.963038, 37.348132],
            [-5.963069, 37.348092],
            [-5.9631, 37.348052],
            [-5.963131, 37.348012],
            [-5.963162, 37.347977],
            [-5.963193, 37.347941],
            [-5.963223, 37.347906],
            [-5.963254, 37.34787],
            [-5.963285, 37.347834],
            [-5.963316, 37.347799],
            [-5.963346, 37.347763],
            [-5.963377, 37.347728],
            [-5.963407, 37.347692],
            [-5.963438, 37.347656],
            [-5.963515, 37.347574],
            [-5.963553, 37.347533],
            [-5.963591, 37.347492],
            [-5.963629, 37.347451],
            [-5.963668, 37.34741],
            [-5.963706, 37.347369],
            [-5.963744, 37.347328],
            [-5.963783, 37.347286],
            [-5.963821, 37.347245],
            [-5.963861, 37.347205],
            [-5.9639, 37.347165],
            [-5.96394, 37.347125],
            [-5.96398, 37.347085],
            [-5.964019, 37.347045],
            [-5.964059, 37.347005],
            [-5.964099, 37.346965],
            [-5.964138, 37.346925],
            [-5.964178, 37.346885],
            [-5.964218, 37.346845],
            [-5.964256, 37.346808],
            [-5.964294, 37.346771],
            [-5.964332, 37.346734],
            [-5.96437, 37.346697],
            [-5.964408, 37.34666],
            [-5.964415, 37.346653],
            [-5.964598, 37.346476],
            [-5.964642, 37.346437],
            [-5.964686, 37.346397],
            [-5.96473, 37.346358],
            [-5.964774, 37.346319],
            [-5.964818, 37.346279],
            [-5.964906, 37.346201],
            [-5.96495, 37.346161],
            [-5.964995, 37.346122],
            [-5.965039, 37.346082],
            [-5.965097, 37.346031],
            [-5.965155, 37.34598],
            [-5.965213, 37.345929],
            [-5.965271, 37.345878],
            [-5.965329, 37.345827],
            [-5.965387, 37.345776],
            [-5.965445, 37.345725],
            [-5.965503, 37.345674],
            [-5.965561, 37.345623],
            [-5.965619, 37.345572],
            [-5.966037, 37.345209],
            [-5.966249, 37.345023],
            [-5.966785, 37.344554],
            [-5.967311, 37.344098],
            [-5.967795, 37.343699],
            [-5.969735, 37.347783],
            [-5.970069, 37.348525],
            [-5.97131, 37.348203],
            [-5.971265, 37.348104],
            [-5.973117, 37.347602],
            [-5.97382, 37.347414],
            [-5.974017, 37.347823],
            [-5.974196, 37.347776],
            [-5.97422, 37.347822],
            [-5.974853, 37.347657],
            [-5.976113, 37.347337],
            [-5.976143, 37.347408],
            [-5.976164, 37.347458],
            [-5.976185, 37.347508],
            [-5.976201, 37.347558],
            [-5.97621, 37.347607],
            [-5.97622, 37.347656],
            [-5.976224, 37.34768],
            [-5.976229, 37.347704],
            [-5.976234, 37.347729],
            [-5.976239, 37.347753],
            [-5.976243, 37.347778],
            [-5.97625, 37.347803],
            [-5.976256, 37.347828],
            [-5.976262, 37.347854],
            [-5.976269, 37.347879],
            [-5.976275, 37.347904],
            [-5.976281, 37.34793],
            [-5.976288, 37.347955],
            [-5.976294, 37.34798],
            [-5.976301, 37.348006],
            [-5.976307, 37.348031],
            [-5.976464, 37.34899],
            [-5.976534, 37.34945],
            [-5.97656, 37.349666],
            [-5.976638, 37.350146],
            [-5.976656, 37.350222],
            [-5.976671, 37.350277],
            [-5.976686, 37.350333],
            [-5.976701, 37.350389],
            [-5.976716, 37.350445],
            [-5.976731, 37.3505],
            [-5.976753, 37.35056],
            [-5.976776, 37.35062],
            [-5.976798, 37.35068],
            [-5.97682, 37.35074],
            [-5.976842, 37.350799],
            [-5.976903, 37.350944],
            [-5.97697, 37.351076],
            [-5.976992, 37.351115],
            [-5.977013, 37.351154],
            [-5.977046, 37.35121],
            [-5.977068, 37.351251],
            [-5.977086, 37.351283],
            [-5.977108, 37.351322],
            [-5.977137, 37.351374],
            [-5.977151, 37.351399],
            [-5.977194, 37.351477],
            [-5.977223, 37.351529],
            [-5.977287, 37.351659],
            [-5.977447, 37.351922],
            [-5.977679, 37.352308],
            [-5.978055, 37.352911],
            [-5.978273, 37.353277],
            [-5.977437, 37.353357],
            [-5.977342, 37.353535],
            [-5.976989, 37.353525],
            [-5.976568, 37.353517],
            [-5.975733, 37.353499],
            [-5.975197, 37.353487],
            [-5.973571, 37.353365],
            [-5.97201, 37.353366],
            [-5.971765, 37.352782],
            [-5.970089, 37.353313],
            [-5.968955, 37.353748],
            [-5.968242, 37.354061],
            [-5.968024, 37.354246],
            [-5.967675, 37.354348],
            [-5.967307, 37.354402],
            [-5.966971, 37.354461],
            [-5.966601, 37.35445],
            [-5.96633, 37.354427],
            [-5.965878, 37.354398],
            [-5.965564, 37.354401],
            [-5.965245, 37.354409],
            [-5.964742, 37.354517],
            [-5.964494, 37.354608],
            [-5.964164, 37.354727],
            [-5.963841, 37.354786],
            [-5.963454, 37.35483],
            [-5.963141, 37.354858],
            [-5.962706, 37.354939],
            [-5.962154, 37.355094],
            [-5.961637, 37.355338],
            [-5.961299, 37.35554],
            [-5.960926, 37.355775],
            [-5.960643, 37.355918],
            [-5.960471, 37.356007],
            [-5.960284, 37.356047],
            [-5.960097, 37.356057],
            [-5.959883, 37.356037],
            [-5.959637, 37.356018],
            [-5.959167, 37.355947],
            [-5.959009, 37.355906],
            [-5.958763, 37.355779],
            [-5.958634, 37.355708]
          ]
        ]
      }
    },
    {
      "type": "Feature",
      "properties": {
        "id": "barriada-pino-montano",
        "name": "Barriada Pino Montano",
        "cityId": "sevilla"
      },
      "geometry": {
        "type": "Polygon",
        "coordinates": [
          [
            [-5.962825, 37.41897],
            [-5.962983, 37.419022],
            [-5.963219, 37.419098],
            [-5.96369, 37.41925],
            [-5.963703, 37.419254],
            [-5.963819, 37.419293],
            [-5.964015, 37.419355],
            [-5.964307, 37.419456],
            [-5.964567, 37.419539],
            [-5.964617, 37.419557],
            [-5.965007, 37.419689],
            [-5.965367, 37.419797],
            [-5.966161, 37.420063],
            [-5.966408, 37.420153],
            [-5.966941, 37.420325],
            [-5.967867, 37.420633],
            [-5.968139, 37.420138],
            [-5.968346, 37.41973],
            [-5.96838, 37.419665],
            [-5.968915, 37.418613],
            [-5.969155, 37.418159],
            [-5.969408, 37.417663],
            [-5.969472, 37.417552],
            [-5.969406, 37.417534],
            [-5.969483, 37.417393],
            [-5.969549, 37.417407],
            [-5.96965, 37.417202],
            [-5.969806, 37.416844],
            [-5.96992, 37.416619],
            [-5.971719, 37.416334],
            [-5.971532, 37.41562],
            [-5.971182, 37.415334],
            [-5.971464, 37.41495],
            [-5.972698, 37.413216],
            [-5.972793, 37.412964],
            [-5.973251, 37.413922],
            [-5.973812, 37.415043],
            [-5.974059, 37.415536],
            [-5.974183, 37.415908],
            [-5.974541, 37.41632],
            [-5.974964, 37.417068],
            [-5.975348, 37.41778],
            [-5.975508, 37.418084],
            [-5.976152, 37.41927],
            [-5.976551, 37.420015],
            [-5.976784, 37.420435],
            [-5.976442, 37.420704],
            [-5.974728, 37.422907],
            [-5.974589, 37.423047],
            [-5.974465, 37.42319],
            [-5.974303, 37.423393],
            [-5.97385, 37.42397],
            [-5.973364, 37.424575],
            [-5.972126, 37.42615],
            [-5.971721, 37.426666],
            [-5.971, 37.427582],
            [-5.970287, 37.428486],
            [-5.969688, 37.429243],
            [-5.968987, 37.43013],
            [-5.968498, 37.430746],
            [-5.967724, 37.431722],
            [-5.96746, 37.432087],
            [-5.967444, 37.432115],
            [-5.967429, 37.432142],
            [-5.967413, 37.432169],
            [-5.967398, 37.432196],
            [-5.967382, 37.432223],
            [-5.967366, 37.43225],
            [-5.967351, 37.432277],
            [-5.967335, 37.432304],
            [-5.967319, 37.432331],
            [-5.967304, 37.432358],
            [-5.967285, 37.432397],
            [-5.967266, 37.432436],
            [-5.967248, 37.432475],
            [-5.967229, 37.432514],
            [-5.96721, 37.432552],
            [-5.967192, 37.432591],
            [-5.967173, 37.43263],
            [-5.967154, 37.432669],
            [-5.967136, 37.432708],
            [-5.967117, 37.432747],
            [-5.966988, 37.433019],
            [-5.966472, 37.434124],
            [-5.966439, 37.434097],
            [-5.966429, 37.434086],
            [-5.966419, 37.434076],
            [-5.96641, 37.434066],
            [-5.966399, 37.434055],
            [-5.966389, 37.434044],
            [-5.966378, 37.434033],
            [-5.966368, 37.434022],
            [-5.966358, 37.434011],
            [-5.966337, 37.433989],
            [-5.966327, 37.433978],
            [-5.966317, 37.433967],
            [-5.966306, 37.433956],
            [-5.966298, 37.433947],
            [-5.966289, 37.433938],
            [-5.96628, 37.433929],
            [-5.966272, 37.43392],
            [-5.966263, 37.433911],
            [-5.966254, 37.433902],
            [-5.966246, 37.433893],
            [-5.966237, 37.433884],
            [-5.966228, 37.433875],
            [-5.96622, 37.433866],
            [-5.966205, 37.433848],
            [-5.966191, 37.43383],
            [-5.966176, 37.433813],
            [-5.966161, 37.433795],
            [-5.966146, 37.433777],
            [-5.966132, 37.43376],
            [-5.966117, 37.433742],
            [-5.966102, 37.433724],
            [-5.966088, 37.433706],
            [-5.966073, 37.433689],
            [-5.966063, 37.433675],
            [-5.966053, 37.433661],
            [-5.966043, 37.433647],
            [-5.966033, 37.433633],
            [-5.966022, 37.433619],
            [-5.966013, 37.433605],
            [-5.966003, 37.433591],
            [-5.965983, 37.433563],
            [-5.965973, 37.433549],
            [-5.965965, 37.433538],
            [-5.965958, 37.433527],
            [-5.965951, 37.433517],
            [-5.965943, 37.433506],
            [-5.965936, 37.433495],
            [-5.965929, 37.433484],
            [-5.965922, 37.433473],
            [-5.965914, 37.433462],
            [-5.965907, 37.433451],
            [-5.9659, 37.43344],
            [-5.965891, 37.433426],
            [-5.965882, 37.433413],
            [-5.965873, 37.433399],
            [-5.965865, 37.433385],
            [-5.965856, 37.433371],
            [-5.965847, 37.433358],
            [-5.965838, 37.433344],
            [-5.96583, 37.43333],
            [-5.965821, 37.433316],
            [-5.965813, 37.433302],
            [-5.965807, 37.433291],
            [-5.965801, 37.433281],
            [-5.965795, 37.43327],
            [-5.965789, 37.43326],
            [-5.965783, 37.433249],
            [-5.965778, 37.433238],
            [-5.965772, 37.433228],
            [-5.965766, 37.433217],
            [-5.965761, 37.433206],
            [-5.965755, 37.433195],
            [-5.965745, 37.433177],
            [-5.965736, 37.433159],
            [-5.965727, 37.43314],
            [-5.965717, 37.433122],
            [-5.965708, 37.433103],
            [-5.965698, 37.433085],
            [-5.965689, 37.433066],
            [-5.965679, 37.433048],
            [-5.96567, 37.43303],
            [-5.96566, 37.433011],
            [-5.965654, 37.432996],
            [-5.965648, 37.43298],
            [-5.965641, 37.432965],
            [-5.965635, 37.432949],
            [-5.965628, 37.432934],
            [-5.965622, 37.432918],
            [-5.965616, 37.432902],
            [-5.96561, 37.432887],
            [-5.965604, 37.432871],
            [-5.965598, 37.432856],
            [-5.965585, 37.432819],
            [-5.965577, 37.432791],
            [-5.965573, 37.432781],
            [-5.96557, 37.432772],
            [-5.965567, 37.432763],
            [-5.965561, 37.432748],
            [-5.965555, 37.432733],
            [-5.965549, 37.432718],
            [-5.965543, 37.432704],
            [-5.965536, 37.432689],
            [-5.96553, 37.432674],
            [-5.965523, 37.432659],
            [-5.965517, 37.432645],
            [-5.965512, 37.43263],
            [-5.965506, 37.432615],
            [-5.965502, 37.432601],
            [-5.965497, 37.432587],
            [-5.965493, 37.432573],
            [-5.965489, 37.432559],
            [-5.965486, 37.432545],
            [-5.965482, 37.432532],
            [-5.965479, 37.432518],
            [-5.965475, 37.432504],
            [-5.965472, 37.43249],
            [-5.965468, 37.432476],
            [-5.965465, 37.432464],
            [-5.965462, 37.432452],
            [-5.965459, 37.432439],
            [-5.965455, 37.432427],
            [-5.965452, 37.432415],
            [-5.965449, 37.432403],
            [-5.965447, 37.43239],
            [-5.965444, 37.432378],
            [-5.965441, 37.432366],
            [-5.965438, 37.432354],
            [-5.965434, 37.432337],
            [-5.965431, 37.432321],
            [-5.965428, 37.432304],
            [-5.965424, 37.432288],
            [-5.965421, 37.432271],
            [-5.965418, 37.432254],
            [-5.965415, 37.432238],
            [-5.965412, 37.432221],
            [-5.965409, 37.432205],
            [-5.965406, 37.432188],
            [-5.965402, 37.432166],
            [-5.965398, 37.432143],
            [-5.965394, 37.432121],
            [-5.96539, 37.432099],
            [-5.965386, 37.432076],
            [-5.965383, 37.432054],
            [-5.965379, 37.432032],
            [-5.965375, 37.432009],
            [-5.965371, 37.431987],
            [-5.965367, 37.431965],
            [-5.965365, 37.431948],
            [-5.965363, 37.431931],
            [-5.965361, 37.431915],
            [-5.965359, 37.431898],
            [-5.965357, 37.431881],
            [-5.965355, 37.431865],
            [-5.965353, 37.431848],
            [-5.965351, 37.431832],
            [-5.965349, 37.431815],
            [-5.965347, 37.431798],
            [-5.965222, 37.430829],
            [-5.96513, 37.429995],
            [-5.965074, 37.429544],
            [-5.964946, 37.428893],
            [-5.964639, 37.428118],
            [-5.96429, 37.427494],
            [-5.964154, 37.427309],
            [-5.963928, 37.427002],
            [-5.963748, 37.426795],
            [-5.963337, 37.426371],
            [-5.963244, 37.426277],
            [-5.963064, 37.426131],
            [-5.962823, 37.425944],
            [-5.962548, 37.425732],
            [-5.962246, 37.425543],
            [-5.962101, 37.425458],
            [-5.961657, 37.425217],
            [-5.961634, 37.425207],
            [-5.961579, 37.42518],
            [-5.961523, 37.425154],
            [-5.961468, 37.425128],
            [-5.961413, 37.425102],
            [-5.961357, 37.425075],
            [-5.961302, 37.425049],
            [-5.961247, 37.425023],
            [-5.961136, 37.42497],
            [-5.961084, 37.424949],
            [-5.961033, 37.424927],
            [-5.960982, 37.424905],
            [-5.960879, 37.424862],
            [-5.960828, 37.42484],
            [-5.960776, 37.424818],
            [-5.960725, 37.424797],
            [-5.960622, 37.424753],
            [-5.960568, 37.424734],
            [-5.960514, 37.424715],
            [-5.96046, 37.424696],
            [-5.960406, 37.424677],
            [-5.960352, 37.424658],
            [-5.960298, 37.424639],
            [-5.960244, 37.42462],
            [-5.96019, 37.424601],
            [-5.960135, 37.424582],
            [-5.960081, 37.424563],
            [-5.960034, 37.424552],
            [-5.959986, 37.424541],
            [-5.959938, 37.42453],
            [-5.959891, 37.424519],
            [-5.959843, 37.424508],
            [-5.959796, 37.424497],
            [-5.959748, 37.424486],
            [-5.9597, 37.424475],
            [-5.959653, 37.424464],
            [-5.959605, 37.424453],
            [-5.959545, 37.424444],
            [-5.959485, 37.424435],
            [-5.959424, 37.424426],
            [-5.959379, 37.424419],
            [-5.959334, 37.424412],
            [-5.959304, 37.424407],
            [-5.959155, 37.424395],
            [-5.959081, 37.42439],
            [-5.959007, 37.424384],
            [-5.958933, 37.424378],
            [-5.958859, 37.424372],
            [-5.958785, 37.424366],
            [-5.958711, 37.42436],
            [-5.958636, 37.424354],
            [-5.958562, 37.424348],
            [-5.95789, 37.424301],
            [-5.957934, 37.424244],
            [-5.958115, 37.423995],
            [-5.958294, 37.423743],
            [-5.958432, 37.423543],
            [-5.958654, 37.423235],
            [-5.959024, 37.422736],
            [-5.959208, 37.422495],
            [-5.959471, 37.422143],
            [-5.959627, 37.421958],
            [-5.959706, 37.421862],
            [-5.959849, 37.42167],
            [-5.960208, 37.421265],
            [-5.960505, 37.420971],
            [-5.960824, 37.420632],
            [-5.961153, 37.420285],
            [-5.961312, 37.420108],
            [-5.961496, 37.419887],
            [-5.961666, 37.419663],
            [-5.961775, 37.419529],
            [-5.961851, 37.419429],
            [-5.961863, 37.419419],
            [-5.96204, 37.419332],
            [-5.962211, 37.419246],
            [-5.962361, 37.419187],
            [-5.962487, 37.419127],
            [-5.962825, 37.41897]
          ]
        ]
      }
    },
    {
      "type": "Feature",
      "properties": {
        "id": "barrio-leon",
        "name": "Barrio Leon",
        "cityId": "sevilla"
      },
      "geometry": {
        "type": "Polygon",
        "coordinates": [
          [
            [-6.009177, 37.381057],
            [-6.009099, 37.380576],
            [-6.009097, 37.380523],
            [-6.009109, 37.38048],
            [-6.009127, 37.380459],
            [-6.009147, 37.380443],
            [-6.009238, 37.380422],
            [-6.009307, 37.380434],
            [-6.00952, 37.380242],
            [-6.009655, 37.380102],
            [-6.009783, 37.379975],
            [-6.009976, 37.37979],
            [-6.010265, 37.379535],
            [-6.010692, 37.379101],
            [-6.011156, 37.378631],
            [-6.011242, 37.378547],
            [-6.011289, 37.378502],
            [-6.01162, 37.378178],
            [-6.011926, 37.377879],
            [-6.012215, 37.377597],
            [-6.012503, 37.377332],
            [-6.012781, 37.377062],
            [-6.012989, 37.37685],
            [-6.013102, 37.376733],
            [-6.01322, 37.376611],
            [-6.013413, 37.376694],
            [-6.013588, 37.376766],
            [-6.013663, 37.376798],
            [-6.013723, 37.376823],
            [-6.013782, 37.376847],
            [-6.013809, 37.376859],
            [-6.013896, 37.376897],
            [-6.013945, 37.376922],
            [-6.013964, 37.376933],
            [-6.014004, 37.376955],
            [-6.014027, 37.376967],
            [-6.014038, 37.376975],
            [-6.014059, 37.376989],
            [-6.014102, 37.377017],
            [-6.014127, 37.377035],
            [-6.014162, 37.377062],
            [-6.014192, 37.377085],
            [-6.01422, 37.37711],
            [-6.01424, 37.377129],
            [-6.01426, 37.377148],
            [-6.014282, 37.377169],
            [-6.014302, 37.377191],
            [-6.01433, 37.377222],
            [-6.014358, 37.377258],
            [-6.014392, 37.377303],
            [-6.014429, 37.37736],
            [-6.014459, 37.377412],
            [-6.014474, 37.377442],
            [-6.014588, 37.377676],
            [-6.014497, 37.378867],
            [-6.014467, 37.379294],
            [-6.014409, 37.380124],
            [-6.014374, 37.380663],
            [-6.014377, 37.380739],
            [-6.01436, 37.380826],
            [-6.014347, 37.380974],
            [-6.014338, 37.381104],
            [-6.014263, 37.381136],
            [-6.01422, 37.381152],
            [-6.014165, 37.381163],
            [-6.014103, 37.381162],
            [-6.013835, 37.381143],
            [-6.013023, 37.381106],
            [-6.012398, 37.381077],
            [-6.012156, 37.381067],
            [-6.011581, 37.381061],
            [-6.011499, 37.381062],
            [-6.01114, 37.381071],
            [-6.01024, 37.381092],
            [-6.01006, 37.381096],
            [-6.00931, 37.381126],
            [-6.009262, 37.381126],
            [-6.009198, 37.381106],
            [-6.009177, 37.381057]
          ]
        ]
      }
    },
    {
      "type": "Feature",
      "properties": {
        "id": "begona-santa-catalina",
        "name": "Begoña-santa Catalina",
        "cityId": "sevilla"
      },
      "geometry": {
        "type": "Polygon",
        "coordinates": [
          [
            [-5.974111, 37.409585],
            [-5.974008, 37.409457],
            [-5.973799, 37.409133],
            [-5.973662, 37.408946],
            [-5.973597, 37.408866],
            [-5.973547, 37.408823],
            [-5.973474, 37.408768],
            [-5.973393, 37.408716],
            [-5.973292, 37.408666],
            [-5.973055, 37.408561],
            [-5.973798, 37.407441],
            [-5.973859, 37.40735],
            [-5.974133, 37.406971],
            [-5.974746, 37.406041],
            [-5.975161, 37.405412],
            [-5.975719, 37.405716],
            [-5.976401, 37.406081],
            [-5.97659, 37.406182],
            [-5.97641, 37.406442],
            [-5.976316, 37.40658],
            [-5.976429, 37.406695],
            [-5.97646, 37.406741],
            [-5.976467, 37.406771],
            [-5.976461, 37.406797],
            [-5.976406, 37.406872],
            [-5.977307, 37.407354],
            [-5.977769, 37.407602],
            [-5.978042, 37.407748],
            [-5.978584, 37.40804],
            [-5.97845, 37.408294],
            [-5.978373, 37.408425],
            [-5.978272, 37.4086],
            [-5.978258, 37.40866],
            [-5.978108, 37.40864],
            [-5.978057, 37.408631],
            [-5.976832, 37.409083],
            [-5.976715, 37.409119],
            [-5.976651, 37.409128],
            [-5.976596, 37.409136],
            [-5.976448, 37.409128],
            [-5.976293, 37.409104],
            [-5.975919, 37.409062],
            [-5.975004, 37.408957],
            [-5.974774, 37.409659],
            [-5.974737, 37.409791],
            [-5.974661, 37.409866],
            [-5.974511, 37.409813],
            [-5.974416, 37.409784],
            [-5.974304, 37.409731],
            [-5.974178, 37.409643],
            [-5.974111, 37.409585]
          ]
        ]
      }
    },
    {
      "type": "Feature",
      "properties": {
        "id": "bellavista",
        "name": "Bellavista",
        "cityId": "sevilla"
      },
      "geometry": {
        "type": "Polygon",
        "coordinates": [
          [
            [-5.953938, 37.35849],
            [-5.945772, 37.354199],
            [-5.943987, 37.353295],
            [-5.943873, 37.353237],
            [-5.943768, 37.353177],
            [-5.943624, 37.353085],
            [-5.943448, 37.352967],
            [-5.943334, 37.352894],
            [-5.943203, 37.352819],
            [-5.943223, 37.352773],
            [-5.943777, 37.352172],
            [-5.944601, 37.351124],
            [-5.944925, 37.350766],
            [-5.946081, 37.349479],
            [-5.946836, 37.348653],
            [-5.946951, 37.348524],
            [-5.948201, 37.347119],
            [-5.948589, 37.34665],
            [-5.948788, 37.34641],
            [-5.948818, 37.346373],
            [-5.94896, 37.34614],
            [-5.949077, 37.345948],
            [-5.949362, 37.345515],
            [-5.949961, 37.344503],
            [-5.950705, 37.343313],
            [-5.951209, 37.342561],
            [-5.952222, 37.341107],
            [-5.952562, 37.340675],
            [-5.952784, 37.340306],
            [-5.952883, 37.339824],
            [-5.953068, 37.339523],
            [-5.953441, 37.33887],
            [-5.954238, 37.337865],
            [-5.955341, 37.336581],
            [-5.955782, 37.33621],
            [-5.956409, 37.335634],
            [-5.956772, 37.335311],
            [-5.957148, 37.33497],
            [-5.957234, 37.334747],
            [-5.957249, 37.334452],
            [-5.957294, 37.333961],
            [-5.957562, 37.333056],
            [-5.957979, 37.33167],
            [-5.958229, 37.330761],
            [-5.958407, 37.330228],
            [-5.958623, 37.329538],
            [-5.95874, 37.329097],
            [-5.958871, 37.328817],
            [-5.959147, 37.328462],
            [-5.95966, 37.327826],
            [-5.960067, 37.327305],
            [-5.960467, 37.326795],
            [-5.960885, 37.326278],
            [-5.961174, 37.325949],
            [-5.961357, 37.325818],
            [-5.961449, 37.325752],
            [-5.961482, 37.325729],
            [-5.962119, 37.325336],
            [-5.963069, 37.324754],
            [-5.963985, 37.324243],
            [-5.964027, 37.32425],
            [-5.96416, 37.324273],
            [-5.964133, 37.322918],
            [-5.964146, 37.322593],
            [-5.964156, 37.322341],
            [-5.964186, 37.32199],
            [-5.964233, 37.321635],
            [-5.964302, 37.321232],
            [-5.964403, 37.320793],
            [-5.964518, 37.320404],
            [-5.964607, 37.320146],
            [-5.964726, 37.319847],
            [-5.964843, 37.319582],
            [-5.964953, 37.31934],
            [-5.965077, 37.319106],
            [-5.96534, 37.31866],
            [-5.965532, 37.318365],
            [-5.965872, 37.317882],
            [-5.966226, 37.31737],
            [-5.966538, 37.316931],
            [-5.96682, 37.316545],
            [-5.967181, 37.31602],
            [-5.967432, 37.315668],
            [-5.96769, 37.315312],
            [-5.967895, 37.315016],
            [-5.968052, 37.314793],
            [-5.968241, 37.314516],
            [-5.968375, 37.314307],
            [-5.968629, 37.313907],
            [-5.968678, 37.313839],
            [-5.968988, 37.313417],
            [-5.992843, 37.318116],
            [-5.992799, 37.318178],
            [-5.992428, 37.318743],
            [-5.99226, 37.319022],
            [-5.991943, 37.319609],
            [-5.991803, 37.319898],
            [-5.991543, 37.320501],
            [-5.99143, 37.320798],
            [-5.991228, 37.321415],
            [-5.991144, 37.321718],
            [-5.991001, 37.322345],
            [-5.990946, 37.322653],
            [-5.990816, 37.324234],
            [-5.99082, 37.324546],
            [-5.99093, 37.326237],
            [-5.99106, 37.327212],
            [-5.991119, 37.327566],
            [-5.991314, 37.328534],
            [-5.991397, 37.328885],
            [-5.991658, 37.329843],
            [-5.991764, 37.330189],
            [-5.992089, 37.331135],
            [-5.992218, 37.331476],
            [-5.992606, 37.332407],
            [-5.992759, 37.332742],
            [-5.992918, 37.333111],
            [-5.99308, 37.335041],
            [-5.992841, 37.350269],
            [-5.992408, 37.350259],
            [-5.990325, 37.350219],
            [-5.990116, 37.350213],
            [-5.990111, 37.350406],
            [-5.990004, 37.35057],
            [-5.989803, 37.350754],
            [-5.989588, 37.35092],
            [-5.988871, 37.351469],
            [-5.988582, 37.351488],
            [-5.988537, 37.35143],
            [-5.988111, 37.350779],
            [-5.987769, 37.350301],
            [-5.987539, 37.349976],
            [-5.987372, 37.34978],
            [-5.986805, 37.349191],
            [-5.985791, 37.348113],
            [-5.985272, 37.347559],
            [-5.983063, 37.345247],
            [-5.982993, 37.345177],
            [-5.982741, 37.344926],
            [-5.982624, 37.344791],
            [-5.982328, 37.344486],
            [-5.981746, 37.343865],
            [-5.981451, 37.343549],
            [-5.980909, 37.342961],
            [-5.979947, 37.341949],
            [-5.979615, 37.341611],
            [-5.979583, 37.341586],
            [-5.979552, 37.341562],
            [-5.979521, 37.341537],
            [-5.97949, 37.341512],
            [-5.979427, 37.341463],
            [-5.979396, 37.341438],
            [-5.979365, 37.341413],
            [-5.979334, 37.341388],
            [-5.979303, 37.341364],
            [-5.979282, 37.341351],
            [-5.979261, 37.341338],
            [-5.97924, 37.341325],
            [-5.979219, 37.341313],
            [-5.979177, 37.341287],
            [-5.979156, 37.341274],
            [-5.979136, 37.341262],
            [-5.979115, 37.341249],
            [-5.979094, 37.341236],
            [-5.979073, 37.341228],
            [-5.979052, 37.341219],
            [-5.979031, 37.34121],
            [-5.97901, 37.341202],
            [-5.978969, 37.341185],
            [-5.978948, 37.341176],
            [-5.978927, 37.341167],
            [-5.978906, 37.341159],
            [-5.978885, 37.34115],
            [-5.978869, 37.341145],
            [-5.977, 37.3407],
            [-5.97567, 37.340594],
            [-5.972044, 37.340596],
            [-5.972706, 37.341859],
            [-5.973091, 37.342489],
            [-5.973524, 37.343191],
            [-5.973647, 37.343386],
            [-5.973731, 37.343356],
            [-5.974058, 37.343874],
            [-5.974422, 37.344484],
            [-5.974734, 37.34499],
            [-5.975546, 37.346337],
            [-5.975989, 37.347083],
            [-5.97605, 37.347203],
            [-5.976113, 37.347337],
            [-5.974853, 37.347657],
            [-5.97422, 37.347822],
            [-5.974196, 37.347776],
            [-5.974017, 37.347823],
            [-5.97382, 37.347414],
            [-5.973117, 37.347602],
            [-5.971265, 37.348104],
            [-5.97131, 37.348203],
            [-5.970069, 37.348525],
            [-5.969735, 37.347783],
            [-5.967795, 37.343699],
            [-5.967311, 37.344098],
            [-5.966785, 37.344554],
            [-5.966249, 37.345023],
            [-5.966037, 37.345209],
            [-5.965619, 37.345572],
            [-5.965561, 37.345623],
            [-5.965503, 37.345674],
            [-5.965445, 37.345725],
            [-5.965387, 37.345776],
            [-5.965329, 37.345827],
            [-5.965271, 37.345878],
            [-5.965213, 37.345929],
            [-5.965155, 37.34598],
            [-5.965097, 37.346031],
            [-5.965039, 37.346082],
            [-5.964995, 37.346122],
            [-5.96495, 37.346161],
            [-5.964906, 37.346201],
            [-5.964818, 37.346279],
            [-5.964774, 37.346319],
            [-5.96473, 37.346358],
            [-5.964686, 37.346397],
            [-5.964642, 37.346437],
            [-5.964598, 37.346476],
            [-5.964415, 37.346653],
            [-5.964408, 37.34666],
            [-5.96437, 37.346697],
            [-5.964332, 37.346734],
            [-5.964294, 37.346771],
            [-5.964256, 37.346808],
            [-5.964218, 37.346845],
            [-5.964178, 37.346885],
            [-5.964138, 37.346925],
            [-5.964099, 37.346965],
            [-5.964059, 37.347005],
            [-5.964019, 37.347045],
            [-5.96398, 37.347085],
            [-5.96394, 37.347125],
            [-5.9639, 37.347165],
            [-5.963861, 37.347205],
            [-5.963821, 37.347245],
            [-5.963783, 37.347286],
            [-5.963744, 37.347328],
            [-5.963706, 37.347369],
            [-5.963668, 37.34741],
            [-5.963629, 37.347451],
            [-5.963591, 37.347492],
            [-5.963553, 37.347533],
            [-5.963515, 37.347574],
            [-5.963438, 37.347656],
            [-5.963407, 37.347692],
            [-5.963377, 37.347728],
            [-5.963346, 37.347763],
            [-5.963316, 37.347799],
            [-5.963285, 37.347834],
            [-5.963254, 37.34787],
            [-5.963223, 37.347906],
            [-5.963193, 37.347941],
            [-5.963162, 37.347977],
            [-5.963131, 37.348012],
            [-5.9631, 37.348052],
            [-5.963069, 37.348092],
            [-5.963038, 37.348132],
            [-5.963007, 37.348171],
            [-5.962945, 37.348251],
            [-5.962914, 37.348291],
            [-5.962882, 37.348331],
            [-5.962851, 37.34837],
            [-5.96282, 37.34841],
            [-5.962789, 37.348451],
            [-5.962758, 37.348492],
            [-5.962728, 37.348533],
            [-5.962697, 37.348574],
            [-5.962666, 37.348615],
            [-5.962635, 37.348656],
            [-5.962604, 37.348697],
            [-5.962574, 37.348738],
            [-5.962543, 37.348779],
            [-5.962512, 37.34882],
            [-5.962475, 37.348874],
            [-5.962437, 37.348929],
            [-5.962399, 37.348984],
            [-5.962362, 37.349039],
            [-5.962324, 37.349094],
            [-5.962287, 37.349148],
            [-5.962249, 37.349203],
            [-5.962212, 37.349258],
            [-5.962174, 37.349313],
            [-5.962136, 37.349368],
            [-5.962114, 37.349403],
            [-5.962091, 37.349437],
            [-5.962068, 37.349472],
            [-5.962045, 37.349507],
            [-5.962022, 37.349542],
            [-5.961999, 37.349577],
            [-5.961976, 37.349612],
            [-5.961953, 37.349647],
            [-5.96193, 37.349682],
            [-5.961907, 37.349717],
            [-5.961832, 37.349819],
            [-5.961703, 37.350026],
            [-5.961686, 37.350054],
            [-5.961669, 37.350083],
            [-5.961635, 37.350139],
            [-5.961618, 37.350168],
            [-5.961601, 37.350196],
            [-5.961583, 37.350224],
            [-5.961549, 37.350281],
            [-5.961517, 37.350337],
            [-5.961485, 37.350393],
            [-5.961454, 37.350448],
            [-5.961423, 37.350504],
            [-5.961392, 37.35056],
            [-5.961353, 37.350629],
            [-5.96133, 37.350671],
            [-5.961306, 37.350713],
            [-5.961283, 37.350755],
            [-5.961259, 37.350797],
            [-5.961236, 37.350839],
            [-5.961213, 37.350881],
            [-5.961189, 37.350923],
            [-5.961166, 37.350965],
            [-5.961143, 37.351006],
            [-5.961121, 37.351047],
            [-5.9611, 37.351087],
            [-5.961078, 37.351127],
            [-5.961057, 37.351168],
            [-5.961014, 37.351249],
            [-5.960993, 37.351289],
            [-5.960971, 37.351329],
            [-5.960928, 37.35141],
            [-5.960907, 37.351452],
            [-5.960885, 37.351494],
            [-5.960863, 37.351536],
            [-5.960842, 37.351578],
            [-5.96082, 37.351621],
            [-5.960799, 37.351663],
            [-5.960755, 37.351747],
            [-5.960734, 37.351789],
            [-5.960712, 37.351831],
            [-5.960669, 37.351917],
            [-5.960647, 37.35196],
            [-5.960625, 37.352003],
            [-5.960604, 37.352046],
            [-5.960582, 37.352089],
            [-5.960561, 37.352132],
            [-5.960539, 37.352175],
            [-5.960517, 37.352218],
            [-5.960496, 37.352261],
            [-5.960474, 37.352307],
            [-5.960452, 37.352353],
            [-5.96043, 37.352399],
            [-5.960408, 37.352445],
            [-5.960386, 37.352491],
            [-5.960364, 37.352537],
            [-5.960342, 37.352583],
            [-5.96032, 37.352629],
            [-5.960276, 37.352722],
            [-5.960256, 37.352764],
            [-5.960236, 37.352807],
            [-5.960216, 37.352849],
            [-5.960196, 37.352892],
            [-5.960176, 37.352934],
            [-5.960156, 37.352977],
            [-5.960135, 37.353019],
            [-5.960115, 37.353062],
            [-5.960095, 37.353104],
            [-5.960075, 37.353147],
            [-5.960051, 37.353196],
            [-5.960028, 37.353245],
            [-5.960004, 37.353294],
            [-5.95998, 37.353343],
            [-5.959956, 37.353393],
            [-5.959933, 37.353442],
            [-5.959909, 37.353491],
            [-5.959886, 37.35354],
            [-5.959862, 37.35359],
            [-5.959838, 37.353639],
            [-5.959817, 37.353682],
            [-5.959796, 37.353725],
            [-5.959775, 37.353768],
            [-5.959753, 37.353811],
            [-5.959732, 37.353854],
            [-5.959711, 37.353897],
            [-5.95969, 37.35394],
            [-5.959669, 37.353983],
            [-5.959648, 37.354026],
            [-5.959627, 37.354069],
            [-5.959613, 37.354094],
            [-5.9596, 37.35412],
            [-5.959587, 37.354145],
            [-5.959574, 37.35417],
            [-5.959561, 37.354196],
            [-5.959548, 37.354221],
            [-5.959535, 37.354246],
            [-5.959522, 37.354271],
            [-5.959509, 37.354297],
            [-5.959496, 37.354322],
            [-5.959461, 37.354384],
            [-5.959369, 37.354536],
            [-5.959315, 37.354654],
            [-5.959046, 37.355096],
            [-5.959013, 37.355145],
            [-5.958981, 37.355194],
            [-5.958948, 37.355243],
            [-5.958916, 37.355292],
            [-5.958884, 37.35534],
            [-5.958851, 37.355389],
            [-5.958819, 37.355438],
            [-5.958787, 37.355487],
            [-5.958754, 37.355535],
            [-5.958722, 37.355584],
            [-5.95869, 37.35563],
            [-5.958657, 37.355676],
            [-5.958634, 37.355708],
            [-5.958042, 37.355385],
            [-5.953938, 37.35849]
          ]
        ]
      }
    },
    {
      "type": "Feature",
      "properties": {
        "id": "campos-de-soria",
        "name": "Campos de Soria",
        "cityId": "sevilla"
      },
      "geometry": {
        "type": "Polygon",
        "coordinates": [
          [
            [-5.969203, 37.40579],
            [-5.968991, 37.405371],
            [-5.96957, 37.405186],
            [-5.969711, 37.405447],
            [-5.969741, 37.405438],
            [-5.970002, 37.40536],
            [-5.970165, 37.405315],
            [-5.970216, 37.405217],
            [-5.970294, 37.405098],
            [-5.970445, 37.40489],
            [-5.970576, 37.404738],
            [-5.970772, 37.404572],
            [-5.970837, 37.404473],
            [-5.971196, 37.404216],
            [-5.972012, 37.403732],
            [-5.972051, 37.403753],
            [-5.972098, 37.403778],
            [-5.973157, 37.40435],
            [-5.973474, 37.404518],
            [-5.973293, 37.404667],
            [-5.97307, 37.404752],
            [-5.972884, 37.404796],
            [-5.973054, 37.405236],
            [-5.973215, 37.405618],
            [-5.973288, 37.405794],
            [-5.973344, 37.405916],
            [-5.973339, 37.406044],
            [-5.973415, 37.406231],
            [-5.97347, 37.406324],
            [-5.973207, 37.406511],
            [-5.972786, 37.406815],
            [-5.972747, 37.406843],
            [-5.972102, 37.407346],
            [-5.972001, 37.407432],
            [-5.97193, 37.407492],
            [-5.971859, 37.407552],
            [-5.971099, 37.408196],
            [-5.970819, 37.408433],
            [-5.9708, 37.408449],
            [-5.970761, 37.408481],
            [-5.970435, 37.408216],
            [-5.969203, 37.40579]
          ]
        ]
      }
    },
    {
      "type": "Feature",
      "properties": {
        "id": "cisneo-alto-santa-maria-de-gracia",
        "name": "Cisneo Alto-santa Maria de Gracia",
        "cityId": "sevilla"
      },
      "geometry": {
        "type": "Polygon",
        "coordinates": [
          [
            [-5.968991, 37.405371],
            [-5.96886, 37.405108],
            [-5.968776, 37.404936],
            [-5.968734, 37.404755],
            [-5.968725, 37.404619],
            [-5.968723, 37.404556],
            [-5.968733, 37.404445],
            [-5.968749, 37.404331],
            [-5.968786, 37.404191],
            [-5.968884, 37.403781],
            [-5.968939, 37.403633],
            [-5.968984, 37.403504],
            [-5.969008, 37.403396],
            [-5.969098, 37.402984],
            [-5.970025, 37.402668],
            [-5.970447, 37.402521],
            [-5.970881, 37.402371],
            [-5.971094, 37.402297],
            [-5.971183, 37.402266],
            [-5.971261, 37.40224],
            [-5.971641, 37.402116],
            [-5.9718, 37.402065],
            [-5.97228, 37.401928],
            [-5.97288, 37.401784],
            [-5.973229, 37.4017],
            [-5.973273, 37.40184],
            [-5.973278, 37.401877],
            [-5.973283, 37.401998],
            [-5.973291, 37.402055],
            [-5.973367, 37.402427],
            [-5.973503, 37.403087],
            [-5.973584, 37.403125],
            [-5.973382, 37.403376],
            [-5.973151, 37.403252],
            [-5.972974, 37.40333],
            [-5.972674, 37.403431],
            [-5.972503, 37.40349],
            [-5.97237, 37.403532],
            [-5.972272, 37.403555],
            [-5.972243, 37.403591],
            [-5.972205, 37.403644],
            [-5.972098, 37.403778],
            [-5.972051, 37.403753],
            [-5.972012, 37.403732],
            [-5.971196, 37.404216],
            [-5.970837, 37.404473],
            [-5.970772, 37.404572],
            [-5.970576, 37.404738],
            [-5.970445, 37.40489],
            [-5.970294, 37.405098],
            [-5.970216, 37.405217],
            [-5.970165, 37.405315],
            [-5.970002, 37.40536],
            [-5.969741, 37.405438],
            [-5.969711, 37.405447],
            [-5.96957, 37.405186],
            [-5.968991, 37.405371]
          ]
        ]
      }
    },
    {
      "type": "Feature",
      "properties": {
        "id": "ciudad-jardin",
        "name": "Ciudad Jardin",
        "cityId": "sevilla"
      },
      "geometry": {
        "type": "Polygon",
        "coordinates": [
          [
            [-5.959861, 37.381039],
            [-5.959921, 37.380609],
            [-5.959999, 37.37995],
            [-5.960022, 37.379762],
            [-5.960131, 37.378987],
            [-5.960222, 37.378273],
            [-5.960297, 37.37761],
            [-5.960306, 37.377019],
            [-5.960603, 37.376853],
            [-5.960696, 37.376804],
            [-5.961603, 37.376325],
            [-5.962263, 37.375649],
            [-5.962311, 37.3756],
            [-5.963367, 37.374543],
            [-5.963721, 37.374189],
            [-5.964479, 37.373419],
            [-5.965581, 37.374121],
            [-5.966029, 37.374395],
            [-5.966391, 37.374635],
            [-5.966503, 37.374685],
            [-5.967407, 37.374946],
            [-5.968087, 37.375149],
            [-5.968204, 37.375184],
            [-5.96864, 37.375314],
            [-5.969074, 37.375442],
            [-5.970233, 37.375784],
            [-5.97026, 37.375792],
            [-5.970263, 37.375793],
            [-5.970244, 37.37583],
            [-5.970115, 37.37611],
            [-5.969995, 37.376368],
            [-5.969932, 37.376501],
            [-5.969904, 37.37656],
            [-5.969529, 37.376456],
            [-5.969161, 37.376351],
            [-5.968788, 37.376245],
            [-5.96827, 37.376096],
            [-5.968047, 37.376581],
            [-5.96767, 37.377348],
            [-5.967576, 37.377545],
            [-5.967168, 37.377696],
            [-5.966324, 37.377473],
            [-5.966297, 37.377703],
            [-5.966257, 37.378021],
            [-5.966237, 37.37818],
            [-5.966169, 37.378718],
            [-5.966127, 37.379046],
            [-5.966122, 37.379089],
            [-5.96605, 37.37966],
            [-5.966048, 37.379683],
            [-5.965997, 37.380089],
            [-5.965995, 37.380108],
            [-5.96597, 37.380298],
            [-5.965949, 37.380457],
            [-5.965883, 37.380989],
            [-5.965859, 37.381193],
            [-5.965818, 37.381519],
            [-5.965394, 37.38148],
            [-5.965159, 37.381451],
            [-5.964457, 37.381385],
            [-5.964257, 37.38137],
            [-5.964033, 37.381354],
            [-5.963475, 37.381308],
            [-5.962771, 37.381251],
            [-5.962711, 37.381247],
            [-5.962301, 37.381219],
            [-5.961917, 37.381193],
            [-5.961425, 37.381157],
            [-5.96116, 37.381137],
            [-5.960563, 37.381077],
            [-5.960213, 37.381042],
            [-5.959861, 37.381039]
          ]
        ]
      }
    },
    {
      "type": "Feature",
      "properties": {
        "id": "colores-entreparques",
        "name": "Colores, Entreparques",
        "cityId": "sevilla"
      },
      "geometry": {
        "type": "Polygon",
        "coordinates": [
          [
            [-5.876799, 37.415567],
            [-5.875446, 37.414549],
            [-5.87507, 37.414266],
            [-5.87525, 37.413386],
            [-5.874799, 37.412399],
            [-5.874782, 37.412367],
            [-5.874767, 37.412286],
            [-5.875574, 37.411736],
            [-5.879276, 37.409215],
            [-5.882305, 37.407173],
            [-5.885023, 37.405326],
            [-5.885783, 37.404863],
            [-5.88725, 37.403803],
            [-5.892038, 37.40056],
            [-5.90494, 37.39183],
            [-5.905136, 37.391618],
            [-5.906575, 37.390061],
            [-5.906793, 37.390185],
            [-5.906849, 37.390125],
            [-5.90737, 37.390135],
            [-5.907886, 37.39012],
            [-5.908653, 37.390112],
            [-5.909119, 37.390119],
            [-5.911277, 37.390177],
            [-5.914177, 37.390255],
            [-5.914179, 37.390047],
            [-5.91422, 37.38983],
            [-5.914324, 37.389586],
            [-5.914447, 37.389397],
            [-5.914628, 37.389182],
            [-5.915198, 37.38863],
            [-5.91547, 37.388364],
            [-5.915584, 37.388259],
            [-5.915912, 37.387902],
            [-5.916234, 37.38758],
            [-5.916454, 37.387371],
            [-5.916598, 37.387249],
            [-5.916774, 37.387112],
            [-5.916733, 37.387083],
            [-5.91668, 37.387036],
            [-5.91665, 37.386985],
            [-5.916651, 37.38696],
            [-5.916659, 37.38686],
            [-5.916686, 37.386781],
            [-5.91674, 37.386701],
            [-5.916816, 37.386618],
            [-5.916903, 37.386572],
            [-5.916749, 37.386381],
            [-5.916618, 37.38626],
            [-5.916403, 37.38614],
            [-5.916176, 37.386074],
            [-5.915983, 37.386048],
            [-5.915379, 37.385999],
            [-5.915179, 37.385981],
            [-5.914991, 37.385951],
            [-5.914809, 37.3859],
            [-5.914668, 37.385828],
            [-5.914577, 37.385762],
            [-5.914431, 37.38565],
            [-5.914353, 37.385574],
            [-5.914284, 37.385475],
            [-5.914254, 37.385357],
            [-5.914421, 37.385411],
            [-5.914861, 37.385542],
            [-5.915243, 37.385628],
            [-5.915609, 37.385678],
            [-5.915881, 37.385707],
            [-5.916494, 37.385735],
            [-5.918045, 37.385797],
            [-5.918424, 37.385811],
            [-5.918858, 37.385827],
            [-5.919339, 37.385845],
            [-5.919819, 37.385864],
            [-5.920261, 37.385878],
            [-5.920174, 37.387575],
            [-5.920174, 37.387714],
            [-5.920132, 37.388236],
            [-5.920089, 37.388772],
            [-5.920048, 37.389265],
            [-5.92001, 37.389599],
            [-5.919999, 37.3898],
            [-5.920126, 37.389805],
            [-5.921113, 37.389818],
            [-5.921214, 37.3889],
            [-5.92127, 37.388254],
            [-5.922283, 37.388299],
            [-5.922291, 37.388213],
            [-5.922941, 37.388248],
            [-5.924175, 37.388305],
            [-5.924124, 37.388908],
            [-5.924213, 37.388982],
            [-5.924191, 37.389209],
            [-5.924129, 37.389569],
            [-5.924083, 37.390071],
            [-5.924397, 37.390162],
            [-5.924671, 37.390248],
            [-5.92468, 37.390251],
            [-5.925021, 37.390371],
            [-5.925195, 37.390424],
            [-5.925355, 37.390447],
            [-5.925504, 37.390433],
            [-5.925781, 37.391238],
            [-5.9261, 37.392036],
            [-5.926309, 37.392185],
            [-5.926554, 37.392417],
            [-5.926757, 37.392661],
            [-5.926941, 37.392957],
            [-5.928016, 37.394429],
            [-5.92806, 37.394489],
            [-5.928392, 37.39435],
            [-5.929251, 37.393946],
            [-5.929834, 37.393675],
            [-5.929986, 37.393571],
            [-5.930384, 37.393652],
            [-5.930409, 37.393877],
            [-5.93044, 37.394256],
            [-5.930485, 37.394571],
            [-5.930458, 37.395518],
            [-5.930484, 37.39563],
            [-5.930495, 37.395774],
            [-5.9305, 37.395952],
            [-5.930529, 37.396458],
            [-5.930529, 37.396576],
            [-5.93053, 37.396624],
            [-5.93057, 37.396838],
            [-5.930584, 37.396931],
            [-5.930619, 37.397081],
            [-5.930647, 37.397177],
            [-5.930694, 37.397276],
            [-5.930769, 37.397405],
            [-5.930856, 37.397528],
            [-5.93093, 37.39761],
            [-5.931065, 37.397732],
            [-5.931176, 37.397798],
            [-5.931352, 37.397855],
            [-5.931494, 37.397877],
            [-5.931684, 37.397889],
            [-5.9322, 37.397911],
            [-5.93282, 37.397918],
            [-5.934758, 37.397951],
            [-5.934822, 37.39828],
            [-5.934905, 37.398696],
            [-5.934978, 37.399041],
            [-5.935096, 37.399546],
            [-5.935134, 37.399708],
            [-5.935221, 37.400051],
            [-5.935422, 37.400799],
            [-5.935493, 37.401038],
            [-5.935519, 37.401132],
            [-5.935571, 37.401307],
            [-5.935619, 37.401453],
            [-5.935754, 37.401882],
            [-5.93589, 37.402288],
            [-5.936071, 37.402802],
            [-5.936179, 37.403096],
            [-5.93625, 37.403283],
            [-5.936303, 37.40342],
            [-5.936358, 37.40357],
            [-5.936451, 37.403791],
            [-5.936511, 37.403939],
            [-5.936551, 37.404045],
            [-5.936722, 37.404456],
            [-5.93674, 37.404496],
            [-5.936688, 37.40451],
            [-5.935568, 37.404824],
            [-5.933934, 37.405268],
            [-5.933193, 37.405468],
            [-5.932486, 37.405667],
            [-5.932178, 37.40574],
            [-5.932026, 37.405759],
            [-5.931853, 37.405772],
            [-5.931687, 37.405776],
            [-5.93157, 37.405766],
            [-5.93142, 37.405748],
            [-5.931268, 37.405719],
            [-5.931132, 37.405689],
            [-5.930998, 37.405647],
            [-5.929639, 37.40512],
            [-5.929398, 37.405014],
            [-5.929241, 37.404933],
            [-5.92911, 37.404849],
            [-5.929007, 37.404778],
            [-5.928912, 37.404703],
            [-5.928815, 37.404617],
            [-5.928689, 37.404496],
            [-5.928577, 37.404365],
            [-5.928462, 37.404211],
            [-5.9283, 37.403984],
            [-5.928022, 37.403653],
            [-5.92737, 37.403968],
            [-5.927023, 37.404133],
            [-5.925595, 37.404783],
            [-5.925588, 37.404785],
            [-5.924311, 37.405262],
            [-5.924212, 37.405299],
            [-5.923391, 37.405607],
            [-5.92186, 37.406189],
            [-5.921535, 37.406312],
            [-5.920751, 37.406611],
            [-5.920122, 37.40685],
            [-5.919304, 37.407163],
            [-5.917732, 37.407754],
            [-5.916878, 37.408072],
            [-5.916244, 37.408318],
            [-5.916073, 37.408378],
            [-5.915654, 37.408529],
            [-5.915142, 37.408668],
            [-5.914598, 37.408774],
            [-5.9144, 37.408799],
            [-5.913818, 37.40889],
            [-5.913345, 37.408918],
            [-5.91353, 37.409153],
            [-5.913771, 37.409409],
            [-5.913949, 37.409578],
            [-5.914043, 37.409669],
            [-5.914061, 37.409684],
            [-5.914078, 37.409699],
            [-5.914095, 37.409713],
            [-5.914113, 37.409728],
            [-5.91413, 37.409743],
            [-5.914148, 37.409758],
            [-5.914165, 37.409772],
            [-5.914182, 37.409787],
            [-5.9142, 37.409802],
            [-5.914217, 37.409817],
            [-5.91424, 37.409835],
            [-5.914263, 37.409854],
            [-5.914286, 37.409873],
            [-5.91431, 37.409892],
            [-5.914332, 37.409911],
            [-5.914355, 37.40993],
            [-5.914379, 37.409949],
            [-5.914402, 37.409968],
            [-5.914425, 37.409987],
            [-5.914448, 37.410006],
            [-5.914478, 37.410024],
            [-5.914508, 37.410043],
            [-5.914539, 37.410062],
            [-5.914569, 37.410081],
            [-5.9146, 37.4101],
            [-5.91463, 37.410118],
            [-5.914661, 37.410137],
            [-5.914691, 37.410156],
            [-5.914721, 37.410175],
            [-5.914752, 37.410193],
            [-5.914784, 37.41021],
            [-5.914815, 37.410227],
            [-5.914847, 37.410244],
            [-5.914879, 37.41026],
            [-5.914911, 37.410277],
            [-5.914943, 37.410294],
            [-5.914975, 37.410311],
            [-5.915006, 37.410328],
            [-5.915038, 37.410344],
            [-5.91507, 37.410361],
            [-5.915372, 37.410489],
            [-5.91561, 37.410588],
            [-5.915641, 37.4106],
            [-5.915672, 37.410611],
            [-5.915703, 37.410623],
            [-5.915734, 37.410635],
            [-5.915765, 37.410646],
            [-5.915796, 37.410658],
            [-5.915827, 37.410669],
            [-5.915858, 37.410681],
            [-5.915889, 37.410693],
            [-5.91592, 37.410704],
            [-5.916341, 37.41084],
            [-5.917499, 37.411234],
            [-5.918714, 37.411643],
            [-5.919611, 37.411946],
            [-5.921331, 37.412522],
            [-5.922056, 37.412776],
            [-5.922801, 37.413018],
            [-5.923019, 37.413062],
            [-5.923274, 37.413107],
            [-5.924029, 37.413172],
            [-5.92495, 37.413235],
            [-5.926345, 37.413329],
            [-5.927738, 37.413422],
            [-5.928673, 37.413479],
            [-5.929721, 37.413549],
            [-5.929962, 37.413565],
            [-5.930524, 37.413574],
            [-5.930777, 37.413579],
            [-5.930976, 37.413594],
            [-5.931356, 37.413526],
            [-5.931478, 37.413503],
            [-5.931657, 37.413462],
            [-5.932272, 37.413346],
            [-5.931532, 37.413648],
            [-5.931322, 37.413737],
            [-5.930634, 37.414023],
            [-5.927806, 37.415177],
            [-5.927461, 37.415323],
            [-5.927414, 37.415339],
            [-5.927366, 37.415355],
            [-5.927319, 37.415371],
            [-5.927272, 37.415387],
            [-5.927224, 37.415403],
            [-5.927177, 37.415419],
            [-5.927082, 37.415451],
            [-5.927034, 37.415467],
            [-5.926987, 37.415483],
            [-5.926911, 37.415504],
            [-5.926835, 37.415526],
            [-5.926758, 37.415548],
            [-5.926682, 37.41557],
            [-5.926606, 37.415592],
            [-5.92653, 37.415614],
            [-5.926453, 37.415635],
            [-5.926377, 37.415657],
            [-5.926301, 37.415679],
            [-5.926225, 37.415701],
            [-5.926166, 37.415717],
            [-5.926107, 37.415733],
            [-5.926048, 37.415749],
            [-5.925989, 37.415764],
            [-5.92593, 37.41578],
            [-5.925872, 37.415796],
            [-5.925813, 37.415812],
            [-5.925754, 37.415828],
            [-5.923976, 37.41634],
            [-5.922806, 37.416619],
            [-5.919639, 37.417525],
            [-5.919303, 37.417627],
            [-5.919234, 37.417649],
            [-5.919165, 37.417671],
            [-5.919027, 37.417715],
            [-5.918958, 37.417737],
            [-5.918752, 37.417803],
            [-5.918682, 37.417825],
            [-5.918614, 37.417847],
            [-5.918551, 37.417871],
            [-5.918487, 37.417894],
            [-5.918424, 37.417918],
            [-5.918361, 37.417941],
            [-5.918298, 37.417964],
            [-5.918171, 37.418011],
            [-5.918108, 37.418035],
            [-5.918045, 37.418058],
            [-5.917982, 37.418081],
            [-5.917924, 37.418104],
            [-5.917867, 37.418127],
            [-5.91781, 37.41815],
            [-5.917752, 37.418173],
            [-5.917695, 37.418195],
            [-5.917637, 37.418218],
            [-5.91758, 37.418241],
            [-5.917523, 37.418264],
            [-5.917465, 37.418286],
            [-5.917408, 37.418309],
            [-5.917373, 37.418323],
            [-5.917338, 37.418337],
            [-5.917268, 37.418365],
            [-5.917233, 37.418379],
            [-5.917163, 37.418407],
            [-5.917128, 37.418421],
            [-5.917093, 37.418434],
            [-5.917058, 37.418448],
            [-5.916916, 37.418515],
            [-5.916644, 37.418632],
            [-5.915268, 37.41929],
            [-5.913079, 37.420337],
            [-5.911402, 37.421146],
            [-5.909874, 37.421901],
            [-5.908064, 37.42278],
            [-5.907067, 37.423263],
            [-5.906367, 37.423604],
            [-5.905554, 37.423998],
            [-5.904547, 37.424484],
            [-5.904467, 37.424522],
            [-5.904386, 37.42456],
            [-5.904306, 37.424599],
            [-5.904226, 37.424637],
            [-5.904146, 37.424675],
            [-5.904065, 37.424714],
            [-5.903985, 37.424752],
            [-5.903905, 37.42479],
            [-5.903825, 37.424829],
            [-5.903745, 37.424867],
            [-5.90223, 37.425574],
            [-5.901274, 37.426],
            [-5.899489, 37.426789],
            [-5.899439, 37.426815],
            [-5.898224, 37.427386],
            [-5.897062, 37.427934],
            [-5.896874, 37.428019],
            [-5.89607, 37.428399],
            [-5.89507, 37.428879],
            [-5.894455, 37.42918],
            [-5.893902, 37.429452],
            [-5.893052, 37.429868],
            [-5.892394, 37.430183],
            [-5.891808, 37.430463],
            [-5.891204, 37.430745],
            [-5.891033, 37.430823],
            [-5.890623, 37.430476],
            [-5.889135, 37.429074],
            [-5.88813, 37.428128],
            [-5.887739, 37.427848],
            [-5.887402, 37.427606],
            [-5.886704, 37.42703],
            [-5.886367, 37.426546],
            [-5.885765, 37.425495],
            [-5.885183, 37.424177],
            [-5.884995, 37.42382],
            [-5.8847, 37.423419],
            [-5.884303, 37.422882],
            [-5.883986, 37.422478],
            [-5.883434, 37.421691],
            [-5.882884, 37.421196],
            [-5.882647, 37.42104],
            [-5.882395, 37.420777],
            [-5.882201, 37.420489],
            [-5.881766, 37.419984],
            [-5.881548, 37.419722],
            [-5.88144, 37.419525],
            [-5.881132, 37.419255],
            [-5.880641, 37.419014],
            [-5.880263, 37.418552],
            [-5.87988, 37.418134],
            [-5.879627, 37.417948],
            [-5.879305, 37.417677],
            [-5.87882, 37.417251],
            [-5.878528, 37.416959],
            [-5.87802, 37.416574],
            [-5.877486, 37.416086],
            [-5.877045, 37.415709],
            [-5.876799, 37.415567]
          ]
        ]
      }
    },
    {
      "type": "Feature",
      "properties": {
        "id": "consolacion",
        "name": "Consolacion",
        "cityId": "sevilla"
      },
      "geometry": {
        "type": "Polygon",
        "coordinates": [
          [
            [-5.962825, 37.41897],
            [-5.963054, 37.418852],
            [-5.964014, 37.418296],
            [-5.964426, 37.418064],
            [-5.964516, 37.418014],
            [-5.964812, 37.417832],
            [-5.965027, 37.41769],
            [-5.965115, 37.417609],
            [-5.964946, 37.417446],
            [-5.965054, 37.417317],
            [-5.965094, 37.417272],
            [-5.965221, 37.41721],
            [-5.965422, 37.417156],
            [-5.965782, 37.417105],
            [-5.965984, 37.417097],
            [-5.966222, 37.416932],
            [-5.966602, 37.416673],
            [-5.966994, 37.416357],
            [-5.96728, 37.416133],
            [-5.967478, 37.415961],
            [-5.967547, 37.415895],
            [-5.967315, 37.415732],
            [-5.966845, 37.415358],
            [-5.966709, 37.415258],
            [-5.966632, 37.414918],
            [-5.966554, 37.414517],
            [-5.966521, 37.41425],
            [-5.966515, 37.414214],
            [-5.966492, 37.414068],
            [-5.966457, 37.41396],
            [-5.966618, 37.413914],
            [-5.966708, 37.413884],
            [-5.966823, 37.413812],
            [-5.966936, 37.413895],
            [-5.967541, 37.414386],
            [-5.967605, 37.414463],
            [-5.967886, 37.414675],
            [-5.968182, 37.414436],
            [-5.96831, 37.414515],
            [-5.968574, 37.41428],
            [-5.9687, 37.414376],
            [-5.968758, 37.414301],
            [-5.968944, 37.414055],
            [-5.969058, 37.41391],
            [-5.971464, 37.41495],
            [-5.971182, 37.415334],
            [-5.971532, 37.41562],
            [-5.971719, 37.416334],
            [-5.96992, 37.416619],
            [-5.969806, 37.416844],
            [-5.96965, 37.417202],
            [-5.969549, 37.417407],
            [-5.969483, 37.417393],
            [-5.969406, 37.417534],
            [-5.969472, 37.417552],
            [-5.969408, 37.417663],
            [-5.969155, 37.418159],
            [-5.968915, 37.418613],
            [-5.96838, 37.419665],
            [-5.968346, 37.41973],
            [-5.968139, 37.420138],
            [-5.967867, 37.420633],
            [-5.966941, 37.420325],
            [-5.966408, 37.420153],
            [-5.966161, 37.420063],
            [-5.965367, 37.419797],
            [-5.965007, 37.419689],
            [-5.964617, 37.419557],
            [-5.964567, 37.419539],
            [-5.964307, 37.419456],
            [-5.964015, 37.419355],
            [-5.963819, 37.419293],
            [-5.963703, 37.419254],
            [-5.96369, 37.41925],
            [-5.963219, 37.419098],
            [-5.962983, 37.419022],
            [-5.962825, 37.41897]
          ]
        ]
      }
    },
    {
      "type": "Feature",
      "properties": {
        "id": "cruz-roja-capuchinos",
        "name": "Cruz Roja-capuchinos",
        "cityId": "sevilla"
      },
      "geometry": {
        "type": "Polygon",
        "coordinates": [
          [
            [-5.980582, 37.402265],
            [-5.980412, 37.401948],
            [-5.980396, 37.401914],
            [-5.980183, 37.401464],
            [-5.980021, 37.40115],
            [-5.979978, 37.401066],
            [-5.979683, 37.400495],
            [-5.979591, 37.40059],
            [-5.97927, 37.400916],
            [-5.979217, 37.400976],
            [-5.978786, 37.401451],
            [-5.978415, 37.401832],
            [-5.978286, 37.401963],
            [-5.978186, 37.402063],
            [-5.977781, 37.402469],
            [-5.976901, 37.401936],
            [-5.976619, 37.40169],
            [-5.975806, 37.400727],
            [-5.976208, 37.400518],
            [-5.976846, 37.400173],
            [-5.977482, 37.399828],
            [-5.978111, 37.399476],
            [-5.978149, 37.399455],
            [-5.978745, 37.399123],
            [-5.978989, 37.398988],
            [-5.979218, 37.398865],
            [-5.979347, 37.398801],
            [-5.979671, 37.398538],
            [-5.979795, 37.398438],
            [-5.981208, 37.397576],
            [-5.981452, 37.397445],
            [-5.981449, 37.397582],
            [-5.981494, 37.397883],
            [-5.981564, 37.39819],
            [-5.98162, 37.398462],
            [-5.981651, 37.398515],
            [-5.981743, 37.398676],
            [-5.981915, 37.398862],
            [-5.981984, 37.398911],
            [-5.98211, 37.399002],
            [-5.982405, 37.399165],
            [-5.982882, 37.399363],
            [-5.983392, 37.39955],
            [-5.983754, 37.399718],
            [-5.984096, 37.399878],
            [-5.984114, 37.399887],
            [-5.984424, 37.400053],
            [-5.984679, 37.400287],
            [-5.984907, 37.400517],
            [-5.985181, 37.400781],
            [-5.985246, 37.400904],
            [-5.985306, 37.401012],
            [-5.985614, 37.401533],
            [-5.985675, 37.401635],
            [-5.985873, 37.401921],
            [-5.985827, 37.402145],
            [-5.985678, 37.402769],
            [-5.984853, 37.402356],
            [-5.984883, 37.401962],
            [-5.984457, 37.401885],
            [-5.984026, 37.401787],
            [-5.983626, 37.401678],
            [-5.983607, 37.401847],
            [-5.983235, 37.401736],
            [-5.982976, 37.402328],
            [-5.982922, 37.402445],
            [-5.983206, 37.402525],
            [-5.982999, 37.402995],
            [-5.982705, 37.402932],
            [-5.981419, 37.402571],
            [-5.981146, 37.403148],
            [-5.98104, 37.403178],
            [-5.980582, 37.402265]
          ]
        ]
      }
    },
    {
      "type": "Feature",
      "properties": {
        "id": "doctor-barraquer-grupo-renfe-policlinico",
        "name": "Doctor Barraquer-grupo Renfe-policlinico",
        "cityId": "sevilla"
      },
      "geometry": {
        "type": "Polygon",
        "coordinates": [
          [
            [-5.988381, 37.408076],
            [-5.988232, 37.407932],
            [-5.988189, 37.407898],
            [-5.988128, 37.407862],
            [-5.988006, 37.407796],
            [-5.987811, 37.407743],
            [-5.987624, 37.407717],
            [-5.986624, 37.407577],
            [-5.985951, 37.407485],
            [-5.985623, 37.407439],
            [-5.985459, 37.407418],
            [-5.985608, 37.407061],
            [-5.985685, 37.406884],
            [-5.985829, 37.406572],
            [-5.985957, 37.406315],
            [-5.986143, 37.406006],
            [-5.986326, 37.405706],
            [-5.986449, 37.405601],
            [-5.986619, 37.405255],
            [-5.986776, 37.404931],
            [-5.986983, 37.404533],
            [-5.987122, 37.404265],
            [-5.987267, 37.404012],
            [-5.987458, 37.403664],
            [-5.987599, 37.403395],
            [-5.987841, 37.403072],
            [-5.987946, 37.403097],
            [-5.988058, 37.403102],
            [-5.988205, 37.403105],
            [-5.989232, 37.403056],
            [-5.989522, 37.403043],
            [-5.98973, 37.403034],
            [-5.990506, 37.403142],
            [-5.99077, 37.403179],
            [-5.990951, 37.403204],
            [-5.991113, 37.403224],
            [-5.991767, 37.403307],
            [-5.992557, 37.40342],
            [-5.993024, 37.403479],
            [-5.993725, 37.403579],
            [-5.994293, 37.403644],
            [-5.995307, 37.403792],
            [-5.995323, 37.403754],
            [-5.995617, 37.403432],
            [-5.995667, 37.403401],
            [-5.995703, 37.403437],
            [-5.995785, 37.403507],
            [-5.995897, 37.403571],
            [-5.996217, 37.40375],
            [-5.996506, 37.403915],
            [-5.996669, 37.404009],
            [-5.996775, 37.404068],
            [-5.996921, 37.404152],
            [-5.997016, 37.404205],
            [-5.997182, 37.4043],
            [-5.997286, 37.404359],
            [-5.996313, 37.405323],
            [-5.995382, 37.40639],
            [-5.994933, 37.40695],
            [-5.992745, 37.409675],
            [-5.991451, 37.409173],
            [-5.991093, 37.408997],
            [-5.991042, 37.408975],
            [-5.990934, 37.408932],
            [-5.990782, 37.408898],
            [-5.989688, 37.4088],
            [-5.989463, 37.408771],
            [-5.989302, 37.408722],
            [-5.989182, 37.408669],
            [-5.989082, 37.408598],
            [-5.989037, 37.408564],
            [-5.988381, 37.408076]
          ]
        ]
      }
    },
    {
      "type": "Feature",
      "properties": {
        "id": "el-carmen",
        "name": "El Carmen",
        "cityId": "sevilla"
      },
      "geometry": {
        "type": "Polygon",
        "coordinates": [
          [
            [-5.984212, 37.40731],
            [-5.984253, 37.406547],
            [-5.983901, 37.406541],
            [-5.983685, 37.406543],
            [-5.983676, 37.406766],
            [-5.983091, 37.406745],
            [-5.983095, 37.406629],
            [-5.98268, 37.406621],
            [-5.982699, 37.406513],
            [-5.982824, 37.405935],
            [-5.982915, 37.405581],
            [-5.983003, 37.405172],
            [-5.983378, 37.405273],
            [-5.984096, 37.405457],
            [-5.984912, 37.405672],
            [-5.985833, 37.405905],
            [-5.986143, 37.406006],
            [-5.985957, 37.406315],
            [-5.985829, 37.406572],
            [-5.985685, 37.406884],
            [-5.985608, 37.407061],
            [-5.985459, 37.407418],
            [-5.985302, 37.407375],
            [-5.985087, 37.407351],
            [-5.984739, 37.407325],
            [-5.984512, 37.407319],
            [-5.984212, 37.40731]
          ]
        ]
      }
    },
    {
      "type": "Feature",
      "properties": {
        "id": "el-cerezo",
        "name": "El Cerezo",
        "cityId": "sevilla"
      },
      "geometry": {
        "type": "Polygon",
        "coordinates": [
          [
            [-5.98359, 37.411258],
            [-5.983512, 37.411049],
            [-5.98345, 37.410887],
            [-5.983438, 37.410856],
            [-5.983339, 37.410604],
            [-5.983302, 37.41051],
            [-5.983175, 37.410188],
            [-5.983132, 37.410077],
            [-5.98308, 37.409822],
            [-5.983061, 37.409597],
            [-5.983062, 37.409584],
            [-5.983062, 37.409539],
            [-5.983082, 37.409436],
            [-5.983115, 37.409265],
            [-5.98317, 37.409004],
            [-5.983208, 37.408825],
            [-5.983247, 37.408659],
            [-5.98325, 37.408594],
            [-5.983254, 37.40853],
            [-5.983261, 37.408401],
            [-5.983259, 37.408341],
            [-5.983257, 37.408294],
            [-5.983188, 37.408097],
            [-5.983083, 37.407914],
            [-5.982952, 37.407687],
            [-5.9827, 37.407265],
            [-5.983719, 37.407295],
            [-5.98387, 37.4073],
            [-5.984164, 37.407309],
            [-5.984212, 37.40731],
            [-5.984512, 37.407319],
            [-5.984739, 37.407325],
            [-5.985087, 37.407351],
            [-5.985302, 37.407375],
            [-5.985459, 37.407418],
            [-5.985452, 37.407436],
            [-5.985252, 37.407981],
            [-5.98523, 37.408043],
            [-5.985222, 37.408069],
            [-5.985207, 37.408106],
            [-5.985171, 37.408206],
            [-5.985114, 37.408354],
            [-5.985066, 37.408489],
            [-5.984979, 37.408732],
            [-5.98496, 37.408785],
            [-5.984895, 37.408965],
            [-5.984873, 37.409024],
            [-5.98483, 37.409134],
            [-5.984709, 37.409468],
            [-5.98459, 37.4098],
            [-5.984575, 37.40984],
            [-5.984571, 37.409852],
            [-5.984491, 37.410067],
            [-5.984463, 37.410142],
            [-5.984424, 37.41025],
            [-5.98424, 37.410754],
            [-5.984201, 37.410864],
            [-5.984115, 37.411098],
            [-5.98404, 37.411306],
            [-5.984004, 37.411413],
            [-5.983963, 37.411538],
            [-5.983933, 37.411627],
            [-5.983909, 37.411697],
            [-5.983849, 37.411898],
            [-5.983702, 37.411538],
            [-5.983613, 37.411319],
            [-5.98359, 37.411258]
          ]
        ]
      }
    },
    {
      "type": "Feature",
      "properties": {
        "id": "el-cerro",
        "name": "El Cerro",
        "cityId": "sevilla"
      },
      "geometry": {
        "type": "Polygon",
        "coordinates": [
          [
            [-5.955485, 37.375978],
            [-5.955982, 37.374681],
            [-5.956146, 37.374254],
            [-5.955856, 37.374073],
            [-5.955692, 37.373969],
            [-5.955456, 37.373823],
            [-5.955479, 37.373687],
            [-5.955561, 37.373511],
            [-5.955763, 37.373435],
            [-5.955973, 37.373337],
            [-5.95592, 37.3733],
            [-5.955867, 37.373241],
            [-5.956159, 37.373084],
            [-5.956848, 37.373503],
            [-5.957033, 37.373319],
            [-5.956831, 37.373186],
            [-5.957186, 37.372818],
            [-5.956758, 37.372548],
            [-5.956601, 37.372476],
            [-5.956435, 37.372369],
            [-5.956405, 37.372399],
            [-5.955999, 37.37214],
            [-5.956032, 37.3721],
            [-5.954854, 37.371359],
            [-5.954589, 37.37163],
            [-5.954284, 37.371946],
            [-5.954253, 37.371986],
            [-5.954148, 37.372091],
            [-5.954106, 37.37212],
            [-5.95406, 37.372146],
            [-5.954014, 37.37217],
            [-5.953967, 37.372186],
            [-5.95392, 37.372198],
            [-5.952739, 37.372476],
            [-5.952362, 37.372565],
            [-5.952275, 37.372454],
            [-5.951959, 37.371906],
            [-5.951922, 37.371843],
            [-5.951752, 37.371557],
            [-5.951672, 37.371431],
            [-5.951507, 37.371171],
            [-5.951261, 37.37079],
            [-5.951375, 37.370708],
            [-5.95197, 37.370234],
            [-5.952089, 37.370097],
            [-5.952249, 37.369908],
            [-5.952541, 37.369517],
            [-5.952862, 37.369104],
            [-5.953134, 37.36876],
            [-5.953261, 37.3686],
            [-5.953642, 37.368099],
            [-5.95368, 37.368044],
            [-5.954086, 37.367491],
            [-5.954571, 37.367705],
            [-5.954976, 37.367885],
            [-5.955228, 37.368006],
            [-5.955575, 37.368155],
            [-5.95573, 37.368218],
            [-5.956117, 37.368382],
            [-5.956162, 37.368401],
            [-5.956514, 37.368552],
            [-5.95672, 37.368641],
            [-5.957306, 37.368886],
            [-5.957852, 37.369172],
            [-5.958362, 37.369511],
            [-5.958861, 37.369829],
            [-5.959346, 37.37014],
            [-5.959877, 37.370469],
            [-5.959938, 37.370506],
            [-5.959943, 37.370509],
            [-5.960391, 37.370791],
            [-5.960599, 37.370927],
            [-5.962502, 37.369018],
            [-5.9648, 37.370477],
            [-5.962918, 37.372378],
            [-5.963193, 37.372562],
            [-5.963407, 37.372707],
            [-5.964253, 37.373275],
            [-5.964479, 37.373419],
            [-5.963721, 37.374189],
            [-5.963367, 37.374543],
            [-5.962311, 37.3756],
            [-5.962263, 37.375649],
            [-5.961603, 37.376325],
            [-5.960696, 37.376804],
            [-5.960234, 37.376744],
            [-5.960183, 37.376733],
            [-5.960016, 37.3767],
            [-5.959245, 37.376584],
            [-5.958468, 37.376452],
            [-5.957916, 37.37636],
            [-5.957214, 37.376253],
            [-5.955485, 37.375978]
          ]
        ]
      }
    },
    {
      "type": "Feature",
      "properties": {
        "id": "el-fontanal-maria-auxiliadora-carretera-de-carmona",
        "name": "El Fontanal-maria Auxiliadora-carretera de Carmona",
        "cityId": "sevilla"
      },
      "geometry": {
        "type": "Polygon",
        "coordinates": [
          [
            [-5.973861, 37.399254],
            [-5.973807, 37.399149],
            [-5.973582, 37.398765],
            [-5.973405, 37.398576],
            [-5.974009, 37.398369],
            [-5.974241, 37.39829],
            [-5.975012, 37.398026],
            [-5.975077, 37.398004],
            [-5.97512, 37.397989],
            [-5.975182, 37.397967],
            [-5.975534, 37.397844],
            [-5.975926, 37.397707],
            [-5.976029, 37.397671],
            [-5.976319, 37.397562],
            [-5.976597, 37.397457],
            [-5.976929, 37.397331],
            [-5.977244, 37.397212],
            [-5.9778, 37.397003],
            [-5.978097, 37.396893],
            [-5.978141, 37.396873],
            [-5.97836, 37.396767],
            [-5.978583, 37.396659],
            [-5.979493, 37.396141],
            [-5.980875, 37.395353],
            [-5.98108, 37.395237],
            [-5.981197, 37.39517],
            [-5.981232, 37.395121],
            [-5.981468, 37.394797],
            [-5.981974, 37.394121],
            [-5.982272, 37.393688],
            [-5.982371, 37.393617],
            [-5.982488, 37.393534],
            [-5.983071, 37.392972],
            [-5.983118, 37.392893],
            [-5.983601, 37.392966],
            [-5.983994, 37.393067],
            [-5.983817, 37.393728],
            [-5.983742, 37.39393],
            [-5.983649, 37.394182],
            [-5.983635, 37.39422],
            [-5.983399, 37.394562],
            [-5.983281, 37.394725],
            [-5.982989, 37.39513],
            [-5.98279, 37.395405],
            [-5.98246, 37.395862],
            [-5.982453, 37.395872],
            [-5.981801, 37.396758],
            [-5.981531, 37.397148],
            [-5.981459, 37.397299],
            [-5.981452, 37.397445],
            [-5.981208, 37.397576],
            [-5.979795, 37.398438],
            [-5.979671, 37.398538],
            [-5.979347, 37.398801],
            [-5.979218, 37.398865],
            [-5.978989, 37.398988],
            [-5.978745, 37.399123],
            [-5.978149, 37.399455],
            [-5.978111, 37.399476],
            [-5.977482, 37.399828],
            [-5.976846, 37.400173],
            [-5.976208, 37.400518],
            [-5.975806, 37.400727],
            [-5.974952, 37.40117],
            [-5.974622, 37.400664],
            [-5.974441, 37.400342],
            [-5.973971, 37.399497],
            [-5.973926, 37.399416],
            [-5.973891, 37.399315],
            [-5.973861, 37.399254]
          ]
        ]
      }
    },
    {
      "type": "Feature",
      "properties": {
        "id": "el-gordillo",
        "name": "El Gordillo",
        "cityId": "sevilla"
      },
      "geometry": {
        "type": "Polygon",
        "coordinates": [
          [
            [-5.935078, 37.449564],
            [-5.92944, 37.448405],
            [-5.924822, 37.448745],
            [-5.920318, 37.448082],
            [-5.917583, 37.447689],
            [-5.914755, 37.446184],
            [-5.911184, 37.445414],
            [-5.909912, 37.44514],
            [-5.90849, 37.444833],
            [-5.906091, 37.444168],
            [-5.905526, 37.443916],
            [-5.904606, 37.44283],
            [-5.903004, 37.441295],
            [-5.901129, 37.43953],
            [-5.901324, 37.439437],
            [-5.901528, 37.439356],
            [-5.901905, 37.439268],
            [-5.902271, 37.43922],
            [-5.902587, 37.439163],
            [-5.902975, 37.439065],
            [-5.903317, 37.439018],
            [-5.903781, 37.438987],
            [-5.904173, 37.438977],
            [-5.904626, 37.438976],
            [-5.905007, 37.438986],
            [-5.905252, 37.43899],
            [-5.905535, 37.439022],
            [-5.905733, 37.439076],
            [-5.906004, 37.439099],
            [-5.906129, 37.439041],
            [-5.906217, 37.438793],
            [-5.9065, 37.438512],
            [-5.906825, 37.438367],
            [-5.910688, 37.436668],
            [-5.911009, 37.436091],
            [-5.911145, 37.435813],
            [-5.911297, 37.435624],
            [-5.911438, 37.435473],
            [-5.911571, 37.435421],
            [-5.911669, 37.435428],
            [-5.911853, 37.435424],
            [-5.911987, 37.435401],
            [-5.912108, 37.435359],
            [-5.912165, 37.435259],
            [-5.912137, 37.435162],
            [-5.911987, 37.435077],
            [-5.911922, 37.434991],
            [-5.912078, 37.434899],
            [-5.912133, 37.434744],
            [-5.912126, 37.434578],
            [-5.912106, 37.434363],
            [-5.913142, 37.432318],
            [-5.913393, 37.432165],
            [-5.913661, 37.432119],
            [-5.914005, 37.43214],
            [-5.914338, 37.4322],
            [-5.914598, 37.432282],
            [-5.914747, 37.432318],
            [-5.915113, 37.43227],
            [-5.915461, 37.432213],
            [-5.91579, 37.432166],
            [-5.91612, 37.432148],
            [-5.916415, 37.43217],
            [-5.916759, 37.432191],
            [-5.917025, 37.432223],
            [-5.91791, 37.432593],
            [-5.918312, 37.432848],
            [-5.918595, 37.43288],
            [-5.918824, 37.432786],
            [-5.919194, 37.432532],
            [-5.919864, 37.432427],
            [-5.920589, 37.432497],
            [-5.921877, 37.432828],
            [-5.922858, 37.433088],
            [-5.924094, 37.433048],
            [-5.926219, 37.432848],
            [-5.927069, 37.432602],
            [-5.928456, 37.4322],
            [-5.928657, 37.432009],
            [-5.928881, 37.431797],
            [-5.929101, 37.431557],
            [-5.930206, 37.430682],
            [-5.930868, 37.430404],
            [-5.931413, 37.430196],
            [-5.932411, 37.430338],
            [-5.934086, 37.430679],
            [-5.935314, 37.43107],
            [-5.935625, 37.431199],
            [-5.935935, 37.431299],
            [-5.936199, 37.431146],
            [-5.936337, 37.430928],
            [-5.936352, 37.430683],
            [-5.936403, 37.430427],
            [-5.936386, 37.429055],
            [-5.936464, 37.428553],
            [-5.936746, 37.428223],
            [-5.937227, 37.428005],
            [-5.937736, 37.427865],
            [-5.93826, 37.427773],
            [-5.938633, 37.427617],
            [-5.939235, 37.427205],
            [-5.939519, 37.426963],
            [-5.93994, 37.426453],
            [-5.940159, 37.426398],
            [-5.940354, 37.426413],
            [-5.940736, 37.426472],
            [-5.941067, 37.426464],
            [-5.941479, 37.426366],
            [-5.942002, 37.426314],
            [-5.942884, 37.426312],
            [-5.943659, 37.42639],
            [-5.944055, 37.426488],
            [-5.944317, 37.426609],
            [-5.944812, 37.426744],
            [-5.945153, 37.426794],
            [-5.946168, 37.426749],
            [-5.946611, 37.426777],
            [-5.946927, 37.42673],
            [-5.947303, 37.426623],
            [-5.947855, 37.426639],
            [-5.94825, 37.426717],
            [-5.948812, 37.426683],
            [-5.94921, 37.426507],
            [-5.949643, 37.426066],
            [-5.949974, 37.425127],
            [-5.950402, 37.42447],
            [-5.950643, 37.424376],
            [-5.951009, 37.424277],
            [-5.950925, 37.424066],
            [-5.950833, 37.423861],
            [-5.950687, 37.423514],
            [-5.950591, 37.423241],
            [-5.950511, 37.422984],
            [-5.95044, 37.422671],
            [-5.950409, 37.422496],
            [-5.950364, 37.422002],
            [-5.950359, 37.42178],
            [-5.950371, 37.421535],
            [-5.950402, 37.421297],
            [-5.950427, 37.421129],
            [-5.950455, 37.420983],
            [-5.950512, 37.420774],
            [-5.950586, 37.420534],
            [-5.950608, 37.420464],
            [-5.950662, 37.420333],
            [-5.950857, 37.419909],
            [-5.950924, 37.419767],
            [-5.950951, 37.419718],
            [-5.95099, 37.419666],
            [-5.951182, 37.419375],
            [-5.951862, 37.418427],
            [-5.951979, 37.418314],
            [-5.952511, 37.418161],
            [-5.952563, 37.418145],
            [-5.952615, 37.418128],
            [-5.952667, 37.418112],
            [-5.952718, 37.418096],
            [-5.95277, 37.41808],
            [-5.952812, 37.418065],
            [-5.952854, 37.41805],
            [-5.952896, 37.418035],
            [-5.952939, 37.41802],
            [-5.952981, 37.418005],
            [-5.953023, 37.41799],
            [-5.953065, 37.417975],
            [-5.953107, 37.417959],
            [-5.95315, 37.417945],
            [-5.953192, 37.417929],
            [-5.953218, 37.417918],
            [-5.953244, 37.417907],
            [-5.95327, 37.417896],
            [-5.953296, 37.417885],
            [-5.953323, 37.417874],
            [-5.953349, 37.417863],
            [-5.953375, 37.417852],
            [-5.953401, 37.417841],
            [-5.953427, 37.41783],
            [-5.953453, 37.417819],
            [-5.953486, 37.417804],
            [-5.95352, 37.417788],
            [-5.953553, 37.417773],
            [-5.953586, 37.417757],
            [-5.953619, 37.417741],
            [-5.953652, 37.417726],
            [-5.953685, 37.41771],
            [-5.953718, 37.417695],
            [-5.953752, 37.417679],
            [-5.953785, 37.417663],
            [-5.95393, 37.417596],
            [-5.954045, 37.41753],
            [-5.954077, 37.417515],
            [-5.95411, 37.417501],
            [-5.954142, 37.417487],
            [-5.954174, 37.417472],
            [-5.954206, 37.417458],
            [-5.954238, 37.417444],
            [-5.954271, 37.417429],
            [-5.954335, 37.417401],
            [-5.954367, 37.417387],
            [-5.954398, 37.417376],
            [-5.954429, 37.417365],
            [-5.95446, 37.417354],
            [-5.95449, 37.417344],
            [-5.954521, 37.417333],
            [-5.954552, 37.417322],
            [-5.954583, 37.417312],
            [-5.954614, 37.417301],
            [-5.954645, 37.41729],
            [-5.954675, 37.41728],
            [-5.954698, 37.417272],
            [-5.954721, 37.417265],
            [-5.954745, 37.417257],
            [-5.954768, 37.41725],
            [-5.95479, 37.417242],
            [-5.954813, 37.417235],
            [-5.954836, 37.417228],
            [-5.954859, 37.41722],
            [-5.954882, 37.417213],
            [-5.954905, 37.417205],
            [-5.955196, 37.417101],
            [-5.955652, 37.41687],
            [-5.956218, 37.416596],
            [-5.956336, 37.416326],
            [-5.956478, 37.415888],
            [-5.956829, 37.415817],
            [-5.957022, 37.41578],
            [-5.957348, 37.415723],
            [-5.958349, 37.415585],
            [-5.95845, 37.415564],
            [-5.958501, 37.415553],
            [-5.958552, 37.415542],
            [-5.958602, 37.415531],
            [-5.958653, 37.41552],
            [-5.958704, 37.415509],
            [-5.958755, 37.415498],
            [-5.958806, 37.415487],
            [-5.959307, 37.415373],
            [-5.959703, 37.415281],
            [-5.959992, 37.415133],
            [-5.960067, 37.415103],
            [-5.960143, 37.415072],
            [-5.960219, 37.415042],
            [-5.960294, 37.415011],
            [-5.96037, 37.414981],
            [-5.960428, 37.414958],
            [-5.960486, 37.414936],
            [-5.960544, 37.414914],
            [-5.960602, 37.414891],
            [-5.96066, 37.414869],
            [-5.960717, 37.414846],
            [-5.960775, 37.414824],
            [-5.960833, 37.414802],
            [-5.960891, 37.414779],
            [-5.960949, 37.414757],
            [-5.960989, 37.414744],
            [-5.961029, 37.414731],
            [-5.961069, 37.414717],
            [-5.961109, 37.414704],
            [-5.96115, 37.414691],
            [-5.96119, 37.414678],
            [-5.961254, 37.414657],
            [-5.96127, 37.414652],
            [-5.96131, 37.414638],
            [-5.96135, 37.414625],
            [-5.961671, 37.414537],
            [-5.961905, 37.414467],
            [-5.961847, 37.416998],
            [-5.961847, 37.417687],
            [-5.962104, 37.417713],
            [-5.962492, 37.417728],
            [-5.962882, 37.417719],
            [-5.963158, 37.417701],
            [-5.963516, 37.417655],
            [-5.963813, 37.417615],
            [-5.964263, 37.417552],
            [-5.964946, 37.417446],
            [-5.965115, 37.417609],
            [-5.965027, 37.41769],
            [-5.964812, 37.417832],
            [-5.964516, 37.418014],
            [-5.964426, 37.418064],
            [-5.964014, 37.418296],
            [-5.963054, 37.418852],
            [-5.962825, 37.41897],
            [-5.962487, 37.419127],
            [-5.962361, 37.419187],
            [-5.962211, 37.419246],
            [-5.96204, 37.419332],
            [-5.961863, 37.419419],
            [-5.961851, 37.419429],
            [-5.961775, 37.419529],
            [-5.961666, 37.419663],
            [-5.961496, 37.419887],
            [-5.961312, 37.420108],
            [-5.961153, 37.420285],
            [-5.960824, 37.420632],
            [-5.960505, 37.420971],
            [-5.960208, 37.421265],
            [-5.959849, 37.42167],
            [-5.959706, 37.421862],
            [-5.959627, 37.421958],
            [-5.959471, 37.422143],
            [-5.959208, 37.422495],
            [-5.959024, 37.422736],
            [-5.958654, 37.423235],
            [-5.958432, 37.423543],
            [-5.958294, 37.423743],
            [-5.958115, 37.423995],
            [-5.957934, 37.424244],
            [-5.95789, 37.424301],
            [-5.958562, 37.424348],
            [-5.958636, 37.424354],
            [-5.958711, 37.42436],
            [-5.958785, 37.424366],
            [-5.958859, 37.424372],
            [-5.958933, 37.424378],
            [-5.959007, 37.424384],
            [-5.959081, 37.42439],
            [-5.959155, 37.424395],
            [-5.959304, 37.424407],
            [-5.959334, 37.424412],
            [-5.959379, 37.424419],
            [-5.959424, 37.424426],
            [-5.959485, 37.424435],
            [-5.959545, 37.424444],
            [-5.959605, 37.424453],
            [-5.959653, 37.424464],
            [-5.9597, 37.424475],
            [-5.959748, 37.424486],
            [-5.959796, 37.424497],
            [-5.959843, 37.424508],
            [-5.959891, 37.424519],
            [-5.959938, 37.42453],
            [-5.959986, 37.424541],
            [-5.960034, 37.424552],
            [-5.960081, 37.424563],
            [-5.960135, 37.424582],
            [-5.96019, 37.424601],
            [-5.960244, 37.42462],
            [-5.960298, 37.424639],
            [-5.960352, 37.424658],
            [-5.960406, 37.424677],
            [-5.96046, 37.424696],
            [-5.960514, 37.424715],
            [-5.960568, 37.424734],
            [-5.960622, 37.424753],
            [-5.960725, 37.424797],
            [-5.960776, 37.424818],
            [-5.960828, 37.42484],
            [-5.960879, 37.424862],
            [-5.960982, 37.424905],
            [-5.961033, 37.424927],
            [-5.961084, 37.424949],
            [-5.961136, 37.42497],
            [-5.961247, 37.425023],
            [-5.961302, 37.425049],
            [-5.961357, 37.425075],
            [-5.961413, 37.425102],
            [-5.961468, 37.425128],
            [-5.961523, 37.425154],
            [-5.961579, 37.42518],
            [-5.961634, 37.425207],
            [-5.961657, 37.425217],
            [-5.962101, 37.425458],
            [-5.962246, 37.425543],
            [-5.962548, 37.425732],
            [-5.962823, 37.425944],
            [-5.963064, 37.426131],
            [-5.963244, 37.426277],
            [-5.963337, 37.426371],
            [-5.963748, 37.426795],
            [-5.963928, 37.427002],
            [-5.964154, 37.427309],
            [-5.96429, 37.427494],
            [-5.964639, 37.428118],
            [-5.964946, 37.428893],
            [-5.965074, 37.429544],
            [-5.96513, 37.429995],
            [-5.965222, 37.430829],
            [-5.965347, 37.431798],
            [-5.965349, 37.431815],
            [-5.965351, 37.431832],
            [-5.965353, 37.431848],
            [-5.965355, 37.431865],
            [-5.965357, 37.431881],
            [-5.965359, 37.431898],
            [-5.965361, 37.431915],
            [-5.965363, 37.431931],
            [-5.965365, 37.431948],
            [-5.965367, 37.431965],
            [-5.965371, 37.431987],
            [-5.965375, 37.432009],
            [-5.965379, 37.432032],
            [-5.965383, 37.432054],
            [-5.965386, 37.432076],
            [-5.96539, 37.432099],
            [-5.965394, 37.432121],
            [-5.965398, 37.432143],
            [-5.965402, 37.432166],
            [-5.965406, 37.432188],
            [-5.965409, 37.432205],
            [-5.965412, 37.432221],
            [-5.965415, 37.432238],
            [-5.965418, 37.432254],
            [-5.965421, 37.432271],
            [-5.965424, 37.432288],
            [-5.965428, 37.432304],
            [-5.965431, 37.432321],
            [-5.965434, 37.432337],
            [-5.965438, 37.432354],
            [-5.965441, 37.432366],
            [-5.965444, 37.432378],
            [-5.965447, 37.43239],
            [-5.965449, 37.432403],
            [-5.965452, 37.432415],
            [-5.965455, 37.432427],
            [-5.965459, 37.432439],
            [-5.965462, 37.432452],
            [-5.965465, 37.432464],
            [-5.965468, 37.432476],
            [-5.965472, 37.43249],
            [-5.965475, 37.432504],
            [-5.965479, 37.432518],
            [-5.965482, 37.432532],
            [-5.965486, 37.432545],
            [-5.965489, 37.432559],
            [-5.965493, 37.432573],
            [-5.965497, 37.432587],
            [-5.965502, 37.432601],
            [-5.965506, 37.432615],
            [-5.965512, 37.43263],
            [-5.965517, 37.432645],
            [-5.965523, 37.432659],
            [-5.96553, 37.432674],
            [-5.965536, 37.432689],
            [-5.965543, 37.432704],
            [-5.965549, 37.432718],
            [-5.965555, 37.432733],
            [-5.965561, 37.432748],
            [-5.965567, 37.432763],
            [-5.96557, 37.432772],
            [-5.965573, 37.432781],
            [-5.965577, 37.432791],
            [-5.965585, 37.432819],
            [-5.965598, 37.432856],
            [-5.965604, 37.432871],
            [-5.96561, 37.432887],
            [-5.965616, 37.432902],
            [-5.965622, 37.432918],
            [-5.965628, 37.432934],
            [-5.965635, 37.432949],
            [-5.965641, 37.432965],
            [-5.965648, 37.43298],
            [-5.965654, 37.432996],
            [-5.96566, 37.433011],
            [-5.96567, 37.43303],
            [-5.965679, 37.433048],
            [-5.965689, 37.433066],
            [-5.965698, 37.433085],
            [-5.965708, 37.433103],
            [-5.965717, 37.433122],
            [-5.965727, 37.43314],
            [-5.965736, 37.433159],
            [-5.965745, 37.433177],
            [-5.965755, 37.433195],
            [-5.965761, 37.433206],
            [-5.965766, 37.433217],
            [-5.965772, 37.433228],
            [-5.965778, 37.433238],
            [-5.965783, 37.433249],
            [-5.965789, 37.43326],
            [-5.965795, 37.43327],
            [-5.965801, 37.433281],
            [-5.965807, 37.433291],
            [-5.965813, 37.433302],
            [-5.965821, 37.433316],
            [-5.96583, 37.43333],
            [-5.965838, 37.433344],
            [-5.965847, 37.433358],
            [-5.965856, 37.433371],
            [-5.965865, 37.433385],
            [-5.965873, 37.433399],
            [-5.965882, 37.433413],
            [-5.965891, 37.433426],
            [-5.9659, 37.43344],
            [-5.965907, 37.433451],
            [-5.965914, 37.433462],
            [-5.965922, 37.433473],
            [-5.965929, 37.433484],
            [-5.965936, 37.433495],
            [-5.965943, 37.433506],
            [-5.965951, 37.433517],
            [-5.965958, 37.433527],
            [-5.965965, 37.433538],
            [-5.965973, 37.433549],
            [-5.965983, 37.433563],
            [-5.966003, 37.433591],
            [-5.966013, 37.433605],
            [-5.966022, 37.433619],
            [-5.966033, 37.433633],
            [-5.966043, 37.433647],
            [-5.966053, 37.433661],
            [-5.966063, 37.433675],
            [-5.966073, 37.433689],
            [-5.966088, 37.433706],
            [-5.966102, 37.433724],
            [-5.966117, 37.433742],
            [-5.966132, 37.43376],
            [-5.966146, 37.433777],
            [-5.966161, 37.433795],
            [-5.966176, 37.433813],
            [-5.966191, 37.43383],
            [-5.966205, 37.433848],
            [-5.96622, 37.433866],
            [-5.966228, 37.433875],
            [-5.966237, 37.433884],
            [-5.966246, 37.433893],
            [-5.966254, 37.433902],
            [-5.966263, 37.433911],
            [-5.966272, 37.43392],
            [-5.96628, 37.433929],
            [-5.966289, 37.433938],
            [-5.966298, 37.433947],
            [-5.966306, 37.433956],
            [-5.966317, 37.433967],
            [-5.966327, 37.433978],
            [-5.966337, 37.433989],
            [-5.966358, 37.434011],
            [-5.966368, 37.434022],
            [-5.966378, 37.434033],
            [-5.966389, 37.434044],
            [-5.966399, 37.434055],
            [-5.96641, 37.434066],
            [-5.966419, 37.434076],
            [-5.966429, 37.434086],
            [-5.966439, 37.434097],
            [-5.966472, 37.434124],
            [-5.966016, 37.434857],
            [-5.965618, 37.435457],
            [-5.964278, 37.437716],
            [-5.962538, 37.440588],
            [-5.961257, 37.442304],
            [-5.960441, 37.442964],
            [-5.959703, 37.443488],
            [-5.959134, 37.444007],
            [-5.958445, 37.444698],
            [-5.956869, 37.447324],
            [-5.955898, 37.449437],
            [-5.954878, 37.452207],
            [-5.9548, 37.452455],
            [-5.9535, 37.452607],
            [-5.951533, 37.452766],
            [-5.949257, 37.452942],
            [-5.942527, 37.451928],
            [-5.935078, 37.449564]
          ]
        ]
      }
    },
    {
      "type": "Feature",
      "properties": {
        "id": "el-juncal-hispalis",
        "name": "El Juncal-hispalis",
        "cityId": "sevilla"
      },
      "geometry": {
        "type": "Polygon",
        "coordinates": [
          [
            [-5.964479, 37.373419],
            [-5.964253, 37.373275],
            [-5.963407, 37.372707],
            [-5.963193, 37.372562],
            [-5.962918, 37.372378],
            [-5.9648, 37.370477],
            [-5.962502, 37.369018],
            [-5.960599, 37.370927],
            [-5.960391, 37.370791],
            [-5.959943, 37.370509],
            [-5.959938, 37.370506],
            [-5.959877, 37.370469],
            [-5.959346, 37.37014],
            [-5.958861, 37.369829],
            [-5.958362, 37.369511],
            [-5.957852, 37.369172],
            [-5.957306, 37.368886],
            [-5.95672, 37.368641],
            [-5.956514, 37.368552],
            [-5.956162, 37.368401],
            [-5.956117, 37.368382],
            [-5.95573, 37.368218],
            [-5.955575, 37.368155],
            [-5.955228, 37.368006],
            [-5.954976, 37.367885],
            [-5.954571, 37.367705],
            [-5.954086, 37.367491],
            [-5.955726, 37.365366],
            [-5.95651, 37.364349],
            [-5.957205, 37.363451],
            [-5.957714, 37.362784],
            [-5.958383, 37.361907],
            [-5.958457, 37.361828],
            [-5.960303, 37.363439],
            [-5.962143, 37.364879],
            [-5.962977, 37.365558],
            [-5.963397, 37.365899],
            [-5.965628, 37.367752],
            [-5.966661, 37.3686],
            [-5.968061, 37.36976],
            [-5.968449, 37.370089],
            [-5.970702, 37.372],
            [-5.970886, 37.372156],
            [-5.971232, 37.372448],
            [-5.972428, 37.373436],
            [-5.972386, 37.373441],
            [-5.972253, 37.373441],
            [-5.972137, 37.37344],
            [-5.971472, 37.37332],
            [-5.971316, 37.373289],
            [-5.970655, 37.373157],
            [-5.970304, 37.373082],
            [-5.969552, 37.37294],
            [-5.96924, 37.372955],
            [-5.969027, 37.373003],
            [-5.969038, 37.37305],
            [-5.969053, 37.37318],
            [-5.969056, 37.373222],
            [-5.969062, 37.373283],
            [-5.96907, 37.373375],
            [-5.969073, 37.37343],
            [-5.969099, 37.373667],
            [-5.969092, 37.373705],
            [-5.969085, 37.373727],
            [-5.969036, 37.373808],
            [-5.968934, 37.373979],
            [-5.968738, 37.374305],
            [-5.968603, 37.374531],
            [-5.968557, 37.374605],
            [-5.968454, 37.374775],
            [-5.968447, 37.37479],
            [-5.968328, 37.374944],
            [-5.968204, 37.375184],
            [-5.968087, 37.375149],
            [-5.967407, 37.374946],
            [-5.966503, 37.374685],
            [-5.966391, 37.374635],
            [-5.966029, 37.374395],
            [-5.965581, 37.374121],
            [-5.964479, 37.373419]
          ]
        ]
      }
    },
    {
      "type": "Feature",
      "properties": {
        "id": "el-plantinar",
        "name": "El Plantinar",
        "cityId": "sevilla"
      },
      "geometry": {
        "type": "Polygon",
        "coordinates": [
          [
            [-5.975085, 37.377179],
            [-5.974603, 37.377041],
            [-5.973527, 37.37673],
            [-5.97306, 37.376595],
            [-5.971538, 37.376159],
            [-5.970263, 37.375793],
            [-5.97026, 37.375792],
            [-5.970233, 37.375784],
            [-5.969074, 37.375442],
            [-5.96864, 37.375314],
            [-5.968204, 37.375184],
            [-5.968328, 37.374944],
            [-5.968447, 37.37479],
            [-5.968454, 37.374775],
            [-5.968557, 37.374605],
            [-5.968603, 37.374531],
            [-5.968738, 37.374305],
            [-5.968934, 37.373979],
            [-5.969036, 37.373808],
            [-5.969085, 37.373727],
            [-5.969092, 37.373705],
            [-5.969099, 37.373667],
            [-5.969073, 37.37343],
            [-5.96907, 37.373375],
            [-5.969062, 37.373283],
            [-5.969056, 37.373222],
            [-5.969053, 37.37318],
            [-5.969038, 37.37305],
            [-5.969027, 37.373003],
            [-5.96924, 37.372955],
            [-5.969552, 37.37294],
            [-5.970304, 37.373082],
            [-5.970655, 37.373157],
            [-5.971316, 37.373289],
            [-5.971472, 37.37332],
            [-5.972137, 37.37344],
            [-5.972253, 37.373441],
            [-5.972386, 37.373441],
            [-5.972428, 37.373436],
            [-5.971232, 37.372448],
            [-5.970886, 37.372156],
            [-5.970702, 37.372],
            [-5.968449, 37.370089],
            [-5.968582, 37.369978],
            [-5.968635, 37.369937],
            [-5.968728, 37.369864],
            [-5.969257, 37.36945],
            [-5.969443, 37.369628],
            [-5.969768, 37.369873],
            [-5.969811, 37.369907],
            [-5.971231, 37.371083],
            [-5.97153, 37.37133],
            [-5.972461, 37.3721],
            [-5.972868, 37.372437],
            [-5.973198, 37.372618],
            [-5.973386, 37.37269],
            [-5.973572, 37.372825],
            [-5.973304, 37.373115],
            [-5.97312, 37.373243],
            [-5.972926, 37.37333],
            [-5.972685, 37.373406],
            [-5.972627, 37.373413],
            [-5.972684, 37.373517],
            [-5.972728, 37.373592],
            [-5.972752, 37.373629],
            [-5.972847, 37.373709],
            [-5.973036, 37.373865],
            [-5.973348, 37.37413],
            [-5.973421, 37.374186],
            [-5.973547, 37.374286],
            [-5.973601, 37.374331],
            [-5.973751, 37.374457],
            [-5.974361, 37.374959],
            [-5.974405, 37.374994],
            [-5.974462, 37.375039],
            [-5.974589, 37.375125],
            [-5.974762, 37.375265],
            [-5.974919, 37.375405],
            [-5.974962, 37.375457],
            [-5.97524, 37.375691],
            [-5.975531, 37.375942],
            [-5.975613, 37.37601],
            [-5.975706, 37.376083],
            [-5.977478, 37.37759],
            [-5.977694, 37.377811],
            [-5.977734, 37.377844],
            [-5.977849, 37.377915],
            [-5.978183, 37.37812],
            [-5.978617, 37.378363],
            [-5.978664, 37.378389],
            [-5.978713, 37.378431],
            [-5.978799, 37.378534],
            [-5.978342, 37.378418],
            [-5.977737, 37.378174],
            [-5.977498, 37.378059],
            [-5.977354, 37.378007],
            [-5.976142, 37.377514],
            [-5.97593, 37.377424],
            [-5.975251, 37.377227],
            [-5.975085, 37.377179]
          ]
        ]
      }
    },
    {
      "type": "Feature",
      "properties": {
        "id": "el-porvenir",
        "name": "El Porvenir",
        "cityId": "sevilla"
      },
      "geometry": {
        "type": "Polygon",
        "coordinates": [
          [
            [-5.978455, 37.372162],
            [-5.978482, 37.372076],
            [-5.97846, 37.371943],
            [-5.978442, 37.371834],
            [-5.978339, 37.371295],
            [-5.978211, 37.370667],
            [-5.978173, 37.370427],
            [-5.978157, 37.370338],
            [-5.978076, 37.369875],
            [-5.978057, 37.369763],
            [-5.978048, 37.369694],
            [-5.978033, 37.369545],
            [-5.978034, 37.369485],
            [-5.978065, 37.369434],
            [-5.978119, 37.369377],
            [-5.978204, 37.369315],
            [-5.978302, 37.369275],
            [-5.978355, 37.369256],
            [-5.978522, 37.369211],
            [-5.97873, 37.369168],
            [-5.978826, 37.36915],
            [-5.979038, 37.369116],
            [-5.979132, 37.3691],
            [-5.979287, 37.369076],
            [-5.979403, 37.369058],
            [-5.979445, 37.36905],
            [-5.979465, 37.369047],
            [-5.979508, 37.369041],
            [-5.979596, 37.369027],
            [-5.979769, 37.368999],
            [-5.980073, 37.368951],
            [-5.980117, 37.368944],
            [-5.980432, 37.368893],
            [-5.980563, 37.368872],
            [-5.980814, 37.368833],
            [-5.981314, 37.368752],
            [-5.981592, 37.368709],
            [-5.981847, 37.368668],
            [-5.982154, 37.36862],
            [-5.982431, 37.368575],
            [-5.982748, 37.368524],
            [-5.982841, 37.368509],
            [-5.982904, 37.368499],
            [-5.983331, 37.368431],
            [-5.98348, 37.368407],
            [-5.983526, 37.368399],
            [-5.983861, 37.368347],
            [-5.984337, 37.368274],
            [-5.985373, 37.368136],
            [-5.985536, 37.368904],
            [-5.985545, 37.368965],
            [-5.985548, 37.369138],
            [-5.985523, 37.369255],
            [-5.985482, 37.3696],
            [-5.985386, 37.370131],
            [-5.985404, 37.37061],
            [-5.985484, 37.371676],
            [-5.985487, 37.371772],
            [-5.985491, 37.371987],
            [-5.985347, 37.373458],
            [-5.985327, 37.373841],
            [-5.985306, 37.374035],
            [-5.985263, 37.37444],
            [-5.984053, 37.37417],
            [-5.983989, 37.374155],
            [-5.983942, 37.374149],
            [-5.983942, 37.374184],
            [-5.983933, 37.374217],
            [-5.983855, 37.374435],
            [-5.983743, 37.374757],
            [-5.98294, 37.374663],
            [-5.982666, 37.374633],
            [-5.981987, 37.37456],
            [-5.981823, 37.37454],
            [-5.981556, 37.37451],
            [-5.981188, 37.374468],
            [-5.98083, 37.374428],
            [-5.981047, 37.373902],
            [-5.981222, 37.373442],
            [-5.981391, 37.373035],
            [-5.981628, 37.372433],
            [-5.981647, 37.372253],
            [-5.981625, 37.371798],
            [-5.98154, 37.371805],
            [-5.980892, 37.371882],
            [-5.979922, 37.371996],
            [-5.978693, 37.372135],
            [-5.978455, 37.372162]
          ]
        ]
      }
    },
    {
      "type": "Feature",
      "properties": {
        "id": "el-prado-parque-maria-luisa",
        "name": "El Prado-parque Maria Luisa",
        "cityId": "sevilla"
      },
      "geometry": {
        "type": "Polygon",
        "coordinates": [
          [
            [-5.983046, 37.379683],
            [-5.983192, 37.379321],
            [-5.983456, 37.378768],
            [-5.983883, 37.377878],
            [-5.984191, 37.377252],
            [-5.984318, 37.377004],
            [-5.984387, 37.376871],
            [-5.984599, 37.376308],
            [-5.984947, 37.375388],
            [-5.985263, 37.37444],
            [-5.985306, 37.374035],
            [-5.985327, 37.373841],
            [-5.985347, 37.373458],
            [-5.985491, 37.371987],
            [-5.985487, 37.371772],
            [-5.985484, 37.371676],
            [-5.985404, 37.37061],
            [-5.985386, 37.370131],
            [-5.985482, 37.3696],
            [-5.986019, 37.369498],
            [-5.987167, 37.369281],
            [-5.987259, 37.369275],
            [-5.987415, 37.369278],
            [-5.987596, 37.369294],
            [-5.987852, 37.36932],
            [-5.988004, 37.369335],
            [-5.988176, 37.369349],
            [-5.9883, 37.369355],
            [-5.988539, 37.369356],
            [-5.98873, 37.369355],
            [-5.988855, 37.369353],
            [-5.989018, 37.369357],
            [-5.989081, 37.369356],
            [-5.989157, 37.369349],
            [-5.989267, 37.36933],
            [-5.989364, 37.369311],
            [-5.990452, 37.369257],
            [-5.990455, 37.369388],
            [-5.990495, 37.36952],
            [-5.990514, 37.369614],
            [-5.990522, 37.369698],
            [-5.990521, 37.369736],
            [-5.990502, 37.369783],
            [-5.990543, 37.369755],
            [-5.990699, 37.369648],
            [-5.99089, 37.369534],
            [-5.991087, 37.369427],
            [-5.991191, 37.369368],
            [-5.99127, 37.369324],
            [-5.991342, 37.369282],
            [-5.991557, 37.369173],
            [-5.991666, 37.369122],
            [-5.99226, 37.368831],
            [-5.992429, 37.368747],
            [-5.99256, 37.368682],
            [-5.992651, 37.368637],
            [-5.992827, 37.37238],
            [-5.992894, 37.373798],
            [-5.993144, 37.375076],
            [-5.991677, 37.375449],
            [-5.988489, 37.381147],
            [-5.987489, 37.380875],
            [-5.986995, 37.380743],
            [-5.984667, 37.38012],
            [-5.984321, 37.38003],
            [-5.983976, 37.379938],
            [-5.983658, 37.37985],
            [-5.983217, 37.37973],
            [-5.983046, 37.379683]
          ]
        ]
      }
    },
    {
      "type": "Feature",
      "properties": {
        "id": "el-rocio",
        "name": "El Rocio",
        "cityId": "sevilla"
      },
      "geometry": {
        "type": "Polygon",
        "coordinates": [
          [
            [-5.980755, 37.407326],
            [-5.981456, 37.407298],
            [-5.981854, 37.407282],
            [-5.982252, 37.407256],
            [-5.9827, 37.407265],
            [-5.982952, 37.407687],
            [-5.983083, 37.407914],
            [-5.983188, 37.408097],
            [-5.983257, 37.408294],
            [-5.983259, 37.408341],
            [-5.983261, 37.408401],
            [-5.983254, 37.40853],
            [-5.98325, 37.408594],
            [-5.983247, 37.408659],
            [-5.983208, 37.408825],
            [-5.98317, 37.409004],
            [-5.982698, 37.408962],
            [-5.982308, 37.408929],
            [-5.982006, 37.408896],
            [-5.981893, 37.408885],
            [-5.981815, 37.408875],
            [-5.981713, 37.408874],
            [-5.981647, 37.408882],
            [-5.981465, 37.408866],
            [-5.98127, 37.408857],
            [-5.980885, 37.408879],
            [-5.98066, 37.408378],
            [-5.980505, 37.408418],
            [-5.980339, 37.408004],
            [-5.980385, 37.407945],
            [-5.980794, 37.407912],
            [-5.980791, 37.407837],
            [-5.980783, 37.407694],
            [-5.980755, 37.407326]
          ]
        ]
      }
    },
    {
      "type": "Feature",
      "properties": {
        "id": "el-tardon-el-carmen",
        "name": "El Tardon-el Carmen",
        "cityId": "sevilla"
      },
      "geometry": {
        "type": "Polygon",
        "coordinates": [
          [
            [-6.005559, 37.376023],
            [-6.005579, 37.376013],
            [-6.006432, 37.375571],
            [-6.009248, 37.374133],
            [-6.009339, 37.374092],
            [-6.009377, 37.374072],
            [-6.009668, 37.37392],
            [-6.009962, 37.373759],
            [-6.010558, 37.373455],
            [-6.010646, 37.37341],
            [-6.01076, 37.373348],
            [-6.011327, 37.37306],
            [-6.011523, 37.372961],
            [-6.011774, 37.37284],
            [-6.011925, 37.372775],
            [-6.012099, 37.372704],
            [-6.012329, 37.372617],
            [-6.012548, 37.372549],
            [-6.012803, 37.372477],
            [-6.013028, 37.372423],
            [-6.0134, 37.372359],
            [-6.014279, 37.372178],
            [-6.014462, 37.372501],
            [-6.014476, 37.372527],
            [-6.014491, 37.372553],
            [-6.014505, 37.372579],
            [-6.01452, 37.372605],
            [-6.014534, 37.372631],
            [-6.014563, 37.372683],
            [-6.014577, 37.372709],
            [-6.014592, 37.372735],
            [-6.014607, 37.372767],
            [-6.014622, 37.372798],
            [-6.014638, 37.37283],
            [-6.014653, 37.372862],
            [-6.014668, 37.372894],
            [-6.014684, 37.372926],
            [-6.014699, 37.372958],
            [-6.014714, 37.37299],
            [-6.014729, 37.373021],
            [-6.014745, 37.373053],
            [-6.014757, 37.373086],
            [-6.014769, 37.373119],
            [-6.014781, 37.373151],
            [-6.014793, 37.373184],
            [-6.014805, 37.373217],
            [-6.014818, 37.37325],
            [-6.01483, 37.373283],
            [-6.014842, 37.373315],
            [-6.014866, 37.373381],
            [-6.014874, 37.373412],
            [-6.014882, 37.373443],
            [-6.014891, 37.373473],
            [-6.014899, 37.373504],
            [-6.014907, 37.373535],
            [-6.014915, 37.373566],
            [-6.014923, 37.373597],
            [-6.014932, 37.373628],
            [-6.01494, 37.373659],
            [-6.014948, 37.37369],
            [-6.014953, 37.373727],
            [-6.014958, 37.373765],
            [-6.014963, 37.373802],
            [-6.014969, 37.37384],
            [-6.014979, 37.373915],
            [-6.014984, 37.373952],
            [-6.014989, 37.373992],
            [-6.014994, 37.374027],
            [-6.014999, 37.374065],
            [-6.015, 37.374102],
            [-6.015001, 37.374139],
            [-6.015002, 37.374176],
            [-6.015004, 37.374249],
            [-6.015005, 37.374286],
            [-6.015006, 37.374323],
            [-6.015007, 37.37436],
            [-6.015008, 37.374397],
            [-6.015009, 37.374434],
            [-6.015006, 37.374468],
            [-6.015003, 37.374502],
            [-6.015, 37.374537],
            [-6.014997, 37.374571],
            [-6.014994, 37.374605],
            [-6.014991, 37.37464],
            [-6.014988, 37.374674],
            [-6.014985, 37.374708],
            [-6.014982, 37.374743],
            [-6.01498, 37.374777],
            [-6.014952, 37.375508],
            [-6.014919, 37.37564],
            [-6.014913, 37.375662],
            [-6.014907, 37.375685],
            [-6.014901, 37.375707],
            [-6.014895, 37.375729],
            [-6.014889, 37.375752],
            [-6.014884, 37.375774],
            [-6.014878, 37.375797],
            [-6.014872, 37.375819],
            [-6.01487, 37.375824],
            [-6.01486, 37.375864],
            [-6.014842, 37.375913],
            [-6.014818, 37.375958],
            [-6.014802, 37.376003],
            [-6.014765, 37.37611],
            [-6.014735, 37.376197],
            [-6.014674, 37.376527],
            [-6.014588, 37.377676],
            [-6.014474, 37.377442],
            [-6.014459, 37.377412],
            [-6.014429, 37.37736],
            [-6.014392, 37.377303],
            [-6.014358, 37.377258],
            [-6.01433, 37.377222],
            [-6.014302, 37.377191],
            [-6.014282, 37.377169],
            [-6.01426, 37.377148],
            [-6.01424, 37.377129],
            [-6.01422, 37.37711],
            [-6.014192, 37.377085],
            [-6.014162, 37.377062],
            [-6.014127, 37.377035],
            [-6.014102, 37.377017],
            [-6.014059, 37.376989],
            [-6.014038, 37.376975],
            [-6.014027, 37.376967],
            [-6.014004, 37.376955],
            [-6.013964, 37.376933],
            [-6.013945, 37.376922],
            [-6.013896, 37.376897],
            [-6.013809, 37.376859],
            [-6.013782, 37.376847],
            [-6.013723, 37.376823],
            [-6.013663, 37.376798],
            [-6.013588, 37.376766],
            [-6.013413, 37.376694],
            [-6.01322, 37.376611],
            [-6.013102, 37.376733],
            [-6.012989, 37.37685],
            [-6.012781, 37.377062],
            [-6.012503, 37.377332],
            [-6.012215, 37.377597],
            [-6.011926, 37.377879],
            [-6.01162, 37.378178],
            [-6.011289, 37.378502],
            [-6.011242, 37.378547],
            [-6.011156, 37.378631],
            [-6.010692, 37.379101],
            [-6.010265, 37.379535],
            [-6.009976, 37.37979],
            [-6.009783, 37.379975],
            [-6.009655, 37.380102],
            [-6.00952, 37.380242],
            [-6.009307, 37.380434],
            [-6.009238, 37.380422],
            [-6.009147, 37.380443],
            [-6.008728, 37.379927],
            [-6.008415, 37.379537],
            [-6.008391, 37.379508],
            [-6.008101, 37.379149],
            [-6.007866, 37.378856],
            [-6.007502, 37.378394],
            [-6.006948, 37.377692],
            [-6.006878, 37.377606],
            [-6.006594, 37.37726],
            [-6.005962, 37.376479],
            [-6.005559, 37.376023]
          ]
        ]
      }
    },
    {
      "type": "Feature",
      "properties": {
        "id": "el-torrejon",
        "name": "El Torrejon",
        "cityId": "sevilla"
      },
      "geometry": {
        "type": "Polygon",
        "coordinates": [
          [
            [-5.980662, 37.410969],
            [-5.982014, 37.411112],
            [-5.98359, 37.411258],
            [-5.983613, 37.411319],
            [-5.983702, 37.411538],
            [-5.983849, 37.411898],
            [-5.983835, 37.411946],
            [-5.983809, 37.412043],
            [-5.983777, 37.41216],
            [-5.983762, 37.412214],
            [-5.983717, 37.412401],
            [-5.983638, 37.412763],
            [-5.983443, 37.412683],
            [-5.983003, 37.412767],
            [-5.982908, 37.412817],
            [-5.982839, 37.412774],
            [-5.982618, 37.41263],
            [-5.982376, 37.412484],
            [-5.981792, 37.412119],
            [-5.981445, 37.4119],
            [-5.981308, 37.4118],
            [-5.981238, 37.41174],
            [-5.981196, 37.411708],
            [-5.981122, 37.411641],
            [-5.981003, 37.411513],
            [-5.980982, 37.411491],
            [-5.980913, 37.411408],
            [-5.980864, 37.411345],
            [-5.980779, 37.411207],
            [-5.980721, 37.411099],
            [-5.980682, 37.411014],
            [-5.980662, 37.410969]
          ]
        ]
      }
    },
    {
      "type": "Feature",
      "properties": {
        "id": "elcano-bermejales",
        "name": "Elcano-bermejales",
        "cityId": "sevilla"
      },
      "geometry": {
        "type": "Polygon",
        "coordinates": [
          [
            [-5.978273, 37.353277],
            [-5.978055, 37.352911],
            [-5.977679, 37.352308],
            [-5.977447, 37.351922],
            [-5.977287, 37.351659],
            [-5.977223, 37.351529],
            [-5.977194, 37.351477],
            [-5.977151, 37.351399],
            [-5.977137, 37.351374],
            [-5.977108, 37.351322],
            [-5.977086, 37.351283],
            [-5.977068, 37.351251],
            [-5.977046, 37.35121],
            [-5.977013, 37.351154],
            [-5.976992, 37.351115],
            [-5.97697, 37.351076],
            [-5.976903, 37.350944],
            [-5.976842, 37.350799],
            [-5.97682, 37.35074],
            [-5.976798, 37.35068],
            [-5.976776, 37.35062],
            [-5.976753, 37.35056],
            [-5.976731, 37.3505],
            [-5.976716, 37.350445],
            [-5.976701, 37.350389],
            [-5.976686, 37.350333],
            [-5.976671, 37.350277],
            [-5.976656, 37.350222],
            [-5.976638, 37.350146],
            [-5.97656, 37.349666],
            [-5.976534, 37.34945],
            [-5.976464, 37.34899],
            [-5.976307, 37.348031],
            [-5.976301, 37.348006],
            [-5.976294, 37.34798],
            [-5.976288, 37.347955],
            [-5.976281, 37.34793],
            [-5.976275, 37.347904],
            [-5.976269, 37.347879],
            [-5.976262, 37.347854],
            [-5.976256, 37.347828],
            [-5.97625, 37.347803],
            [-5.976243, 37.347778],
            [-5.976239, 37.347753],
            [-5.976234, 37.347729],
            [-5.976229, 37.347704],
            [-5.976224, 37.34768],
            [-5.97622, 37.347656],
            [-5.97621, 37.347607],
            [-5.976201, 37.347558],
            [-5.976185, 37.347508],
            [-5.976164, 37.347458],
            [-5.976143, 37.347408],
            [-5.976113, 37.347337],
            [-5.97605, 37.347203],
            [-5.975989, 37.347083],
            [-5.975546, 37.346337],
            [-5.974734, 37.34499],
            [-5.974422, 37.344484],
            [-5.974058, 37.343874],
            [-5.973731, 37.343356],
            [-5.973647, 37.343386],
            [-5.973524, 37.343191],
            [-5.973091, 37.342489],
            [-5.972706, 37.341859],
            [-5.972044, 37.340596],
            [-5.97567, 37.340594],
            [-5.977, 37.3407],
            [-5.978869, 37.341145],
            [-5.978885, 37.34115],
            [-5.978906, 37.341159],
            [-5.978927, 37.341167],
            [-5.978948, 37.341176],
            [-5.978969, 37.341185],
            [-5.97901, 37.341202],
            [-5.979031, 37.34121],
            [-5.979052, 37.341219],
            [-5.979073, 37.341228],
            [-5.979094, 37.341236],
            [-5.979115, 37.341249],
            [-5.979136, 37.341262],
            [-5.979156, 37.341274],
            [-5.979177, 37.341287],
            [-5.979219, 37.341313],
            [-5.97924, 37.341325],
            [-5.979261, 37.341338],
            [-5.979282, 37.341351],
            [-5.979303, 37.341364],
            [-5.979334, 37.341388],
            [-5.979365, 37.341413],
            [-5.979396, 37.341438],
            [-5.979427, 37.341463],
            [-5.97949, 37.341512],
            [-5.979521, 37.341537],
            [-5.979552, 37.341562],
            [-5.979583, 37.341586],
            [-5.979615, 37.341611],
            [-5.979947, 37.341949],
            [-5.980909, 37.342961],
            [-5.981451, 37.343549],
            [-5.981746, 37.343865],
            [-5.982328, 37.344486],
            [-5.982624, 37.344791],
            [-5.982741, 37.344926],
            [-5.982993, 37.345177],
            [-5.983063, 37.345247],
            [-5.985272, 37.347559],
            [-5.985791, 37.348113],
            [-5.986805, 37.349191],
            [-5.987372, 37.34978],
            [-5.987539, 37.349976],
            [-5.987769, 37.350301],
            [-5.988111, 37.350779],
            [-5.988537, 37.35143],
            [-5.988582, 37.351488],
            [-5.988126, 37.351671],
            [-5.987419, 37.351898],
            [-5.986668, 37.35214],
            [-5.986655, 37.352144],
            [-5.986131, 37.352275],
            [-5.985603, 37.352421],
            [-5.985049, 37.352565],
            [-5.984759, 37.352639],
            [-5.984499, 37.352738],
            [-5.983961, 37.352954],
            [-5.983687, 37.352943],
            [-5.982766, 37.35306],
            [-5.982043, 37.35315],
            [-5.981867, 37.353173],
            [-5.981724, 37.353193],
            [-5.981627, 37.353204],
            [-5.981555, 37.353216],
            [-5.98145, 37.35324],
            [-5.981421, 37.353295],
            [-5.981283, 37.353318],
            [-5.981249, 37.35317],
            [-5.981244, 37.353142],
            [-5.981108, 37.353167],
            [-5.980056, 37.353279],
            [-5.978618, 37.353437],
            [-5.978498, 37.3535],
            [-5.978426, 37.353534],
            [-5.978273, 37.353277]
          ]
        ]
      }
    },
    {
      "type": "Feature",
      "properties": {
        "id": "encarnacion-regina",
        "name": "Encarnación-regina",
        "cityId": "sevilla"
      },
      "geometry": {
        "type": "Polygon",
        "coordinates": [
          [
            [-5.994577, 37.396488],
            [-5.994765, 37.396136],
            [-5.994805, 37.396074],
            [-5.994534, 37.396036],
            [-5.994293, 37.396017],
            [-5.994233, 37.396109],
            [-5.994033, 37.396054],
            [-5.993959, 37.396214],
            [-5.993899, 37.396196],
            [-5.993778, 37.396175],
            [-5.993357, 37.396172],
            [-5.993101, 37.396167],
            [-5.993124, 37.396108],
            [-5.993151, 37.396049],
            [-5.99315, 37.396042],
            [-5.993141, 37.396035],
            [-5.9931, 37.396019],
            [-5.992765, 37.396074],
            [-5.992756, 37.396076],
            [-5.992753, 37.39608],
            [-5.992683, 37.39601],
            [-5.992544, 37.395916],
            [-5.992432, 37.395861],
            [-5.992417, 37.395854],
            [-5.992356, 37.395816],
            [-5.99228, 37.395747],
            [-5.992276, 37.395743],
            [-5.992191, 37.395663],
            [-5.99201, 37.395587],
            [-5.991807, 37.395513],
            [-5.991789, 37.395491],
            [-5.991778, 37.395478],
            [-5.991771, 37.39547],
            [-5.991438, 37.395382],
            [-5.991353, 37.395332],
            [-5.991075, 37.395231],
            [-5.990867, 37.395136],
            [-5.990632, 37.395029],
            [-5.990405, 37.394938],
            [-5.990267, 37.394904],
            [-5.990094, 37.394862],
            [-5.989454, 37.394743],
            [-5.989163, 37.394664],
            [-5.98891, 37.394621],
            [-5.988874, 37.394642],
            [-5.988693, 37.394764],
            [-5.988492, 37.394874],
            [-5.988368, 37.394866],
            [-5.987985, 37.394832],
            [-5.988009, 37.394788],
            [-5.988084, 37.394632],
            [-5.988137, 37.394459],
            [-5.988171, 37.394323],
            [-5.988201, 37.394171],
            [-5.988212, 37.394068],
            [-5.988226, 37.393944],
            [-5.988236, 37.393826],
            [-5.988236, 37.393789],
            [-5.988233, 37.393775],
            [-5.98821, 37.393625],
            [-5.988205, 37.393586],
            [-5.988197, 37.393563],
            [-5.988184, 37.393552],
            [-5.988215, 37.393381],
            [-5.988253, 37.393327],
            [-5.988401, 37.393121],
            [-5.988444, 37.393009],
            [-5.988502, 37.392895],
            [-5.988693, 37.392866],
            [-5.989562, 37.392519],
            [-5.989817, 37.392517],
            [-5.989821, 37.392479],
            [-5.990038, 37.392482],
            [-5.99009, 37.392483],
            [-5.990118, 37.392486],
            [-5.990166, 37.392493],
            [-5.990229, 37.392507],
            [-5.9903, 37.392526],
            [-5.990387, 37.392553],
            [-5.990519, 37.392589],
            [-5.990599, 37.392609],
            [-5.991421, 37.392725],
            [-5.992266, 37.392786],
            [-5.993014, 37.392791],
            [-5.99365, 37.392804],
            [-5.993677, 37.392805],
            [-5.993938, 37.392787],
            [-5.994184, 37.392774],
            [-5.994809, 37.392739],
            [-5.994961, 37.392727],
            [-5.995071, 37.392718],
            [-5.995396, 37.3927],
            [-5.995547, 37.392703],
            [-5.995652, 37.392704],
            [-5.995775, 37.392705],
            [-5.996139, 37.392705],
            [-5.996148, 37.392707],
            [-5.996249, 37.39271],
            [-5.996372, 37.392726],
            [-5.996534, 37.39275],
            [-5.996921, 37.392803],
            [-5.997209, 37.392833],
            [-5.997716, 37.392889],
            [-5.998469, 37.392964],
            [-5.998583, 37.392975],
            [-5.999148, 37.393017],
            [-5.999252, 37.393028],
            [-5.999729, 37.393101],
            [-5.999557, 37.394204],
            [-5.999556, 37.394232],
            [-5.998964, 37.394167],
            [-5.998396, 37.394112],
            [-5.998293, 37.39451],
            [-5.998169, 37.395233],
            [-5.998146, 37.395236],
            [-5.99762, 37.395172],
            [-5.997553, 37.395164],
            [-5.997192, 37.395111],
            [-5.9972, 37.395064],
            [-5.996714, 37.394977],
            [-5.996682, 37.39497],
            [-5.996674, 37.394967],
            [-5.996669, 37.394964],
            [-5.996666, 37.394961],
            [-5.996665, 37.394952],
            [-5.996628, 37.394945],
            [-5.996611, 37.394942],
            [-5.996589, 37.394946],
            [-5.996578, 37.39495],
            [-5.996569, 37.394959],
            [-5.996423, 37.395122],
            [-5.995766, 37.395018],
            [-5.995758, 37.395037],
            [-5.995701, 37.395359],
            [-5.995584, 37.395843],
            [-5.99558, 37.395858],
            [-5.995442, 37.396387],
            [-5.995407, 37.39655],
            [-5.995419, 37.396589],
            [-5.995395, 37.39667],
            [-5.995397, 37.396689],
            [-5.995386, 37.396687],
            [-5.994942, 37.396577],
            [-5.994577, 37.396488]
          ]
        ]
      }
    },
    {
      "type": "Feature",
      "properties": {
        "id": "felipe-ii-los-diez-mandamientos",
        "name": "Felipe Ii-los Diez Mandamientos",
        "cityId": "sevilla"
      },
      "geometry": {
        "type": "Polygon",
        "coordinates": [
          [
            [-5.969768, 37.369873],
            [-5.970033, 37.369667],
            [-5.970628, 37.369209],
            [-5.970867, 37.369026],
            [-5.971043, 37.368889],
            [-5.971148, 37.368973],
            [-5.971279, 37.369078],
            [-5.971315, 37.369109],
            [-5.971782, 37.369492],
            [-5.97196, 37.369639],
            [-5.972176, 37.369818],
            [-5.97221, 37.369846],
            [-5.972307, 37.369927],
            [-5.972426, 37.370026],
            [-5.97261, 37.370143],
            [-5.972888, 37.370306],
            [-5.973039, 37.370363],
            [-5.973312, 37.370473],
            [-5.973571, 37.370581],
            [-5.973781, 37.370616],
            [-5.973956, 37.370612],
            [-5.97441, 37.37056],
            [-5.974773, 37.370519],
            [-5.974912, 37.37047],
            [-5.975148, 37.370797],
            [-5.975238, 37.37094],
            [-5.975261, 37.370981],
            [-5.975318, 37.371084],
            [-5.975406, 37.371506],
            [-5.975479, 37.371885],
            [-5.975603, 37.372494],
            [-5.975031, 37.372561],
            [-5.974477, 37.372621],
            [-5.974341, 37.372635],
            [-5.973904, 37.372691],
            [-5.973717, 37.372751],
            [-5.973572, 37.372825],
            [-5.973386, 37.37269],
            [-5.973198, 37.372618],
            [-5.972868, 37.372437],
            [-5.972461, 37.3721],
            [-5.97153, 37.37133],
            [-5.971231, 37.371083],
            [-5.969811, 37.369907],
            [-5.969768, 37.369873]
          ]
        ]
      }
    },
    {
      "type": "Feature",
      "properties": {
        "id": "feria",
        "name": "Feria",
        "cityId": "sevilla"
      },
      "geometry": {
        "type": "Polygon",
        "coordinates": [
          [
            [-5.9885, 37.400071],
            [-5.988375, 37.399649],
            [-5.988333, 37.399492],
            [-5.988315, 37.399425],
            [-5.988269, 37.399167],
            [-5.988221, 37.39905],
            [-5.988163, 37.398906],
            [-5.988133, 37.398832],
            [-5.988109, 37.398711],
            [-5.988008, 37.398343],
            [-5.988006, 37.398335],
            [-5.9879, 37.397878],
            [-5.987859, 37.397455],
            [-5.987842, 37.397326],
            [-5.987839, 37.397304],
            [-5.987809, 37.39711],
            [-5.987803, 37.397072],
            [-5.987785, 37.396952],
            [-5.987792, 37.396915],
            [-5.987808, 37.396465],
            [-5.987821, 37.396351],
            [-5.987844, 37.396194],
            [-5.987861, 37.396077],
            [-5.98791, 37.395844],
            [-5.98797, 37.395523],
            [-5.987971, 37.395455],
            [-5.987963, 37.395383],
            [-5.987932, 37.395067],
            [-5.987932, 37.394996],
            [-5.987941, 37.394949],
            [-5.987967, 37.394863],
            [-5.987985, 37.394832],
            [-5.988368, 37.394866],
            [-5.988492, 37.394874],
            [-5.988693, 37.394764],
            [-5.988874, 37.394642],
            [-5.98891, 37.394621],
            [-5.989163, 37.394664],
            [-5.989454, 37.394743],
            [-5.990094, 37.394862],
            [-5.990267, 37.394904],
            [-5.990405, 37.394938],
            [-5.990632, 37.395029],
            [-5.990867, 37.395136],
            [-5.991075, 37.395231],
            [-5.991353, 37.395332],
            [-5.991438, 37.395382],
            [-5.991771, 37.39547],
            [-5.991778, 37.395478],
            [-5.991789, 37.395491],
            [-5.991807, 37.395513],
            [-5.99201, 37.395587],
            [-5.992191, 37.395663],
            [-5.992276, 37.395743],
            [-5.99228, 37.395747],
            [-5.992356, 37.395816],
            [-5.992417, 37.395854],
            [-5.992432, 37.395861],
            [-5.992544, 37.395916],
            [-5.992683, 37.39601],
            [-5.992753, 37.39608],
            [-5.992756, 37.396076],
            [-5.992765, 37.396074],
            [-5.9931, 37.396019],
            [-5.993141, 37.396035],
            [-5.99315, 37.396042],
            [-5.993151, 37.396049],
            [-5.993124, 37.396108],
            [-5.993101, 37.396167],
            [-5.993357, 37.396172],
            [-5.993778, 37.396175],
            [-5.993899, 37.396196],
            [-5.993959, 37.396214],
            [-5.994033, 37.396054],
            [-5.994233, 37.396109],
            [-5.994293, 37.396017],
            [-5.994534, 37.396036],
            [-5.994805, 37.396074],
            [-5.994765, 37.396136],
            [-5.994577, 37.396488],
            [-5.994365, 37.39688],
            [-5.994303, 37.396866],
            [-5.99431, 37.396887],
            [-5.994304, 37.39691],
            [-5.994194, 37.397531],
            [-5.994148, 37.397765],
            [-5.994128, 37.397872],
            [-5.994104, 37.398011],
            [-5.994095, 37.39805],
            [-5.993971, 37.398796],
            [-5.993883, 37.399302],
            [-5.993781, 37.399861],
            [-5.993692, 37.400368],
            [-5.993686, 37.400414],
            [-5.993689, 37.400435],
            [-5.993707, 37.400453],
            [-5.993464, 37.400563],
            [-5.993279, 37.400233],
            [-5.993226, 37.400262],
            [-5.99319, 37.400272],
            [-5.992949, 37.400284],
            [-5.99242, 37.400281],
            [-5.992342, 37.40028],
            [-5.992123, 37.400288],
            [-5.991856, 37.400297],
            [-5.991772, 37.400299],
            [-5.991241, 37.400315],
            [-5.990927, 37.400326],
            [-5.990542, 37.400339],
            [-5.990518, 37.400339],
            [-5.99036, 37.400405],
            [-5.990289, 37.40042],
            [-5.990157, 37.400443],
            [-5.990124, 37.400448],
            [-5.989889, 37.400484],
            [-5.989852, 37.400488],
            [-5.989798, 37.400493],
            [-5.989483, 37.400505],
            [-5.98936, 37.40051],
            [-5.989271, 37.400507],
            [-5.989208, 37.400513],
            [-5.98917, 37.399935],
            [-5.989094, 37.399939],
            [-5.988922, 37.399967],
            [-5.988743, 37.40001],
            [-5.9885, 37.400071]
          ]
        ]
      }
    },
    {
      "type": "Feature",
      "properties": {
        "id": "giralda-sur",
        "name": "Giralda Sur",
        "cityId": "sevilla"
      },
      "geometry": {
        "type": "Polygon",
        "coordinates": [
          [
            [-5.973572, 37.372825],
            [-5.973717, 37.372751],
            [-5.973904, 37.372691],
            [-5.974341, 37.372635],
            [-5.974477, 37.372621],
            [-5.975031, 37.372561],
            [-5.975603, 37.372494],
            [-5.976066, 37.37244],
            [-5.976276, 37.372415],
            [-5.976553, 37.372383],
            [-5.976746, 37.372361],
            [-5.976795, 37.372355],
            [-5.976932, 37.372339],
            [-5.97741, 37.372284],
            [-5.978181, 37.372194],
            [-5.978455, 37.372162],
            [-5.978545, 37.372614],
            [-5.978583, 37.372812],
            [-5.97863, 37.373053],
            [-5.978659, 37.373211],
            [-5.978707, 37.373455],
            [-5.978733, 37.373589],
            [-5.978801, 37.373948],
            [-5.978824, 37.374062],
            [-5.978855, 37.37423],
            [-5.978891, 37.374408],
            [-5.978908, 37.374497],
            [-5.97892, 37.374561],
            [-5.978928, 37.374605],
            [-5.97895, 37.374715],
            [-5.978979, 37.374869],
            [-5.979013, 37.375045],
            [-5.979071, 37.375347],
            [-5.979108, 37.375536],
            [-5.979149, 37.375758],
            [-5.979188, 37.375957],
            [-5.979207, 37.376051],
            [-5.979248, 37.376275],
            [-5.979266, 37.376361],
            [-5.979287, 37.376515],
            [-5.979325, 37.376637],
            [-5.979353, 37.376698],
            [-5.979373, 37.376775],
            [-5.979376, 37.37684],
            [-5.97936, 37.376942],
            [-5.979311, 37.377145],
            [-5.979091, 37.37771],
            [-5.978929, 37.378145],
            [-5.978888, 37.37829],
            [-5.978799, 37.378534],
            [-5.978713, 37.378431],
            [-5.978664, 37.378389],
            [-5.978617, 37.378363],
            [-5.978183, 37.37812],
            [-5.977849, 37.377915],
            [-5.977734, 37.377844],
            [-5.977694, 37.377811],
            [-5.977478, 37.37759],
            [-5.975706, 37.376083],
            [-5.975613, 37.37601],
            [-5.975531, 37.375942],
            [-5.97524, 37.375691],
            [-5.974962, 37.375457],
            [-5.974919, 37.375405],
            [-5.974762, 37.375265],
            [-5.974589, 37.375125],
            [-5.974462, 37.375039],
            [-5.974405, 37.374994],
            [-5.974361, 37.374959],
            [-5.973751, 37.374457],
            [-5.973601, 37.374331],
            [-5.973547, 37.374286],
            [-5.973421, 37.374186],
            [-5.973348, 37.37413],
            [-5.973036, 37.373865],
            [-5.972847, 37.373709],
            [-5.972752, 37.373629],
            [-5.972728, 37.373592],
            [-5.972684, 37.373517],
            [-5.972627, 37.373413],
            [-5.972685, 37.373406],
            [-5.972926, 37.37333],
            [-5.97312, 37.373243],
            [-5.973304, 37.373115],
            [-5.973572, 37.372825]
          ]
        ]
      }
    },
    {
      "type": "Feature",
      "properties": {
        "id": "heliopolis",
        "name": "Heliopolis",
        "cityId": "sevilla"
      },
      "geometry": {
        "type": "Polygon",
        "coordinates": [
          [
            [-5.98038, 37.356806],
            [-5.979786, 37.355815],
            [-5.979571, 37.355469],
            [-5.979168, 37.354779],
            [-5.978627, 37.353871],
            [-5.978426, 37.353534],
            [-5.978498, 37.3535],
            [-5.978618, 37.353437],
            [-5.980056, 37.353279],
            [-5.981108, 37.353167],
            [-5.981244, 37.353142],
            [-5.981249, 37.35317],
            [-5.981283, 37.353318],
            [-5.981421, 37.353295],
            [-5.98145, 37.35324],
            [-5.981555, 37.353216],
            [-5.981627, 37.353204],
            [-5.981724, 37.353193],
            [-5.981867, 37.353173],
            [-5.982043, 37.35315],
            [-5.982766, 37.35306],
            [-5.983687, 37.352943],
            [-5.983961, 37.352954],
            [-5.984499, 37.352738],
            [-5.984759, 37.352639],
            [-5.985049, 37.352565],
            [-5.985603, 37.352421],
            [-5.986131, 37.352275],
            [-5.986655, 37.352144],
            [-5.986668, 37.35214],
            [-5.987419, 37.351898],
            [-5.988126, 37.351671],
            [-5.988232, 37.351671],
            [-5.988332, 37.351683],
            [-5.988418, 37.351712],
            [-5.988522, 37.351783],
            [-5.988693, 37.352005],
            [-5.988744, 37.352072],
            [-5.988785, 37.352131],
            [-5.988723, 37.353159],
            [-5.988702, 37.35363],
            [-5.988662, 37.354341],
            [-5.988633, 37.354899],
            [-5.988421, 37.354985],
            [-5.987689, 37.355268],
            [-5.987556, 37.355317],
            [-5.987376, 37.355384],
            [-5.986779, 37.35562],
            [-5.986331, 37.355788],
            [-5.98633, 37.355789],
            [-5.985932, 37.355944],
            [-5.985392, 37.356156],
            [-5.985294, 37.356194],
            [-5.983632, 37.356835],
            [-5.983304, 37.35696],
            [-5.983222, 37.356992],
            [-5.982477, 37.357288],
            [-5.981974, 37.357481],
            [-5.981, 37.357855],
            [-5.980632, 37.357227],
            [-5.98038, 37.356806]
          ]
        ]
      }
    },
    {
      "type": "Feature",
      "properties": {
        "id": "hermandades-la-carrasca",
        "name": "Hermandades-la Carrasca",
        "cityId": "sevilla"
      },
      "geometry": {
        "type": "Polygon",
        "coordinates": [
          [
            [-5.980662, 37.410969],
            [-5.980622, 37.410873],
            [-5.980541, 37.410677],
            [-5.980507, 37.410593],
            [-5.980271, 37.410012],
            [-5.979854, 37.410127],
            [-5.979686, 37.410173],
            [-5.979171, 37.410305],
            [-5.978537, 37.410451],
            [-5.978211, 37.410386],
            [-5.977664, 37.410277],
            [-5.977677, 37.410249],
            [-5.977798, 37.409991],
            [-5.977839, 37.409871],
            [-5.977389, 37.409797],
            [-5.977462, 37.409484],
            [-5.977245, 37.409452],
            [-5.977007, 37.409418],
            [-5.976982, 37.40951],
            [-5.976971, 37.409548],
            [-5.977003, 37.409603],
            [-5.976968, 37.40975],
            [-5.97676, 37.409719],
            [-5.976747, 37.409765],
            [-5.976141, 37.409677],
            [-5.976113, 37.409687],
            [-5.976086, 37.409689],
            [-5.976024, 37.409679],
            [-5.97607, 37.409466],
            [-5.976555, 37.409543],
            [-5.976651, 37.409128],
            [-5.976715, 37.409119],
            [-5.976832, 37.409083],
            [-5.978057, 37.408631],
            [-5.978108, 37.40864],
            [-5.978258, 37.40866],
            [-5.978272, 37.4086],
            [-5.978373, 37.408425],
            [-5.97845, 37.408294],
            [-5.978584, 37.40804],
            [-5.978818, 37.407622],
            [-5.978865, 37.407551],
            [-5.978929, 37.407394],
            [-5.97935, 37.407387],
            [-5.980162, 37.40735],
            [-5.98062, 37.407332],
            [-5.980755, 37.407326],
            [-5.980783, 37.407694],
            [-5.980791, 37.407837],
            [-5.980794, 37.407912],
            [-5.980385, 37.407945],
            [-5.980339, 37.408004],
            [-5.980505, 37.408418],
            [-5.98066, 37.408378],
            [-5.980885, 37.408879],
            [-5.98127, 37.408857],
            [-5.981465, 37.408866],
            [-5.981647, 37.408882],
            [-5.981713, 37.408874],
            [-5.981815, 37.408875],
            [-5.981893, 37.408885],
            [-5.982006, 37.408896],
            [-5.982308, 37.408929],
            [-5.982698, 37.408962],
            [-5.98317, 37.409004],
            [-5.983115, 37.409265],
            [-5.983082, 37.409436],
            [-5.983062, 37.409539],
            [-5.983062, 37.409584],
            [-5.983061, 37.409597],
            [-5.98308, 37.409822],
            [-5.983132, 37.410077],
            [-5.983175, 37.410188],
            [-5.983302, 37.41051],
            [-5.983339, 37.410604],
            [-5.983438, 37.410856],
            [-5.98345, 37.410887],
            [-5.983512, 37.411049],
            [-5.98359, 37.411258],
            [-5.982014, 37.411112],
            [-5.980662, 37.410969]
          ]
        ]
      }
    },
    {
      "type": "Feature",
      "properties": {
        "id": "huerta-de-la-salud",
        "name": "Huerta de la Salud",
        "cityId": "sevilla"
      },
      "geometry": {
        "type": "Polygon",
        "coordinates": [
          [
            [-5.979855, 37.378858],
            [-5.979161, 37.378633],
            [-5.978799, 37.378534],
            [-5.978888, 37.37829],
            [-5.978929, 37.378145],
            [-5.979091, 37.37771],
            [-5.979311, 37.377145],
            [-5.97936, 37.376942],
            [-5.979376, 37.37684],
            [-5.979373, 37.376775],
            [-5.979353, 37.376698],
            [-5.979325, 37.376637],
            [-5.979287, 37.376515],
            [-5.979266, 37.376361],
            [-5.979248, 37.376275],
            [-5.979207, 37.376051],
            [-5.979188, 37.375957],
            [-5.979149, 37.375758],
            [-5.979108, 37.375536],
            [-5.979071, 37.375347],
            [-5.979013, 37.375045],
            [-5.978979, 37.374869],
            [-5.97895, 37.374715],
            [-5.978928, 37.374605],
            [-5.97892, 37.374561],
            [-5.978908, 37.374497],
            [-5.978891, 37.374408],
            [-5.978855, 37.37423],
            [-5.978824, 37.374062],
            [-5.978801, 37.373948],
            [-5.978733, 37.373589],
            [-5.978707, 37.373455],
            [-5.978659, 37.373211],
            [-5.97863, 37.373053],
            [-5.978583, 37.372812],
            [-5.978545, 37.372614],
            [-5.978455, 37.372162],
            [-5.978693, 37.372135],
            [-5.979922, 37.371996],
            [-5.980892, 37.371882],
            [-5.98154, 37.371805],
            [-5.981625, 37.371798],
            [-5.981647, 37.372253],
            [-5.981628, 37.372433],
            [-5.981391, 37.373035],
            [-5.981222, 37.373442],
            [-5.981047, 37.373902],
            [-5.98083, 37.374428],
            [-5.981188, 37.374468],
            [-5.981556, 37.37451],
            [-5.981823, 37.37454],
            [-5.981987, 37.37456],
            [-5.982666, 37.374633],
            [-5.98294, 37.374663],
            [-5.983743, 37.374757],
            [-5.983855, 37.374435],
            [-5.983933, 37.374217],
            [-5.983942, 37.374184],
            [-5.983942, 37.374149],
            [-5.983989, 37.374155],
            [-5.984053, 37.37417],
            [-5.985263, 37.37444],
            [-5.984947, 37.375388],
            [-5.984599, 37.376308],
            [-5.984387, 37.376871],
            [-5.984318, 37.377004],
            [-5.984191, 37.377252],
            [-5.983883, 37.377878],
            [-5.983456, 37.378768],
            [-5.983192, 37.379321],
            [-5.983046, 37.379683],
            [-5.982307, 37.37948],
            [-5.98134, 37.37923],
            [-5.981291, 37.379217],
            [-5.979855, 37.378858]
          ]
        ]
      }
    },
    {
      "type": "Feature",
      "properties": {
        "id": "huerta-de-santa-teresa",
        "name": "Huerta de Santa Teresa",
        "cityId": "sevilla"
      },
      "geometry": {
        "type": "Polygon",
        "coordinates": [
          [
            [-5.97092, 37.393172],
            [-5.970253, 37.392632],
            [-5.970113, 37.392519],
            [-5.969221, 37.391798],
            [-5.968786, 37.391442],
            [-5.968323, 37.391092],
            [-5.968083, 37.390911],
            [-5.967801, 37.390698],
            [-5.967641, 37.390577],
            [-5.967151, 37.390207],
            [-5.96688, 37.390004],
            [-5.966826, 37.389958],
            [-5.966783, 37.389911],
            [-5.966236, 37.389123],
            [-5.965926, 37.388694],
            [-5.965631, 37.388301],
            [-5.965162, 37.387651],
            [-5.965097, 37.387539],
            [-5.965311, 37.387541],
            [-5.96543, 37.387542],
            [-5.96552, 37.387543],
            [-5.96559, 37.387544],
            [-5.965647, 37.387545],
            [-5.965758, 37.387546],
            [-5.965838, 37.387547],
            [-5.965927, 37.387546],
            [-5.966005, 37.387544],
            [-5.966069, 37.387539],
            [-5.966142, 37.387536],
            [-5.966222, 37.387531],
            [-5.966343, 37.387525],
            [-5.966468, 37.387518],
            [-5.96668, 37.38751],
            [-5.966903, 37.387515],
            [-5.967185, 37.387525],
            [-5.967306, 37.387528],
            [-5.967414, 37.387531],
            [-5.967638, 37.387539],
            [-5.967776, 37.387537],
            [-5.967832, 37.387535],
            [-5.968064, 37.387527],
            [-5.968227, 37.387519],
            [-5.968547, 37.387502],
            [-5.968715, 37.387494],
            [-5.969014, 37.38748],
            [-5.969087, 37.387476],
            [-5.969222, 37.387469],
            [-5.969513, 37.387454],
            [-5.969787, 37.387441],
            [-5.970058, 37.387427],
            [-5.970229, 37.387418],
            [-5.970376, 37.387411],
            [-5.970566, 37.387402],
            [-5.970745, 37.387393],
            [-5.970886, 37.387386],
            [-5.971168, 37.387373],
            [-5.971409, 37.38736],
            [-5.971492, 37.387356],
            [-5.971785, 37.387333],
            [-5.971934, 37.387325],
            [-5.972057, 37.387318],
            [-5.972275, 37.387305],
            [-5.972345, 37.387305],
            [-5.972391, 37.387306],
            [-5.972437, 37.387308],
            [-5.972546, 37.387817],
            [-5.97259, 37.387981],
            [-5.972618, 37.388084],
            [-5.972812, 37.388281],
            [-5.973651, 37.388949],
            [-5.973934, 37.389175],
            [-5.974674, 37.389764],
            [-5.974933, 37.38997],
            [-5.975381, 37.390123],
            [-5.9783, 37.391762],
            [-5.977869, 37.391766],
            [-5.977372, 37.391875],
            [-5.977215, 37.391917],
            [-5.977228, 37.391979],
            [-5.97722, 37.392022],
            [-5.977197, 37.392054],
            [-5.977107, 37.392135],
            [-5.977001, 37.392219],
            [-5.976704, 37.392458],
            [-5.976461, 37.392646],
            [-5.975851, 37.393137],
            [-5.975748, 37.39322],
            [-5.975649, 37.393295],
            [-5.97551, 37.393402],
            [-5.974891, 37.393897],
            [-5.974324, 37.394349],
            [-5.973913, 37.394673],
            [-5.973803, 37.39476],
            [-5.973642, 37.394882],
            [-5.973343, 37.395099],
            [-5.973129, 37.394926],
            [-5.972314, 37.394273],
            [-5.971891, 37.393936],
            [-5.971094, 37.393302],
            [-5.97092, 37.393172]
          ]
        ]
      }
    },
    {
      "type": "Feature",
      "properties": {
        "id": "huerta-del-pilar",
        "name": "Huerta del Pilar",
        "cityId": "sevilla"
      },
      "geometry": {
        "type": "Polygon",
        "coordinates": [
          [
            [-5.973694, 37.387249],
            [-5.973732, 37.387083],
            [-5.97385, 37.386613],
            [-5.973986, 37.386111],
            [-5.974043, 37.385869],
            [-5.974134, 37.385481],
            [-5.974228, 37.385081],
            [-5.974505, 37.383965],
            [-5.974561, 37.383731],
            [-5.974712, 37.383133],
            [-5.975329, 37.383254],
            [-5.975862, 37.383358],
            [-5.976909, 37.383555],
            [-5.977204, 37.383612],
            [-5.977616, 37.383691],
            [-5.978082, 37.383771],
            [-5.978617, 37.383878],
            [-5.979392, 37.384028],
            [-5.979393, 37.384028],
            [-5.979982, 37.384141],
            [-5.980336, 37.384227],
            [-5.980457, 37.384236],
            [-5.98157, 37.384331],
            [-5.98145, 37.385211],
            [-5.981291, 37.38637],
            [-5.981234, 37.38679],
            [-5.981207, 37.386926],
            [-5.9812, 37.386977],
            [-5.981105, 37.387669],
            [-5.981103, 37.387778],
            [-5.98046, 37.387686],
            [-5.980067, 37.38764],
            [-5.979945, 37.387625],
            [-5.979742, 37.387588],
            [-5.97964, 37.387569],
            [-5.979581, 37.387554],
            [-5.979422, 37.387513],
            [-5.979138, 37.387431],
            [-5.978532, 37.387258],
            [-5.978364, 37.387217],
            [-5.978088, 37.387182],
            [-5.977766, 37.387147],
            [-5.977604, 37.387134],
            [-5.977387, 37.387121],
            [-5.977186, 37.387116],
            [-5.976914, 37.387115],
            [-5.976869, 37.387117],
            [-5.976724, 37.387122],
            [-5.976475, 37.387131],
            [-5.976468, 37.387131],
            [-5.976322, 37.387136],
            [-5.97624, 37.38714],
            [-5.976001, 37.387148],
            [-5.975818, 37.387154],
            [-5.975549, 37.387164],
            [-5.975349, 37.38717],
            [-5.975193, 37.387176],
            [-5.975066, 37.387182],
            [-5.9749, 37.387189],
            [-5.974829, 37.387192],
            [-5.974725, 37.387197],
            [-5.974414, 37.387213],
            [-5.974291, 37.387219],
            [-5.973814, 37.387243],
            [-5.973694, 37.387249]
          ]
        ]
      }
    },
    {
      "type": "Feature",
      "properties": {
        "id": "isla-de-garza",
        "name": "Isla de Garza",
        "cityId": "sevilla"
      },
      "geometry": {
        "type": "Polygon",
        "coordinates": [
          [
            [-6.031503, 37.30091],
            [-6.032761, 37.300452],
            [-6.03342, 37.301597],
            [-6.031526, 37.309765],
            [-6.030512, 37.310067],
            [-6.028842, 37.310701],
            [-6.027459, 37.311979],
            [-6.02655, 37.312748],
            [-6.026157, 37.313071],
            [-6.024906, 37.313798],
            [-6.024182, 37.314276],
            [-6.023089, 37.315376],
            [-6.021812, 37.316248],
            [-6.019775, 37.31667],
            [-6.018766, 37.316817],
            [-6.017914, 37.317075],
            [-6.017541, 37.316797],
            [-6.01719, 37.316433],
            [-6.016824, 37.316062],
            [-6.01637, 37.315623],
            [-6.016083, 37.315434],
            [-6.015932, 37.315305],
            [-6.015121, 37.314402],
            [-6.017677, 37.312726],
            [-6.019776, 37.310912],
            [-6.021836, 37.308965],
            [-6.023769, 37.307182],
            [-6.025313, 37.305703],
            [-6.026895, 37.304329],
            [-6.028444, 37.302982],
            [-6.030002, 37.301849],
            [-6.031503, 37.30091]
          ]
        ]
      }
    },
    {
      "type": "Feature",
      "properties": {
        "id": "juan-xxiii",
        "name": "Juan Xxiii",
        "cityId": "sevilla"
      },
      "geometry": {
        "type": "Polygon",
        "coordinates": [
          [
            [-5.943597, 37.378309],
            [-5.943614, 37.378257],
            [-5.943813, 37.377738],
            [-5.943965, 37.377297],
            [-5.943978, 37.377258],
            [-5.943981, 37.377248],
            [-5.943985, 37.377237],
            [-5.943989, 37.377227],
            [-5.943992, 37.377217],
            [-5.943996, 37.377207],
            [-5.944, 37.377197],
            [-5.944004, 37.377187],
            [-5.944007, 37.377177],
            [-5.944011, 37.377166],
            [-5.944014, 37.377156],
            [-5.944018, 37.377144],
            [-5.944022, 37.377133],
            [-5.944026, 37.377121],
            [-5.944029, 37.377109],
            [-5.944033, 37.377097],
            [-5.944036, 37.377085],
            [-5.94404, 37.377073],
            [-5.944043, 37.377061],
            [-5.944047, 37.377049],
            [-5.94405, 37.377037],
            [-5.944054, 37.377024],
            [-5.944058, 37.377011],
            [-5.944062, 37.376997],
            [-5.944066, 37.376983],
            [-5.94407, 37.37697],
            [-5.944074, 37.376956],
            [-5.944078, 37.376943],
            [-5.944082, 37.376929],
            [-5.944086, 37.376916],
            [-5.94409, 37.376903],
            [-5.944094, 37.376889],
            [-5.944099, 37.376875],
            [-5.944103, 37.376861],
            [-5.944108, 37.376848],
            [-5.944112, 37.376834],
            [-5.944121, 37.376807],
            [-5.94413, 37.376779],
            [-5.944133, 37.376766],
            [-5.944138, 37.376749],
            [-5.944142, 37.376733],
            [-5.944146, 37.376717],
            [-5.94415, 37.376701],
            [-5.944153, 37.376685],
            [-5.944157, 37.376668],
            [-5.944161, 37.376652],
            [-5.944164, 37.376636],
            [-5.944168, 37.37662],
            [-5.944172, 37.376603],
            [-5.944175, 37.376589],
            [-5.944178, 37.376575],
            [-5.944181, 37.376561],
            [-5.944184, 37.376547],
            [-5.944188, 37.376532],
            [-5.944191, 37.376518],
            [-5.944194, 37.376504],
            [-5.944197, 37.37649],
            [-5.9442, 37.376476],
            [-5.944203, 37.376461],
            [-5.944207, 37.376444],
            [-5.944211, 37.376426],
            [-5.944214, 37.376409],
            [-5.944218, 37.376391],
            [-5.944222, 37.376374],
            [-5.944225, 37.376357],
            [-5.944229, 37.376339],
            [-5.944233, 37.376322],
            [-5.944236, 37.376304],
            [-5.94424, 37.376287],
            [-5.944241, 37.376276],
            [-5.944243, 37.376266],
            [-5.944244, 37.376256],
            [-5.944246, 37.376245],
            [-5.944247, 37.376235],
            [-5.944249, 37.376225],
            [-5.94425, 37.376215],
            [-5.944253, 37.376194],
            [-5.944255, 37.376184],
            [-5.944256, 37.376174],
            [-5.944258, 37.376164],
            [-5.944259, 37.376155],
            [-5.944263, 37.376135],
            [-5.944264, 37.376126],
            [-5.944266, 37.376116],
            [-5.944267, 37.376106],
            [-5.944268, 37.376097],
            [-5.94427, 37.376087],
            [-5.944274, 37.376052],
            [-5.944292, 37.375963],
            [-5.944509, 37.375855],
            [-5.944709, 37.375745],
            [-5.944899, 37.375647],
            [-5.945071, 37.375542],
            [-5.945263, 37.375399],
            [-5.945651, 37.37511],
            [-5.946131, 37.374742],
            [-5.946646, 37.374336],
            [-5.946821, 37.374469],
            [-5.946978, 37.374651],
            [-5.947144, 37.374818],
            [-5.947283, 37.374963],
            [-5.947337, 37.375033],
            [-5.947454, 37.37513],
            [-5.947598, 37.375255],
            [-5.948808, 37.374594],
            [-5.949561, 37.374177],
            [-5.950814, 37.373488],
            [-5.950882, 37.373453],
            [-5.950915, 37.373436],
            [-5.950949, 37.373419],
            [-5.950982, 37.373402],
            [-5.951016, 37.373385],
            [-5.95105, 37.373368],
            [-5.951083, 37.373351],
            [-5.951151, 37.373317],
            [-5.95118, 37.373304],
            [-5.951209, 37.373291],
            [-5.951238, 37.373279],
            [-5.951268, 37.373266],
            [-5.951297, 37.373253],
            [-5.951326, 37.37324],
            [-5.951355, 37.373227],
            [-5.951384, 37.373214],
            [-5.951414, 37.373202],
            [-5.951443, 37.373189],
            [-5.951473, 37.373178],
            [-5.951504, 37.373167],
            [-5.951534, 37.373157],
            [-5.951564, 37.373146],
            [-5.951595, 37.373135],
            [-5.951625, 37.373124],
            [-5.951656, 37.373114],
            [-5.951686, 37.373103],
            [-5.951716, 37.373092],
            [-5.951747, 37.373082],
            [-5.951794, 37.373069],
            [-5.951841, 37.373057],
            [-5.951888, 37.373045],
            [-5.951935, 37.373033],
            [-5.951982, 37.373021],
            [-5.952029, 37.373008],
            [-5.952076, 37.372996],
            [-5.952123, 37.372984],
            [-5.95217, 37.372972],
            [-5.952217, 37.37296],
            [-5.952553, 37.372891],
            [-5.95272, 37.373175],
            [-5.953096, 37.373801],
            [-5.95312, 37.373848],
            [-5.95314, 37.373896],
            [-5.953156, 37.373946],
            [-5.953165, 37.373983],
            [-5.953169, 37.374001],
            [-5.953173, 37.374019],
            [-5.953177, 37.374038],
            [-5.953181, 37.374056],
            [-5.953185, 37.374074],
            [-5.95319, 37.374092],
            [-5.953194, 37.37411],
            [-5.953194, 37.374126],
            [-5.953195, 37.374141],
            [-5.953196, 37.374157],
            [-5.953197, 37.374172],
            [-5.953198, 37.374188],
            [-5.953198, 37.374203],
            [-5.953199, 37.374219],
            [-5.953199, 37.374234],
            [-5.953199, 37.374249],
            [-5.953199, 37.374265],
            [-5.953197, 37.374284],
            [-5.953196, 37.374303],
            [-5.953194, 37.374322],
            [-5.953193, 37.374341],
            [-5.953189, 37.374378],
            [-5.953188, 37.374397],
            [-5.953186, 37.374416],
            [-5.953184, 37.374435],
            [-5.953183, 37.374454],
            [-5.953178, 37.374469],
            [-5.953174, 37.374483],
            [-5.953169, 37.374498],
            [-5.953165, 37.374512],
            [-5.95316, 37.374526],
            [-5.953156, 37.374541],
            [-5.953151, 37.374555],
            [-5.953148, 37.37457],
            [-5.953144, 37.374584],
            [-5.953142, 37.374599],
            [-5.953137, 37.374625],
            [-5.952999, 37.374985],
            [-5.952782, 37.375547],
            [-5.952458, 37.376396],
            [-5.952228, 37.376982],
            [-5.952184, 37.377092],
            [-5.952103, 37.377317],
            [-5.952031, 37.377498],
            [-5.951892, 37.377852],
            [-5.951798, 37.37809],
            [-5.951647, 37.378167],
            [-5.951434, 37.378271],
            [-5.948961, 37.378482],
            [-5.947845, 37.378574],
            [-5.947292, 37.378626],
            [-5.94677, 37.378651],
            [-5.946298, 37.378704],
            [-5.945799, 37.378736],
            [-5.945307, 37.378697],
            [-5.944803, 37.378613],
            [-5.944234, 37.378485],
            [-5.943888, 37.378399],
            [-5.943597, 37.378309]
          ]
        ]
      }
    },
    {
      "type": "Feature",
      "properties": {
        "id": "la-bachillera",
        "name": "La Bachillera",
        "cityId": "sevilla"
      },
      "geometry": {
        "type": "Polygon",
        "coordinates": [
          [
            [-5.954878, 37.452207],
            [-5.955898, 37.449437],
            [-5.956869, 37.447324],
            [-5.958445, 37.444698],
            [-5.959134, 37.444007],
            [-5.959703, 37.443488],
            [-5.960441, 37.442964],
            [-5.961257, 37.442304],
            [-5.962538, 37.440588],
            [-5.964278, 37.437716],
            [-5.965618, 37.435457],
            [-5.966016, 37.434857],
            [-5.966472, 37.434124],
            [-5.966988, 37.433019],
            [-5.967117, 37.432747],
            [-5.967136, 37.432708],
            [-5.967154, 37.432669],
            [-5.967173, 37.43263],
            [-5.967192, 37.432591],
            [-5.96721, 37.432552],
            [-5.967229, 37.432514],
            [-5.967248, 37.432475],
            [-5.967266, 37.432436],
            [-5.967285, 37.432397],
            [-5.967304, 37.432358],
            [-5.967319, 37.432331],
            [-5.967335, 37.432304],
            [-5.967351, 37.432277],
            [-5.967366, 37.43225],
            [-5.967382, 37.432223],
            [-5.967398, 37.432196],
            [-5.967413, 37.432169],
            [-5.967429, 37.432142],
            [-5.967444, 37.432115],
            [-5.96746, 37.432087],
            [-5.967724, 37.431722],
            [-5.968498, 37.430746],
            [-5.968987, 37.43013],
            [-5.969688, 37.429243],
            [-5.970287, 37.428486],
            [-5.971, 37.427582],
            [-5.971721, 37.426666],
            [-5.972126, 37.42615],
            [-5.973364, 37.424575],
            [-5.97385, 37.42397],
            [-5.974303, 37.423393],
            [-5.974465, 37.42319],
            [-5.974589, 37.423047],
            [-5.974728, 37.422907],
            [-5.976442, 37.420704],
            [-5.976784, 37.420435],
            [-5.976925, 37.420919],
            [-5.97696, 37.421006],
            [-5.977141, 37.420925],
            [-5.977161, 37.420912],
            [-5.977181, 37.4209],
            [-5.977202, 37.420888],
            [-5.977222, 37.420876],
            [-5.977242, 37.420864],
            [-5.977263, 37.420851],
            [-5.977283, 37.420839],
            [-5.977303, 37.420827],
            [-5.977324, 37.420814],
            [-5.977342, 37.4208],
            [-5.97736, 37.420786],
            [-5.977377, 37.420771],
            [-5.977395, 37.420757],
            [-5.977413, 37.420742],
            [-5.977431, 37.420728],
            [-5.977449, 37.420713],
            [-5.977467, 37.420699],
            [-5.977485, 37.420685],
            [-5.977503, 37.42067],
            [-5.977518, 37.420655],
            [-5.977532, 37.420641],
            [-5.977547, 37.420625],
            [-5.977561, 37.420611],
            [-5.977576, 37.420596],
            [-5.977605, 37.420566],
            [-5.97762, 37.420551],
            [-5.977649, 37.420521],
            [-5.977663, 37.420504],
            [-5.977677, 37.420487],
            [-5.977691, 37.42047],
            [-5.977706, 37.420453],
            [-5.97772, 37.420435],
            [-5.977734, 37.420418],
            [-5.977748, 37.420401],
            [-5.977762, 37.420384],
            [-5.977776, 37.420367],
            [-5.97779, 37.420349],
            [-5.978146, 37.419844],
            [-5.978627, 37.419143],
            [-5.97926, 37.418262],
            [-5.979449, 37.417973],
            [-5.979796, 37.417474],
            [-5.979829, 37.41742],
            [-5.979812, 37.41721],
            [-5.979664, 37.416617],
            [-5.980133, 37.416061],
            [-5.980556, 37.415524],
            [-5.980649, 37.415355],
            [-5.981392, 37.415304],
            [-5.982674, 37.415212],
            [-5.98325, 37.415278],
            [-5.98336, 37.414562],
            [-5.983487, 37.413436],
            [-5.983488, 37.413432],
            [-5.983843, 37.413441],
            [-5.984339, 37.41343],
            [-5.985302, 37.413406],
            [-5.985522, 37.413398],
            [-5.985794, 37.413388],
            [-5.986293, 37.413372],
            [-5.988406, 37.41333],
            [-5.988399, 37.41346],
            [-5.988264, 37.413706],
            [-5.988228, 37.413769],
            [-5.988197, 37.413835],
            [-5.988175, 37.413882],
            [-5.98814, 37.413983],
            [-5.987549, 37.414657],
            [-5.987097, 37.41534],
            [-5.986505, 37.416226],
            [-5.986473, 37.416274],
            [-5.986436, 37.416331],
            [-5.986381, 37.416412],
            [-5.986322, 37.4165],
            [-5.986281, 37.416563],
            [-5.986216, 37.416654],
            [-5.986163, 37.416733],
            [-5.986078, 37.416863],
            [-5.985993, 37.416991],
            [-5.985902, 37.417129],
            [-5.985521, 37.417699],
            [-5.984957, 37.418548],
            [-5.984866, 37.418681],
            [-5.984453, 37.419304],
            [-5.984105, 37.419827],
            [-5.983199, 37.421188],
            [-5.983244, 37.421229],
            [-5.983143, 37.421367],
            [-5.982852, 37.421809],
            [-5.982737, 37.42193],
            [-5.982682, 37.422216],
            [-5.982595, 37.422864],
            [-5.982507, 37.423478],
            [-5.98249, 37.423627],
            [-5.9824, 37.424299],
            [-5.982348, 37.42455],
            [-5.98227, 37.42485],
            [-5.982174, 37.425234],
            [-5.982128, 37.425388],
            [-5.981979, 37.425902],
            [-5.981975, 37.425915],
            [-5.981715, 37.426736],
            [-5.981456, 37.42754],
            [-5.981097, 37.428643],
            [-5.980764, 37.429723],
            [-5.980529, 37.430443],
            [-5.980515, 37.430495],
            [-5.980466, 37.430643],
            [-5.980244, 37.431332],
            [-5.980202, 37.431466],
            [-5.980079, 37.431851],
            [-5.979979, 37.432334],
            [-5.979858, 37.432803],
            [-5.979734, 37.433535],
            [-5.979664, 37.433967],
            [-5.980028, 37.433832],
            [-5.980345, 37.433703],
            [-5.980622, 37.433577],
            [-5.980947, 37.433412],
            [-5.981247, 37.433248],
            [-5.98153, 37.433061],
            [-5.981811, 37.432876],
            [-5.982066, 37.432706],
            [-5.982329, 37.432543],
            [-5.982565, 37.432252],
            [-5.982851, 37.431877],
            [-5.983341, 37.431236],
            [-5.983986, 37.430421],
            [-5.984035, 37.430355],
            [-5.98485, 37.429297],
            [-5.984954, 37.429163],
            [-5.985637, 37.428291],
            [-5.986145, 37.42763],
            [-5.986532, 37.427091],
            [-5.986632, 37.427243],
            [-5.986832, 37.427039],
            [-5.986953, 37.426915],
            [-5.987359, 37.426435],
            [-5.987731, 37.425996],
            [-5.988001, 37.425691],
            [-5.990227, 37.423437],
            [-5.990503, 37.423706],
            [-5.990587, 37.423728],
            [-5.990732, 37.423925],
            [-5.991015, 37.424314],
            [-5.991294, 37.424466],
            [-5.991713, 37.424693],
            [-5.992322, 37.425043],
            [-5.992918, 37.425317],
            [-5.993651, 37.425675],
            [-5.99415, 37.42585],
            [-5.994752, 37.426151],
            [-5.995394, 37.426391],
            [-5.996049, 37.426707],
            [-5.996839, 37.427048],
            [-5.996914, 37.427081],
            [-5.998251, 37.427679],
            [-5.999257, 37.428063],
            [-6.000115, 37.428368],
            [-6.000118, 37.428369],
            [-6.000422, 37.4285],
            [-6.000422, 37.4285],
            [-6.000925, 37.428716],
            [-6.000929, 37.428717],
            [-6.001609, 37.428946],
            [-6.002363, 37.429332],
            [-6.002594, 37.429451],
            [-6.004269, 37.430348],
            [-6.005449, 37.431165],
            [-6.005625, 37.431287],
            [-6.00701, 37.432656],
            [-6.00827, 37.435038],
            [-6.008631, 37.436041],
            [-6.008826, 37.436648],
            [-6.00904, 37.437468],
            [-6.009192, 37.438323],
            [-6.009369, 37.43926],
            [-6.009314, 37.44109],
            [-6.009468, 37.442358],
            [-6.011503, 37.442847],
            [-6.011943, 37.44269],
            [-6.012602, 37.442288],
            [-6.013102, 37.441885],
            [-6.013482, 37.441386],
            [-6.013776, 37.440675],
            [-6.014075, 37.439316],
            [-6.014112, 37.438562],
            [-6.014109, 37.437701],
            [-6.013993, 37.437002],
            [-6.013939, 37.435924],
            [-6.013809, 37.434744],
            [-6.01371, 37.434241],
            [-6.013448, 37.433407],
            [-6.013286, 37.432399],
            [-6.013211, 37.43154],
            [-6.01307, 37.430208],
            [-6.012944, 37.429082],
            [-6.012866, 37.428091],
            [-6.012438, 37.426957],
            [-6.012236, 37.426376],
            [-6.012038, 37.425637],
            [-6.011977, 37.425303],
            [-6.011938, 37.42441],
            [-6.01207, 37.423149],
            [-6.012257, 37.422231],
            [-6.012837, 37.421145],
            [-6.012938, 37.421035],
            [-6.013351, 37.420588],
            [-6.013846, 37.420247],
            [-6.013849, 37.420245],
            [-6.013909, 37.420221],
            [-6.014407, 37.420021],
            [-6.014735, 37.419889],
            [-6.014815, 37.419873],
            [-6.015658, 37.419708],
            [-6.016106, 37.41962],
            [-6.017794, 37.419602],
            [-6.018991, 37.419787],
            [-6.019711, 37.420037],
            [-6.019766, 37.42007],
            [-6.021047, 37.420812],
            [-6.021245, 37.420995],
            [-6.02197, 37.421664],
            [-6.022362, 37.422322],
            [-6.022718, 37.422919],
            [-6.022897, 37.42322],
            [-6.023142, 37.424394],
            [-6.023137, 37.424543],
            [-6.02298, 37.424726],
            [-6.02295, 37.42476],
            [-6.022941, 37.425076],
            [-6.022916, 37.425958],
            [-6.022908, 37.42625],
            [-6.022958, 37.426957],
            [-6.022965, 37.427059],
            [-6.022996, 37.427501],
            [-6.023007, 37.4275],
            [-6.023184, 37.427497],
            [-6.023304, 37.428358],
            [-6.023466, 37.429649],
            [-6.023762, 37.430694],
            [-6.023905, 37.43146],
            [-6.023662, 37.432102],
            [-6.02362, 37.432466],
            [-6.023724, 37.43282],
            [-6.02411, 37.433145],
            [-6.024831, 37.433508],
            [-6.025507, 37.433817],
            [-6.025929, 37.434204],
            [-6.026312, 37.434703],
            [-6.026665, 37.435559],
            [-6.028026, 37.437422],
            [-6.028273, 37.437929],
            [-6.028294, 37.437973],
            [-6.028338, 37.438062],
            [-6.028367, 37.438315],
            [-6.028369, 37.438332],
            [-6.028427, 37.438843],
            [-6.028306, 37.439529],
            [-6.028334, 37.440234],
            [-6.028238, 37.440914],
            [-6.028578, 37.441345],
            [-6.028882, 37.442038],
            [-6.029277, 37.442461],
            [-6.028872, 37.442473],
            [-6.028466, 37.442486],
            [-6.027473, 37.442266],
            [-6.027238, 37.442794],
            [-6.026856, 37.443807],
            [-6.026497, 37.44434],
            [-6.026009, 37.444669],
            [-6.025807, 37.444805],
            [-6.024348, 37.445311],
            [-6.023431, 37.445474],
            [-6.022035, 37.445593],
            [-6.021565, 37.445488],
            [-6.021248, 37.445206],
            [-6.020935, 37.444682],
            [-6.021023, 37.444626],
            [-6.020656, 37.444255],
            [-6.019711, 37.444209],
            [-6.018973, 37.444245],
            [-6.018313, 37.44424],
            [-6.017604, 37.444235],
            [-6.015866, 37.443811],
            [-6.015155, 37.443791],
            [-6.013356, 37.443741],
            [-6.012333, 37.443484],
            [-6.011505, 37.443394],
            [-6.011108, 37.443258],
            [-6.011052, 37.443239],
            [-6.010486, 37.44325],
            [-6.009594, 37.442788],
            [-6.00856, 37.443021],
            [-6.008173, 37.443291],
            [-6.006654, 37.444346],
            [-6.005674, 37.445486],
            [-6.004805, 37.446169],
            [-6.004078, 37.4466],
            [-6.002903, 37.447198],
            [-6.002782, 37.447193],
            [-6.002727, 37.447191],
            [-6.002649, 37.447188],
            [-6.002242, 37.44755],
            [-6.001624, 37.44768],
            [-6.00073, 37.448158],
            [-6.000671, 37.44819],
            [-5.999285, 37.448327],
            [-5.997955, 37.448149],
            [-5.996699, 37.447896],
            [-5.995986, 37.447747],
            [-5.995612, 37.447669],
            [-5.995263, 37.447629],
            [-5.994191, 37.447507],
            [-5.993935, 37.447428],
            [-5.993627, 37.447334],
            [-5.992826, 37.447257],
            [-5.99234, 37.44721],
            [-5.991787, 37.44715],
            [-5.991648, 37.447135],
            [-5.99152, 37.447153],
            [-5.991379, 37.447172],
            [-5.990728, 37.447259],
            [-5.989142, 37.447778],
            [-5.988555, 37.448086],
            [-5.987889, 37.448632],
            [-5.987122, 37.449262],
            [-5.986441, 37.449582],
            [-5.985846, 37.449695],
            [-5.985729, 37.449717],
            [-5.980811, 37.449533],
            [-5.97948, 37.449483],
            [-5.979035, 37.449498],
            [-5.977758, 37.44972],
            [-5.976922, 37.450158],
            [-5.976136, 37.450115],
            [-5.974848, 37.450045],
            [-5.97197, 37.450394],
            [-5.967226, 37.450969],
            [-5.961678, 37.451654],
            [-5.960842, 37.451751],
            [-5.95874, 37.451996],
            [-5.9548, 37.452455],
            [-5.954878, 37.452207]
          ]
        ]
      }
    },
    {
      "type": "Feature",
      "properties": {
        "id": "la-barzola",
        "name": "La Barzola",
        "cityId": "sevilla"
      },
      "geometry": {
        "type": "Polygon",
        "coordinates": [
          [
            [-5.978929, 37.407394],
            [-5.979084, 37.407157],
            [-5.979285, 37.406781],
            [-5.979353, 37.406655],
            [-5.979828, 37.405726],
            [-5.980165, 37.405092],
            [-5.98035, 37.405145],
            [-5.980405, 37.405159],
            [-5.980475, 37.405166],
            [-5.980534, 37.405171],
            [-5.980594, 37.405175],
            [-5.980787, 37.405176],
            [-5.981006, 37.405179],
            [-5.981252, 37.40518],
            [-5.981408, 37.405176],
            [-5.981547, 37.405165],
            [-5.981598, 37.405577],
            [-5.981617, 37.405734],
            [-5.98169, 37.405973],
            [-5.981716, 37.406059],
            [-5.982048, 37.406511],
            [-5.9827, 37.407265],
            [-5.982252, 37.407256],
            [-5.981854, 37.407282],
            [-5.981456, 37.407298],
            [-5.980755, 37.407326],
            [-5.98062, 37.407332],
            [-5.980162, 37.40735],
            [-5.97935, 37.407387],
            [-5.978929, 37.407394]
          ]
        ]
      }
    },
    {
      "type": "Feature",
      "properties": {
        "id": "la-buhaira",
        "name": "La Buhaira",
        "cityId": "sevilla"
      },
      "geometry": {
        "type": "Polygon",
        "coordinates": [
          [
            [-5.975085, 37.377179],
            [-5.975251, 37.377227],
            [-5.97593, 37.377424],
            [-5.976142, 37.377514],
            [-5.977354, 37.378007],
            [-5.977498, 37.378059],
            [-5.977737, 37.378174],
            [-5.978342, 37.378418],
            [-5.978799, 37.378534],
            [-5.979161, 37.378633],
            [-5.979855, 37.378858],
            [-5.979827, 37.379377],
            [-5.97982, 37.37949],
            [-5.9798, 37.379895],
            [-5.980202, 37.379899],
            [-5.980316, 37.379899],
            [-5.980376, 37.3799],
            [-5.980421, 37.379912],
            [-5.981033, 37.380471],
            [-5.981321, 37.380729],
            [-5.981764, 37.381158],
            [-5.982168, 37.381521],
            [-5.982267, 37.381627],
            [-5.982232, 37.381764],
            [-5.982121, 37.381776],
            [-5.981845, 37.381788],
            [-5.981373, 37.38177],
            [-5.981317, 37.382097],
            [-5.981298, 37.382247],
            [-5.981216, 37.382848],
            [-5.981183, 37.383086],
            [-5.981154, 37.383102],
            [-5.981136, 37.383229],
            [-5.98092, 37.383209],
            [-5.980457, 37.384236],
            [-5.980336, 37.384227],
            [-5.979982, 37.384141],
            [-5.979393, 37.384028],
            [-5.979392, 37.384028],
            [-5.978617, 37.383878],
            [-5.978082, 37.383771],
            [-5.977616, 37.383691],
            [-5.977204, 37.383612],
            [-5.976909, 37.383555],
            [-5.975862, 37.383358],
            [-5.975329, 37.383254],
            [-5.974712, 37.383133],
            [-5.974561, 37.383731],
            [-5.974505, 37.383965],
            [-5.974228, 37.385081],
            [-5.974134, 37.385481],
            [-5.974043, 37.385869],
            [-5.973986, 37.386111],
            [-5.97385, 37.386613],
            [-5.973732, 37.387083],
            [-5.973694, 37.387249],
            [-5.973577, 37.387255],
            [-5.973368, 37.387268],
            [-5.973148, 37.387286],
            [-5.9729, 37.387302],
            [-5.972612, 37.387314],
            [-5.972437, 37.387308],
            [-5.972391, 37.387306],
            [-5.972345, 37.387305],
            [-5.972275, 37.387305],
            [-5.972057, 37.387318],
            [-5.971934, 37.387325],
            [-5.971785, 37.387333],
            [-5.971492, 37.387356],
            [-5.971409, 37.38736],
            [-5.971168, 37.387373],
            [-5.970886, 37.387386],
            [-5.970745, 37.387393],
            [-5.970566, 37.387402],
            [-5.970376, 37.387411],
            [-5.970229, 37.387418],
            [-5.970058, 37.387427],
            [-5.969787, 37.387441],
            [-5.969513, 37.387454],
            [-5.969222, 37.387469],
            [-5.969087, 37.387476],
            [-5.969107, 37.387275],
            [-5.96914, 37.387036],
            [-5.969161, 37.386875],
            [-5.969226, 37.386315],
            [-5.969257, 37.386046],
            [-5.969325, 37.385455],
            [-5.969374, 37.385074],
            [-5.969424, 37.384675],
            [-5.968964, 37.384636],
            [-5.968733, 37.384617],
            [-5.968127, 37.384569],
            [-5.967474, 37.384517],
            [-5.966989, 37.384479],
            [-5.966841, 37.384467],
            [-5.966895, 37.383998],
            [-5.967005, 37.383085],
            [-5.967636, 37.383134],
            [-5.968118, 37.383176],
            [-5.968301, 37.38319],
            [-5.969134, 37.383256],
            [-5.969282, 37.382106],
            [-5.969729, 37.382196],
            [-5.969823, 37.381412],
            [-5.969854, 37.381152],
            [-5.969871, 37.380981],
            [-5.969876, 37.380931],
            [-5.969927, 37.380396],
            [-5.969928, 37.380386],
            [-5.969964, 37.380315],
            [-5.969981, 37.380286],
            [-5.970001, 37.380263],
            [-5.970016, 37.380247],
            [-5.970037, 37.380234],
            [-5.970471, 37.379993],
            [-5.971048, 37.379667],
            [-5.971296, 37.379528],
            [-5.971301, 37.379525],
            [-5.971402, 37.379468],
            [-5.97186, 37.379215],
            [-5.97198, 37.379148],
            [-5.972232, 37.379004],
            [-5.972902, 37.378622],
            [-5.973185, 37.378461],
            [-5.973527, 37.378267],
            [-5.974345, 37.377804],
            [-5.974464, 37.377739],
            [-5.974597, 37.377764],
            [-5.974877, 37.377819],
            [-5.975085, 37.377179]
          ]
        ]
      }
    },
    {
      "type": "Feature",
      "properties": {
        "id": "la-calzada",
        "name": "La Calzada",
        "cityId": "sevilla"
      },
      "geometry": {
        "type": "Polygon",
        "coordinates": [
          [
            [-5.972437, 37.387308],
            [-5.972612, 37.387314],
            [-5.9729, 37.387302],
            [-5.973148, 37.387286],
            [-5.973368, 37.387268],
            [-5.973577, 37.387255],
            [-5.973694, 37.387249],
            [-5.973814, 37.387243],
            [-5.974291, 37.387219],
            [-5.974414, 37.387213],
            [-5.974725, 37.387197],
            [-5.974829, 37.387192],
            [-5.9749, 37.387189],
            [-5.975066, 37.387182],
            [-5.975193, 37.387176],
            [-5.975349, 37.38717],
            [-5.975549, 37.387164],
            [-5.975818, 37.387154],
            [-5.976001, 37.387148],
            [-5.97624, 37.38714],
            [-5.976322, 37.387136],
            [-5.976468, 37.387131],
            [-5.976475, 37.387131],
            [-5.976724, 37.387122],
            [-5.976869, 37.387117],
            [-5.976914, 37.387115],
            [-5.977186, 37.387116],
            [-5.977387, 37.387121],
            [-5.977604, 37.387134],
            [-5.977766, 37.387147],
            [-5.978088, 37.387182],
            [-5.978364, 37.387217],
            [-5.978532, 37.387258],
            [-5.979138, 37.387431],
            [-5.979422, 37.387513],
            [-5.979581, 37.387554],
            [-5.97964, 37.387569],
            [-5.979742, 37.387588],
            [-5.979945, 37.387625],
            [-5.980067, 37.38764],
            [-5.98046, 37.387686],
            [-5.981103, 37.387778],
            [-5.981465, 37.387803],
            [-5.981756, 37.387854],
            [-5.981959, 37.38793],
            [-5.982328, 37.388111],
            [-5.982251, 37.388263],
            [-5.98173, 37.388834],
            [-5.981481, 37.389093],
            [-5.981389, 37.389181],
            [-5.980968, 37.389535],
            [-5.979891, 37.390422],
            [-5.979393, 37.39084],
            [-5.979158, 37.391034],
            [-5.979003, 37.391161],
            [-5.97895, 37.391201],
            [-5.978839, 37.391297],
            [-5.978631, 37.391463],
            [-5.978535, 37.391533],
            [-5.978522, 37.391543],
            [-5.978411, 37.39165],
            [-5.9783, 37.391762],
            [-5.975381, 37.390123],
            [-5.974933, 37.38997],
            [-5.974674, 37.389764],
            [-5.973934, 37.389175],
            [-5.973651, 37.388949],
            [-5.972812, 37.388281],
            [-5.972618, 37.388084],
            [-5.97259, 37.387981],
            [-5.972546, 37.387817],
            [-5.972437, 37.387308]
          ]
        ]
      }
    },
    {
      "type": "Feature",
      "properties": {
        "id": "la-corza",
        "name": "La Corza",
        "cityId": "sevilla"
      },
      "geometry": {
        "type": "Polygon",
        "coordinates": [
          [
            [-5.964732, 37.402986],
            [-5.96489, 37.402841],
            [-5.965299, 37.402572],
            [-5.965352, 37.402536],
            [-5.965844, 37.402219],
            [-5.966963, 37.401499],
            [-5.968761, 37.400501],
            [-5.969384, 37.400155],
            [-5.969437, 37.400293],
            [-5.96946, 37.400451],
            [-5.96945, 37.400829],
            [-5.969447, 37.400844],
            [-5.969353, 37.401379],
            [-5.96924, 37.402102],
            [-5.96922, 37.402239],
            [-5.969176, 37.402505],
            [-5.969098, 37.402984],
            [-5.967897, 37.403077],
            [-5.967152, 37.403121],
            [-5.96656, 37.403156],
            [-5.965061, 37.403029],
            [-5.964732, 37.402986]
          ]
        ]
      }
    },
    {
      "type": "Feature",
      "properties": {
        "id": "la-florida",
        "name": "La Florida",
        "cityId": "sevilla"
      },
      "geometry": {
        "type": "Polygon",
        "coordinates": [
          [
            [-5.982328, 37.388111],
            [-5.981959, 37.38793],
            [-5.981756, 37.387854],
            [-5.981465, 37.387803],
            [-5.981103, 37.387778],
            [-5.981105, 37.387669],
            [-5.9812, 37.386977],
            [-5.981207, 37.386926],
            [-5.981234, 37.38679],
            [-5.981291, 37.38637],
            [-5.98145, 37.385211],
            [-5.98157, 37.384331],
            [-5.982082, 37.384387],
            [-5.982577, 37.384478],
            [-5.983073, 37.384569],
            [-5.983408, 37.38463],
            [-5.983681, 37.384683],
            [-5.983976, 37.384749],
            [-5.984277, 37.384867],
            [-5.98448, 37.384956],
            [-5.984829, 37.38511],
            [-5.98484, 37.385115],
            [-5.985351, 37.385337],
            [-5.9861, 37.385645],
            [-5.985927, 37.38597],
            [-5.985883, 37.38605],
            [-5.985769, 37.386257],
            [-5.985671, 37.386433],
            [-5.985574, 37.386612],
            [-5.985421, 37.386897],
            [-5.985345, 37.387071],
            [-5.985095, 37.387638],
            [-5.985076, 37.387708],
            [-5.985023, 37.387886],
            [-5.984981, 37.388014],
            [-5.984745, 37.388513],
            [-5.984477, 37.38919],
            [-5.984229, 37.389084],
            [-5.98359, 37.388846],
            [-5.983491, 37.388771],
            [-5.983409, 37.388709],
            [-5.98334, 37.388674],
            [-5.982902, 37.388441],
            [-5.982841, 37.3884],
            [-5.982802, 37.388379],
            [-5.98278, 37.388404],
            [-5.982433, 37.388227],
            [-5.982465, 37.388187],
            [-5.982328, 37.388111]
          ]
        ]
      }
    },
    {
      "type": "Feature",
      "properties": {
        "id": "la-oliva",
        "name": "La Oliva",
        "cityId": "sevilla"
      },
      "geometry": {
        "type": "Polygon",
        "coordinates": [
          [
            [-5.967261, 37.36578],
            [-5.967442, 37.365559],
            [-5.967576, 37.365399],
            [-5.967621, 37.365345],
            [-5.967665, 37.365291],
            [-5.967848, 37.365066],
            [-5.967854, 37.365059],
            [-5.96812, 37.364721],
            [-5.968326, 37.364458],
            [-5.96845, 37.364302],
            [-5.968539, 37.364188],
            [-5.968582, 37.36414],
            [-5.96874, 37.363961],
            [-5.968928, 37.363726],
            [-5.969033, 37.363598],
            [-5.969134, 37.363435],
            [-5.969173, 37.363338],
            [-5.969234, 37.363146],
            [-5.969234, 37.363141],
            [-5.969267, 37.36298],
            [-5.969308, 37.362847],
            [-5.969372, 37.362725],
            [-5.969421, 37.362658],
            [-5.969434, 37.362649],
            [-5.96949, 37.36261],
            [-5.969599, 37.362562],
            [-5.969722, 37.362535],
            [-5.969892, 37.362506],
            [-5.970028, 37.362483],
            [-5.970263, 37.362448],
            [-5.970622, 37.362364],
            [-5.970815, 37.362353],
            [-5.971036, 37.362358],
            [-5.971238, 37.362371],
            [-5.971512, 37.362397],
            [-5.9718, 37.362446],
            [-5.971978, 37.362494],
            [-5.972009, 37.362508],
            [-5.97231, 37.362637],
            [-5.972526, 37.362753],
            [-5.972682, 37.362858],
            [-5.97287, 37.362993],
            [-5.972972, 37.363146],
            [-5.973029, 37.363233],
            [-5.973077, 37.363294],
            [-5.973132, 37.363368],
            [-5.973185, 37.363463],
            [-5.973227, 37.363546],
            [-5.973251, 37.363618],
            [-5.973278, 37.363695],
            [-5.973303, 37.36379],
            [-5.973315, 37.363858],
            [-5.973329, 37.363988],
            [-5.973327, 37.364062],
            [-5.972258, 37.365383],
            [-5.972106, 37.365553],
            [-5.971869, 37.365836],
            [-5.971588, 37.366179],
            [-5.971315, 37.366513],
            [-5.971225, 37.36663],
            [-5.971061, 37.366826],
            [-5.970961, 37.366967],
            [-5.970575, 37.367426],
            [-5.970408, 37.367631],
            [-5.969893, 37.368272],
            [-5.969812, 37.368371],
            [-5.969698, 37.368506],
            [-5.969348, 37.368933],
            [-5.969229, 37.369088],
            [-5.9692, 37.369119],
            [-5.969036, 37.369277],
            [-5.967156, 37.367714],
            [-5.96629, 37.366994],
            [-5.967261, 37.36578]
          ]
        ]
      }
    },
    {
      "type": "Feature",
      "properties": {
        "id": "la-palmilla-doctor-maranon",
        "name": "La Palmilla-doctor Marañon",
        "cityId": "sevilla"
      },
      "geometry": {
        "type": "Polygon",
        "coordinates": [
          [
            [-5.985066, 37.408489],
            [-5.985114, 37.408354],
            [-5.985171, 37.408206],
            [-5.985207, 37.408106],
            [-5.985222, 37.408069],
            [-5.98523, 37.408043],
            [-5.985252, 37.407981],
            [-5.985452, 37.407436],
            [-5.985459, 37.407418],
            [-5.985623, 37.407439],
            [-5.985951, 37.407485],
            [-5.986624, 37.407577],
            [-5.987624, 37.407717],
            [-5.987811, 37.407743],
            [-5.988006, 37.407796],
            [-5.988128, 37.407862],
            [-5.988189, 37.407898],
            [-5.988232, 37.407932],
            [-5.988381, 37.408076],
            [-5.988125, 37.408374],
            [-5.988056, 37.408455],
            [-5.987742, 37.408823],
            [-5.987445, 37.409195],
            [-5.987396, 37.409262],
            [-5.987233, 37.409198],
            [-5.98704, 37.409149],
            [-5.986781, 37.409084],
            [-5.98648, 37.409042],
            [-5.98609, 37.409017],
            [-5.986156, 37.40883],
            [-5.986182, 37.408735],
            [-5.985066, 37.408489]
          ]
        ]
      }
    },
    {
      "type": "Feature",
      "properties": {
        "id": "la-paz-las-golondrinas",
        "name": "La Paz-las Golondrinas",
        "cityId": "sevilla"
      },
      "geometry": {
        "type": "Polygon",
        "coordinates": [
          [
            [-5.988406, 37.41333],
            [-5.986293, 37.413372],
            [-5.985794, 37.413388],
            [-5.985522, 37.413398],
            [-5.985302, 37.413406],
            [-5.984339, 37.41343],
            [-5.983843, 37.413441],
            [-5.983867, 37.413423],
            [-5.984057, 37.413286],
            [-5.984176, 37.413201],
            [-5.984179, 37.413199],
            [-5.984256, 37.413131],
            [-5.984308, 37.413084],
            [-5.984734, 37.412703],
            [-5.985038, 37.412433],
            [-5.985157, 37.412325],
            [-5.985345, 37.412154],
            [-5.985564, 37.411925],
            [-5.985919, 37.411546],
            [-5.985975, 37.411474],
            [-5.986102, 37.411309],
            [-5.986201, 37.411143],
            [-5.986344, 37.410903],
            [-5.986403, 37.410805],
            [-5.986701, 37.410341],
            [-5.986884, 37.410042],
            [-5.986916, 37.40999],
            [-5.98695, 37.409935],
            [-5.987223, 37.409501],
            [-5.987243, 37.40947],
            [-5.987396, 37.409262],
            [-5.987445, 37.409195],
            [-5.987742, 37.408823],
            [-5.988056, 37.408455],
            [-5.988075, 37.408686],
            [-5.988146, 37.409976],
            [-5.988168, 37.410366],
            [-5.988194, 37.410413],
            [-5.989478, 37.410967],
            [-5.991256, 37.411858],
            [-5.990729, 37.412849],
            [-5.990701, 37.4129],
            [-5.990489, 37.413344],
            [-5.989685, 37.413333],
            [-5.98901, 37.413318],
            [-5.988406, 37.41333]
          ]
        ]
      }
    },
    {
      "type": "Feature",
      "properties": {
        "id": "la-plata",
        "name": "La Plata",
        "cityId": "sevilla"
      },
      "geometry": {
        "type": "Polygon",
        "coordinates": [
          [
            [-5.946646, 37.374336],
            [-5.946175, 37.373715],
            [-5.945669, 37.372932],
            [-5.94516, 37.37224],
            [-5.944869, 37.371845],
            [-5.944735, 37.371845],
            [-5.944397, 37.371836],
            [-5.944238, 37.371845],
            [-5.943917, 37.371856],
            [-5.943604, 37.371548],
            [-5.943917, 37.370045],
            [-5.944117, 37.369166],
            [-5.944146, 37.368391],
            [-5.944193, 37.368172],
            [-5.944416, 37.367724],
            [-5.944159, 37.367444],
            [-5.944124, 37.367405],
            [-5.944286, 37.367397],
            [-5.945068, 37.367359],
            [-5.946042, 37.366953],
            [-5.94611, 37.366943],
            [-5.946593, 37.366867],
            [-5.947264, 37.366762],
            [-5.947281, 37.366751],
            [-5.947299, 37.366739],
            [-5.947317, 37.366728],
            [-5.947335, 37.366716],
            [-5.947354, 37.366705],
            [-5.947372, 37.366693],
            [-5.94739, 37.366682],
            [-5.947408, 37.36667],
            [-5.94743, 37.366658],
            [-5.947452, 37.366645],
            [-5.947474, 37.366632],
            [-5.947496, 37.36662],
            [-5.947518, 37.366607],
            [-5.94754, 37.366595],
            [-5.947562, 37.366582],
            [-5.947584, 37.36657],
            [-5.947605, 37.366557],
            [-5.947627, 37.366545],
            [-5.947648, 37.366536],
            [-5.947669, 37.366527],
            [-5.947689, 37.366518],
            [-5.94771, 37.366509],
            [-5.94773, 37.3665],
            [-5.947751, 37.366491],
            [-5.947793, 37.366474],
            [-5.947813, 37.366465],
            [-5.947834, 37.366456],
            [-5.948035, 37.366398],
            [-5.948082, 37.366352],
            [-5.948099, 37.366335],
            [-5.948108, 37.366327],
            [-5.948118, 37.366318],
            [-5.948127, 37.36631],
            [-5.948137, 37.366302],
            [-5.948147, 37.366294],
            [-5.948157, 37.366287],
            [-5.948167, 37.36628],
            [-5.948178, 37.366272],
            [-5.948189, 37.366265],
            [-5.948201, 37.366258],
            [-5.948212, 37.36625],
            [-5.948224, 37.366244],
            [-5.948236, 37.366237],
            [-5.948248, 37.36623],
            [-5.94826, 37.366224],
            [-5.948273, 37.366218],
            [-5.948286, 37.366213],
            [-5.948299, 37.366208],
            [-5.948477, 37.366139],
            [-5.948528, 37.366119],
            [-5.948768, 37.366026],
            [-5.948927, 37.365947],
            [-5.949033, 37.365911],
            [-5.949131, 37.365895],
            [-5.949205, 37.365898],
            [-5.949367, 37.365912],
            [-5.949525, 37.365945],
            [-5.949705, 37.365982],
            [-5.94986, 37.365984],
            [-5.950008, 37.365965],
            [-5.950146, 37.365954],
            [-5.950301, 37.365987],
            [-5.950512, 37.366053],
            [-5.951218, 37.366318],
            [-5.951999, 37.366629],
            [-5.952392, 37.3668],
            [-5.95272, 37.366942],
            [-5.95368, 37.367357],
            [-5.954086, 37.367491],
            [-5.95368, 37.368044],
            [-5.953642, 37.368099],
            [-5.953261, 37.3686],
            [-5.953134, 37.36876],
            [-5.952862, 37.369104],
            [-5.952541, 37.369517],
            [-5.952249, 37.369908],
            [-5.952089, 37.370097],
            [-5.95197, 37.370234],
            [-5.951375, 37.370708],
            [-5.951261, 37.37079],
            [-5.951507, 37.371171],
            [-5.951672, 37.371431],
            [-5.951752, 37.371557],
            [-5.951922, 37.371843],
            [-5.951959, 37.371906],
            [-5.952275, 37.372454],
            [-5.952362, 37.372565],
            [-5.952553, 37.372891],
            [-5.952217, 37.37296],
            [-5.95217, 37.372972],
            [-5.952123, 37.372984],
            [-5.952076, 37.372996],
            [-5.952029, 37.373008],
            [-5.951982, 37.373021],
            [-5.951935, 37.373033],
            [-5.951888, 37.373045],
            [-5.951841, 37.373057],
            [-5.951794, 37.373069],
            [-5.951747, 37.373082],
            [-5.951716, 37.373092],
            [-5.951686, 37.373103],
            [-5.951656, 37.373114],
            [-5.951625, 37.373124],
            [-5.951595, 37.373135],
            [-5.951564, 37.373146],
            [-5.951534, 37.373157],
            [-5.951504, 37.373167],
            [-5.951473, 37.373178],
            [-5.951443, 37.373189],
            [-5.951414, 37.373202],
            [-5.951384, 37.373214],
            [-5.951355, 37.373227],
            [-5.951326, 37.37324],
            [-5.951297, 37.373253],
            [-5.951268, 37.373266],
            [-5.951238, 37.373279],
            [-5.951209, 37.373291],
            [-5.95118, 37.373304],
            [-5.951151, 37.373317],
            [-5.951083, 37.373351],
            [-5.95105, 37.373368],
            [-5.951016, 37.373385],
            [-5.950982, 37.373402],
            [-5.950949, 37.373419],
            [-5.950915, 37.373436],
            [-5.950882, 37.373453],
            [-5.950814, 37.373488],
            [-5.949561, 37.374177],
            [-5.948808, 37.374594],
            [-5.947598, 37.375255],
            [-5.947454, 37.37513],
            [-5.947337, 37.375033],
            [-5.947283, 37.374963],
            [-5.947144, 37.374818],
            [-5.946978, 37.374651],
            [-5.946821, 37.374469],
            [-5.946646, 37.374336]
          ]
        ]
      }
    },
    {
      "type": "Feature",
      "properties": {
        "id": "las-almenas",
        "name": "Las Almenas",
        "cityId": "sevilla"
      },
      "geometry": {
        "type": "Polygon",
        "coordinates": [
          [
            [-5.961905, 37.414467],
            [-5.962041, 37.414427],
            [-5.962367, 37.414331],
            [-5.962627, 37.414237],
            [-5.962848, 37.414135],
            [-5.963084, 37.414012],
            [-5.963484, 37.413767],
            [-5.964303, 37.413254],
            [-5.964976, 37.412814],
            [-5.965654, 37.413282],
            [-5.965974, 37.413511],
            [-5.966288, 37.413755],
            [-5.966407, 37.413871],
            [-5.966456, 37.413958],
            [-5.966457, 37.41396],
            [-5.966492, 37.414068],
            [-5.966515, 37.414214],
            [-5.966521, 37.41425],
            [-5.966554, 37.414517],
            [-5.966632, 37.414918],
            [-5.966709, 37.415258],
            [-5.966845, 37.415358],
            [-5.967315, 37.415732],
            [-5.967547, 37.415895],
            [-5.967478, 37.415961],
            [-5.96728, 37.416133],
            [-5.966994, 37.416357],
            [-5.966602, 37.416673],
            [-5.966222, 37.416932],
            [-5.965984, 37.417097],
            [-5.965782, 37.417105],
            [-5.965422, 37.417156],
            [-5.965221, 37.41721],
            [-5.965094, 37.417272],
            [-5.965054, 37.417317],
            [-5.964946, 37.417446],
            [-5.964263, 37.417552],
            [-5.963813, 37.417615],
            [-5.963516, 37.417655],
            [-5.963158, 37.417701],
            [-5.962882, 37.417719],
            [-5.962492, 37.417728],
            [-5.962104, 37.417713],
            [-5.961847, 37.417687],
            [-5.961847, 37.416998],
            [-5.961905, 37.414467]
          ]
        ]
      }
    },
    {
      "type": "Feature",
      "properties": {
        "id": "las-avenidas",
        "name": "Las Avenidas",
        "cityId": "sevilla"
      },
      "geometry": {
        "type": "Polygon",
        "coordinates": [
          [
            [-5.983488, 37.413432],
            [-5.983566, 37.413135],
            [-5.983587, 37.413027],
            [-5.983612, 37.412903],
            [-5.983638, 37.412763],
            [-5.983717, 37.412401],
            [-5.983762, 37.412214],
            [-5.983777, 37.41216],
            [-5.983809, 37.412043],
            [-5.983835, 37.411946],
            [-5.983849, 37.411898],
            [-5.983909, 37.411697],
            [-5.983933, 37.411627],
            [-5.983963, 37.411538],
            [-5.984004, 37.411413],
            [-5.98404, 37.411306],
            [-5.984115, 37.411098],
            [-5.984201, 37.410864],
            [-5.98424, 37.410754],
            [-5.984424, 37.41025],
            [-5.984463, 37.410142],
            [-5.984491, 37.410067],
            [-5.984571, 37.409852],
            [-5.984575, 37.40984],
            [-5.98459, 37.4098],
            [-5.984709, 37.409468],
            [-5.98483, 37.409134],
            [-5.984873, 37.409024],
            [-5.984895, 37.408965],
            [-5.98496, 37.408785],
            [-5.984979, 37.408732],
            [-5.985066, 37.408489],
            [-5.986182, 37.408735],
            [-5.986156, 37.40883],
            [-5.98609, 37.409017],
            [-5.98648, 37.409042],
            [-5.986781, 37.409084],
            [-5.98704, 37.409149],
            [-5.987233, 37.409198],
            [-5.987396, 37.409262],
            [-5.987243, 37.40947],
            [-5.987223, 37.409501],
            [-5.98695, 37.409935],
            [-5.986916, 37.40999],
            [-5.986884, 37.410042],
            [-5.986701, 37.410341],
            [-5.986403, 37.410805],
            [-5.986344, 37.410903],
            [-5.986201, 37.411143],
            [-5.986102, 37.411309],
            [-5.985975, 37.411474],
            [-5.985919, 37.411546],
            [-5.985564, 37.411925],
            [-5.985345, 37.412154],
            [-5.985157, 37.412325],
            [-5.985038, 37.412433],
            [-5.984734, 37.412703],
            [-5.984308, 37.413084],
            [-5.984256, 37.413131],
            [-5.984179, 37.413199],
            [-5.984176, 37.413201],
            [-5.984057, 37.413286],
            [-5.983867, 37.413423],
            [-5.983843, 37.413441],
            [-5.983488, 37.413432]
          ]
        ]
      }
    },
    {
      "type": "Feature",
      "properties": {
        "id": "las-huertas",
        "name": "Las Huertas",
        "cityId": "sevilla"
      },
      "geometry": {
        "type": "Polygon",
        "coordinates": [
          [
            [-5.958955, 37.402768],
            [-5.959417, 37.402391],
            [-5.959543, 37.402289],
            [-5.959833, 37.402055],
            [-5.960134, 37.401811],
            [-5.960253, 37.401716],
            [-5.960726, 37.401336],
            [-5.961073, 37.401059],
            [-5.961247, 37.400918],
            [-5.961407, 37.400791],
            [-5.961642, 37.400602],
            [-5.962089, 37.400244],
            [-5.962194, 37.400163],
            [-5.962516, 37.399902],
            [-5.965801, 37.397277],
            [-5.966172, 37.396976],
            [-5.966023, 37.396768],
            [-5.965941, 37.396658],
            [-5.965883, 37.396589],
            [-5.965673, 37.396405],
            [-5.965233, 37.39605],
            [-5.965644, 37.395962],
            [-5.965824, 37.395599],
            [-5.965626, 37.395534],
            [-5.965837, 37.395122],
            [-5.965934, 37.395154],
            [-5.96677, 37.395429],
            [-5.966655, 37.395661],
            [-5.966917, 37.395745],
            [-5.966826, 37.395935],
            [-5.967176, 37.396178],
            [-5.968867, 37.394817],
            [-5.969415, 37.394377],
            [-5.970113, 37.393817],
            [-5.97092, 37.393172],
            [-5.971094, 37.393302],
            [-5.971891, 37.393936],
            [-5.972314, 37.394273],
            [-5.973129, 37.394926],
            [-5.973343, 37.395099],
            [-5.973713, 37.395394],
            [-5.972948, 37.396077],
            [-5.972694, 37.396304],
            [-5.972455, 37.396503],
            [-5.971984, 37.396936],
            [-5.971661, 37.397196],
            [-5.971545, 37.397296],
            [-5.971269, 37.397534],
            [-5.970945, 37.397779],
            [-5.970085, 37.398253],
            [-5.969623, 37.398565],
            [-5.970261, 37.399698],
            [-5.970208, 37.399725],
            [-5.970062, 37.399804],
            [-5.969748, 37.399971],
            [-5.969613, 37.400039],
            [-5.969384, 37.400155],
            [-5.968761, 37.400501],
            [-5.966963, 37.401499],
            [-5.965844, 37.402219],
            [-5.965352, 37.402536],
            [-5.965299, 37.402572],
            [-5.96489, 37.402841],
            [-5.964732, 37.402986],
            [-5.964349, 37.402937],
            [-5.964251, 37.402923],
            [-5.963931, 37.402891],
            [-5.962955, 37.402795],
            [-5.962471, 37.402768],
            [-5.962076, 37.402771],
            [-5.961493, 37.40281],
            [-5.961139, 37.402838],
            [-5.960894, 37.402858],
            [-5.960396, 37.402887],
            [-5.960192, 37.402903],
            [-5.959889, 37.40292],
            [-5.959731, 37.402927],
            [-5.959605, 37.40293],
            [-5.959448, 37.402921],
            [-5.959388, 37.402914],
            [-5.959336, 37.402907],
            [-5.959277, 37.402895],
            [-5.959202, 37.402875],
            [-5.959099, 37.402844],
            [-5.95903, 37.402814],
            [-5.958955, 37.402768]
          ]
        ]
      }
    },
    {
      "type": "Feature",
      "properties": {
        "id": "las-letanias",
        "name": "Las Letanias",
        "cityId": "sevilla"
      },
      "geometry": {
        "type": "Polygon",
        "coordinates": [
          [
            [-5.960684, 37.360692],
            [-5.962856, 37.359564],
            [-5.962922, 37.35963],
            [-5.962983, 37.359684],
            [-5.963154, 37.359828],
            [-5.963345, 37.359976],
            [-5.963512, 37.360111],
            [-5.963544, 37.360144],
            [-5.963567, 37.360195],
            [-5.963572, 37.36026],
            [-5.963547, 37.360326],
            [-5.963507, 37.360367],
            [-5.963547, 37.360384],
            [-5.96358, 37.360411],
            [-5.963755, 37.360574],
            [-5.96461, 37.361291],
            [-5.964353, 37.361481],
            [-5.964156, 37.361631],
            [-5.963911, 37.361818],
            [-5.964022, 37.36191],
            [-5.964216, 37.362071],
            [-5.964463, 37.362276],
            [-5.964607, 37.362395],
            [-5.965582, 37.363199],
            [-5.965623, 37.363233],
            [-5.965819, 37.363395],
            [-5.965981, 37.363528],
            [-5.966172, 37.363369],
            [-5.966175, 37.363367],
            [-5.966811, 37.362873],
            [-5.966912, 37.362802],
            [-5.967254, 37.363073],
            [-5.967445, 37.363227],
            [-5.967819, 37.363521],
            [-5.968309, 37.363916],
            [-5.968582, 37.36414],
            [-5.968539, 37.364188],
            [-5.96845, 37.364302],
            [-5.968326, 37.364458],
            [-5.96812, 37.364721],
            [-5.967854, 37.365059],
            [-5.967848, 37.365066],
            [-5.967665, 37.365291],
            [-5.967621, 37.365345],
            [-5.967576, 37.365399],
            [-5.967442, 37.365559],
            [-5.967261, 37.36578],
            [-5.96705, 37.365616],
            [-5.966672, 37.3653],
            [-5.966456, 37.365121],
            [-5.966209, 37.365303],
            [-5.965991, 37.365115],
            [-5.965521, 37.364724],
            [-5.965326, 37.364574],
            [-5.965182, 37.364463],
            [-5.965318, 37.364358],
            [-5.965506, 37.364214],
            [-5.965361, 37.364094],
            [-5.965305, 37.364047],
            [-5.965149, 37.363918],
            [-5.964912, 37.36372],
            [-5.964649, 37.363502],
            [-5.964362, 37.363265],
            [-5.963792, 37.362793],
            [-5.963543, 37.362587],
            [-5.963347, 37.362425],
            [-5.963156, 37.362267],
            [-5.96309, 37.362213],
            [-5.962023, 37.361335],
            [-5.961728, 37.361557],
            [-5.960684, 37.360692]
          ]
        ]
      }
    },
    {
      "type": "Feature",
      "properties": {
        "id": "las-naciones-parque-atlantico-las-dalias",
        "name": "Las Naciones-parque Atlantico-las Dalias",
        "cityId": "sevilla"
      },
      "geometry": {
        "type": "Polygon",
        "coordinates": [
          [
            [-5.964732, 37.402986],
            [-5.965061, 37.403029],
            [-5.96656, 37.403156],
            [-5.967152, 37.403121],
            [-5.967231, 37.403475],
            [-5.967234, 37.403492],
            [-5.967235, 37.403509],
            [-5.967233, 37.403526],
            [-5.967229, 37.403543],
            [-5.967222, 37.40356],
            [-5.967214, 37.403573],
            [-5.967205, 37.403585],
            [-5.967194, 37.403596],
            [-5.967182, 37.403606],
            [-5.967168, 37.403616],
            [-5.966956, 37.403754],
            [-5.96649, 37.40407],
            [-5.966153, 37.404296],
            [-5.966138, 37.404307],
            [-5.966124, 37.404318],
            [-5.966111, 37.40433],
            [-5.966099, 37.404343],
            [-5.966088, 37.404357],
            [-5.966081, 37.404369],
            [-5.966075, 37.404381],
            [-5.966071, 37.404393],
            [-5.966067, 37.404406],
            [-5.966065, 37.404419],
            [-5.966063, 37.404434],
            [-5.966062, 37.404449],
            [-5.966062, 37.404464],
            [-5.966063, 37.404479],
            [-5.966064, 37.404494],
            [-5.966064, 37.404509],
            [-5.966063, 37.404524],
            [-5.966063, 37.404538],
            [-5.966065, 37.404553],
            [-5.966071, 37.404568],
            [-5.966114, 37.404638],
            [-5.966205, 37.404854],
            [-5.966265, 37.404815],
            [-5.966486, 37.404753],
            [-5.966866, 37.404582],
            [-5.967713, 37.404066],
            [-5.968072, 37.40398],
            [-5.968507, 37.404771],
            [-5.968776, 37.404936],
            [-5.96886, 37.405108],
            [-5.968991, 37.405371],
            [-5.969203, 37.40579],
            [-5.968276, 37.406018],
            [-5.967082, 37.406279],
            [-5.966942, 37.406313],
            [-5.966115, 37.406511],
            [-5.965009, 37.406777],
            [-5.964759, 37.406],
            [-5.964529, 37.405261],
            [-5.964527, 37.405255],
            [-5.964388, 37.404801],
            [-5.964292, 37.40447],
            [-5.96424, 37.404313],
            [-5.964236, 37.4043],
            [-5.964232, 37.404287],
            [-5.964229, 37.404274],
            [-5.964226, 37.404261],
            [-5.964223, 37.404248],
            [-5.964221, 37.404235],
            [-5.964218, 37.404221],
            [-5.964217, 37.404208],
            [-5.964215, 37.404195],
            [-5.964214, 37.404181],
            [-5.964213, 37.404165],
            [-5.964212, 37.404149],
            [-5.964212, 37.404133],
            [-5.964212, 37.404117],
            [-5.964212, 37.4041],
            [-5.964213, 37.404084],
            [-5.964214, 37.404068],
            [-5.964216, 37.404052],
            [-5.964218, 37.404036],
            [-5.964221, 37.40402],
            [-5.964257, 37.403821],
            [-5.964379, 37.403541],
            [-5.964393, 37.403513],
            [-5.964406, 37.403485],
            [-5.964419, 37.403457],
            [-5.964432, 37.40343],
            [-5.964445, 37.403402],
            [-5.964458, 37.403374],
            [-5.964472, 37.403347],
            [-5.964485, 37.403319],
            [-5.964498, 37.403291],
            [-5.964511, 37.403263],
            [-5.964643, 37.403092],
            [-5.964732, 37.402986]
          ]
        ]
      }
    },
    {
      "type": "Feature",
      "properties": {
        "id": "leon-xiii-los-naranjos",
        "name": "Leon Xiii-los Naranjos",
        "cityId": "sevilla"
      },
      "geometry": {
        "type": "Polygon",
        "coordinates": [
          [
            [-5.9827, 37.407265],
            [-5.982048, 37.406511],
            [-5.981716, 37.406059],
            [-5.98169, 37.405973],
            [-5.981617, 37.405734],
            [-5.981598, 37.405577],
            [-5.981547, 37.405165],
            [-5.981408, 37.405176],
            [-5.981252, 37.40518],
            [-5.981006, 37.405179],
            [-5.980787, 37.405176],
            [-5.980594, 37.405175],
            [-5.980534, 37.405171],
            [-5.980475, 37.405166],
            [-5.980405, 37.405159],
            [-5.98035, 37.405145],
            [-5.980165, 37.405092],
            [-5.980223, 37.405072],
            [-5.980396, 37.40473],
            [-5.980575, 37.404361],
            [-5.98077, 37.403939],
            [-5.980984, 37.403525],
            [-5.98105, 37.403286],
            [-5.981055, 37.403215],
            [-5.98104, 37.403178],
            [-5.981146, 37.403148],
            [-5.981419, 37.402571],
            [-5.982705, 37.402932],
            [-5.982999, 37.402995],
            [-5.983206, 37.402525],
            [-5.982922, 37.402445],
            [-5.982976, 37.402328],
            [-5.983235, 37.401736],
            [-5.983607, 37.401847],
            [-5.983626, 37.401678],
            [-5.984026, 37.401787],
            [-5.984457, 37.401885],
            [-5.984883, 37.401962],
            [-5.984853, 37.402356],
            [-5.985678, 37.402769],
            [-5.985827, 37.402145],
            [-5.985873, 37.401921],
            [-5.986032, 37.402054],
            [-5.98738, 37.402841],
            [-5.987841, 37.403072],
            [-5.987599, 37.403395],
            [-5.987458, 37.403664],
            [-5.987267, 37.404012],
            [-5.987122, 37.404265],
            [-5.986983, 37.404533],
            [-5.986776, 37.404931],
            [-5.986619, 37.405255],
            [-5.986449, 37.405601],
            [-5.986326, 37.405706],
            [-5.986143, 37.406006],
            [-5.985833, 37.405905],
            [-5.984912, 37.405672],
            [-5.984096, 37.405457],
            [-5.983378, 37.405273],
            [-5.983003, 37.405172],
            [-5.982915, 37.405581],
            [-5.982824, 37.405935],
            [-5.982699, 37.406513],
            [-5.98268, 37.406621],
            [-5.983095, 37.406629],
            [-5.983091, 37.406745],
            [-5.983676, 37.406766],
            [-5.983685, 37.406543],
            [-5.983901, 37.406541],
            [-5.984253, 37.406547],
            [-5.984212, 37.40731],
            [-5.984164, 37.407309],
            [-5.98387, 37.4073],
            [-5.983719, 37.407295],
            [-5.9827, 37.407265]
          ]
        ]
      }
    },
    {
      "type": "Feature",
      "properties": {
        "id": "los-arcos",
        "name": "Los Arcos",
        "cityId": "sevilla"
      },
      "geometry": {
        "type": "Polygon",
        "coordinates": [
          [
            [-5.966942, 37.406313],
            [-5.967082, 37.406279],
            [-5.968276, 37.406018],
            [-5.969203, 37.40579],
            [-5.970435, 37.408216],
            [-5.970761, 37.408481],
            [-5.970621, 37.408599],
            [-5.970409, 37.408902],
            [-5.969678, 37.409508],
            [-5.969169, 37.409917],
            [-5.968808, 37.410212],
            [-5.968738, 37.410269],
            [-5.968283, 37.410632],
            [-5.967886, 37.410962],
            [-5.967846, 37.410995],
            [-5.967281, 37.411461],
            [-5.967016, 37.411606],
            [-5.966947, 37.411506],
            [-5.966937, 37.41149],
            [-5.966928, 37.411474],
            [-5.966919, 37.411458],
            [-5.966909, 37.411442],
            [-5.9669, 37.411426],
            [-5.96689, 37.41141],
            [-5.966881, 37.411394],
            [-5.966872, 37.411378],
            [-5.966862, 37.411362],
            [-5.966853, 37.411346],
            [-5.966822, 37.4113],
            [-5.966791, 37.411253],
            [-5.966761, 37.411207],
            [-5.96673, 37.41116],
            [-5.966699, 37.411114],
            [-5.966669, 37.411068],
            [-5.966638, 37.411021],
            [-5.966608, 37.410975],
            [-5.966577, 37.410928],
            [-5.966546, 37.410882],
            [-5.966517, 37.410838],
            [-5.966488, 37.410794],
            [-5.96646, 37.41075],
            [-5.966402, 37.410662],
            [-5.966373, 37.410618],
            [-5.966344, 37.410574],
            [-5.966315, 37.41053],
            [-5.966286, 37.410486],
            [-5.966257, 37.410442],
            [-5.966246, 37.410424],
            [-5.966235, 37.410407],
            [-5.966224, 37.410389],
            [-5.966213, 37.410372],
            [-5.966201, 37.410354],
            [-5.96619, 37.410337],
            [-5.966179, 37.410319],
            [-5.966168, 37.410302],
            [-5.966157, 37.410284],
            [-5.966145, 37.410267],
            [-5.966094, 37.410166],
            [-5.966033, 37.410046],
            [-5.966025, 37.410028],
            [-5.966018, 37.410009],
            [-5.96601, 37.40999],
            [-5.966002, 37.409971],
            [-5.965995, 37.409952],
            [-5.965979, 37.409915],
            [-5.965964, 37.409878],
            [-5.965908, 37.409714],
            [-5.965855, 37.409544],
            [-5.965729, 37.40913],
            [-5.965658, 37.408874],
            [-5.96548, 37.408296],
            [-5.965463, 37.408225],
            [-5.967498, 37.407762],
            [-5.966942, 37.406313]
          ]
        ]
      }
    },
    {
      "type": "Feature",
      "properties": {
        "id": "los-carteros",
        "name": "Los Carteros",
        "cityId": "sevilla"
      },
      "geometry": {
        "type": "Polygon",
        "coordinates": [
          [
            [-5.969058, 37.41391],
            [-5.96923, 37.413728],
            [-5.969298, 37.413657],
            [-5.969508, 37.41344],
            [-5.969838, 37.413129],
            [-5.970153, 37.412833],
            [-5.970256, 37.412709],
            [-5.970286, 37.41268],
            [-5.970331, 37.412622],
            [-5.970386, 37.412552],
            [-5.970543, 37.412311],
            [-5.970805, 37.41191],
            [-5.970858, 37.411829],
            [-5.971032, 37.411562],
            [-5.97143, 37.410952],
            [-5.971666, 37.410664],
            [-5.97174, 37.410535],
            [-5.971733, 37.410793],
            [-5.971842, 37.411017],
            [-5.972532, 37.412421],
            [-5.972793, 37.412964],
            [-5.972698, 37.413216],
            [-5.971464, 37.41495],
            [-5.969058, 37.41391]
          ]
        ]
      }
    },
    {
      "type": "Feature",
      "properties": {
        "id": "los-pajaros",
        "name": "Los Pajaros",
        "cityId": "sevilla"
      },
      "geometry": {
        "type": "Polygon",
        "coordinates": [
          [
            [-5.953613, 37.387117],
            [-5.953684, 37.386555],
            [-5.953247, 37.386523],
            [-5.953274, 37.386262],
            [-5.95332, 37.385861],
            [-5.953398, 37.385864],
            [-5.953492, 37.385849],
            [-5.953521, 37.385841],
            [-5.953456, 37.385678],
            [-5.953436, 37.38562],
            [-5.953434, 37.38557],
            [-5.953487, 37.385078],
            [-5.953554, 37.384624],
            [-5.953607, 37.38415],
            [-5.953674, 37.383702],
            [-5.953733, 37.383245],
            [-5.953792, 37.382782],
            [-5.95381, 37.382649],
            [-5.953931, 37.381668],
            [-5.953933, 37.381654],
            [-5.954012, 37.381017],
            [-5.954064, 37.380606],
            [-5.955117, 37.38069],
            [-5.955757, 37.380742],
            [-5.955825, 37.380748],
            [-5.956209, 37.380779],
            [-5.957122, 37.380851],
            [-5.958546, 37.380963],
            [-5.958776, 37.380981],
            [-5.959588, 37.381036],
            [-5.959861, 37.381039],
            [-5.959818, 37.381356],
            [-5.959807, 37.381443],
            [-5.959711, 37.382213],
            [-5.959676, 37.382509],
            [-5.959622, 37.382958],
            [-5.959526, 37.38354],
            [-5.95949, 37.383717],
            [-5.959397, 37.384453],
            [-5.95939, 37.38451],
            [-5.959275, 37.385558],
            [-5.959148, 37.386499],
            [-5.959072, 37.387398],
            [-5.958911, 37.38739],
            [-5.958773, 37.387386],
            [-5.958762, 37.387385],
            [-5.958636, 37.387382],
            [-5.958353, 37.38737],
            [-5.95808, 37.387359],
            [-5.95784, 37.387346],
            [-5.957625, 37.387335],
            [-5.957358, 37.387322],
            [-5.956996, 37.387302],
            [-5.956843, 37.387294],
            [-5.95653, 37.387276],
            [-5.956133, 37.387255],
            [-5.955713, 37.387232],
            [-5.955379, 37.387215],
            [-5.954839, 37.387186],
            [-5.954605, 37.387172],
            [-5.954155, 37.387149],
            [-5.953829, 37.38713],
            [-5.953756, 37.387128],
            [-5.953613, 37.387117]
          ]
        ]
      }
    },
    {
      "type": "Feature",
      "properties": {
        "id": "los-principes-la-fontanilla",
        "name": "Los Principes-la Fontanilla",
        "cityId": "sevilla"
      },
      "geometry": {
        "type": "Polygon",
        "coordinates": [
          [
            [-5.976784, 37.420435],
            [-5.976551, 37.420015],
            [-5.976152, 37.41927],
            [-5.975508, 37.418084],
            [-5.975348, 37.41778],
            [-5.974964, 37.417068],
            [-5.974541, 37.41632],
            [-5.974183, 37.415908],
            [-5.974059, 37.415536],
            [-5.973812, 37.415043],
            [-5.973251, 37.413922],
            [-5.972793, 37.412964],
            [-5.97299, 37.412896],
            [-5.973037, 37.412862],
            [-5.973303, 37.412779],
            [-5.973644, 37.412671],
            [-5.974251, 37.412489],
            [-5.974357, 37.412472],
            [-5.974493, 37.412429],
            [-5.974448, 37.412339],
            [-5.974395, 37.412228],
            [-5.974353, 37.412143],
            [-5.974322, 37.412081],
            [-5.974248, 37.411931],
            [-5.974238, 37.411913],
            [-5.974234, 37.411909],
            [-5.974163, 37.411837],
            [-5.974122, 37.411797],
            [-5.973999, 37.411568],
            [-5.97409, 37.411342],
            [-5.974111, 37.411284],
            [-5.974337, 37.4106],
            [-5.974386, 37.410453],
            [-5.974587, 37.409939],
            [-5.974661, 37.409866],
            [-5.974737, 37.409791],
            [-5.97489, 37.409833],
            [-5.976873, 37.410134],
            [-5.977426, 37.410206],
            [-5.97749, 37.41022],
            [-5.977589, 37.410252],
            [-5.977664, 37.410277],
            [-5.977449, 37.410754],
            [-5.977234, 37.411231],
            [-5.977277, 37.41132],
            [-5.977283, 37.411607],
            [-5.977379, 37.411888],
            [-5.977647, 37.412508],
            [-5.978096, 37.413567],
            [-5.978281, 37.413973],
            [-5.978416, 37.414311],
            [-5.978592, 37.414656],
            [-5.978963, 37.414548],
            [-5.980162, 37.414187],
            [-5.980355, 37.414129],
            [-5.981398, 37.413826],
            [-5.982103, 37.413622],
            [-5.982615, 37.413476],
            [-5.982649, 37.413467],
            [-5.982683, 37.413458],
            [-5.982717, 37.413449],
            [-5.982751, 37.413439],
            [-5.983488, 37.413432],
            [-5.983487, 37.413436],
            [-5.98336, 37.414562],
            [-5.98325, 37.415278],
            [-5.982674, 37.415212],
            [-5.981392, 37.415304],
            [-5.980649, 37.415355],
            [-5.980556, 37.415524],
            [-5.980133, 37.416061],
            [-5.979664, 37.416617],
            [-5.979812, 37.41721],
            [-5.979829, 37.41742],
            [-5.979796, 37.417474],
            [-5.979449, 37.417973],
            [-5.97926, 37.418262],
            [-5.978627, 37.419143],
            [-5.978146, 37.419844],
            [-5.97779, 37.420349],
            [-5.977776, 37.420367],
            [-5.977762, 37.420384],
            [-5.977748, 37.420401],
            [-5.977734, 37.420418],
            [-5.97772, 37.420435],
            [-5.977706, 37.420453],
            [-5.977691, 37.42047],
            [-5.977677, 37.420487],
            [-5.977663, 37.420504],
            [-5.977649, 37.420521],
            [-5.97762, 37.420551],
            [-5.977605, 37.420566],
            [-5.977576, 37.420596],
            [-5.977561, 37.420611],
            [-5.977547, 37.420625],
            [-5.977532, 37.420641],
            [-5.977518, 37.420655],
            [-5.977503, 37.42067],
            [-5.977485, 37.420685],
            [-5.977467, 37.420699],
            [-5.977449, 37.420713],
            [-5.977431, 37.420728],
            [-5.977413, 37.420742],
            [-5.977395, 37.420757],
            [-5.977377, 37.420771],
            [-5.97736, 37.420786],
            [-5.977342, 37.4208],
            [-5.977324, 37.420814],
            [-5.977303, 37.420827],
            [-5.977283, 37.420839],
            [-5.977263, 37.420851],
            [-5.977242, 37.420864],
            [-5.977222, 37.420876],
            [-5.977202, 37.420888],
            [-5.977181, 37.4209],
            [-5.977161, 37.420912],
            [-5.977141, 37.420925],
            [-5.97696, 37.421006],
            [-5.976925, 37.420919],
            [-5.976784, 37.420435]
          ]
        ]
      }
    },
    {
      "type": "Feature",
      "properties": {
        "id": "los-remedios",
        "name": "Los Remedios",
        "cityId": "sevilla"
      },
      "geometry": {
        "type": "Polygon",
        "coordinates": [
          [
            [-5.993144, 37.375076],
            [-5.992894, 37.373798],
            [-5.992827, 37.37238],
            [-5.992651, 37.368637],
            [-5.99274, 37.368592],
            [-5.993365, 37.368283],
            [-5.993432, 37.368248],
            [-5.993475, 37.368223],
            [-5.993575, 37.368175],
            [-5.993717, 37.368106],
            [-5.993828, 37.368053],
            [-5.993975, 37.367997],
            [-5.994136, 37.367954],
            [-5.994238, 37.367934],
            [-5.994365, 37.367917],
            [-5.994528, 37.367899],
            [-5.994672, 37.367888],
            [-5.99488, 37.36789],
            [-5.995069, 37.367903],
            [-5.995268, 37.367918],
            [-5.995843, 37.367946],
            [-5.995892, 37.367965],
            [-5.996134, 37.368153],
            [-5.997291, 37.36903],
            [-5.997347, 37.370333],
            [-5.997352, 37.370472],
            [-5.997393, 37.371407],
            [-5.997384, 37.371492],
            [-5.997554, 37.371485],
            [-5.998048, 37.37148],
            [-5.998553, 37.371458],
            [-5.998683, 37.371455],
            [-5.999258, 37.371437],
            [-5.999753, 37.371433],
            [-5.999813, 37.371428],
            [-5.99989, 37.371421],
            [-6.000274, 37.371412],
            [-6.000567, 37.371402],
            [-6.000776, 37.371395],
            [-6.000933, 37.371393],
            [-6.001173, 37.371392],
            [-6.001299, 37.371386],
            [-6.001458, 37.371375],
            [-6.00157, 37.371373],
            [-6.002386, 37.371349],
            [-6.002653, 37.371358],
            [-6.002893, 37.371375],
            [-6.003166, 37.371401],
            [-6.003328, 37.371427],
            [-6.003466, 37.371449],
            [-6.003801, 37.371495],
            [-6.004259, 37.371563],
            [-6.004609, 37.371612],
            [-6.005638, 37.371778],
            [-6.006195, 37.371859],
            [-6.006368, 37.371884],
            [-6.006442, 37.371893],
            [-6.006667, 37.371923],
            [-6.007084, 37.371987],
            [-6.00722, 37.372017],
            [-6.007363, 37.372068],
            [-6.007568, 37.372184],
            [-6.007705, 37.372285],
            [-6.007779, 37.372357],
            [-6.007983, 37.372622],
            [-6.008329, 37.373027],
            [-6.008453, 37.373193],
            [-6.008529, 37.373283],
            [-6.008586, 37.373345],
            [-6.008655, 37.37341],
            [-6.008969, 37.373769],
            [-6.009248, 37.374133],
            [-6.006432, 37.375571],
            [-6.005579, 37.376013],
            [-6.005559, 37.376023],
            [-6.004869, 37.376377],
            [-6.003676, 37.376989],
            [-6.00239, 37.377634],
            [-6.000886, 37.378419],
            [-5.999911, 37.378939],
            [-5.998942, 37.37943],
            [-5.998483, 37.37966],
            [-5.99805, 37.379889],
            [-5.997766, 37.380035],
            [-5.997173, 37.380337],
            [-5.996906, 37.380473],
            [-5.996413, 37.380725],
            [-5.995954, 37.380358],
            [-5.995298, 37.379509],
            [-5.995244, 37.379439],
            [-5.994596, 37.378317],
            [-5.994195, 37.377586],
            [-5.993783, 37.376854],
            [-5.993348, 37.37612],
            [-5.993144, 37.375076]
          ]
        ]
      }
    },
    {
      "type": "Feature",
      "properties": {
        "id": "macarena-tres-huertas-macarena-cinco",
        "name": "Macarena Tres Huertas-macarena Cinco",
        "cityId": "sevilla"
      },
      "geometry": {
        "type": "Polygon",
        "coordinates": [
          [
            [-5.988056, 37.408455],
            [-5.988125, 37.408374],
            [-5.988381, 37.408076],
            [-5.989037, 37.408564],
            [-5.989082, 37.408598],
            [-5.989182, 37.408669],
            [-5.989302, 37.408722],
            [-5.989463, 37.408771],
            [-5.989688, 37.4088],
            [-5.990782, 37.408898],
            [-5.990934, 37.408932],
            [-5.991042, 37.408975],
            [-5.991093, 37.408997],
            [-5.991451, 37.409173],
            [-5.992745, 37.409675],
            [-5.991776, 37.410882],
            [-5.991256, 37.411858],
            [-5.989478, 37.410967],
            [-5.988194, 37.410413],
            [-5.988168, 37.410366],
            [-5.988146, 37.409976],
            [-5.988075, 37.408686],
            [-5.988056, 37.408455]
          ]
        ]
      }
    },
    {
      "type": "Feature",
      "properties": {
        "id": "museo",
        "name": "Museo",
        "cityId": "sevilla"
      },
      "geometry": {
        "type": "Polygon",
        "coordinates": [
          [
            [-5.999729, 37.393101],
            [-5.999252, 37.393028],
            [-5.999148, 37.393017],
            [-5.998583, 37.392975],
            [-5.998469, 37.392964],
            [-5.997716, 37.392889],
            [-5.997209, 37.392833],
            [-5.996921, 37.392803],
            [-5.996915, 37.392234],
            [-5.997301, 37.392219],
            [-5.99751, 37.39223],
            [-5.997916, 37.392278],
            [-5.998169, 37.392295],
            [-5.998299, 37.392324],
            [-5.9983, 37.392052],
            [-5.998309, 37.391985],
            [-5.998189, 37.391673],
            [-5.997949, 37.391316],
            [-5.998291, 37.391129],
            [-5.998581, 37.390949],
            [-5.998485, 37.390932],
            [-5.998214, 37.390782],
            [-5.998047, 37.390693],
            [-5.997955, 37.390634],
            [-5.997815, 37.390503],
            [-5.997884, 37.390458],
            [-5.997505, 37.389916],
            [-5.997706, 37.389797],
            [-5.997851, 37.389716],
            [-5.998076, 37.389574],
            [-5.998111, 37.389552],
            [-5.998401, 37.389442],
            [-5.998645, 37.389336],
            [-5.999026, 37.389093],
            [-5.999425, 37.389362],
            [-5.999446, 37.389342],
            [-5.99964, 37.38915],
            [-5.999502, 37.389062],
            [-5.999264, 37.388785],
            [-5.999649, 37.388461],
            [-6.00007, 37.388134],
            [-6.00075, 37.387497],
            [-6.001114, 37.387157],
            [-6.00145, 37.387371],
            [-6.001899, 37.38687],
            [-6.002138, 37.386605],
            [-6.002377, 37.386335],
            [-6.002413, 37.386294],
            [-6.003822, 37.387368],
            [-6.004083, 37.387598],
            [-6.005178, 37.388564],
            [-6.005754, 37.389137],
            [-6.005998, 37.38935],
            [-6.006067, 37.389447],
            [-6.006175, 37.389721],
            [-6.006293, 37.390202],
            [-6.006316, 37.390375],
            [-6.006382, 37.390845],
            [-6.006535, 37.391735],
            [-6.006563, 37.392443],
            [-6.006473, 37.392971],
            [-6.005216, 37.393025],
            [-6.005137, 37.393036],
            [-6.004427, 37.393101],
            [-6.003943, 37.393134],
            [-6.00364, 37.393161],
            [-6.002742, 37.393251],
            [-6.002267, 37.393277],
            [-6.00154, 37.393349],
            [-6.001456, 37.39334],
            [-6.001256, 37.39332],
            [-6.000953, 37.39329],
            [-6.000611, 37.393256],
            [-6.000399, 37.393234],
            [-6.000099, 37.393182],
            [-6.000033, 37.393167],
            [-5.999729, 37.393101]
          ]
        ]
      }
    },
    {
      "type": "Feature",
      "properties": {
        "id": "nervion",
        "name": "Nervion",
        "cityId": "sevilla"
      },
      "geometry": {
        "type": "Polygon",
        "coordinates": [
          [
            [-5.965097, 37.387539],
            [-5.964927, 37.387534],
            [-5.964405, 37.38753],
            [-5.963844, 37.387524],
            [-5.963713, 37.38752],
            [-5.963362, 37.387516],
            [-5.963066, 37.387511],
            [-5.962367, 37.387499],
            [-5.961928, 37.387492],
            [-5.96188, 37.387491],
            [-5.961744, 37.387489],
            [-5.961585, 37.387485],
            [-5.96116, 37.387477],
            [-5.960695, 37.387463],
            [-5.960368, 37.387453],
            [-5.959815, 37.387432],
            [-5.959511, 37.387419],
            [-5.959446, 37.387416],
            [-5.959337, 37.387412],
            [-5.959072, 37.387398],
            [-5.959148, 37.386499],
            [-5.959275, 37.385558],
            [-5.95939, 37.38451],
            [-5.959397, 37.384453],
            [-5.95949, 37.383717],
            [-5.959526, 37.38354],
            [-5.959622, 37.382958],
            [-5.959676, 37.382509],
            [-5.959711, 37.382213],
            [-5.959807, 37.381443],
            [-5.959818, 37.381356],
            [-5.959861, 37.381039],
            [-5.960213, 37.381042],
            [-5.960563, 37.381077],
            [-5.96116, 37.381137],
            [-5.961425, 37.381157],
            [-5.961917, 37.381193],
            [-5.962301, 37.381219],
            [-5.962711, 37.381247],
            [-5.962771, 37.381251],
            [-5.963475, 37.381308],
            [-5.964033, 37.381354],
            [-5.964257, 37.38137],
            [-5.964457, 37.381385],
            [-5.965159, 37.381451],
            [-5.965394, 37.38148],
            [-5.965818, 37.381519],
            [-5.965859, 37.381193],
            [-5.965883, 37.380989],
            [-5.965949, 37.380457],
            [-5.96597, 37.380298],
            [-5.965995, 37.380108],
            [-5.965997, 37.380089],
            [-5.966048, 37.379683],
            [-5.96605, 37.37966],
            [-5.966122, 37.379089],
            [-5.966127, 37.379046],
            [-5.966169, 37.378718],
            [-5.966237, 37.37818],
            [-5.966257, 37.378021],
            [-5.966297, 37.377703],
            [-5.966324, 37.377473],
            [-5.967168, 37.377696],
            [-5.967576, 37.377545],
            [-5.96767, 37.377348],
            [-5.968047, 37.376581],
            [-5.96827, 37.376096],
            [-5.968788, 37.376245],
            [-5.969161, 37.376351],
            [-5.969529, 37.376456],
            [-5.969904, 37.37656],
            [-5.969932, 37.376501],
            [-5.969995, 37.376368],
            [-5.970115, 37.37611],
            [-5.970244, 37.37583],
            [-5.970263, 37.375793],
            [-5.971538, 37.376159],
            [-5.97306, 37.376595],
            [-5.973527, 37.37673],
            [-5.974603, 37.377041],
            [-5.975085, 37.377179],
            [-5.974877, 37.377819],
            [-5.974597, 37.377764],
            [-5.974464, 37.377739],
            [-5.974345, 37.377804],
            [-5.973527, 37.378267],
            [-5.973185, 37.378461],
            [-5.972902, 37.378622],
            [-5.972232, 37.379004],
            [-5.97198, 37.379148],
            [-5.97186, 37.379215],
            [-5.971402, 37.379468],
            [-5.971301, 37.379525],
            [-5.971296, 37.379528],
            [-5.971048, 37.379667],
            [-5.970471, 37.379993],
            [-5.970037, 37.380234],
            [-5.970016, 37.380247],
            [-5.970001, 37.380263],
            [-5.969981, 37.380286],
            [-5.969964, 37.380315],
            [-5.969928, 37.380386],
            [-5.969927, 37.380396],
            [-5.969876, 37.380931],
            [-5.969871, 37.380981],
            [-5.969854, 37.381152],
            [-5.969823, 37.381412],
            [-5.969729, 37.382196],
            [-5.969282, 37.382106],
            [-5.969134, 37.383256],
            [-5.968301, 37.38319],
            [-5.968118, 37.383176],
            [-5.967636, 37.383134],
            [-5.967005, 37.383085],
            [-5.966895, 37.383998],
            [-5.966841, 37.384467],
            [-5.966989, 37.384479],
            [-5.967474, 37.384517],
            [-5.968127, 37.384569],
            [-5.968733, 37.384617],
            [-5.968964, 37.384636],
            [-5.969424, 37.384675],
            [-5.969374, 37.385074],
            [-5.969325, 37.385455],
            [-5.969257, 37.386046],
            [-5.969226, 37.386315],
            [-5.969161, 37.386875],
            [-5.96914, 37.387036],
            [-5.969107, 37.387275],
            [-5.969087, 37.387476],
            [-5.969014, 37.38748],
            [-5.968715, 37.387494],
            [-5.968547, 37.387502],
            [-5.968227, 37.387519],
            [-5.968064, 37.387527],
            [-5.967832, 37.387535],
            [-5.967776, 37.387537],
            [-5.967638, 37.387539],
            [-5.967414, 37.387531],
            [-5.967306, 37.387528],
            [-5.967185, 37.387525],
            [-5.966903, 37.387515],
            [-5.96668, 37.38751],
            [-5.966468, 37.387518],
            [-5.966343, 37.387525],
            [-5.966222, 37.387531],
            [-5.966142, 37.387536],
            [-5.966069, 37.387539],
            [-5.966005, 37.387544],
            [-5.965927, 37.387546],
            [-5.965838, 37.387547],
            [-5.965758, 37.387546],
            [-5.965647, 37.387545],
            [-5.96559, 37.387544],
            [-5.96552, 37.387543],
            [-5.96543, 37.387542],
            [-5.965311, 37.387541],
            [-5.965097, 37.387539]
          ]
        ]
      }
    },
    {
      "type": "Feature",
      "properties": {
        "id": "palacio-de-congresos-urbadiez-entrepuentes",
        "name": "Palacio de Congresos, Urbadiez, Entrepuentes",
        "cityId": "sevilla"
      },
      "geometry": {
        "type": "Polygon",
        "coordinates": [
          [
            [-5.93674, 37.404496],
            [-5.936722, 37.404456],
            [-5.936551, 37.404045],
            [-5.936511, 37.403939],
            [-5.936451, 37.403791],
            [-5.936358, 37.40357],
            [-5.936303, 37.40342],
            [-5.93625, 37.403283],
            [-5.936179, 37.403096],
            [-5.936071, 37.402802],
            [-5.93589, 37.402288],
            [-5.935754, 37.401882],
            [-5.935619, 37.401453],
            [-5.935571, 37.401307],
            [-5.935519, 37.401132],
            [-5.935493, 37.401038],
            [-5.935422, 37.400799],
            [-5.935221, 37.400051],
            [-5.935134, 37.399708],
            [-5.935096, 37.399546],
            [-5.934978, 37.399041],
            [-5.934905, 37.398696],
            [-5.934822, 37.39828],
            [-5.934758, 37.397951],
            [-5.93282, 37.397918],
            [-5.9322, 37.397911],
            [-5.931684, 37.397889],
            [-5.931494, 37.397877],
            [-5.931352, 37.397855],
            [-5.931176, 37.397798],
            [-5.931065, 37.397732],
            [-5.93093, 37.39761],
            [-5.930856, 37.397528],
            [-5.930769, 37.397405],
            [-5.930694, 37.397276],
            [-5.930647, 37.397177],
            [-5.930619, 37.397081],
            [-5.930584, 37.396931],
            [-5.93057, 37.396838],
            [-5.93053, 37.396624],
            [-5.930529, 37.396576],
            [-5.930529, 37.396458],
            [-5.9305, 37.395952],
            [-5.930495, 37.395774],
            [-5.930484, 37.39563],
            [-5.930458, 37.395518],
            [-5.930485, 37.394571],
            [-5.93044, 37.394256],
            [-5.930409, 37.393877],
            [-5.930384, 37.393652],
            [-5.929986, 37.393571],
            [-5.929834, 37.393675],
            [-5.929251, 37.393946],
            [-5.928392, 37.39435],
            [-5.92806, 37.394489],
            [-5.928016, 37.394429],
            [-5.926941, 37.392957],
            [-5.926757, 37.392661],
            [-5.926554, 37.392417],
            [-5.926309, 37.392185],
            [-5.9261, 37.392036],
            [-5.925781, 37.391238],
            [-5.925504, 37.390433],
            [-5.925355, 37.390447],
            [-5.925195, 37.390424],
            [-5.925021, 37.390371],
            [-5.92468, 37.390251],
            [-5.924671, 37.390248],
            [-5.924397, 37.390162],
            [-5.924083, 37.390071],
            [-5.924129, 37.389569],
            [-5.924191, 37.389209],
            [-5.924213, 37.388982],
            [-5.924124, 37.388908],
            [-5.924175, 37.388305],
            [-5.922941, 37.388248],
            [-5.922291, 37.388213],
            [-5.922283, 37.388299],
            [-5.92127, 37.388254],
            [-5.921214, 37.3889],
            [-5.921113, 37.389818],
            [-5.920126, 37.389805],
            [-5.919999, 37.3898],
            [-5.92001, 37.389599],
            [-5.920048, 37.389265],
            [-5.920089, 37.388772],
            [-5.920132, 37.388236],
            [-5.920174, 37.387714],
            [-5.920174, 37.387575],
            [-5.920261, 37.385878],
            [-5.92136, 37.385921],
            [-5.921717, 37.385937],
            [-5.922031, 37.385946],
            [-5.922328, 37.38596],
            [-5.922635, 37.385981],
            [-5.922983, 37.386002],
            [-5.922983, 37.386002],
            [-5.923346, 37.386021],
            [-5.923512, 37.386022],
            [-5.923681, 37.386025],
            [-5.923854, 37.386023],
            [-5.923854, 37.386023],
            [-5.924062, 37.38602],
            [-5.924324, 37.386012],
            [-5.9246, 37.385998],
            [-5.92494, 37.385967],
            [-5.925258, 37.385942],
            [-5.925586, 37.385924],
            [-5.925879, 37.385909],
            [-5.926667, 37.385909],
            [-5.928051, 37.385927],
            [-5.929412, 37.385975],
            [-5.932657, 37.386062],
            [-5.933231, 37.386071],
            [-5.934689, 37.386107],
            [-5.935373, 37.386121],
            [-5.93612, 37.386137],
            [-5.937001, 37.386181],
            [-5.937686, 37.386213],
            [-5.937972, 37.386228],
            [-5.93951, 37.386336],
            [-5.939824, 37.386411],
            [-5.940097, 37.38645],
            [-5.940532, 37.386458],
            [-5.940713, 37.386411],
            [-5.940763, 37.386412],
            [-5.94083, 37.386416],
            [-5.940907, 37.386417],
            [-5.940967, 37.386421],
            [-5.940972, 37.386555],
            [-5.940977, 37.386627],
            [-5.940984, 37.3868],
            [-5.941005, 37.386964],
            [-5.941066, 37.387216],
            [-5.941133, 37.387495],
            [-5.941238, 37.387802],
            [-5.941338, 37.388082],
            [-5.941488, 37.38841],
            [-5.941624, 37.388744],
            [-5.941732, 37.389021],
            [-5.941865, 37.389305],
            [-5.941986, 37.389606],
            [-5.942104, 37.389901],
            [-5.942216, 37.390137],
            [-5.942322, 37.390422],
            [-5.942416, 37.390669],
            [-5.942474, 37.39085],
            [-5.942822, 37.391695],
            [-5.943008, 37.392161],
            [-5.943274, 37.392845],
            [-5.943509, 37.3934],
            [-5.943747, 37.394018],
            [-5.944039, 37.39469],
            [-5.944163, 37.395035],
            [-5.944278, 37.39531],
            [-5.944379, 37.395545],
            [-5.944471, 37.395791],
            [-5.94456, 37.39601],
            [-5.944664, 37.396275],
            [-5.944734, 37.396446],
            [-5.944809, 37.396632],
            [-5.944893, 37.396857],
            [-5.944948, 37.397011],
            [-5.94498, 37.397107],
            [-5.945003, 37.397171],
            [-5.945056, 37.397377],
            [-5.945089, 37.397555],
            [-5.945115, 37.397764],
            [-5.945131, 37.397964],
            [-5.945136, 37.398202],
            [-5.945137, 37.39838],
            [-5.945135, 37.398546],
            [-5.945138, 37.398747],
            [-5.945144, 37.398898],
            [-5.945157, 37.399052],
            [-5.945173, 37.399208],
            [-5.945212, 37.399365],
            [-5.94525, 37.399496],
            [-5.945287, 37.399608],
            [-5.945365, 37.399789],
            [-5.945448, 37.399959],
            [-5.945538, 37.40011],
            [-5.945696, 37.400319],
            [-5.946157, 37.400869],
            [-5.946433, 37.401198],
            [-5.946635, 37.401474],
            [-5.946756, 37.401664],
            [-5.9469, 37.401945],
            [-5.947007, 37.402183],
            [-5.947179, 37.402567],
            [-5.947316, 37.402913],
            [-5.947809, 37.40416],
            [-5.947944, 37.404482],
            [-5.94809, 37.404733],
            [-5.948623, 37.406026],
            [-5.948696, 37.406232],
            [-5.948781, 37.406444],
            [-5.948855, 37.406587],
            [-5.948935, 37.406753],
            [-5.94902, 37.406913],
            [-5.949113, 37.407087],
            [-5.949207, 37.407235],
            [-5.949306, 37.407362],
            [-5.94942, 37.407474],
            [-5.94957, 37.407585],
            [-5.949623, 37.407647],
            [-5.949673, 37.407713],
            [-5.949715, 37.407807],
            [-5.949707, 37.407864],
            [-5.949567, 37.40788],
            [-5.949294, 37.407896],
            [-5.948932, 37.407895],
            [-5.948886, 37.407896],
            [-5.948773, 37.407878],
            [-5.948527, 37.407916],
            [-5.94828, 37.407961],
            [-5.948009, 37.408058],
            [-5.9475, 37.408264],
            [-5.947242, 37.408367],
            [-5.947026, 37.408431],
            [-5.946348, 37.408581],
            [-5.945497, 37.408776],
            [-5.945401, 37.408798],
            [-5.943777, 37.409179],
            [-5.942423, 37.40947],
            [-5.9424, 37.409475],
            [-5.941762, 37.409639],
            [-5.941131, 37.409836],
            [-5.940752, 37.409961],
            [-5.939966, 37.410255],
            [-5.939045, 37.408874],
            [-5.938846, 37.408557],
            [-5.93846, 37.407909],
            [-5.937885, 37.406883],
            [-5.937811, 37.406752],
            [-5.937743, 37.40662],
            [-5.93759, 37.406319],
            [-5.937559, 37.406257],
            [-5.937508, 37.406159],
            [-5.936934, 37.404941],
            [-5.936773, 37.404573],
            [-5.93674, 37.404496]
          ]
        ]
      }
    },
    {
      "type": "Feature",
      "properties": {
        "id": "palmete",
        "name": "Palmete",
        "cityId": "sevilla"
      },
      "geometry": {
        "type": "Polygon",
        "coordinates": [
          [
            [-5.940097, 37.38645],
            [-5.939824, 37.386411],
            [-5.93951, 37.386336],
            [-5.937972, 37.386228],
            [-5.937686, 37.386213],
            [-5.937001, 37.386181],
            [-5.93612, 37.386137],
            [-5.935373, 37.386121],
            [-5.934689, 37.386107],
            [-5.933231, 37.386071],
            [-5.932657, 37.386062],
            [-5.929412, 37.385975],
            [-5.928051, 37.385927],
            [-5.926667, 37.385909],
            [-5.925879, 37.385909],
            [-5.925586, 37.385924],
            [-5.925258, 37.385942],
            [-5.92494, 37.385967],
            [-5.9246, 37.385998],
            [-5.924324, 37.386012],
            [-5.924062, 37.38602],
            [-5.923854, 37.386023],
            [-5.923854, 37.386023],
            [-5.923681, 37.386025],
            [-5.923512, 37.386022],
            [-5.923346, 37.386021],
            [-5.922983, 37.386002],
            [-5.922983, 37.386002],
            [-5.922635, 37.385981],
            [-5.922328, 37.38596],
            [-5.922031, 37.385946],
            [-5.921717, 37.385937],
            [-5.92136, 37.385921],
            [-5.920261, 37.385878],
            [-5.919819, 37.385864],
            [-5.919339, 37.385845],
            [-5.919142, 37.385558],
            [-5.919236, 37.381716],
            [-5.914749, 37.381693],
            [-5.914869, 37.374876],
            [-5.915158, 37.374305],
            [-5.91522, 37.374291],
            [-5.916378, 37.37403],
            [-5.923636, 37.372778],
            [-5.925869, 37.371653],
            [-5.930433, 37.369856],
            [-5.934417, 37.369322],
            [-5.93731, 37.36856],
            [-5.937859, 37.368416],
            [-5.937863, 37.368415],
            [-5.939455, 37.368162],
            [-5.941869, 37.367516],
            [-5.944124, 37.367405],
            [-5.944159, 37.367444],
            [-5.944416, 37.367724],
            [-5.944193, 37.368172],
            [-5.944146, 37.368391],
            [-5.944117, 37.369166],
            [-5.943917, 37.370045],
            [-5.943604, 37.371548],
            [-5.943917, 37.371856],
            [-5.944238, 37.371845],
            [-5.944397, 37.371836],
            [-5.944735, 37.371845],
            [-5.944869, 37.371845],
            [-5.94516, 37.37224],
            [-5.945669, 37.372932],
            [-5.946175, 37.373715],
            [-5.946646, 37.374336],
            [-5.946131, 37.374742],
            [-5.945651, 37.37511],
            [-5.945263, 37.375399],
            [-5.945071, 37.375542],
            [-5.944899, 37.375647],
            [-5.944709, 37.375745],
            [-5.944509, 37.375855],
            [-5.944292, 37.375963],
            [-5.944274, 37.376052],
            [-5.94427, 37.376087],
            [-5.944268, 37.376097],
            [-5.944267, 37.376106],
            [-5.944266, 37.376116],
            [-5.944264, 37.376126],
            [-5.944263, 37.376135],
            [-5.944259, 37.376155],
            [-5.944258, 37.376164],
            [-5.944256, 37.376174],
            [-5.944255, 37.376184],
            [-5.944253, 37.376194],
            [-5.94425, 37.376215],
            [-5.944249, 37.376225],
            [-5.944247, 37.376235],
            [-5.944246, 37.376245],
            [-5.944244, 37.376256],
            [-5.944243, 37.376266],
            [-5.944241, 37.376276],
            [-5.94424, 37.376287],
            [-5.944236, 37.376304],
            [-5.944233, 37.376322],
            [-5.944229, 37.376339],
            [-5.944225, 37.376357],
            [-5.944222, 37.376374],
            [-5.944218, 37.376391],
            [-5.944214, 37.376409],
            [-5.944211, 37.376426],
            [-5.944207, 37.376444],
            [-5.944203, 37.376461],
            [-5.9442, 37.376476],
            [-5.944197, 37.37649],
            [-5.944194, 37.376504],
            [-5.944191, 37.376518],
            [-5.944188, 37.376532],
            [-5.944184, 37.376547],
            [-5.944181, 37.376561],
            [-5.944178, 37.376575],
            [-5.944175, 37.376589],
            [-5.944172, 37.376603],
            [-5.944168, 37.37662],
            [-5.944164, 37.376636],
            [-5.944161, 37.376652],
            [-5.944157, 37.376668],
            [-5.944153, 37.376685],
            [-5.94415, 37.376701],
            [-5.944146, 37.376717],
            [-5.944142, 37.376733],
            [-5.944138, 37.376749],
            [-5.944133, 37.376766],
            [-5.94413, 37.376779],
            [-5.944121, 37.376807],
            [-5.944112, 37.376834],
            [-5.944108, 37.376848],
            [-5.944103, 37.376861],
            [-5.944099, 37.376875],
            [-5.944094, 37.376889],
            [-5.94409, 37.376903],
            [-5.944086, 37.376916],
            [-5.944082, 37.376929],
            [-5.944078, 37.376943],
            [-5.944074, 37.376956],
            [-5.94407, 37.37697],
            [-5.944066, 37.376983],
            [-5.944062, 37.376997],
            [-5.944058, 37.377011],
            [-5.944054, 37.377024],
            [-5.94405, 37.377037],
            [-5.944047, 37.377049],
            [-5.944043, 37.377061],
            [-5.94404, 37.377073],
            [-5.944036, 37.377085],
            [-5.944033, 37.377097],
            [-5.944029, 37.377109],
            [-5.944026, 37.377121],
            [-5.944022, 37.377133],
            [-5.944018, 37.377144],
            [-5.944014, 37.377156],
            [-5.944011, 37.377166],
            [-5.944007, 37.377177],
            [-5.944004, 37.377187],
            [-5.944, 37.377197],
            [-5.943996, 37.377207],
            [-5.943992, 37.377217],
            [-5.943989, 37.377227],
            [-5.943985, 37.377237],
            [-5.943981, 37.377248],
            [-5.943978, 37.377258],
            [-5.943965, 37.377297],
            [-5.943813, 37.377738],
            [-5.943614, 37.378257],
            [-5.943597, 37.378309],
            [-5.943397, 37.378914],
            [-5.943123, 37.379731],
            [-5.94289, 37.380331],
            [-5.942783, 37.380634],
            [-5.942648, 37.381025],
            [-5.942583, 37.381206],
            [-5.942464, 37.381534],
            [-5.942338, 37.381843],
            [-5.942229, 37.382148],
            [-5.942091, 37.382581],
            [-5.941942, 37.382963],
            [-5.941626, 37.383792],
            [-5.941428, 37.384367],
            [-5.941257, 37.384812],
            [-5.941106, 37.385216],
            [-5.941046, 37.385508],
            [-5.94099, 37.385879],
            [-5.940971, 37.386227],
            [-5.940965, 37.386382],
            [-5.940967, 37.386421],
            [-5.940907, 37.386417],
            [-5.94083, 37.386416],
            [-5.940763, 37.386412],
            [-5.940713, 37.386411],
            [-5.940532, 37.386458],
            [-5.940097, 37.38645]
          ]
        ]
      }
    },
    {
      "type": "Feature",
      "properties": {
        "id": "parque-alcosa-jardines-del-eden",
        "name": "Parque Alcosa-jardines del Edén",
        "cityId": "sevilla"
      },
      "geometry": {
        "type": "Polygon",
        "coordinates": [
          [
            [-5.93674, 37.404496],
            [-5.936773, 37.404573],
            [-5.936934, 37.404941],
            [-5.937508, 37.406159],
            [-5.937559, 37.406257],
            [-5.93759, 37.406319],
            [-5.937743, 37.40662],
            [-5.937811, 37.406752],
            [-5.937885, 37.406883],
            [-5.93846, 37.407909],
            [-5.938846, 37.408557],
            [-5.939045, 37.408874],
            [-5.939966, 37.410255],
            [-5.939798, 37.410319],
            [-5.938927, 37.410689],
            [-5.938531, 37.410832],
            [-5.938014, 37.411019],
            [-5.937399, 37.411252],
            [-5.936486, 37.411619],
            [-5.935268, 37.412119],
            [-5.933917, 37.412666],
            [-5.932272, 37.413346],
            [-5.931657, 37.413462],
            [-5.931478, 37.413503],
            [-5.931356, 37.413526],
            [-5.930976, 37.413594],
            [-5.930777, 37.413579],
            [-5.930524, 37.413574],
            [-5.929962, 37.413565],
            [-5.929721, 37.413549],
            [-5.928673, 37.413479],
            [-5.927738, 37.413422],
            [-5.926345, 37.413329],
            [-5.92495, 37.413235],
            [-5.924029, 37.413172],
            [-5.923274, 37.413107],
            [-5.923019, 37.413062],
            [-5.922801, 37.413018],
            [-5.922056, 37.412776],
            [-5.921331, 37.412522],
            [-5.919611, 37.411946],
            [-5.918714, 37.411643],
            [-5.917499, 37.411234],
            [-5.916341, 37.41084],
            [-5.91592, 37.410704],
            [-5.915889, 37.410693],
            [-5.915858, 37.410681],
            [-5.915827, 37.410669],
            [-5.915796, 37.410658],
            [-5.915765, 37.410646],
            [-5.915734, 37.410635],
            [-5.915703, 37.410623],
            [-5.915672, 37.410611],
            [-5.915641, 37.4106],
            [-5.91561, 37.410588],
            [-5.915372, 37.410489],
            [-5.91507, 37.410361],
            [-5.915038, 37.410344],
            [-5.915006, 37.410328],
            [-5.914975, 37.410311],
            [-5.914943, 37.410294],
            [-5.914911, 37.410277],
            [-5.914879, 37.41026],
            [-5.914847, 37.410244],
            [-5.914815, 37.410227],
            [-5.914784, 37.41021],
            [-5.914752, 37.410193],
            [-5.914721, 37.410175],
            [-5.914691, 37.410156],
            [-5.914661, 37.410137],
            [-5.91463, 37.410118],
            [-5.9146, 37.4101],
            [-5.914569, 37.410081],
            [-5.914539, 37.410062],
            [-5.914508, 37.410043],
            [-5.914478, 37.410024],
            [-5.914448, 37.410006],
            [-5.914425, 37.409987],
            [-5.914402, 37.409968],
            [-5.914379, 37.409949],
            [-5.914355, 37.40993],
            [-5.914332, 37.409911],
            [-5.91431, 37.409892],
            [-5.914286, 37.409873],
            [-5.914263, 37.409854],
            [-5.91424, 37.409835],
            [-5.914217, 37.409817],
            [-5.9142, 37.409802],
            [-5.914182, 37.409787],
            [-5.914165, 37.409772],
            [-5.914148, 37.409758],
            [-5.91413, 37.409743],
            [-5.914113, 37.409728],
            [-5.914095, 37.409713],
            [-5.914078, 37.409699],
            [-5.914061, 37.409684],
            [-5.914043, 37.409669],
            [-5.913949, 37.409578],
            [-5.913771, 37.409409],
            [-5.91353, 37.409153],
            [-5.913345, 37.408918],
            [-5.913818, 37.40889],
            [-5.9144, 37.408799],
            [-5.914598, 37.408774],
            [-5.915142, 37.408668],
            [-5.915654, 37.408529],
            [-5.916073, 37.408378],
            [-5.916244, 37.408318],
            [-5.916878, 37.408072],
            [-5.917732, 37.407754],
            [-5.919304, 37.407163],
            [-5.920122, 37.40685],
            [-5.920751, 37.406611],
            [-5.921535, 37.406312],
            [-5.92186, 37.406189],
            [-5.923391, 37.405607],
            [-5.924212, 37.405299],
            [-5.924311, 37.405262],
            [-5.925588, 37.404785],
            [-5.925595, 37.404783],
            [-5.927023, 37.404133],
            [-5.92737, 37.403968],
            [-5.928022, 37.403653],
            [-5.9283, 37.403984],
            [-5.928462, 37.404211],
            [-5.928577, 37.404365],
            [-5.928689, 37.404496],
            [-5.928815, 37.404617],
            [-5.928912, 37.404703],
            [-5.929007, 37.404778],
            [-5.92911, 37.404849],
            [-5.929241, 37.404933],
            [-5.929398, 37.405014],
            [-5.929639, 37.40512],
            [-5.930998, 37.405647],
            [-5.931132, 37.405689],
            [-5.931268, 37.405719],
            [-5.93142, 37.405748],
            [-5.93157, 37.405766],
            [-5.931687, 37.405776],
            [-5.931853, 37.405772],
            [-5.932026, 37.405759],
            [-5.932178, 37.40574],
            [-5.932486, 37.405667],
            [-5.933193, 37.405468],
            [-5.933934, 37.405268],
            [-5.935568, 37.404824],
            [-5.936688, 37.40451],
            [-5.93674, 37.404496]
          ]
        ]
      }
    },
    {
      "type": "Feature",
      "properties": {
        "id": "pedro-salvador-las-palmeritas-guadaira",
        "name": "Pedro Salvador-las Palmeritas-guadaira",
        "cityId": "sevilla"
      },
      "geometry": {
        "type": "Polygon",
        "coordinates": [
          [
            [-5.97201, 37.353366],
            [-5.973571, 37.353365],
            [-5.975197, 37.353487],
            [-5.975733, 37.353499],
            [-5.976568, 37.353517],
            [-5.976989, 37.353525],
            [-5.977342, 37.353535],
            [-5.977437, 37.353357],
            [-5.978273, 37.353277],
            [-5.978426, 37.353534],
            [-5.978627, 37.353871],
            [-5.979168, 37.354779],
            [-5.979571, 37.355469],
            [-5.979786, 37.355815],
            [-5.98038, 37.356806],
            [-5.980185, 37.356844],
            [-5.979199, 37.357028],
            [-5.979236, 37.357076],
            [-5.97978, 37.358054],
            [-5.978058, 37.358675],
            [-5.977711, 37.358061],
            [-5.976822, 37.358374],
            [-5.975944, 37.358679],
            [-5.975904, 37.3586],
            [-5.975482, 37.358708],
            [-5.975386, 37.358732],
            [-5.974692, 37.358918],
            [-5.974634, 37.358931],
            [-5.97427, 37.359021],
            [-5.97413, 37.358635],
            [-5.973955, 37.358143],
            [-5.973895, 37.35797],
            [-5.973541, 37.357036],
            [-5.973367, 37.356605],
            [-5.973293, 37.35643],
            [-5.973095, 37.355956],
            [-5.97299, 37.355711],
            [-5.972939, 37.355592],
            [-5.972824, 37.35531],
            [-5.972582, 37.35473],
            [-5.97201, 37.353366]
          ]
        ]
      }
    },
    {
      "type": "Feature",
      "properties": {
        "id": "pino-flores",
        "name": "Pino Flores",
        "cityId": "sevilla"
      },
      "geometry": {
        "type": "Polygon",
        "coordinates": [
          [
            [-5.970761, 37.408481],
            [-5.9708, 37.408449],
            [-5.970819, 37.408433],
            [-5.971099, 37.408196],
            [-5.971859, 37.407552],
            [-5.97193, 37.407492],
            [-5.972001, 37.407432],
            [-5.972102, 37.407346],
            [-5.972747, 37.406843],
            [-5.972786, 37.406815],
            [-5.973207, 37.406511],
            [-5.97347, 37.406324],
            [-5.974927, 37.405288],
            [-5.97505, 37.405353],
            [-5.975161, 37.405412],
            [-5.974746, 37.406041],
            [-5.974133, 37.406971],
            [-5.973859, 37.40735],
            [-5.973798, 37.407441],
            [-5.973055, 37.408561],
            [-5.97234, 37.409633],
            [-5.972152, 37.409916],
            [-5.972138, 37.409936],
            [-5.971835, 37.410377],
            [-5.97174, 37.410535],
            [-5.971739, 37.410485],
            [-5.971691, 37.41035],
            [-5.971604, 37.410149],
            [-5.971567, 37.410069],
            [-5.971474, 37.409866],
            [-5.971328, 37.409573],
            [-5.971252, 37.409415],
            [-5.971176, 37.409263],
            [-5.971094, 37.409098],
            [-5.97094, 37.408827],
            [-5.970876, 37.40871],
            [-5.970761, 37.408481]
          ]
        ]
      }
    },
    {
      "type": "Feature",
      "properties": {
        "id": "pio-xii",
        "name": "Pio Xii",
        "cityId": "sevilla"
      },
      "geometry": {
        "type": "Polygon",
        "coordinates": [
          [
            [-5.975161, 37.405412],
            [-5.97505, 37.405353],
            [-5.975273, 37.405104],
            [-5.975551, 37.404837],
            [-5.975679, 37.404701],
            [-5.975726, 37.404651],
            [-5.975926, 37.404438],
            [-5.976154, 37.404195],
            [-5.976163, 37.404185],
            [-5.976393, 37.403935],
            [-5.976911, 37.403405],
            [-5.976963, 37.403349],
            [-5.976964, 37.403348],
            [-5.977, 37.403309],
            [-5.977349, 37.402934],
            [-5.977852, 37.403234],
            [-5.978257, 37.403485],
            [-5.978126, 37.403623],
            [-5.978683, 37.403765],
            [-5.979548, 37.404016],
            [-5.979573, 37.403986],
            [-5.979755, 37.403654],
            [-5.97976, 37.403646],
            [-5.980091, 37.403083],
            [-5.98024, 37.40283],
            [-5.980582, 37.402265],
            [-5.98104, 37.403178],
            [-5.981055, 37.403215],
            [-5.98105, 37.403286],
            [-5.980984, 37.403525],
            [-5.98077, 37.403939],
            [-5.980575, 37.404361],
            [-5.980396, 37.40473],
            [-5.980223, 37.405072],
            [-5.980165, 37.405092],
            [-5.979828, 37.405726],
            [-5.979353, 37.406655],
            [-5.979285, 37.406781],
            [-5.979084, 37.407157],
            [-5.978929, 37.407394],
            [-5.978865, 37.407551],
            [-5.978818, 37.407622],
            [-5.978584, 37.40804],
            [-5.978042, 37.407748],
            [-5.977769, 37.407602],
            [-5.977307, 37.407354],
            [-5.976406, 37.406872],
            [-5.976461, 37.406797],
            [-5.976467, 37.406771],
            [-5.97646, 37.406741],
            [-5.976429, 37.406695],
            [-5.976316, 37.40658],
            [-5.97641, 37.406442],
            [-5.97659, 37.406182],
            [-5.976401, 37.406081],
            [-5.975719, 37.405716],
            [-5.975161, 37.405412]
          ]
        ]
      }
    },
    {
      "type": "Feature",
      "properties": {
        "id": "poligono-norte",
        "name": "Poligono Norte",
        "cityId": "sevilla"
      },
      "geometry": {
        "type": "Polygon",
        "coordinates": [
          [
            [-5.977664, 37.410277],
            [-5.978211, 37.410386],
            [-5.978537, 37.410451],
            [-5.979171, 37.410305],
            [-5.979686, 37.410173],
            [-5.979854, 37.410127],
            [-5.980271, 37.410012],
            [-5.980507, 37.410593],
            [-5.980541, 37.410677],
            [-5.980622, 37.410873],
            [-5.980662, 37.410969],
            [-5.980682, 37.411014],
            [-5.980721, 37.411099],
            [-5.980779, 37.411207],
            [-5.980864, 37.411345],
            [-5.980913, 37.411408],
            [-5.980982, 37.411491],
            [-5.981003, 37.411513],
            [-5.981122, 37.411641],
            [-5.981196, 37.411708],
            [-5.981238, 37.41174],
            [-5.981308, 37.4118],
            [-5.981445, 37.4119],
            [-5.981792, 37.412119],
            [-5.982376, 37.412484],
            [-5.982618, 37.41263],
            [-5.982839, 37.412774],
            [-5.982908, 37.412817],
            [-5.983003, 37.412767],
            [-5.983443, 37.412683],
            [-5.983638, 37.412763],
            [-5.983612, 37.412903],
            [-5.983587, 37.413027],
            [-5.983566, 37.413135],
            [-5.983488, 37.413432],
            [-5.982751, 37.413439],
            [-5.982717, 37.413449],
            [-5.982683, 37.413458],
            [-5.982649, 37.413467],
            [-5.982615, 37.413476],
            [-5.982103, 37.413622],
            [-5.981398, 37.413826],
            [-5.980355, 37.414129],
            [-5.980162, 37.414187],
            [-5.978963, 37.414548],
            [-5.978592, 37.414656],
            [-5.978416, 37.414311],
            [-5.978281, 37.413973],
            [-5.978096, 37.413567],
            [-5.977647, 37.412508],
            [-5.977379, 37.411888],
            [-5.977283, 37.411607],
            [-5.977277, 37.41132],
            [-5.977234, 37.411231],
            [-5.977449, 37.410754],
            [-5.977664, 37.410277]
          ]
        ]
      }
    },
    {
      "type": "Feature",
      "properties": {
        "id": "poligono-sur",
        "name": "Poligono Sur",
        "cityId": "sevilla"
      },
      "geometry": {
        "type": "Polygon",
        "coordinates": [
          [
            [-5.970575, 37.367426],
            [-5.970961, 37.366967],
            [-5.971061, 37.366826],
            [-5.971225, 37.36663],
            [-5.971315, 37.366513],
            [-5.971588, 37.366179],
            [-5.971869, 37.365836],
            [-5.972106, 37.365553],
            [-5.972258, 37.365383],
            [-5.973327, 37.364062],
            [-5.973329, 37.363988],
            [-5.973315, 37.363858],
            [-5.973303, 37.36379],
            [-5.973278, 37.363695],
            [-5.973251, 37.363618],
            [-5.973227, 37.363546],
            [-5.973185, 37.363463],
            [-5.973132, 37.363368],
            [-5.973077, 37.363294],
            [-5.973029, 37.363233],
            [-5.972972, 37.363146],
            [-5.97287, 37.362993],
            [-5.972682, 37.362858],
            [-5.972526, 37.362753],
            [-5.97231, 37.362637],
            [-5.972009, 37.362508],
            [-5.971978, 37.362494],
            [-5.9718, 37.362446],
            [-5.971512, 37.362397],
            [-5.971238, 37.362371],
            [-5.971036, 37.362358],
            [-5.970815, 37.362353],
            [-5.970622, 37.362364],
            [-5.970263, 37.362448],
            [-5.970028, 37.362483],
            [-5.969892, 37.362506],
            [-5.969722, 37.362535],
            [-5.969599, 37.362562],
            [-5.96949, 37.36261],
            [-5.969434, 37.362649],
            [-5.969421, 37.362658],
            [-5.969372, 37.362725],
            [-5.969308, 37.362847],
            [-5.969267, 37.36298],
            [-5.969234, 37.363141],
            [-5.969234, 37.363146],
            [-5.969173, 37.363338],
            [-5.969134, 37.363435],
            [-5.969033, 37.363598],
            [-5.968928, 37.363726],
            [-5.96874, 37.363961],
            [-5.968582, 37.36414],
            [-5.968309, 37.363916],
            [-5.967819, 37.363521],
            [-5.967445, 37.363227],
            [-5.967254, 37.363073],
            [-5.966912, 37.362802],
            [-5.966811, 37.362873],
            [-5.966175, 37.363367],
            [-5.966172, 37.363369],
            [-5.965981, 37.363528],
            [-5.965819, 37.363395],
            [-5.965623, 37.363233],
            [-5.965582, 37.363199],
            [-5.964607, 37.362395],
            [-5.964463, 37.362276],
            [-5.964216, 37.362071],
            [-5.964022, 37.36191],
            [-5.963911, 37.361818],
            [-5.964156, 37.361631],
            [-5.964353, 37.361481],
            [-5.96461, 37.361291],
            [-5.963755, 37.360574],
            [-5.96358, 37.360411],
            [-5.963547, 37.360384],
            [-5.963507, 37.360367],
            [-5.963547, 37.360326],
            [-5.963572, 37.36026],
            [-5.963567, 37.360195],
            [-5.963544, 37.360144],
            [-5.963512, 37.360111],
            [-5.963345, 37.359976],
            [-5.963154, 37.359828],
            [-5.962983, 37.359684],
            [-5.962922, 37.35963],
            [-5.962856, 37.359564],
            [-5.960684, 37.360692],
            [-5.959638, 37.361232],
            [-5.959514, 37.361096],
            [-5.959385, 37.360945],
            [-5.95928, 37.360807],
            [-5.959106, 37.361169],
            [-5.958802, 37.361462],
            [-5.958457, 37.361828],
            [-5.958383, 37.361907],
            [-5.957714, 37.362784],
            [-5.957205, 37.363451],
            [-5.95651, 37.364349],
            [-5.955726, 37.365366],
            [-5.954086, 37.367491],
            [-5.95368, 37.367357],
            [-5.95272, 37.366942],
            [-5.952392, 37.3668],
            [-5.951999, 37.366629],
            [-5.951218, 37.366318],
            [-5.950512, 37.366053],
            [-5.950301, 37.365987],
            [-5.950146, 37.365954],
            [-5.950008, 37.365965],
            [-5.94986, 37.365984],
            [-5.949705, 37.365982],
            [-5.949525, 37.365945],
            [-5.949367, 37.365912],
            [-5.949205, 37.365898],
            [-5.949131, 37.365895],
            [-5.949033, 37.365911],
            [-5.948927, 37.365947],
            [-5.948768, 37.366026],
            [-5.948528, 37.366119],
            [-5.948477, 37.366139],
            [-5.948299, 37.366208],
            [-5.948286, 37.366213],
            [-5.948273, 37.366218],
            [-5.94826, 37.366224],
            [-5.948248, 37.36623],
            [-5.948236, 37.366237],
            [-5.948224, 37.366244],
            [-5.948212, 37.36625],
            [-5.948201, 37.366258],
            [-5.948189, 37.366265],
            [-5.948178, 37.366272],
            [-5.948167, 37.36628],
            [-5.948157, 37.366287],
            [-5.948147, 37.366294],
            [-5.948137, 37.366302],
            [-5.948127, 37.36631],
            [-5.948118, 37.366318],
            [-5.948108, 37.366327],
            [-5.948099, 37.366335],
            [-5.948082, 37.366352],
            [-5.948035, 37.366398],
            [-5.947834, 37.366456],
            [-5.947813, 37.366465],
            [-5.947793, 37.366474],
            [-5.947751, 37.366491],
            [-5.94773, 37.3665],
            [-5.94771, 37.366509],
            [-5.947689, 37.366518],
            [-5.947669, 37.366527],
            [-5.947648, 37.366536],
            [-5.947627, 37.366545],
            [-5.947605, 37.366557],
            [-5.947584, 37.36657],
            [-5.947562, 37.366582],
            [-5.94754, 37.366595],
            [-5.947518, 37.366607],
            [-5.947496, 37.36662],
            [-5.947474, 37.366632],
            [-5.947452, 37.366645],
            [-5.94743, 37.366658],
            [-5.947408, 37.36667],
            [-5.94739, 37.366682],
            [-5.947372, 37.366693],
            [-5.947354, 37.366705],
            [-5.947335, 37.366716],
            [-5.947317, 37.366728],
            [-5.947299, 37.366739],
            [-5.947281, 37.366751],
            [-5.947264, 37.366762],
            [-5.946593, 37.366867],
            [-5.94611, 37.366943],
            [-5.946042, 37.366953],
            [-5.94812, 37.366089],
            [-5.948074, 37.365694],
            [-5.943127, 37.364928],
            [-5.941405, 37.364598],
            [-5.939863, 37.364303],
            [-5.939788, 37.364106],
            [-5.939318, 37.362859],
            [-5.939109, 37.36258],
            [-5.938702, 37.362036],
            [-5.940283, 37.359577],
            [-5.940473, 37.359282],
            [-5.941675, 37.356437],
            [-5.943203, 37.352819],
            [-5.943334, 37.352894],
            [-5.943448, 37.352967],
            [-5.943624, 37.353085],
            [-5.943768, 37.353177],
            [-5.943873, 37.353237],
            [-5.943987, 37.353295],
            [-5.945772, 37.354199],
            [-5.953938, 37.35849],
            [-5.958042, 37.355385],
            [-5.958634, 37.355708],
            [-5.958763, 37.355779],
            [-5.959009, 37.355906],
            [-5.959167, 37.355947],
            [-5.959637, 37.356018],
            [-5.959883, 37.356037],
            [-5.960097, 37.356057],
            [-5.960284, 37.356047],
            [-5.960471, 37.356007],
            [-5.960643, 37.355918],
            [-5.960926, 37.355775],
            [-5.961299, 37.35554],
            [-5.961637, 37.355338],
            [-5.962154, 37.355094],
            [-5.962706, 37.354939],
            [-5.963141, 37.354858],
            [-5.963454, 37.35483],
            [-5.963841, 37.354786],
            [-5.964164, 37.354727],
            [-5.964494, 37.354608],
            [-5.964742, 37.354517],
            [-5.965245, 37.354409],
            [-5.965564, 37.354401],
            [-5.965878, 37.354398],
            [-5.96633, 37.354427],
            [-5.966601, 37.35445],
            [-5.966971, 37.354461],
            [-5.967307, 37.354402],
            [-5.967675, 37.354348],
            [-5.968024, 37.354246],
            [-5.968242, 37.354061],
            [-5.968955, 37.353748],
            [-5.970089, 37.353313],
            [-5.971765, 37.352782],
            [-5.97201, 37.353366],
            [-5.972582, 37.35473],
            [-5.972824, 37.35531],
            [-5.972939, 37.355592],
            [-5.97299, 37.355711],
            [-5.973095, 37.355956],
            [-5.973293, 37.35643],
            [-5.973367, 37.356605],
            [-5.973541, 37.357036],
            [-5.973895, 37.35797],
            [-5.973955, 37.358143],
            [-5.97413, 37.358635],
            [-5.97427, 37.359021],
            [-5.974365, 37.359282],
            [-5.974513, 37.359667],
            [-5.974723, 37.360197],
            [-5.97494, 37.360711],
            [-5.975667, 37.362445],
            [-5.975894, 37.362987],
            [-5.975959, 37.363145],
            [-5.976221, 37.363768],
            [-5.976465, 37.364349],
            [-5.976624, 37.364735],
            [-5.976806, 37.36516],
            [-5.97701, 37.365658],
            [-5.977115, 37.365926],
            [-5.977178, 37.366097],
            [-5.976943, 37.366132],
            [-5.976883, 37.366141],
            [-5.976686, 37.366167],
            [-5.976679, 37.366168],
            [-5.976156, 37.366234],
            [-5.975836, 37.366276],
            [-5.97539, 37.366334],
            [-5.975299, 37.366346],
            [-5.975238, 37.36617],
            [-5.975108, 37.366191],
            [-5.975014, 37.366204],
            [-5.974856, 37.366225],
            [-5.9747, 37.366244],
            [-5.974558, 37.366262],
            [-5.974251, 37.366301],
            [-5.974107, 37.366319],
            [-5.973959, 37.366339],
            [-5.973811, 37.366358],
            [-5.973706, 37.366371],
            [-5.97349, 37.366399],
            [-5.973378, 37.366413],
            [-5.973401, 37.366531],
            [-5.973442, 37.366742],
            [-5.973491, 37.366969],
            [-5.973492, 37.366994],
            [-5.973486, 37.367014],
            [-5.973469, 37.367036],
            [-5.973386, 37.366952],
            [-5.972942, 37.367008],
            [-5.972613, 37.36705],
            [-5.972498, 37.367068],
            [-5.972481, 37.367094],
            [-5.972431, 37.367213],
            [-5.972332, 37.367403],
            [-5.972237, 37.367574],
            [-5.972066, 37.367831],
            [-5.971781, 37.368203],
            [-5.971409, 37.368584],
            [-5.971142, 37.368811],
            [-5.971131, 37.368821],
            [-5.971043, 37.368889],
            [-5.970867, 37.369026],
            [-5.970628, 37.369209],
            [-5.970033, 37.369667],
            [-5.969768, 37.369873],
            [-5.969443, 37.369628],
            [-5.969257, 37.36945],
            [-5.969046, 37.369285],
            [-5.969036, 37.369277],
            [-5.9692, 37.369119],
            [-5.969229, 37.369088],
            [-5.969348, 37.368933],
            [-5.969698, 37.368506],
            [-5.969812, 37.368371],
            [-5.969893, 37.368272],
            [-5.970408, 37.367631],
            [-5.970575, 37.367426]
          ]
        ]
      }
    },
    {
      "type": "Feature",
      "properties": {
        "id": "retiro-obrero",
        "name": "Retiro Obrero",
        "cityId": "sevilla"
      },
      "geometry": {
        "type": "Polygon",
        "coordinates": [
          [
            [-5.977349, 37.402934],
            [-5.977641, 37.402619],
            [-5.977781, 37.402469],
            [-5.978186, 37.402063],
            [-5.978286, 37.401963],
            [-5.978415, 37.401832],
            [-5.978786, 37.401451],
            [-5.979217, 37.400976],
            [-5.97927, 37.400916],
            [-5.979591, 37.40059],
            [-5.979683, 37.400495],
            [-5.979978, 37.401066],
            [-5.980021, 37.40115],
            [-5.980183, 37.401464],
            [-5.980396, 37.401914],
            [-5.980412, 37.401948],
            [-5.980582, 37.402265],
            [-5.98024, 37.40283],
            [-5.980091, 37.403083],
            [-5.97976, 37.403646],
            [-5.979755, 37.403654],
            [-5.979573, 37.403986],
            [-5.979548, 37.404016],
            [-5.978683, 37.403765],
            [-5.978126, 37.403623],
            [-5.978257, 37.403485],
            [-5.977852, 37.403234],
            [-5.977349, 37.402934]
          ]
        ]
      }
    },
    {
      "type": "Feature",
      "properties": {
        "id": "rochelambert",
        "name": "Rochelambert",
        "cityId": "sevilla"
      },
      "geometry": {
        "type": "Polygon",
        "coordinates": [
          [
            [-5.951647, 37.378167],
            [-5.951798, 37.37809],
            [-5.951892, 37.377852],
            [-5.952031, 37.377498],
            [-5.952103, 37.377317],
            [-5.952184, 37.377092],
            [-5.952228, 37.376982],
            [-5.952458, 37.376396],
            [-5.952782, 37.375547],
            [-5.952999, 37.374985],
            [-5.953137, 37.374625],
            [-5.953142, 37.374599],
            [-5.953144, 37.374584],
            [-5.953148, 37.37457],
            [-5.953151, 37.374555],
            [-5.953156, 37.374541],
            [-5.95316, 37.374526],
            [-5.953165, 37.374512],
            [-5.953169, 37.374498],
            [-5.953174, 37.374483],
            [-5.953178, 37.374469],
            [-5.953183, 37.374454],
            [-5.953184, 37.374435],
            [-5.953186, 37.374416],
            [-5.953188, 37.374397],
            [-5.953189, 37.374378],
            [-5.953193, 37.374341],
            [-5.953194, 37.374322],
            [-5.953196, 37.374303],
            [-5.953197, 37.374284],
            [-5.953199, 37.374265],
            [-5.953199, 37.374249],
            [-5.953199, 37.374234],
            [-5.953199, 37.374219],
            [-5.953198, 37.374203],
            [-5.953198, 37.374188],
            [-5.953197, 37.374172],
            [-5.953196, 37.374157],
            [-5.953195, 37.374141],
            [-5.953194, 37.374126],
            [-5.953194, 37.37411],
            [-5.95319, 37.374092],
            [-5.953185, 37.374074],
            [-5.953181, 37.374056],
            [-5.953177, 37.374038],
            [-5.953173, 37.374019],
            [-5.953169, 37.374001],
            [-5.953165, 37.373983],
            [-5.953156, 37.373946],
            [-5.95314, 37.373896],
            [-5.95312, 37.373848],
            [-5.953096, 37.373801],
            [-5.95272, 37.373175],
            [-5.952553, 37.372891],
            [-5.952362, 37.372565],
            [-5.952739, 37.372476],
            [-5.95392, 37.372198],
            [-5.953967, 37.372186],
            [-5.954014, 37.37217],
            [-5.95406, 37.372146],
            [-5.954106, 37.37212],
            [-5.954148, 37.372091],
            [-5.954253, 37.371986],
            [-5.954284, 37.371946],
            [-5.954589, 37.37163],
            [-5.954854, 37.371359],
            [-5.956032, 37.3721],
            [-5.955999, 37.37214],
            [-5.956405, 37.372399],
            [-5.956435, 37.372369],
            [-5.956601, 37.372476],
            [-5.956758, 37.372548],
            [-5.957186, 37.372818],
            [-5.956831, 37.373186],
            [-5.957033, 37.373319],
            [-5.956848, 37.373503],
            [-5.956159, 37.373084],
            [-5.955867, 37.373241],
            [-5.95592, 37.3733],
            [-5.955973, 37.373337],
            [-5.955763, 37.373435],
            [-5.955561, 37.373511],
            [-5.955479, 37.373687],
            [-5.955456, 37.373823],
            [-5.955692, 37.373969],
            [-5.955856, 37.374073],
            [-5.956146, 37.374254],
            [-5.955982, 37.374681],
            [-5.955485, 37.375978],
            [-5.955392, 37.375964],
            [-5.955319, 37.376151],
            [-5.955193, 37.376516],
            [-5.955113, 37.37677],
            [-5.955113, 37.376888],
            [-5.955061, 37.37702],
            [-5.954836, 37.377602],
            [-5.954733, 37.377876],
            [-5.954686, 37.377999],
            [-5.954578, 37.378192],
            [-5.95444, 37.378445],
            [-5.954309, 37.378686],
            [-5.954238, 37.378811],
            [-5.954173, 37.378858],
            [-5.953343, 37.379417],
            [-5.951647, 37.378167]
          ]
        ]
      }
    },
    {
      "type": "Feature",
      "properties": {
        "id": "san-bartolome",
        "name": "San Bartolome",
        "cityId": "sevilla"
      },
      "geometry": {
        "type": "Polygon",
        "coordinates": [
          [
            [-5.984119, 37.390477],
            [-5.98418, 37.39005],
            [-5.984196, 37.389957],
            [-5.98422, 37.389817],
            [-5.984282, 37.389666],
            [-5.98444, 37.389279],
            [-5.984477, 37.38919],
            [-5.984745, 37.388513],
            [-5.984981, 37.388014],
            [-5.985023, 37.387886],
            [-5.985076, 37.387708],
            [-5.985095, 37.387638],
            [-5.985345, 37.387071],
            [-5.985421, 37.386897],
            [-5.985574, 37.386612],
            [-5.985671, 37.386433],
            [-5.985769, 37.386257],
            [-5.985883, 37.38605],
            [-5.985927, 37.38597],
            [-5.9861, 37.385645],
            [-5.986336, 37.385191],
            [-5.986821, 37.385366],
            [-5.987081, 37.385451],
            [-5.987344, 37.385503],
            [-5.987346, 37.385519],
            [-5.987351, 37.385531],
            [-5.987361, 37.385544],
            [-5.987376, 37.385561],
            [-5.987395, 37.385577],
            [-5.987416, 37.385596],
            [-5.987445, 37.385623],
            [-5.987479, 37.385654],
            [-5.987487, 37.385658],
            [-5.987496, 37.38566],
            [-5.987505, 37.385661],
            [-5.987516, 37.385661],
            [-5.987528, 37.385659],
            [-5.987539, 37.385679],
            [-5.987545, 37.385687],
            [-5.987651, 37.385803],
            [-5.98778, 37.385909],
            [-5.987868, 37.38596],
            [-5.987939, 37.385936],
            [-5.988039, 37.386013],
            [-5.988307, 37.386281],
            [-5.988464, 37.386433],
            [-5.988448, 37.386448],
            [-5.988416, 37.386522],
            [-5.988463, 37.386535],
            [-5.98852, 37.386577],
            [-5.988687, 37.386728],
            [-5.988744, 37.386767],
            [-5.988808, 37.386811],
            [-5.988982, 37.386921],
            [-5.9891, 37.386988],
            [-5.989322, 37.387133],
            [-5.989348, 37.387154],
            [-5.989382, 37.387181],
            [-5.989577, 37.387525],
            [-5.989953, 37.387744],
            [-5.990285, 37.38797],
            [-5.990364, 37.388025],
            [-5.990479, 37.388087],
            [-5.990569, 37.388125],
            [-5.990659, 37.388155],
            [-5.990898, 37.388209],
            [-5.990913, 37.388281],
            [-5.991103, 37.388325],
            [-5.991122, 37.38833],
            [-5.991166, 37.38833],
            [-5.991127, 37.388359],
            [-5.991099, 37.388479],
            [-5.99102, 37.388523],
            [-5.990955, 37.388555],
            [-5.990839, 37.388611],
            [-5.990629, 37.388717],
            [-5.990607, 37.388728],
            [-5.990553, 37.388764],
            [-5.990546, 37.388806],
            [-5.99053, 37.388817],
            [-5.990499, 37.388832],
            [-5.990469, 37.388877],
            [-5.990427, 37.388963],
            [-5.990383, 37.389062],
            [-5.990373, 37.389077],
            [-5.990325, 37.389146],
            [-5.990229, 37.389255],
            [-5.990122, 37.389373],
            [-5.990067, 37.389418],
            [-5.989693, 37.389496],
            [-5.989575, 37.389503],
            [-5.989424, 37.389492],
            [-5.989305, 37.389521],
            [-5.989226, 37.389548],
            [-5.989134, 37.389641],
            [-5.98901, 37.389792],
            [-5.988998, 37.389824],
            [-5.988987, 37.389854],
            [-5.988923, 37.389845],
            [-5.988662, 37.389877],
            [-5.988438, 37.389915],
            [-5.988418, 37.389917],
            [-5.988454, 37.390026],
            [-5.988335, 37.390254],
            [-5.988295, 37.390455],
            [-5.988268, 37.390569],
            [-5.988353, 37.390592],
            [-5.988555, 37.390732],
            [-5.988672, 37.390798],
            [-5.98888, 37.390926],
            [-5.988974, 37.390986],
            [-5.988861, 37.391162],
            [-5.988841, 37.391224],
            [-5.988291, 37.391254],
            [-5.988168, 37.391247],
            [-5.987605, 37.391058],
            [-5.98742, 37.390948],
            [-5.987165, 37.390809],
            [-5.987044, 37.390732],
            [-5.986889, 37.39086],
            [-5.986555, 37.391124],
            [-5.986501, 37.391177],
            [-5.986429, 37.391235],
            [-5.9862, 37.391347],
            [-5.986183, 37.391342],
            [-5.985955, 37.391127],
            [-5.985697, 37.390909],
            [-5.985551, 37.390777],
            [-5.985489, 37.390713],
            [-5.984888, 37.390572],
            [-5.984825, 37.39056],
            [-5.984119, 37.390477]
          ]
        ]
      }
    },
    {
      "type": "Feature",
      "properties": {
        "id": "san-bernardo",
        "name": "San Bernardo",
        "cityId": "sevilla"
      },
      "geometry": {
        "type": "Polygon",
        "coordinates": [
          [
            [-5.98157, 37.384331],
            [-5.980457, 37.384236],
            [-5.98092, 37.383209],
            [-5.981136, 37.383229],
            [-5.981154, 37.383102],
            [-5.981183, 37.383086],
            [-5.981216, 37.382848],
            [-5.981298, 37.382247],
            [-5.981317, 37.382097],
            [-5.981373, 37.38177],
            [-5.981845, 37.381788],
            [-5.982121, 37.381776],
            [-5.982232, 37.381764],
            [-5.982267, 37.381627],
            [-5.982168, 37.381521],
            [-5.981764, 37.381158],
            [-5.981321, 37.380729],
            [-5.981033, 37.380471],
            [-5.980421, 37.379912],
            [-5.980376, 37.3799],
            [-5.980316, 37.379899],
            [-5.980202, 37.379899],
            [-5.9798, 37.379895],
            [-5.97982, 37.37949],
            [-5.979827, 37.379377],
            [-5.979855, 37.378858],
            [-5.981291, 37.379217],
            [-5.98134, 37.37923],
            [-5.982307, 37.37948],
            [-5.983046, 37.379683],
            [-5.983217, 37.37973],
            [-5.983658, 37.37985],
            [-5.983976, 37.379938],
            [-5.984321, 37.38003],
            [-5.984667, 37.38012],
            [-5.986995, 37.380743],
            [-5.987489, 37.380875],
            [-5.988489, 37.381147],
            [-5.988148, 37.381757],
            [-5.988063, 37.381902],
            [-5.987922, 37.38215],
            [-5.987651, 37.382619],
            [-5.987547, 37.382859],
            [-5.987348, 37.383226],
            [-5.987134, 37.383645],
            [-5.986829, 37.384245],
            [-5.986584, 37.384715],
            [-5.986336, 37.385191],
            [-5.9861, 37.385645],
            [-5.985351, 37.385337],
            [-5.98484, 37.385115],
            [-5.984829, 37.38511],
            [-5.98448, 37.384956],
            [-5.984277, 37.384867],
            [-5.983976, 37.384749],
            [-5.983681, 37.384683],
            [-5.983408, 37.38463],
            [-5.983073, 37.384569],
            [-5.982577, 37.384478],
            [-5.982082, 37.384387],
            [-5.98157, 37.384331]
          ]
        ]
      }
    },
    {
      "type": "Feature",
      "properties": {
        "id": "san-carlos-tartessos",
        "name": "San Carlos-tartessos",
        "cityId": "sevilla"
      },
      "geometry": {
        "type": "Polygon",
        "coordinates": [
          [
            [-5.970261, 37.399698],
            [-5.969623, 37.398565],
            [-5.970085, 37.398253],
            [-5.970945, 37.397779],
            [-5.971269, 37.397534],
            [-5.971545, 37.397296],
            [-5.971661, 37.397196],
            [-5.971984, 37.396936],
            [-5.972455, 37.396503],
            [-5.972694, 37.396304],
            [-5.972948, 37.396077],
            [-5.973208, 37.396644],
            [-5.97323, 37.396692],
            [-5.973253, 37.396742],
            [-5.973411, 37.397085],
            [-5.973202, 37.397113],
            [-5.97317, 37.397117],
            [-5.972869, 37.397202],
            [-5.973328, 37.397998],
            [-5.973765, 37.397845],
            [-5.974009, 37.398369],
            [-5.973405, 37.398576],
            [-5.973582, 37.398765],
            [-5.973807, 37.399149],
            [-5.973861, 37.399254],
            [-5.973508, 37.39937],
            [-5.973435, 37.399406],
            [-5.973352, 37.399469],
            [-5.973275, 37.399534],
            [-5.973214, 37.399616],
            [-5.97314, 37.399874],
            [-5.973081, 37.400141],
            [-5.973037, 37.400317],
            [-5.973022, 37.400359],
            [-5.972988, 37.400417],
            [-5.972949, 37.400466],
            [-5.97288, 37.400526],
            [-5.972798, 37.400579],
            [-5.972723, 37.400609],
            [-5.972656, 37.400626],
            [-5.972461, 37.400672],
            [-5.971747, 37.400836],
            [-5.971053, 37.401071],
            [-5.970588, 37.400281],
            [-5.970261, 37.399698]
          ]
        ]
      }
    },
    {
      "type": "Feature",
      "properties": {
        "id": "san-diego",
        "name": "San Diego",
        "cityId": "sevilla"
      },
      "geometry": {
        "type": "Polygon",
        "coordinates": [
          [
            [-5.966457, 37.41396],
            [-5.966456, 37.413958],
            [-5.966407, 37.413871],
            [-5.966288, 37.413755],
            [-5.965974, 37.413511],
            [-5.965654, 37.413282],
            [-5.964976, 37.412814],
            [-5.965582, 37.412438],
            [-5.966221, 37.412032],
            [-5.966586, 37.411796],
            [-5.966599, 37.411788],
            [-5.966612, 37.411779],
            [-5.966625, 37.411771],
            [-5.966638, 37.411762],
            [-5.966651, 37.411753],
            [-5.966665, 37.411745],
            [-5.966678, 37.411737],
            [-5.966692, 37.411729],
            [-5.966705, 37.411721],
            [-5.96672, 37.411714],
            [-5.966734, 37.411706],
            [-5.966763, 37.411692],
            [-5.966778, 37.411685],
            [-5.966793, 37.411679],
            [-5.966807, 37.411672],
            [-5.966823, 37.411666],
            [-5.966838, 37.41166],
            [-5.966854, 37.411655],
            [-5.96687, 37.41165],
            [-5.967016, 37.411606],
            [-5.967281, 37.411461],
            [-5.967846, 37.410995],
            [-5.967886, 37.410962],
            [-5.968283, 37.410632],
            [-5.968738, 37.410269],
            [-5.968808, 37.410212],
            [-5.969169, 37.409917],
            [-5.969678, 37.409508],
            [-5.970409, 37.408902],
            [-5.970621, 37.408599],
            [-5.970761, 37.408481],
            [-5.970876, 37.40871],
            [-5.97094, 37.408827],
            [-5.971094, 37.409098],
            [-5.971176, 37.409263],
            [-5.971252, 37.409415],
            [-5.971328, 37.409573],
            [-5.971474, 37.409866],
            [-5.971567, 37.410069],
            [-5.971604, 37.410149],
            [-5.971691, 37.41035],
            [-5.971739, 37.410485],
            [-5.97174, 37.410535],
            [-5.971666, 37.410664],
            [-5.97143, 37.410952],
            [-5.971032, 37.411562],
            [-5.970858, 37.411829],
            [-5.970805, 37.41191],
            [-5.970543, 37.412311],
            [-5.970386, 37.412552],
            [-5.970331, 37.412622],
            [-5.970286, 37.41268],
            [-5.970256, 37.412709],
            [-5.970153, 37.412833],
            [-5.969838, 37.413129],
            [-5.969508, 37.41344],
            [-5.969298, 37.413657],
            [-5.96923, 37.413728],
            [-5.969058, 37.41391],
            [-5.968944, 37.414055],
            [-5.968758, 37.414301],
            [-5.9687, 37.414376],
            [-5.968574, 37.41428],
            [-5.96831, 37.414515],
            [-5.968182, 37.414436],
            [-5.967886, 37.414675],
            [-5.967605, 37.414463],
            [-5.967541, 37.414386],
            [-5.966936, 37.413895],
            [-5.966823, 37.413812],
            [-5.966708, 37.413884],
            [-5.966618, 37.413914],
            [-5.966457, 37.41396]
          ]
        ]
      }
    },
    {
      "type": "Feature",
      "properties": {
        "id": "san-gil",
        "name": "San Gil",
        "cityId": "sevilla"
      },
      "geometry": {
        "type": "Polygon",
        "coordinates": [
          [
            [-5.987841, 37.403072],
            [-5.98738, 37.402841],
            [-5.986032, 37.402054],
            [-5.985873, 37.401921],
            [-5.985675, 37.401635],
            [-5.985614, 37.401533],
            [-5.985306, 37.401012],
            [-5.985246, 37.400904],
            [-5.985181, 37.400781],
            [-5.984907, 37.400517],
            [-5.984679, 37.400287],
            [-5.985068, 37.400034],
            [-5.985418, 37.400207],
            [-5.985608, 37.400295],
            [-5.985687, 37.400329],
            [-5.985807, 37.400373],
            [-5.985818, 37.40042],
            [-5.985892, 37.400641],
            [-5.986653, 37.400709],
            [-5.986636, 37.400508],
            [-5.98663, 37.400207],
            [-5.986646, 37.399936],
            [-5.986642, 37.399687],
            [-5.987135, 37.399747],
            [-5.987394, 37.399803],
            [-5.987369, 37.400063],
            [-5.987361, 37.400238],
            [-5.987758, 37.400265],
            [-5.988058, 37.400283],
            [-5.988266, 37.400284],
            [-5.988555, 37.40026],
            [-5.9885, 37.400071],
            [-5.988743, 37.40001],
            [-5.988922, 37.399967],
            [-5.989094, 37.399939],
            [-5.98917, 37.399935],
            [-5.989208, 37.400513],
            [-5.989271, 37.400507],
            [-5.98936, 37.40051],
            [-5.989483, 37.400505],
            [-5.989798, 37.400493],
            [-5.989852, 37.400488],
            [-5.989889, 37.400484],
            [-5.990124, 37.400448],
            [-5.990157, 37.400443],
            [-5.990289, 37.40042],
            [-5.99036, 37.400405],
            [-5.990518, 37.400339],
            [-5.990542, 37.400339],
            [-5.990927, 37.400326],
            [-5.991241, 37.400315],
            [-5.991772, 37.400299],
            [-5.991856, 37.400297],
            [-5.992123, 37.400288],
            [-5.992342, 37.40028],
            [-5.99242, 37.400281],
            [-5.992949, 37.400284],
            [-5.99319, 37.400272],
            [-5.993226, 37.400262],
            [-5.993279, 37.400233],
            [-5.993464, 37.400563],
            [-5.993707, 37.400453],
            [-5.993737, 37.400461],
            [-5.993805, 37.400462],
            [-5.993906, 37.400457],
            [-5.993918, 37.400451],
            [-5.993936, 37.400448],
            [-5.993948, 37.400447],
            [-5.993962, 37.400449],
            [-5.994213, 37.400532],
            [-5.994271, 37.400551],
            [-5.994763, 37.400714],
            [-5.995051, 37.400806],
            [-5.995065, 37.400811],
            [-5.995366, 37.400908],
            [-5.996021, 37.401105],
            [-5.996243, 37.401171],
            [-5.996584, 37.401219],
            [-5.996549, 37.401299],
            [-5.996377, 37.401671],
            [-5.996258, 37.401941],
            [-5.996023, 37.401859],
            [-5.995938, 37.402052],
            [-5.99539, 37.401945],
            [-5.995282, 37.401924],
            [-5.994946, 37.402358],
            [-5.994739, 37.402625],
            [-5.994749, 37.402646],
            [-5.994803, 37.402746],
            [-5.99491, 37.402932],
            [-5.994528, 37.403373],
            [-5.994293, 37.403644],
            [-5.993725, 37.403579],
            [-5.993024, 37.403479],
            [-5.992557, 37.40342],
            [-5.991767, 37.403307],
            [-5.991113, 37.403224],
            [-5.990951, 37.403204],
            [-5.99077, 37.403179],
            [-5.990506, 37.403142],
            [-5.98973, 37.403034],
            [-5.989522, 37.403043],
            [-5.989232, 37.403056],
            [-5.988205, 37.403105],
            [-5.988058, 37.403102],
            [-5.987946, 37.403097],
            [-5.987841, 37.403072]
          ]
        ]
      }
    },
    {
      "type": "Feature",
      "properties": {
        "id": "san-jeronimo",
        "name": "San Jeronimo",
        "cityId": "sevilla"
      },
      "geometry": {
        "type": "Polygon",
        "coordinates": [
          [
            [-5.988406, 37.41333],
            [-5.98901, 37.413318],
            [-5.989685, 37.413333],
            [-5.990489, 37.413344],
            [-5.990184, 37.413978],
            [-5.98995, 37.414345],
            [-5.989547, 37.415418],
            [-5.989256, 37.416397],
            [-5.989003, 37.417559],
            [-5.988862, 37.41864],
            [-5.988846, 37.419726],
            [-5.988867, 37.420846],
            [-5.988954, 37.421561],
            [-5.98935, 37.422339],
            [-5.98962, 37.422732],
            [-5.989726, 37.422887],
            [-5.990227, 37.423437],
            [-5.988001, 37.425691],
            [-5.987731, 37.425996],
            [-5.987359, 37.426435],
            [-5.986953, 37.426915],
            [-5.986832, 37.427039],
            [-5.986632, 37.427243],
            [-5.986532, 37.427091],
            [-5.986145, 37.42763],
            [-5.985637, 37.428291],
            [-5.984954, 37.429163],
            [-5.98485, 37.429297],
            [-5.984035, 37.430355],
            [-5.983986, 37.430421],
            [-5.983341, 37.431236],
            [-5.982851, 37.431877],
            [-5.982565, 37.432252],
            [-5.982329, 37.432543],
            [-5.982066, 37.432706],
            [-5.981811, 37.432876],
            [-5.98153, 37.433061],
            [-5.981247, 37.433248],
            [-5.980947, 37.433412],
            [-5.980622, 37.433577],
            [-5.980345, 37.433703],
            [-5.980028, 37.433832],
            [-5.979664, 37.433967],
            [-5.979734, 37.433535],
            [-5.979858, 37.432803],
            [-5.979979, 37.432334],
            [-5.980079, 37.431851],
            [-5.980202, 37.431466],
            [-5.980244, 37.431332],
            [-5.980466, 37.430643],
            [-5.980515, 37.430495],
            [-5.980529, 37.430443],
            [-5.980764, 37.429723],
            [-5.981097, 37.428643],
            [-5.981456, 37.42754],
            [-5.981715, 37.426736],
            [-5.981975, 37.425915],
            [-5.981979, 37.425902],
            [-5.982128, 37.425388],
            [-5.982174, 37.425234],
            [-5.98227, 37.42485],
            [-5.982348, 37.42455],
            [-5.9824, 37.424299],
            [-5.98249, 37.423627],
            [-5.982507, 37.423478],
            [-5.982595, 37.422864],
            [-5.982682, 37.422216],
            [-5.982737, 37.42193],
            [-5.982852, 37.421809],
            [-5.983143, 37.421367],
            [-5.983244, 37.421229],
            [-5.983199, 37.421188],
            [-5.984105, 37.419827],
            [-5.984453, 37.419304],
            [-5.984866, 37.418681],
            [-5.984957, 37.418548],
            [-5.985521, 37.417699],
            [-5.985902, 37.417129],
            [-5.985993, 37.416991],
            [-5.986078, 37.416863],
            [-5.986163, 37.416733],
            [-5.986216, 37.416654],
            [-5.986281, 37.416563],
            [-5.986322, 37.4165],
            [-5.986381, 37.416412],
            [-5.986436, 37.416331],
            [-5.986473, 37.416274],
            [-5.986505, 37.416226],
            [-5.987097, 37.41534],
            [-5.987549, 37.414657],
            [-5.98814, 37.413983],
            [-5.988175, 37.413882],
            [-5.988197, 37.413835],
            [-5.988228, 37.413769],
            [-5.988264, 37.413706],
            [-5.988399, 37.41346],
            [-5.988406, 37.41333]
          ]
        ]
      }
    },
    {
      "type": "Feature",
      "properties": {
        "id": "san-jose-obrero",
        "name": "San Jose Obrero",
        "cityId": "sevilla"
      },
      "geometry": {
        "type": "Polygon",
        "coordinates": [
          [
            [-5.972948, 37.396077],
            [-5.973713, 37.395394],
            [-5.973343, 37.395099],
            [-5.973642, 37.394882],
            [-5.973803, 37.39476],
            [-5.973913, 37.394673],
            [-5.974324, 37.394349],
            [-5.974891, 37.393897],
            [-5.97551, 37.393402],
            [-5.975649, 37.393295],
            [-5.975748, 37.39322],
            [-5.975851, 37.393137],
            [-5.976461, 37.392646],
            [-5.976704, 37.392458],
            [-5.977001, 37.392219],
            [-5.977107, 37.392135],
            [-5.977197, 37.392054],
            [-5.97722, 37.392022],
            [-5.977228, 37.391979],
            [-5.977215, 37.391917],
            [-5.977372, 37.391875],
            [-5.977869, 37.391766],
            [-5.9783, 37.391762],
            [-5.978411, 37.39165],
            [-5.978522, 37.391543],
            [-5.978535, 37.391533],
            [-5.978631, 37.391463],
            [-5.978839, 37.391297],
            [-5.97895, 37.391201],
            [-5.979985, 37.391687],
            [-5.981057, 37.392169],
            [-5.981059, 37.39217],
            [-5.982072, 37.392645],
            [-5.982221, 37.392712],
            [-5.982352, 37.392765],
            [-5.982915, 37.392865],
            [-5.983118, 37.392893],
            [-5.983071, 37.392972],
            [-5.982488, 37.393534],
            [-5.982371, 37.393617],
            [-5.982272, 37.393688],
            [-5.981974, 37.394121],
            [-5.981468, 37.394797],
            [-5.981232, 37.395121],
            [-5.981197, 37.39517],
            [-5.98108, 37.395237],
            [-5.980875, 37.395353],
            [-5.979493, 37.396141],
            [-5.978583, 37.396659],
            [-5.97836, 37.396767],
            [-5.978141, 37.396873],
            [-5.978097, 37.396893],
            [-5.9778, 37.397003],
            [-5.977244, 37.397212],
            [-5.976929, 37.397331],
            [-5.976597, 37.397457],
            [-5.976319, 37.397562],
            [-5.976029, 37.397671],
            [-5.975926, 37.397707],
            [-5.975534, 37.397844],
            [-5.975182, 37.397967],
            [-5.97512, 37.397989],
            [-5.975077, 37.398004],
            [-5.975012, 37.398026],
            [-5.974241, 37.39829],
            [-5.974009, 37.398369],
            [-5.973765, 37.397845],
            [-5.973328, 37.397998],
            [-5.972869, 37.397202],
            [-5.97317, 37.397117],
            [-5.973202, 37.397113],
            [-5.973411, 37.397085],
            [-5.973253, 37.396742],
            [-5.97323, 37.396692],
            [-5.973208, 37.396644],
            [-5.972948, 37.396077]
          ]
        ]
      }
    },
    {
      "type": "Feature",
      "properties": {
        "id": "san-julian",
        "name": "San Julian",
        "cityId": "sevilla"
      },
      "geometry": {
        "type": "Polygon",
        "coordinates": [
          [
            [-5.984679, 37.400287],
            [-5.984424, 37.400053],
            [-5.984114, 37.399887],
            [-5.984096, 37.399878],
            [-5.983754, 37.399718],
            [-5.983392, 37.39955],
            [-5.982882, 37.399363],
            [-5.982405, 37.399165],
            [-5.98211, 37.399002],
            [-5.981984, 37.398911],
            [-5.981915, 37.398862],
            [-5.981743, 37.398676],
            [-5.981651, 37.398515],
            [-5.98162, 37.398462],
            [-5.981564, 37.39819],
            [-5.981494, 37.397883],
            [-5.981449, 37.397582],
            [-5.981452, 37.397445],
            [-5.981459, 37.397299],
            [-5.981531, 37.397148],
            [-5.981801, 37.396758],
            [-5.98223, 37.397041],
            [-5.982502, 37.396907],
            [-5.982741, 37.396771],
            [-5.98289, 37.396662],
            [-5.983153, 37.396512],
            [-5.983275, 37.396448],
            [-5.983649, 37.396261],
            [-5.984002, 37.396076],
            [-5.984444, 37.39584],
            [-5.984688, 37.395708],
            [-5.985023, 37.395526],
            [-5.985271, 37.395779],
            [-5.985359, 37.395695],
            [-5.985411, 37.395637],
            [-5.985459, 37.395593],
            [-5.985546, 37.395526],
            [-5.985667, 37.395453],
            [-5.985936, 37.395286],
            [-5.986045, 37.395217],
            [-5.986271, 37.395073],
            [-5.986462, 37.394984],
            [-5.986514, 37.394878],
            [-5.986975, 37.394824],
            [-5.987284, 37.394781],
            [-5.987343, 37.39478],
            [-5.987397, 37.394784],
            [-5.987796, 37.394826],
            [-5.987985, 37.394832],
            [-5.987967, 37.394863],
            [-5.987941, 37.394949],
            [-5.987932, 37.394996],
            [-5.987932, 37.395067],
            [-5.987963, 37.395383],
            [-5.987971, 37.395455],
            [-5.98797, 37.395523],
            [-5.98791, 37.395844],
            [-5.987861, 37.396077],
            [-5.987844, 37.396194],
            [-5.987821, 37.396351],
            [-5.987808, 37.396465],
            [-5.987792, 37.396915],
            [-5.987785, 37.396952],
            [-5.987803, 37.397072],
            [-5.987809, 37.39711],
            [-5.987839, 37.397304],
            [-5.987842, 37.397326],
            [-5.987859, 37.397455],
            [-5.9879, 37.397878],
            [-5.988006, 37.398335],
            [-5.988008, 37.398343],
            [-5.988109, 37.398711],
            [-5.988133, 37.398832],
            [-5.988163, 37.398906],
            [-5.988221, 37.39905],
            [-5.988269, 37.399167],
            [-5.988315, 37.399425],
            [-5.988333, 37.399492],
            [-5.988375, 37.399649],
            [-5.9885, 37.400071],
            [-5.988555, 37.40026],
            [-5.988266, 37.400284],
            [-5.988058, 37.400283],
            [-5.987758, 37.400265],
            [-5.987361, 37.400238],
            [-5.987369, 37.400063],
            [-5.987394, 37.399803],
            [-5.987135, 37.399747],
            [-5.986642, 37.399687],
            [-5.986646, 37.399936],
            [-5.98663, 37.400207],
            [-5.986636, 37.400508],
            [-5.986653, 37.400709],
            [-5.985892, 37.400641],
            [-5.985818, 37.40042],
            [-5.985807, 37.400373],
            [-5.985687, 37.400329],
            [-5.985608, 37.400295],
            [-5.985418, 37.400207],
            [-5.985068, 37.400034],
            [-5.984679, 37.400287]
          ]
        ]
      }
    },
    {
      "type": "Feature",
      "properties": {
        "id": "san-lorenzo",
        "name": "San Lorenzo",
        "cityId": "sevilla"
      },
      "geometry": {
        "type": "Polygon",
        "coordinates": [
          [
            [-5.994293, 37.403644],
            [-5.994528, 37.403373],
            [-5.99491, 37.402932],
            [-5.994803, 37.402746],
            [-5.994749, 37.402646],
            [-5.994739, 37.402625],
            [-5.994946, 37.402358],
            [-5.995282, 37.401924],
            [-5.99539, 37.401945],
            [-5.995938, 37.402052],
            [-5.996023, 37.401859],
            [-5.996258, 37.401941],
            [-5.996377, 37.401671],
            [-5.996549, 37.401299],
            [-5.996584, 37.401219],
            [-5.996243, 37.401171],
            [-5.996021, 37.401105],
            [-5.995366, 37.400908],
            [-5.995065, 37.400811],
            [-5.995051, 37.400806],
            [-5.994763, 37.400714],
            [-5.994271, 37.400551],
            [-5.994213, 37.400532],
            [-5.993962, 37.400449],
            [-5.993948, 37.400447],
            [-5.993936, 37.400448],
            [-5.993918, 37.400451],
            [-5.993906, 37.400457],
            [-5.993805, 37.400462],
            [-5.993737, 37.400461],
            [-5.993707, 37.400453],
            [-5.993689, 37.400435],
            [-5.993686, 37.400414],
            [-5.993692, 37.400368],
            [-5.993781, 37.399861],
            [-5.993883, 37.399302],
            [-5.993971, 37.398796],
            [-5.994095, 37.39805],
            [-5.994104, 37.398011],
            [-5.994128, 37.397872],
            [-5.994148, 37.397765],
            [-5.994194, 37.397531],
            [-5.994304, 37.39691],
            [-5.99431, 37.396887],
            [-5.994303, 37.396866],
            [-5.994365, 37.39688],
            [-5.994577, 37.396488],
            [-5.994942, 37.396577],
            [-5.995386, 37.396687],
            [-5.995397, 37.396689],
            [-5.995405, 37.396691],
            [-5.995633, 37.396732],
            [-5.995977, 37.396797],
            [-5.996393, 37.396867],
            [-5.996412, 37.396871],
            [-5.996457, 37.396894],
            [-5.996861, 37.396966],
            [-5.996933, 37.39698],
            [-5.996967, 37.396986],
            [-5.99698, 37.396988],
            [-5.996986, 37.39699],
            [-5.996996, 37.396993],
            [-5.996996, 37.396993],
            [-5.997155, 37.397024],
            [-5.997638, 37.397127],
            [-5.99768, 37.397144],
            [-5.997731, 37.397164],
            [-5.998319, 37.397252],
            [-5.998341, 37.397261],
            [-5.998369, 37.397273],
            [-5.998661, 37.397323],
            [-5.998944, 37.397363],
            [-5.998811, 37.397845],
            [-5.998766, 37.398011],
            [-5.99928, 37.398094],
            [-5.999479, 37.398117],
            [-5.999631, 37.398161],
            [-6.000098, 37.398367],
            [-6.000467, 37.398547],
            [-6.002021, 37.399296],
            [-6.001547, 37.399818],
            [-6.001059, 37.400383],
            [-6.000516, 37.401001],
            [-5.999592, 37.401977],
            [-5.99884, 37.402821],
            [-5.997286, 37.404359],
            [-5.997182, 37.4043],
            [-5.997016, 37.404205],
            [-5.996921, 37.404152],
            [-5.996775, 37.404068],
            [-5.996669, 37.404009],
            [-5.996506, 37.403915],
            [-5.996217, 37.40375],
            [-5.995897, 37.403571],
            [-5.995785, 37.403507],
            [-5.995703, 37.403437],
            [-5.995667, 37.403401],
            [-5.995617, 37.403432],
            [-5.995323, 37.403754],
            [-5.995307, 37.403792],
            [-5.994293, 37.403644]
          ]
        ]
      }
    },
    {
      "type": "Feature",
      "properties": {
        "id": "san-matias",
        "name": "San Matias",
        "cityId": "sevilla"
      },
      "geometry": {
        "type": "Polygon",
        "coordinates": [
          [
            [-5.967152, 37.403121],
            [-5.967897, 37.403077],
            [-5.969098, 37.402984],
            [-5.969008, 37.403396],
            [-5.968984, 37.403504],
            [-5.968939, 37.403633],
            [-5.968884, 37.403781],
            [-5.968786, 37.404191],
            [-5.968749, 37.404331],
            [-5.968733, 37.404445],
            [-5.968723, 37.404556],
            [-5.968725, 37.404619],
            [-5.968734, 37.404755],
            [-5.968776, 37.404936],
            [-5.968507, 37.404771],
            [-5.968072, 37.40398],
            [-5.967713, 37.404066],
            [-5.966866, 37.404582],
            [-5.966486, 37.404753],
            [-5.966265, 37.404815],
            [-5.966205, 37.404854],
            [-5.966114, 37.404638],
            [-5.966071, 37.404568],
            [-5.966065, 37.404553],
            [-5.966063, 37.404538],
            [-5.966063, 37.404524],
            [-5.966064, 37.404509],
            [-5.966064, 37.404494],
            [-5.966063, 37.404479],
            [-5.966062, 37.404464],
            [-5.966062, 37.404449],
            [-5.966063, 37.404434],
            [-5.966065, 37.404419],
            [-5.966067, 37.404406],
            [-5.966071, 37.404393],
            [-5.966075, 37.404381],
            [-5.966081, 37.404369],
            [-5.966088, 37.404357],
            [-5.966099, 37.404343],
            [-5.966111, 37.40433],
            [-5.966124, 37.404318],
            [-5.966138, 37.404307],
            [-5.966153, 37.404296],
            [-5.96649, 37.40407],
            [-5.966956, 37.403754],
            [-5.967168, 37.403616],
            [-5.967182, 37.403606],
            [-5.967194, 37.403596],
            [-5.967205, 37.403585],
            [-5.967214, 37.403573],
            [-5.967222, 37.40356],
            [-5.967229, 37.403543],
            [-5.967233, 37.403526],
            [-5.967235, 37.403509],
            [-5.967234, 37.403492],
            [-5.967231, 37.403475],
            [-5.967152, 37.403121]
          ]
        ]
      }
    },
    {
      "type": "Feature",
      "properties": {
        "id": "san-pablo-a-y-b",
        "name": "San Pablo A y B",
        "cityId": "sevilla"
      },
      "geometry": {
        "type": "Polygon",
        "coordinates": [
          [
            [-5.965233, 37.39605],
            [-5.964296, 37.395297],
            [-5.963657, 37.394799],
            [-5.963358, 37.394566],
            [-5.962951, 37.394246],
            [-5.962861, 37.394152],
            [-5.962937, 37.393972],
            [-5.963023, 37.393815],
            [-5.963177, 37.393516],
            [-5.963553, 37.392682],
            [-5.963592, 37.392596],
            [-5.963676, 37.392484],
            [-5.963741, 37.392423],
            [-5.964305, 37.391979],
            [-5.964318, 37.391969],
            [-5.964499, 37.391823],
            [-5.965527, 37.390998],
            [-5.965548, 37.390982],
            [-5.966461, 37.390246],
            [-5.966715, 37.390043],
            [-5.966826, 37.389958],
            [-5.96688, 37.390004],
            [-5.967151, 37.390207],
            [-5.967641, 37.390577],
            [-5.967801, 37.390698],
            [-5.968083, 37.390911],
            [-5.968323, 37.391092],
            [-5.968786, 37.391442],
            [-5.969221, 37.391798],
            [-5.970113, 37.392519],
            [-5.970253, 37.392632],
            [-5.97092, 37.393172],
            [-5.970113, 37.393817],
            [-5.969415, 37.394377],
            [-5.968867, 37.394817],
            [-5.967176, 37.396178],
            [-5.966826, 37.395935],
            [-5.966917, 37.395745],
            [-5.966655, 37.395661],
            [-5.96677, 37.395429],
            [-5.965934, 37.395154],
            [-5.965837, 37.395122],
            [-5.965626, 37.395534],
            [-5.965824, 37.395599],
            [-5.965644, 37.395962],
            [-5.965233, 37.39605]
          ]
        ]
      }
    },
    {
      "type": "Feature",
      "properties": {
        "id": "san-pablo-c",
        "name": "San Pablo C",
        "cityId": "sevilla"
      },
      "geometry": {
        "type": "Polygon",
        "coordinates": [
          [
            [-5.95882, 37.395983],
            [-5.958766, 37.395949],
            [-5.958556, 37.39582],
            [-5.958375, 37.395693],
            [-5.958333, 37.395663],
            [-5.958087, 37.395443],
            [-5.95791, 37.395242],
            [-5.957816, 37.395111],
            [-5.957731, 37.394992],
            [-5.957618, 37.394764],
            [-5.957518, 37.394397],
            [-5.957487, 37.394122],
            [-5.957549, 37.393629],
            [-5.957683, 37.393268],
            [-5.958004, 37.392409],
            [-5.958075, 37.392218],
            [-5.958149, 37.392019],
            [-5.958346, 37.391506],
            [-5.958418, 37.391102],
            [-5.958573, 37.390982],
            [-5.958762, 37.390847],
            [-5.958965, 37.390713],
            [-5.959175, 37.390586],
            [-5.959378, 37.390848],
            [-5.959632, 37.391196],
            [-5.9597, 37.391298],
            [-5.959887, 37.391518],
            [-5.959932, 37.39156],
            [-5.960217, 37.391849],
            [-5.960261, 37.391884],
            [-5.960622, 37.392174],
            [-5.961009, 37.392482],
            [-5.961198, 37.39264],
            [-5.961349, 37.392758],
            [-5.961568, 37.392931],
            [-5.96172, 37.393052],
            [-5.962379, 37.393573],
            [-5.962457, 37.393652],
            [-5.962779, 37.394068],
            [-5.962861, 37.394152],
            [-5.962951, 37.394246],
            [-5.963358, 37.394566],
            [-5.963657, 37.394799],
            [-5.964296, 37.395297],
            [-5.965233, 37.39605],
            [-5.965673, 37.396405],
            [-5.965883, 37.396589],
            [-5.965941, 37.396658],
            [-5.966023, 37.396768],
            [-5.966172, 37.396976],
            [-5.965801, 37.397277],
            [-5.962516, 37.399902],
            [-5.962251, 37.399587],
            [-5.962084, 37.399348],
            [-5.962012, 37.399243],
            [-5.961961, 37.399094],
            [-5.961904, 37.398928],
            [-5.961784, 37.398568],
            [-5.961734, 37.39843],
            [-5.961714, 37.398338],
            [-5.961535, 37.397967],
            [-5.961414, 37.397786],
            [-5.961363, 37.397715],
            [-5.961306, 37.397654],
            [-5.961077, 37.397451],
            [-5.9609, 37.397313],
            [-5.960787, 37.397241],
            [-5.960652, 37.397157],
            [-5.960597, 37.397117],
            [-5.960551, 37.397086],
            [-5.959923, 37.39669],
            [-5.959832, 37.396636],
            [-5.959781, 37.396599],
            [-5.959744, 37.396568],
            [-5.959343, 37.396305],
            [-5.958969, 37.396068],
            [-5.95882, 37.395983]
          ]
        ]
      }
    },
    {
      "type": "Feature",
      "properties": {
        "id": "san-pablo-d-y-e",
        "name": "San Pablo D y E",
        "cityId": "sevilla"
      },
      "geometry": {
        "type": "Polygon",
        "coordinates": [
          [
            [-5.95882, 37.395983],
            [-5.958969, 37.396068],
            [-5.959343, 37.396305],
            [-5.959744, 37.396568],
            [-5.959781, 37.396599],
            [-5.959832, 37.396636],
            [-5.959923, 37.39669],
            [-5.960551, 37.397086],
            [-5.960597, 37.397117],
            [-5.960652, 37.397157],
            [-5.960787, 37.397241],
            [-5.9609, 37.397313],
            [-5.961077, 37.397451],
            [-5.961306, 37.397654],
            [-5.961363, 37.397715],
            [-5.961414, 37.397786],
            [-5.961535, 37.397967],
            [-5.961714, 37.398338],
            [-5.961734, 37.39843],
            [-5.961784, 37.398568],
            [-5.961904, 37.398928],
            [-5.961961, 37.399094],
            [-5.962012, 37.399243],
            [-5.962084, 37.399348],
            [-5.962251, 37.399587],
            [-5.962516, 37.399902],
            [-5.962194, 37.400163],
            [-5.962089, 37.400244],
            [-5.961642, 37.400602],
            [-5.961407, 37.400791],
            [-5.961247, 37.400918],
            [-5.961073, 37.401059],
            [-5.960726, 37.401336],
            [-5.960253, 37.401716],
            [-5.960134, 37.401811],
            [-5.959833, 37.402055],
            [-5.959543, 37.402289],
            [-5.959417, 37.402391],
            [-5.958955, 37.402768],
            [-5.958627, 37.402812],
            [-5.95845, 37.402855],
            [-5.957789, 37.402651],
            [-5.95729, 37.402496],
            [-5.956711, 37.402318],
            [-5.956187, 37.402159],
            [-5.956202, 37.402029],
            [-5.956266, 37.401678],
            [-5.956287, 37.401531],
            [-5.956345, 37.4006],
            [-5.95637, 37.400154],
            [-5.956374, 37.400112],
            [-5.95639, 37.399829],
            [-5.956407, 37.399513],
            [-5.956411, 37.39936],
            [-5.956418, 37.399248],
            [-5.956402, 37.398922],
            [-5.956363, 37.398633],
            [-5.956321, 37.398373],
            [-5.956257, 37.398018],
            [-5.95623, 37.397829],
            [-5.956088, 37.39698],
            [-5.956932, 37.396766],
            [-5.9574, 37.396638],
            [-5.957611, 37.396581],
            [-5.957832, 37.396511],
            [-5.958058, 37.396412],
            [-5.958415, 37.396217],
            [-5.95882, 37.395983]
          ]
        ]
      }
    },
    {
      "type": "Feature",
      "properties": {
        "id": "san-roque",
        "name": "San Roque",
        "cityId": "sevilla"
      },
      "geometry": {
        "type": "Polygon",
        "coordinates": [
          [
            [-5.983118, 37.392893],
            [-5.982915, 37.392865],
            [-5.982352, 37.392765],
            [-5.982221, 37.392712],
            [-5.982072, 37.392645],
            [-5.981059, 37.39217],
            [-5.981057, 37.392169],
            [-5.979985, 37.391687],
            [-5.97895, 37.391201],
            [-5.979003, 37.391161],
            [-5.979158, 37.391034],
            [-5.979393, 37.39084],
            [-5.979891, 37.390422],
            [-5.980968, 37.389535],
            [-5.981389, 37.389181],
            [-5.981481, 37.389093],
            [-5.98173, 37.388834],
            [-5.982251, 37.388263],
            [-5.982328, 37.388111],
            [-5.982465, 37.388187],
            [-5.982433, 37.388227],
            [-5.98278, 37.388404],
            [-5.982802, 37.388379],
            [-5.982841, 37.3884],
            [-5.982902, 37.388441],
            [-5.98334, 37.388674],
            [-5.983409, 37.388709],
            [-5.983491, 37.388771],
            [-5.98359, 37.388846],
            [-5.984229, 37.389084],
            [-5.984477, 37.38919],
            [-5.98444, 37.389279],
            [-5.984282, 37.389666],
            [-5.98422, 37.389817],
            [-5.984196, 37.389957],
            [-5.98418, 37.39005],
            [-5.984119, 37.390477],
            [-5.984088, 37.39089],
            [-5.984083, 37.390966],
            [-5.984088, 37.391351],
            [-5.984093, 37.391691],
            [-5.984091, 37.391849],
            [-5.984088, 37.39215],
            [-5.984074, 37.392749],
            [-5.983994, 37.393067],
            [-5.983601, 37.392966],
            [-5.983118, 37.392893]
          ]
        ]
      }
    },
    {
      "type": "Feature",
      "properties": {
        "id": "san-vicente",
        "name": "San Vicente",
        "cityId": "sevilla"
      },
      "geometry": {
        "type": "Polygon",
        "coordinates": [
          [
            [-6.000098, 37.398367],
            [-5.999631, 37.398161],
            [-5.999479, 37.398117],
            [-5.99928, 37.398094],
            [-5.998766, 37.398011],
            [-5.998811, 37.397845],
            [-5.998944, 37.397363],
            [-5.998661, 37.397323],
            [-5.998369, 37.397273],
            [-5.998341, 37.397261],
            [-5.998319, 37.397252],
            [-5.997731, 37.397164],
            [-5.99768, 37.397144],
            [-5.997638, 37.397127],
            [-5.997155, 37.397024],
            [-5.996996, 37.396993],
            [-5.996996, 37.396993],
            [-5.996986, 37.39699],
            [-5.99698, 37.396988],
            [-5.996967, 37.396986],
            [-5.996933, 37.39698],
            [-5.996861, 37.396966],
            [-5.996457, 37.396894],
            [-5.996412, 37.396871],
            [-5.996393, 37.396867],
            [-5.995977, 37.396797],
            [-5.995633, 37.396732],
            [-5.995405, 37.396691],
            [-5.995397, 37.396689],
            [-5.995395, 37.39667],
            [-5.995419, 37.396589],
            [-5.995407, 37.39655],
            [-5.995442, 37.396387],
            [-5.99558, 37.395858],
            [-5.995584, 37.395843],
            [-5.995701, 37.395359],
            [-5.995758, 37.395037],
            [-5.995766, 37.395018],
            [-5.996423, 37.395122],
            [-5.996569, 37.394959],
            [-5.996578, 37.39495],
            [-5.996589, 37.394946],
            [-5.996611, 37.394942],
            [-5.996628, 37.394945],
            [-5.996665, 37.394952],
            [-5.996666, 37.394961],
            [-5.996669, 37.394964],
            [-5.996674, 37.394967],
            [-5.996682, 37.39497],
            [-5.996714, 37.394977],
            [-5.9972, 37.395064],
            [-5.997192, 37.395111],
            [-5.997553, 37.395164],
            [-5.99762, 37.395172],
            [-5.998146, 37.395236],
            [-5.998169, 37.395233],
            [-5.998293, 37.39451],
            [-5.998396, 37.394112],
            [-5.998964, 37.394167],
            [-5.999556, 37.394232],
            [-5.999557, 37.394204],
            [-5.999729, 37.393101],
            [-6.000033, 37.393167],
            [-6.000099, 37.393182],
            [-6.000399, 37.393234],
            [-6.000611, 37.393256],
            [-6.000953, 37.39329],
            [-6.001256, 37.39332],
            [-6.001456, 37.39334],
            [-6.00154, 37.393349],
            [-6.002267, 37.393277],
            [-6.002742, 37.393251],
            [-6.00364, 37.393161],
            [-6.003943, 37.393134],
            [-6.004427, 37.393101],
            [-6.005137, 37.393036],
            [-6.005216, 37.393025],
            [-6.006473, 37.392971],
            [-6.006463, 37.393029],
            [-6.006278, 37.393707],
            [-6.00616, 37.394128],
            [-6.00604, 37.394533],
            [-6.005925, 37.394791],
            [-6.005714, 37.395098],
            [-6.005106, 37.395879],
            [-6.00412, 37.397141],
            [-6.003732, 37.39759],
            [-6.003129, 37.398191],
            [-6.002021, 37.399296],
            [-6.000467, 37.398547],
            [-6.000098, 37.398367]
          ]
        ]
      }
    },
    {
      "type": "Feature",
      "properties": {
        "id": "santa-aurelia-cantabrico-atlantico-la-romeria",
        "name": "Santa Aurelia-cantabrico-atlantico-la Romeria",
        "cityId": "sevilla"
      },
      "geometry": {
        "type": "Polygon",
        "coordinates": [
          [
            [-5.940967, 37.386421],
            [-5.940965, 37.386382],
            [-5.940971, 37.386227],
            [-5.94099, 37.385879],
            [-5.941046, 37.385508],
            [-5.941106, 37.385216],
            [-5.941257, 37.384812],
            [-5.941428, 37.384367],
            [-5.941626, 37.383792],
            [-5.941942, 37.382963],
            [-5.942091, 37.382581],
            [-5.942229, 37.382148],
            [-5.942338, 37.381843],
            [-5.942464, 37.381534],
            [-5.942583, 37.381206],
            [-5.942648, 37.381025],
            [-5.942783, 37.380634],
            [-5.94289, 37.380331],
            [-5.943123, 37.379731],
            [-5.943397, 37.378914],
            [-5.943597, 37.378309],
            [-5.943888, 37.378399],
            [-5.944234, 37.378485],
            [-5.944803, 37.378613],
            [-5.945307, 37.378697],
            [-5.945799, 37.378736],
            [-5.946298, 37.378704],
            [-5.94677, 37.378651],
            [-5.947292, 37.378626],
            [-5.947845, 37.378574],
            [-5.948961, 37.378482],
            [-5.951434, 37.378271],
            [-5.951647, 37.378167],
            [-5.953343, 37.379417],
            [-5.953881, 37.379809],
            [-5.954138, 37.379969],
            [-5.954064, 37.380606],
            [-5.954012, 37.381017],
            [-5.953933, 37.381654],
            [-5.953931, 37.381668],
            [-5.95381, 37.382649],
            [-5.953792, 37.382782],
            [-5.953733, 37.383245],
            [-5.953674, 37.383702],
            [-5.953607, 37.38415],
            [-5.953554, 37.384624],
            [-5.953487, 37.385078],
            [-5.953434, 37.38557],
            [-5.953436, 37.38562],
            [-5.953456, 37.385678],
            [-5.953521, 37.385841],
            [-5.953492, 37.385849],
            [-5.953398, 37.385864],
            [-5.95332, 37.385861],
            [-5.953274, 37.386262],
            [-5.953247, 37.386523],
            [-5.953684, 37.386555],
            [-5.953613, 37.387117],
            [-5.953396, 37.387104],
            [-5.953099, 37.387085],
            [-5.952854, 37.387072],
            [-5.952606, 37.387056],
            [-5.952324, 37.387037],
            [-5.951339, 37.386976],
            [-5.950832, 37.386944],
            [-5.950454, 37.386919],
            [-5.950409, 37.386917],
            [-5.950059, 37.386894],
            [-5.949471, 37.386854],
            [-5.949288, 37.386846],
            [-5.948909, 37.386826],
            [-5.94834, 37.386788],
            [-5.947084, 37.386719],
            [-5.946388, 37.38668],
            [-5.946121, 37.386665],
            [-5.945784, 37.386647],
            [-5.945357, 37.386626],
            [-5.944509, 37.386586],
            [-5.943628, 37.386546],
            [-5.942875, 37.386512],
            [-5.94203, 37.386471],
            [-5.94103, 37.386422],
            [-5.940967, 37.386421]
          ]
        ]
      }
    },
    {
      "type": "Feature",
      "properties": {
        "id": "santa-catalina",
        "name": "Santa Catalina",
        "cityId": "sevilla"
      },
      "geometry": {
        "type": "Polygon",
        "coordinates": [
          [
            [-5.981801, 37.396758],
            [-5.982453, 37.395872],
            [-5.98246, 37.395862],
            [-5.98279, 37.395405],
            [-5.982989, 37.39513],
            [-5.983281, 37.394725],
            [-5.983399, 37.394562],
            [-5.983635, 37.39422],
            [-5.983649, 37.394182],
            [-5.983742, 37.39393],
            [-5.983817, 37.393728],
            [-5.983994, 37.393067],
            [-5.984074, 37.392749],
            [-5.984088, 37.39215],
            [-5.984091, 37.391849],
            [-5.984093, 37.391691],
            [-5.984088, 37.391351],
            [-5.984083, 37.390966],
            [-5.984088, 37.39089],
            [-5.984119, 37.390477],
            [-5.984825, 37.39056],
            [-5.984888, 37.390572],
            [-5.985489, 37.390713],
            [-5.985551, 37.390777],
            [-5.985697, 37.390909],
            [-5.985955, 37.391127],
            [-5.986183, 37.391342],
            [-5.9862, 37.391347],
            [-5.986429, 37.391235],
            [-5.986501, 37.391177],
            [-5.986555, 37.391124],
            [-5.986889, 37.39086],
            [-5.987044, 37.390732],
            [-5.987165, 37.390809],
            [-5.98742, 37.390948],
            [-5.987605, 37.391058],
            [-5.988168, 37.391247],
            [-5.988291, 37.391254],
            [-5.988841, 37.391224],
            [-5.988805, 37.391409],
            [-5.988795, 37.391466],
            [-5.988792, 37.391524],
            [-5.988758, 37.391622],
            [-5.988692, 37.39188],
            [-5.98868, 37.391979],
            [-5.988614, 37.392347],
            [-5.988593, 37.392449],
            [-5.988502, 37.392895],
            [-5.988444, 37.393009],
            [-5.988401, 37.393121],
            [-5.988253, 37.393327],
            [-5.988215, 37.393381],
            [-5.988184, 37.393552],
            [-5.988197, 37.393563],
            [-5.988205, 37.393586],
            [-5.98821, 37.393625],
            [-5.988233, 37.393775],
            [-5.988236, 37.393789],
            [-5.988236, 37.393826],
            [-5.988226, 37.393944],
            [-5.988212, 37.394068],
            [-5.988201, 37.394171],
            [-5.988171, 37.394323],
            [-5.988137, 37.394459],
            [-5.988084, 37.394632],
            [-5.988009, 37.394788],
            [-5.987985, 37.394832],
            [-5.987796, 37.394826],
            [-5.987397, 37.394784],
            [-5.987343, 37.39478],
            [-5.987284, 37.394781],
            [-5.986975, 37.394824],
            [-5.986514, 37.394878],
            [-5.986462, 37.394984],
            [-5.986271, 37.395073],
            [-5.986045, 37.395217],
            [-5.985936, 37.395286],
            [-5.985667, 37.395453],
            [-5.985546, 37.395526],
            [-5.985459, 37.395593],
            [-5.985411, 37.395637],
            [-5.985359, 37.395695],
            [-5.985271, 37.395779],
            [-5.985023, 37.395526],
            [-5.984688, 37.395708],
            [-5.984444, 37.39584],
            [-5.984002, 37.396076],
            [-5.983649, 37.396261],
            [-5.983275, 37.396448],
            [-5.983153, 37.396512],
            [-5.98289, 37.396662],
            [-5.982741, 37.396771],
            [-5.982502, 37.396907],
            [-5.98223, 37.397041],
            [-5.981801, 37.396758]
          ]
        ]
      }
    },
    {
      "type": "Feature",
      "properties": {
        "id": "santa-clara",
        "name": "Santa Clara",
        "cityId": "sevilla"
      },
      "geometry": {
        "type": "Polygon",
        "coordinates": [
          [
            [-5.940967, 37.386421],
            [-5.94103, 37.386422],
            [-5.94203, 37.386471],
            [-5.942875, 37.386512],
            [-5.943628, 37.386546],
            [-5.944509, 37.386586],
            [-5.945357, 37.386626],
            [-5.945784, 37.386647],
            [-5.946121, 37.386665],
            [-5.946388, 37.38668],
            [-5.947084, 37.386719],
            [-5.94834, 37.386788],
            [-5.948909, 37.386826],
            [-5.949288, 37.386846],
            [-5.949471, 37.386854],
            [-5.950059, 37.386894],
            [-5.950409, 37.386917],
            [-5.950454, 37.386919],
            [-5.950832, 37.386944],
            [-5.951339, 37.386976],
            [-5.952324, 37.387037],
            [-5.952606, 37.387056],
            [-5.952854, 37.387072],
            [-5.953099, 37.387085],
            [-5.953396, 37.387104],
            [-5.953613, 37.387117],
            [-5.953756, 37.387128],
            [-5.953829, 37.38713],
            [-5.954155, 37.387149],
            [-5.954605, 37.387172],
            [-5.954839, 37.387186],
            [-5.955379, 37.387215],
            [-5.955713, 37.387232],
            [-5.956133, 37.387255],
            [-5.95653, 37.387276],
            [-5.956843, 37.387294],
            [-5.956996, 37.387302],
            [-5.957358, 37.387322],
            [-5.957625, 37.387335],
            [-5.95784, 37.387346],
            [-5.95808, 37.387359],
            [-5.958353, 37.38737],
            [-5.958636, 37.387382],
            [-5.958762, 37.387385],
            [-5.958773, 37.387386],
            [-5.958911, 37.38739],
            [-5.959072, 37.387398],
            [-5.959337, 37.387412],
            [-5.959446, 37.387416],
            [-5.959511, 37.387419],
            [-5.959815, 37.387432],
            [-5.960368, 37.387453],
            [-5.960695, 37.387463],
            [-5.96116, 37.387477],
            [-5.961585, 37.387485],
            [-5.961744, 37.387489],
            [-5.96188, 37.387491],
            [-5.961928, 37.387492],
            [-5.962367, 37.387499],
            [-5.963066, 37.387511],
            [-5.963362, 37.387516],
            [-5.963713, 37.38752],
            [-5.963844, 37.387524],
            [-5.964405, 37.38753],
            [-5.964927, 37.387534],
            [-5.965097, 37.387539],
            [-5.965162, 37.387651],
            [-5.965631, 37.388301],
            [-5.965926, 37.388694],
            [-5.966236, 37.389123],
            [-5.966783, 37.389911],
            [-5.966826, 37.389958],
            [-5.966715, 37.390043],
            [-5.966461, 37.390246],
            [-5.965548, 37.390982],
            [-5.965527, 37.390998],
            [-5.964499, 37.391823],
            [-5.964318, 37.391969],
            [-5.964305, 37.391979],
            [-5.963741, 37.392423],
            [-5.963676, 37.392484],
            [-5.963592, 37.392596],
            [-5.963553, 37.392682],
            [-5.963177, 37.393516],
            [-5.963023, 37.393815],
            [-5.962937, 37.393972],
            [-5.962861, 37.394152],
            [-5.962779, 37.394068],
            [-5.962457, 37.393652],
            [-5.962379, 37.393573],
            [-5.96172, 37.393052],
            [-5.961568, 37.392931],
            [-5.961349, 37.392758],
            [-5.961198, 37.39264],
            [-5.961009, 37.392482],
            [-5.960622, 37.392174],
            [-5.960261, 37.391884],
            [-5.960217, 37.391849],
            [-5.959932, 37.39156],
            [-5.959887, 37.391518],
            [-5.9597, 37.391298],
            [-5.959632, 37.391196],
            [-5.959378, 37.390848],
            [-5.959175, 37.390586],
            [-5.958965, 37.390713],
            [-5.958762, 37.390847],
            [-5.958573, 37.390982],
            [-5.958418, 37.391102],
            [-5.958346, 37.391506],
            [-5.958149, 37.392019],
            [-5.958075, 37.392218],
            [-5.958004, 37.392409],
            [-5.957683, 37.393268],
            [-5.957549, 37.393629],
            [-5.957487, 37.394122],
            [-5.957518, 37.394397],
            [-5.957618, 37.394764],
            [-5.957731, 37.394992],
            [-5.957816, 37.395111],
            [-5.95791, 37.395242],
            [-5.958087, 37.395443],
            [-5.958333, 37.395663],
            [-5.958375, 37.395693],
            [-5.958556, 37.39582],
            [-5.958766, 37.395949],
            [-5.95882, 37.395983],
            [-5.958415, 37.396217],
            [-5.958058, 37.396412],
            [-5.957832, 37.396511],
            [-5.957611, 37.396581],
            [-5.9574, 37.396638],
            [-5.956932, 37.396766],
            [-5.956088, 37.39698],
            [-5.95623, 37.397829],
            [-5.956257, 37.398018],
            [-5.956321, 37.398373],
            [-5.956363, 37.398633],
            [-5.956402, 37.398922],
            [-5.956418, 37.399248],
            [-5.956411, 37.39936],
            [-5.956407, 37.399513],
            [-5.95639, 37.399829],
            [-5.956374, 37.400112],
            [-5.95637, 37.400154],
            [-5.956345, 37.4006],
            [-5.956287, 37.401531],
            [-5.956266, 37.401678],
            [-5.956202, 37.402029],
            [-5.956187, 37.402159],
            [-5.956711, 37.402318],
            [-5.95729, 37.402496],
            [-5.957789, 37.402651],
            [-5.95845, 37.402855],
            [-5.958627, 37.402812],
            [-5.958955, 37.402768],
            [-5.958796, 37.4029],
            [-5.957415, 37.403993],
            [-5.956493, 37.404712],
            [-5.955412, 37.405575],
            [-5.95492, 37.40596],
            [-5.954692, 37.40612],
            [-5.954484, 37.406257],
            [-5.954392, 37.406268],
            [-5.954215, 37.406377],
            [-5.954027, 37.406485],
            [-5.953663, 37.406672],
            [-5.953295, 37.406852],
            [-5.952977, 37.406975],
            [-5.952545, 37.407119],
            [-5.952037, 37.407268],
            [-5.951419, 37.407427],
            [-5.950742, 37.407612],
            [-5.95044, 37.407689],
            [-5.950109, 37.407773],
            [-5.949707, 37.407864],
            [-5.949715, 37.407807],
            [-5.949673, 37.407713],
            [-5.949623, 37.407647],
            [-5.94957, 37.407585],
            [-5.94942, 37.407474],
            [-5.949306, 37.407362],
            [-5.949207, 37.407235],
            [-5.949113, 37.407087],
            [-5.94902, 37.406913],
            [-5.948935, 37.406753],
            [-5.948855, 37.406587],
            [-5.948781, 37.406444],
            [-5.948696, 37.406232],
            [-5.948623, 37.406026],
            [-5.94809, 37.404733],
            [-5.947944, 37.404482],
            [-5.947809, 37.40416],
            [-5.947316, 37.402913],
            [-5.947179, 37.402567],
            [-5.947007, 37.402183],
            [-5.9469, 37.401945],
            [-5.946756, 37.401664],
            [-5.946635, 37.401474],
            [-5.946433, 37.401198],
            [-5.946157, 37.400869],
            [-5.945696, 37.400319],
            [-5.945538, 37.40011],
            [-5.945448, 37.399959],
            [-5.945365, 37.399789],
            [-5.945287, 37.399608],
            [-5.94525, 37.399496],
            [-5.945212, 37.399365],
            [-5.945173, 37.399208],
            [-5.945157, 37.399052],
            [-5.945144, 37.398898],
            [-5.945138, 37.398747],
            [-5.945135, 37.398546],
            [-5.945137, 37.39838],
            [-5.945136, 37.398202],
            [-5.945131, 37.397964],
            [-5.945115, 37.397764],
            [-5.945089, 37.397555],
            [-5.945056, 37.397377],
            [-5.945003, 37.397171],
            [-5.94498, 37.397107],
            [-5.944948, 37.397011],
            [-5.944893, 37.396857],
            [-5.944809, 37.396632],
            [-5.944734, 37.396446],
            [-5.944664, 37.396275],
            [-5.94456, 37.39601],
            [-5.944471, 37.395791],
            [-5.944379, 37.395545],
            [-5.944278, 37.39531],
            [-5.944163, 37.395035],
            [-5.944039, 37.39469],
            [-5.943747, 37.394018],
            [-5.943509, 37.3934],
            [-5.943274, 37.392845],
            [-5.943008, 37.392161],
            [-5.942822, 37.391695],
            [-5.942474, 37.39085],
            [-5.942416, 37.390669],
            [-5.942322, 37.390422],
            [-5.942216, 37.390137],
            [-5.942104, 37.389901],
            [-5.941986, 37.389606],
            [-5.941865, 37.389305],
            [-5.941732, 37.389021],
            [-5.941624, 37.388744],
            [-5.941488, 37.38841],
            [-5.941338, 37.388082],
            [-5.941238, 37.387802],
            [-5.941133, 37.387495],
            [-5.941066, 37.387216],
            [-5.941005, 37.386964],
            [-5.940984, 37.3868],
            [-5.940977, 37.386627],
            [-5.940972, 37.386555],
            [-5.940967, 37.386421]
          ]
        ]
      }
    },
    {
      "type": "Feature",
      "properties": {
        "id": "santa-cruz",
        "name": "Santa Cruz",
        "cityId": "sevilla"
      },
      "geometry": {
        "type": "Polygon",
        "coordinates": [
          [
            [-5.991166, 37.38833],
            [-5.991122, 37.38833],
            [-5.991103, 37.388325],
            [-5.990913, 37.388281],
            [-5.990898, 37.388209],
            [-5.990659, 37.388155],
            [-5.990569, 37.388125],
            [-5.990479, 37.388087],
            [-5.990364, 37.388025],
            [-5.990285, 37.38797],
            [-5.989953, 37.387744],
            [-5.989577, 37.387525],
            [-5.989382, 37.387181],
            [-5.989348, 37.387154],
            [-5.989322, 37.387133],
            [-5.9891, 37.386988],
            [-5.988982, 37.386921],
            [-5.988808, 37.386811],
            [-5.988744, 37.386767],
            [-5.988687, 37.386728],
            [-5.98852, 37.386577],
            [-5.988463, 37.386535],
            [-5.988416, 37.386522],
            [-5.988448, 37.386448],
            [-5.988464, 37.386433],
            [-5.988307, 37.386281],
            [-5.988039, 37.386013],
            [-5.987939, 37.385936],
            [-5.987868, 37.38596],
            [-5.98778, 37.385909],
            [-5.987651, 37.385803],
            [-5.987545, 37.385687],
            [-5.987539, 37.385679],
            [-5.987528, 37.385659],
            [-5.987516, 37.385661],
            [-5.987505, 37.385661],
            [-5.987496, 37.38566],
            [-5.987487, 37.385658],
            [-5.987479, 37.385654],
            [-5.987445, 37.385623],
            [-5.987416, 37.385596],
            [-5.987395, 37.385577],
            [-5.987376, 37.385561],
            [-5.987361, 37.385544],
            [-5.987351, 37.385531],
            [-5.987346, 37.385519],
            [-5.987344, 37.385503],
            [-5.987081, 37.385451],
            [-5.986821, 37.385366],
            [-5.986336, 37.385191],
            [-5.986584, 37.384715],
            [-5.986829, 37.384245],
            [-5.987134, 37.383645],
            [-5.987348, 37.383226],
            [-5.987547, 37.382859],
            [-5.987651, 37.382619],
            [-5.987922, 37.38215],
            [-5.988063, 37.381902],
            [-5.988148, 37.381757],
            [-5.988489, 37.381147],
            [-5.991677, 37.375449],
            [-5.993144, 37.375076],
            [-5.993348, 37.37612],
            [-5.993783, 37.376854],
            [-5.994195, 37.377586],
            [-5.994596, 37.378317],
            [-5.995244, 37.379439],
            [-5.995298, 37.379509],
            [-5.995954, 37.380358],
            [-5.996413, 37.380725],
            [-5.997798, 37.382279],
            [-5.997797, 37.382279],
            [-5.996404, 37.38298],
            [-5.995556, 37.383277],
            [-5.995481, 37.383304],
            [-5.995332, 37.383348],
            [-5.995271, 37.383352],
            [-5.994508, 37.383574],
            [-5.994486, 37.38359],
            [-5.994375, 37.383629],
            [-5.994295, 37.383648],
            [-5.994203, 37.38367],
            [-5.993988, 37.383706],
            [-5.993763, 37.384146],
            [-5.993899, 37.38497],
            [-5.993937, 37.385196],
            [-5.994006, 37.385705],
            [-5.994075, 37.386224],
            [-5.994134, 37.386647],
            [-5.994139, 37.386685],
            [-5.994243, 37.387508],
            [-5.994333, 37.38803],
            [-5.994344, 37.388052],
            [-5.994346, 37.388069],
            [-5.994331, 37.388113],
            [-5.994286, 37.388183],
            [-5.994226, 37.38825],
            [-5.994146, 37.388331],
            [-5.994128, 37.388354],
            [-5.994121, 37.388388],
            [-5.994123, 37.388431],
            [-5.994135, 37.388627],
            [-5.994149, 37.388844],
            [-5.994156, 37.388951],
            [-5.994163, 37.38899],
            [-5.994173, 37.389008],
            [-5.994186, 37.389025],
            [-5.994209, 37.389036],
            [-5.994236, 37.389043],
            [-5.994338, 37.389041],
            [-5.99435, 37.389092],
            [-5.994166, 37.389103],
            [-5.994134, 37.389098],
            [-5.994109, 37.389088],
            [-5.994096, 37.389101],
            [-5.994072, 37.38913],
            [-5.994054, 37.389151],
            [-5.99397, 37.389243],
            [-5.993827, 37.389357],
            [-5.993781, 37.389389],
            [-5.993584, 37.389359],
            [-5.993471, 37.389358],
            [-5.993341, 37.389357],
            [-5.993301, 37.389424],
            [-5.993278, 37.389497],
            [-5.993227, 37.389659],
            [-5.992907, 37.389545],
            [-5.992553, 37.389419],
            [-5.99256, 37.389186],
            [-5.992571, 37.389049],
            [-5.992611, 37.388859],
            [-5.992645, 37.388776],
            [-5.992494, 37.388687],
            [-5.992213, 37.388462],
            [-5.992007, 37.388462],
            [-5.991825, 37.388465],
            [-5.991505, 37.388427],
            [-5.991503, 37.388382],
            [-5.991423, 37.388364],
            [-5.991384, 37.388365],
            [-5.991166, 37.38833]
          ]
        ]
      }
    },
    {
      "type": "Feature",
      "properties": {
        "id": "santa-justa-y-rufina-parque-miraflores",
        "name": "Santa Justa y Rufina-parque Miraflores",
        "cityId": "sevilla"
      },
      "geometry": {
        "type": "Polygon",
        "coordinates": [
          [
            [-5.97174, 37.410535],
            [-5.971835, 37.410377],
            [-5.972138, 37.409936],
            [-5.972152, 37.409916],
            [-5.97234, 37.409633],
            [-5.973055, 37.408561],
            [-5.973292, 37.408666],
            [-5.973393, 37.408716],
            [-5.973474, 37.408768],
            [-5.973547, 37.408823],
            [-5.973597, 37.408866],
            [-5.973662, 37.408946],
            [-5.973799, 37.409133],
            [-5.974008, 37.409457],
            [-5.974111, 37.409585],
            [-5.974023, 37.409697],
            [-5.97378, 37.41006],
            [-5.973365, 37.409896],
            [-5.973337, 37.409935],
            [-5.973304, 37.409963],
            [-5.973232, 37.410034],
            [-5.973243, 37.410042],
            [-5.97325, 37.410051],
            [-5.973274, 37.410088],
            [-5.973347, 37.41022],
            [-5.973419, 37.410367],
            [-5.973515, 37.410562],
            [-5.973419, 37.410595],
            [-5.973381, 37.410613],
            [-5.973341, 37.410643],
            [-5.973258, 37.410667],
            [-5.973142, 37.410618],
            [-5.972717, 37.410744],
            [-5.972624, 37.410764],
            [-5.972546, 37.410781],
            [-5.972303, 37.410858],
            [-5.97208, 37.410928],
            [-5.972045, 37.410955],
            [-5.971842, 37.411017],
            [-5.971733, 37.410793],
            [-5.97174, 37.410535]
          ]
        ]
      }
    },
    {
      "type": "Feature",
      "properties": {
        "id": "santa-maria-de-ordas-san-nicolas",
        "name": "Santa Maria de Ordas-san Nicolas",
        "cityId": "sevilla"
      },
      "geometry": {
        "type": "Polygon",
        "coordinates": [
          [
            [-5.972098, 37.403778],
            [-5.972205, 37.403644],
            [-5.972243, 37.403591],
            [-5.972272, 37.403555],
            [-5.97237, 37.403532],
            [-5.972503, 37.40349],
            [-5.972674, 37.403431],
            [-5.972974, 37.40333],
            [-5.973151, 37.403252],
            [-5.973382, 37.403376],
            [-5.973584, 37.403125],
            [-5.973503, 37.403087],
            [-5.973367, 37.402427],
            [-5.973291, 37.402055],
            [-5.973283, 37.401998],
            [-5.973278, 37.401877],
            [-5.973273, 37.40184],
            [-5.973229, 37.4017],
            [-5.97358, 37.401615],
            [-5.974171, 37.401471],
            [-5.974203, 37.401463],
            [-5.974952, 37.40117],
            [-5.975806, 37.400727],
            [-5.976619, 37.40169],
            [-5.976901, 37.401936],
            [-5.977781, 37.402469],
            [-5.977641, 37.402619],
            [-5.977349, 37.402934],
            [-5.977, 37.403309],
            [-5.976964, 37.403348],
            [-5.976963, 37.403349],
            [-5.976911, 37.403405],
            [-5.976393, 37.403935],
            [-5.976163, 37.404185],
            [-5.976154, 37.404195],
            [-5.975926, 37.404438],
            [-5.975726, 37.404651],
            [-5.975679, 37.404701],
            [-5.975551, 37.404837],
            [-5.975273, 37.405104],
            [-5.97505, 37.405353],
            [-5.974927, 37.405288],
            [-5.97347, 37.406324],
            [-5.973415, 37.406231],
            [-5.973339, 37.406044],
            [-5.973344, 37.405916],
            [-5.973288, 37.405794],
            [-5.973215, 37.405618],
            [-5.973054, 37.405236],
            [-5.972884, 37.404796],
            [-5.97307, 37.404752],
            [-5.973293, 37.404667],
            [-5.973474, 37.404518],
            [-5.973157, 37.40435],
            [-5.972098, 37.403778]
          ]
        ]
      }
    },
    {
      "type": "Feature",
      "properties": {
        "id": "sector-sur-la-palmera-reina-mercedes",
        "name": "Sector Sur-la Palmera-reina Mercedes",
        "cityId": "sevilla"
      },
      "geometry": {
        "type": "Polygon",
        "coordinates": [
          [
            [-5.985482, 37.3696],
            [-5.985523, 37.369255],
            [-5.985548, 37.369138],
            [-5.985545, 37.368965],
            [-5.985536, 37.368904],
            [-5.985373, 37.368136],
            [-5.985349, 37.368005],
            [-5.985256, 37.367717],
            [-5.985168, 37.367514],
            [-5.985021, 37.367264],
            [-5.984293, 37.365996],
            [-5.983117, 37.36396],
            [-5.982458, 37.362809],
            [-5.982184, 37.362331],
            [-5.982102, 37.362187],
            [-5.981167, 37.360531],
            [-5.980294, 37.358974],
            [-5.981417, 37.358565],
            [-5.981273, 37.35832],
            [-5.981, 37.357855],
            [-5.981974, 37.357481],
            [-5.982477, 37.357288],
            [-5.983222, 37.356992],
            [-5.983304, 37.35696],
            [-5.983632, 37.356835],
            [-5.985294, 37.356194],
            [-5.985392, 37.356156],
            [-5.985932, 37.355944],
            [-5.98633, 37.355789],
            [-5.986331, 37.355788],
            [-5.986779, 37.35562],
            [-5.987376, 37.355384],
            [-5.987556, 37.355317],
            [-5.987689, 37.355268],
            [-5.988421, 37.354985],
            [-5.988633, 37.354899],
            [-5.988662, 37.354341],
            [-5.988702, 37.35363],
            [-5.988723, 37.353159],
            [-5.988785, 37.352131],
            [-5.988744, 37.352072],
            [-5.988693, 37.352005],
            [-5.988522, 37.351783],
            [-5.988418, 37.351712],
            [-5.988332, 37.351683],
            [-5.988232, 37.351671],
            [-5.988126, 37.351671],
            [-5.988582, 37.351488],
            [-5.988871, 37.351469],
            [-5.989588, 37.35092],
            [-5.989803, 37.350754],
            [-5.990004, 37.35057],
            [-5.990111, 37.350406],
            [-5.990116, 37.350213],
            [-5.990325, 37.350219],
            [-5.992408, 37.350259],
            [-5.992841, 37.350269],
            [-5.992826, 37.351223],
            [-5.99286, 37.353472],
            [-5.992923, 37.355743],
            [-5.992945, 37.357963],
            [-5.992826, 37.360854],
            [-5.992706, 37.363736],
            [-5.992573, 37.36698],
            [-5.992651, 37.368637],
            [-5.99256, 37.368682],
            [-5.992429, 37.368747],
            [-5.99226, 37.368831],
            [-5.991666, 37.369122],
            [-5.991557, 37.369173],
            [-5.991342, 37.369282],
            [-5.99127, 37.369324],
            [-5.991191, 37.369368],
            [-5.991087, 37.369427],
            [-5.99089, 37.369534],
            [-5.990699, 37.369648],
            [-5.990543, 37.369755],
            [-5.990502, 37.369783],
            [-5.990521, 37.369736],
            [-5.990522, 37.369698],
            [-5.990514, 37.369614],
            [-5.990495, 37.36952],
            [-5.990455, 37.369388],
            [-5.990452, 37.369257],
            [-5.989364, 37.369311],
            [-5.989267, 37.36933],
            [-5.989157, 37.369349],
            [-5.989081, 37.369356],
            [-5.989018, 37.369357],
            [-5.988855, 37.369353],
            [-5.98873, 37.369355],
            [-5.988539, 37.369356],
            [-5.9883, 37.369355],
            [-5.988176, 37.369349],
            [-5.988004, 37.369335],
            [-5.987852, 37.36932],
            [-5.987596, 37.369294],
            [-5.987415, 37.369278],
            [-5.987259, 37.369275],
            [-5.987167, 37.369281],
            [-5.986019, 37.369498],
            [-5.985482, 37.3696]
          ]
        ]
      }
    },
    {
      "type": "Feature",
      "properties": {
        "id": "tablada",
        "name": "Tablada",
        "cityId": "sevilla"
      },
      "geometry": {
        "type": "Polygon",
        "coordinates": [
          [
            [-6.002653, 37.371358],
            [-6.002386, 37.371349],
            [-6.00157, 37.371373],
            [-6.001458, 37.371375],
            [-6.001299, 37.371386],
            [-6.001173, 37.371392],
            [-6.000933, 37.371393],
            [-6.000776, 37.371395],
            [-6.000567, 37.371402],
            [-6.000274, 37.371412],
            [-5.99989, 37.371421],
            [-5.999813, 37.371428],
            [-5.999753, 37.371433],
            [-5.999258, 37.371437],
            [-5.998683, 37.371455],
            [-5.998553, 37.371458],
            [-5.998048, 37.37148],
            [-5.997554, 37.371485],
            [-5.997384, 37.371492],
            [-5.997393, 37.371407],
            [-5.997352, 37.370472],
            [-5.997347, 37.370333],
            [-5.997291, 37.36903],
            [-5.996134, 37.368153],
            [-5.995892, 37.367965],
            [-5.995843, 37.367946],
            [-5.995268, 37.367918],
            [-5.995069, 37.367903],
            [-5.99488, 37.36789],
            [-5.994672, 37.367888],
            [-5.994528, 37.367899],
            [-5.994365, 37.367917],
            [-5.994238, 37.367934],
            [-5.994136, 37.367954],
            [-5.993975, 37.367997],
            [-5.993828, 37.368053],
            [-5.993717, 37.368106],
            [-5.993575, 37.368175],
            [-5.993475, 37.368223],
            [-5.993432, 37.368248],
            [-5.993365, 37.368283],
            [-5.99274, 37.368592],
            [-5.992651, 37.368637],
            [-5.992573, 37.36698],
            [-5.992706, 37.363736],
            [-5.992826, 37.360854],
            [-5.992945, 37.357963],
            [-5.992923, 37.355743],
            [-5.99286, 37.353472],
            [-5.992826, 37.351223],
            [-5.992841, 37.350269],
            [-5.99308, 37.335041],
            [-5.992918, 37.333111],
            [-5.992759, 37.332742],
            [-5.992606, 37.332407],
            [-5.992218, 37.331476],
            [-5.992089, 37.331135],
            [-5.991764, 37.330189],
            [-5.991658, 37.329843],
            [-5.991397, 37.328885],
            [-5.991314, 37.328534],
            [-5.991119, 37.327566],
            [-5.99106, 37.327212],
            [-5.99093, 37.326237],
            [-5.99082, 37.324546],
            [-5.990816, 37.324234],
            [-5.990946, 37.322653],
            [-5.991001, 37.322345],
            [-5.991144, 37.321718],
            [-5.991228, 37.321415],
            [-5.99143, 37.320798],
            [-5.991543, 37.320501],
            [-5.991803, 37.319898],
            [-5.991943, 37.319609],
            [-5.99226, 37.319022],
            [-5.992428, 37.318743],
            [-5.992799, 37.318178],
            [-5.992843, 37.318116],
            [-5.999686, 37.319463],
            [-6.001261, 37.319727],
            [-6.001316, 37.320608],
            [-6.00162, 37.32111],
            [-6.001932, 37.321534],
            [-6.002429, 37.322051],
            [-6.003014, 37.322531],
            [-6.003545, 37.322887],
            [-6.004313, 37.323343],
            [-6.00525, 37.32387],
            [-6.006255, 37.3243],
            [-6.007303, 37.32471],
            [-6.008213, 37.325146],
            [-6.008464, 37.325266],
            [-6.008664, 37.325379],
            [-6.009414, 37.325804],
            [-6.009545, 37.325869],
            [-6.010239, 37.326213],
            [-6.01184, 37.326897],
            [-6.012592, 37.327328],
            [-6.013346, 37.32782],
            [-6.014336, 37.32853],
            [-6.015316, 37.329336],
            [-6.016246, 37.330219],
            [-6.016818, 37.330854],
            [-6.017479, 37.331649],
            [-6.018186, 37.332633],
            [-6.018973, 37.333595],
            [-6.019906, 37.334893],
            [-6.020647, 37.336397],
            [-6.021099, 37.337287],
            [-6.021355, 37.337881],
            [-6.021521, 37.338265],
            [-6.021986, 37.339215],
            [-6.022173, 37.339776],
            [-6.02235, 37.340321],
            [-6.022496, 37.340814],
            [-6.0226, 37.341469],
            [-6.022729, 37.342255],
            [-6.022828, 37.342867],
            [-6.022876, 37.34316],
            [-6.022909, 37.344038],
            [-6.022908, 37.345496],
            [-6.022865, 37.346109],
            [-6.022806, 37.346955],
            [-6.022715, 37.348514],
            [-6.022683, 37.350107],
            [-6.022628, 37.351271],
            [-6.022542, 37.351997],
            [-6.022453, 37.35284],
            [-6.022457, 37.353518],
            [-6.022456, 37.354107],
            [-6.022468, 37.354883],
            [-6.022507, 37.355369],
            [-6.022546, 37.355886],
            [-6.02254, 37.356687],
            [-6.022548, 37.357029],
            [-6.022567, 37.357843],
            [-6.022543, 37.358538],
            [-6.02254, 37.358598],
            [-6.022499, 37.35938],
            [-6.0225, 37.360434],
            [-6.022479, 37.361348],
            [-6.022527, 37.362062],
            [-6.022491, 37.363068],
            [-6.022524, 37.363572],
            [-6.022537, 37.363776],
            [-6.02254, 37.364309],
            [-6.022521, 37.364462],
            [-6.022467, 37.364889],
            [-6.022404, 37.365255],
            [-6.022346, 37.365622],
            [-6.022334, 37.366726],
            [-6.022058, 37.367751],
            [-6.01875, 37.368297],
            [-6.016748, 37.368682],
            [-6.01609, 37.368813],
            [-6.015576, 37.368973],
            [-6.015223, 37.369088],
            [-6.01478, 37.369238],
            [-6.014549, 37.369334],
            [-6.014298, 37.369447],
            [-6.01417, 37.369548],
            [-6.014047, 37.369696],
            [-6.014037, 37.369725],
            [-6.014028, 37.369752],
            [-6.014019, 37.369779],
            [-6.014009, 37.369806],
            [-6.014, 37.369838],
            [-6.013992, 37.369869],
            [-6.013983, 37.369901],
            [-6.013975, 37.369932],
            [-6.013966, 37.369964],
            [-6.013957, 37.369995],
            [-6.013949, 37.370027],
            [-6.01394, 37.370058],
            [-6.013932, 37.37009],
            [-6.013923, 37.370121],
            [-6.013915, 37.370158],
            [-6.013908, 37.370194],
            [-6.01387, 37.37037],
            [-6.013869, 37.370378],
            [-6.013861, 37.370415],
            [-6.013853, 37.370451],
            [-6.013845, 37.370488],
            [-6.013843, 37.370513],
            [-6.013841, 37.370538],
            [-6.013839, 37.370564],
            [-6.013837, 37.370589],
            [-6.013835, 37.370614],
            [-6.013833, 37.370639],
            [-6.013831, 37.370664],
            [-6.013829, 37.370689],
            [-6.013827, 37.370715],
            [-6.013825, 37.37074],
            [-6.013826, 37.370759],
            [-6.013826, 37.370778],
            [-6.013827, 37.370797],
            [-6.013828, 37.370817],
            [-6.013828, 37.370836],
            [-6.01383, 37.370874],
            [-6.01383, 37.370893],
            [-6.013831, 37.370913],
            [-6.013832, 37.370932],
            [-6.013844, 37.371031],
            [-6.013885, 37.37126],
            [-6.013891, 37.371285],
            [-6.013897, 37.37131],
            [-6.013903, 37.371336],
            [-6.013909, 37.371361],
            [-6.013916, 37.371386],
            [-6.013922, 37.371411],
            [-6.013928, 37.371437],
            [-6.013934, 37.371462],
            [-6.01394, 37.371487],
            [-6.013946, 37.371512],
            [-6.013954, 37.371534],
            [-6.013962, 37.371557],
            [-6.01397, 37.371578],
            [-6.013979, 37.371601],
            [-6.013987, 37.371623],
            [-6.013995, 37.371645],
            [-6.014003, 37.371667],
            [-6.014011, 37.371689],
            [-6.014019, 37.371711],
            [-6.014027, 37.371733],
            [-6.014053, 37.371783],
            [-6.014066, 37.371808],
            [-6.01408, 37.371833],
            [-6.014093, 37.371858],
            [-6.014119, 37.371908],
            [-6.014132, 37.371933],
            [-6.014158, 37.371983],
            [-6.014209, 37.372065],
            [-6.014279, 37.372178],
            [-6.0134, 37.372359],
            [-6.013028, 37.372423],
            [-6.012803, 37.372477],
            [-6.012548, 37.372549],
            [-6.012329, 37.372617],
            [-6.012099, 37.372704],
            [-6.011925, 37.372775],
            [-6.011774, 37.37284],
            [-6.011523, 37.372961],
            [-6.011327, 37.37306],
            [-6.01076, 37.373348],
            [-6.010646, 37.37341],
            [-6.010558, 37.373455],
            [-6.009962, 37.373759],
            [-6.009668, 37.37392],
            [-6.009377, 37.374072],
            [-6.009339, 37.374092],
            [-6.009248, 37.374133],
            [-6.008969, 37.373769],
            [-6.008655, 37.37341],
            [-6.008586, 37.373345],
            [-6.008529, 37.373283],
            [-6.008453, 37.373193],
            [-6.008329, 37.373027],
            [-6.007983, 37.372622],
            [-6.007779, 37.372357],
            [-6.007705, 37.372285],
            [-6.007568, 37.372184],
            [-6.007363, 37.372068],
            [-6.00722, 37.372017],
            [-6.007084, 37.371987],
            [-6.006667, 37.371923],
            [-6.006442, 37.371893],
            [-6.006368, 37.371884],
            [-6.006195, 37.371859],
            [-6.005638, 37.371778],
            [-6.004609, 37.371612],
            [-6.004259, 37.371563],
            [-6.003801, 37.371495],
            [-6.003466, 37.371449],
            [-6.003328, 37.371427],
            [-6.003166, 37.371401],
            [-6.002893, 37.371375],
            [-6.002653, 37.371358]
          ]
        ]
      }
    },
    {
      "type": "Feature",
      "properties": {
        "id": "tabladilla-la-estrella",
        "name": "Tabladilla-la Estrella",
        "cityId": "sevilla"
      },
      "geometry": {
        "type": "Polygon",
        "coordinates": [
          [
            [-5.977178, 37.366097],
            [-5.977115, 37.365926],
            [-5.97701, 37.365658],
            [-5.976806, 37.36516],
            [-5.976624, 37.364735],
            [-5.976465, 37.364349],
            [-5.976221, 37.363768],
            [-5.975959, 37.363145],
            [-5.975894, 37.362987],
            [-5.975667, 37.362445],
            [-5.975757, 37.362414],
            [-5.975823, 37.362391],
            [-5.975898, 37.362367],
            [-5.975974, 37.362349],
            [-5.976066, 37.362331],
            [-5.976282, 37.362268],
            [-5.976445, 37.362222],
            [-5.977562, 37.361828],
            [-5.977673, 37.361788],
            [-5.978556, 37.361471],
            [-5.979434, 37.361156],
            [-5.980093, 37.360919],
            [-5.980281, 37.360855],
            [-5.981034, 37.36059],
            [-5.981167, 37.360531],
            [-5.982102, 37.362187],
            [-5.982184, 37.362331],
            [-5.982458, 37.362809],
            [-5.983117, 37.36396],
            [-5.984293, 37.365996],
            [-5.985021, 37.367264],
            [-5.985168, 37.367514],
            [-5.985256, 37.367717],
            [-5.985349, 37.368005],
            [-5.985373, 37.368136],
            [-5.984337, 37.368274],
            [-5.983861, 37.368347],
            [-5.983526, 37.368399],
            [-5.98348, 37.368407],
            [-5.983331, 37.368431],
            [-5.982904, 37.368499],
            [-5.982841, 37.368509],
            [-5.982748, 37.368524],
            [-5.982431, 37.368575],
            [-5.982154, 37.36862],
            [-5.981847, 37.368668],
            [-5.981592, 37.368709],
            [-5.981314, 37.368752],
            [-5.980814, 37.368833],
            [-5.980563, 37.368872],
            [-5.980432, 37.368893],
            [-5.980117, 37.368944],
            [-5.980073, 37.368951],
            [-5.979769, 37.368999],
            [-5.979596, 37.369027],
            [-5.979508, 37.369041],
            [-5.979465, 37.369047],
            [-5.979445, 37.36905],
            [-5.979403, 37.369058],
            [-5.979287, 37.369076],
            [-5.979132, 37.3691],
            [-5.979038, 37.369116],
            [-5.978826, 37.36915],
            [-5.97873, 37.369168],
            [-5.978522, 37.369211],
            [-5.978355, 37.369256],
            [-5.978302, 37.369275],
            [-5.978204, 37.369315],
            [-5.978119, 37.369377],
            [-5.978065, 37.369434],
            [-5.978034, 37.369485],
            [-5.978033, 37.369545],
            [-5.977887, 37.369028],
            [-5.977683, 37.367958],
            [-5.977562, 37.367397],
            [-5.977489, 37.367085],
            [-5.97742, 37.36684],
            [-5.977364, 37.366651],
            [-5.977337, 37.36656],
            [-5.977236, 37.366257],
            [-5.977178, 37.366097]
          ]
        ]
      }
    },
    {
      "type": "Feature",
      "properties": {
        "id": "tiro-de-linea-santa-genoveva",
        "name": "Tiro de Linea-santa Genoveva",
        "cityId": "sevilla"
      },
      "geometry": {
        "type": "Polygon",
        "coordinates": [
          [
            [-5.971043, 37.368889],
            [-5.971131, 37.368821],
            [-5.971142, 37.368811],
            [-5.971409, 37.368584],
            [-5.971781, 37.368203],
            [-5.972066, 37.367831],
            [-5.972237, 37.367574],
            [-5.972332, 37.367403],
            [-5.972431, 37.367213],
            [-5.972481, 37.367094],
            [-5.972498, 37.367068],
            [-5.972613, 37.36705],
            [-5.972942, 37.367008],
            [-5.973386, 37.366952],
            [-5.973469, 37.367036],
            [-5.973486, 37.367014],
            [-5.973492, 37.366994],
            [-5.973491, 37.366969],
            [-5.973442, 37.366742],
            [-5.973401, 37.366531],
            [-5.973378, 37.366413],
            [-5.97349, 37.366399],
            [-5.973706, 37.366371],
            [-5.973811, 37.366358],
            [-5.973959, 37.366339],
            [-5.974107, 37.366319],
            [-5.974251, 37.366301],
            [-5.974558, 37.366262],
            [-5.9747, 37.366244],
            [-5.974856, 37.366225],
            [-5.975014, 37.366204],
            [-5.975108, 37.366191],
            [-5.975238, 37.36617],
            [-5.975299, 37.366346],
            [-5.97539, 37.366334],
            [-5.975836, 37.366276],
            [-5.976156, 37.366234],
            [-5.976679, 37.366168],
            [-5.976686, 37.366167],
            [-5.976883, 37.366141],
            [-5.976943, 37.366132],
            [-5.977178, 37.366097],
            [-5.977236, 37.366257],
            [-5.977337, 37.36656],
            [-5.977364, 37.366651],
            [-5.97742, 37.36684],
            [-5.977489, 37.367085],
            [-5.977562, 37.367397],
            [-5.977683, 37.367958],
            [-5.977887, 37.369028],
            [-5.978033, 37.369545],
            [-5.978048, 37.369694],
            [-5.978057, 37.369763],
            [-5.978076, 37.369875],
            [-5.978157, 37.370338],
            [-5.978173, 37.370427],
            [-5.978211, 37.370667],
            [-5.978339, 37.371295],
            [-5.978442, 37.371834],
            [-5.97846, 37.371943],
            [-5.978482, 37.372076],
            [-5.978455, 37.372162],
            [-5.978181, 37.372194],
            [-5.97741, 37.372284],
            [-5.976932, 37.372339],
            [-5.976795, 37.372355],
            [-5.976746, 37.372361],
            [-5.976553, 37.372383],
            [-5.976276, 37.372415],
            [-5.976066, 37.37244],
            [-5.975603, 37.372494],
            [-5.975479, 37.371885],
            [-5.975406, 37.371506],
            [-5.975318, 37.371084],
            [-5.975261, 37.370981],
            [-5.975238, 37.37094],
            [-5.975148, 37.370797],
            [-5.974912, 37.37047],
            [-5.974773, 37.370519],
            [-5.97441, 37.37056],
            [-5.973956, 37.370612],
            [-5.973781, 37.370616],
            [-5.973571, 37.370581],
            [-5.973312, 37.370473],
            [-5.973039, 37.370363],
            [-5.972888, 37.370306],
            [-5.97261, 37.370143],
            [-5.972426, 37.370026],
            [-5.972307, 37.369927],
            [-5.97221, 37.369846],
            [-5.972176, 37.369818],
            [-5.97196, 37.369639],
            [-5.971782, 37.369492],
            [-5.971315, 37.369109],
            [-5.971279, 37.369078],
            [-5.971148, 37.368973],
            [-5.971043, 37.368889]
          ]
        ]
      }
    },
    {
      "type": "Feature",
      "properties": {
        "id": "torreblanca",
        "name": "Torreblanca",
        "cityId": "sevilla"
      },
      "geometry": {
        "type": "Polygon",
        "coordinates": [
          [
            [-5.856267, 37.399796],
            [-5.85594, 37.399777],
            [-5.855535, 37.399795],
            [-5.853753, 37.399875],
            [-5.852132, 37.399948],
            [-5.852073, 37.399951],
            [-5.851854, 37.398903],
            [-5.85077, 37.398505],
            [-5.848859, 37.39801],
            [-5.847272, 37.397652],
            [-5.846107, 37.397381],
            [-5.844806, 37.396945],
            [-5.842631, 37.396576],
            [-5.84139, 37.39619],
            [-5.840738, 37.39578],
            [-5.838568, 37.396124],
            [-5.83793, 37.39626],
            [-5.834767, 37.3969],
            [-5.831145, 37.397154],
            [-5.829986, 37.397329],
            [-5.829213, 37.397323],
            [-5.827629, 37.397173],
            [-5.826716, 37.397105],
            [-5.825899, 37.397015],
            [-5.825452, 37.397189],
            [-5.824605, 37.39777],
            [-5.824068, 37.397826],
            [-5.823387, 37.397709],
            [-5.822813, 37.397424],
            [-5.819682, 37.397908],
            [-5.819423, 37.397992],
            [-5.819305, 37.39808],
            [-5.819173, 37.398168],
            [-5.818405, 37.39871],
            [-5.818497, 37.397511],
            [-5.818509, 37.396367],
            [-5.818568, 37.39524],
            [-5.818601, 37.394602],
            [-5.818605, 37.394523],
            [-5.818674, 37.393476],
            [-5.818701, 37.392556],
            [-5.818821, 37.391959],
            [-5.818888, 37.391623],
            [-5.818907, 37.39153],
            [-5.818984, 37.390712],
            [-5.819041, 37.390095],
            [-5.820253, 37.389925],
            [-5.820796, 37.389893],
            [-5.821396, 37.389858],
            [-5.821589, 37.389916],
            [-5.821761, 37.389967],
            [-5.822069, 37.389915],
            [-5.825939, 37.389262],
            [-5.826549, 37.389209],
            [-5.829185, 37.388667],
            [-5.83062, 37.388532],
            [-5.831842, 37.38833],
            [-5.834434, 37.387948],
            [-5.83767, 37.387342],
            [-5.840902, 37.386808],
            [-5.843166, 37.387319],
            [-5.845436, 37.387865],
            [-5.849561, 37.387579],
            [-5.850869, 37.387324],
            [-5.852612, 37.387365],
            [-5.853952, 37.387281],
            [-5.854234, 37.387489],
            [-5.854331, 37.38756],
            [-5.855488, 37.387621],
            [-5.856592, 37.387692],
            [-5.857101, 37.387725],
            [-5.857238, 37.387734],
            [-5.857278, 37.38773],
            [-5.857947, 37.38765],
            [-5.859364, 37.387272],
            [-5.860838, 37.387298],
            [-5.863283, 37.38706],
            [-5.867519, 37.387093],
            [-5.870253, 37.387192],
            [-5.874303, 37.387295],
            [-5.877995, 37.387077],
            [-5.884437, 37.386742],
            [-5.885626, 37.386556],
            [-5.887477, 37.386459],
            [-5.888399, 37.386152],
            [-5.889477, 37.385904],
            [-5.891677, 37.384329],
            [-5.892682, 37.383989],
            [-5.895265, 37.382421],
            [-5.8974, 37.38103],
            [-5.898742, 37.380155],
            [-5.898922, 37.380065],
            [-5.899537, 37.379791],
            [-5.900927, 37.379169],
            [-5.903946, 37.377057],
            [-5.90455, 37.376941],
            [-5.907574, 37.37693],
            [-5.908945, 37.377265],
            [-5.909343, 37.376035],
            [-5.910007, 37.375777],
            [-5.910624, 37.375537],
            [-5.91191, 37.375036],
            [-5.912839, 37.374827],
            [-5.915158, 37.374305],
            [-5.914869, 37.374876],
            [-5.914749, 37.381693],
            [-5.919236, 37.381716],
            [-5.919142, 37.385558],
            [-5.919339, 37.385845],
            [-5.918858, 37.385827],
            [-5.918424, 37.385811],
            [-5.918045, 37.385797],
            [-5.916494, 37.385735],
            [-5.915881, 37.385707],
            [-5.915609, 37.385678],
            [-5.915243, 37.385628],
            [-5.914861, 37.385542],
            [-5.914421, 37.385411],
            [-5.914254, 37.385357],
            [-5.914284, 37.385475],
            [-5.914353, 37.385574],
            [-5.914431, 37.38565],
            [-5.914577, 37.385762],
            [-5.914668, 37.385828],
            [-5.914809, 37.3859],
            [-5.914991, 37.385951],
            [-5.915179, 37.385981],
            [-5.915379, 37.385999],
            [-5.915983, 37.386048],
            [-5.916176, 37.386074],
            [-5.916403, 37.38614],
            [-5.916618, 37.38626],
            [-5.916749, 37.386381],
            [-5.916903, 37.386572],
            [-5.916816, 37.386618],
            [-5.91674, 37.386701],
            [-5.916686, 37.386781],
            [-5.916659, 37.38686],
            [-5.916651, 37.38696],
            [-5.91665, 37.386985],
            [-5.91668, 37.387036],
            [-5.916733, 37.387083],
            [-5.916774, 37.387112],
            [-5.916598, 37.387249],
            [-5.916454, 37.387371],
            [-5.916234, 37.38758],
            [-5.915912, 37.387902],
            [-5.915584, 37.388259],
            [-5.91547, 37.388364],
            [-5.915198, 37.38863],
            [-5.914628, 37.389182],
            [-5.914447, 37.389397],
            [-5.914324, 37.389586],
            [-5.91422, 37.38983],
            [-5.914179, 37.390047],
            [-5.914177, 37.390255],
            [-5.911277, 37.390177],
            [-5.909119, 37.390119],
            [-5.908653, 37.390112],
            [-5.907886, 37.39012],
            [-5.90737, 37.390135],
            [-5.906849, 37.390125],
            [-5.906793, 37.390185],
            [-5.906575, 37.390061],
            [-5.905136, 37.391618],
            [-5.90494, 37.39183],
            [-5.892038, 37.40056],
            [-5.88725, 37.403803],
            [-5.885783, 37.404863],
            [-5.885023, 37.405326],
            [-5.882305, 37.407173],
            [-5.879276, 37.409215],
            [-5.875574, 37.411736],
            [-5.874767, 37.412286],
            [-5.874746, 37.412299],
            [-5.874407, 37.411671],
            [-5.873622, 37.410039],
            [-5.87305, 37.409316],
            [-5.872814, 37.408485],
            [-5.872779, 37.408362],
            [-5.872357, 37.407605],
            [-5.871351, 37.40654],
            [-5.870312, 37.405507],
            [-5.870224, 37.40542],
            [-5.869266, 37.404442],
            [-5.869126, 37.404299],
            [-5.867875, 37.403411],
            [-5.867821, 37.403373],
            [-5.866931, 37.402891],
            [-5.866833, 37.402783],
            [-5.86671, 37.402667],
            [-5.866405, 37.402603],
            [-5.866387, 37.402586],
            [-5.866366, 37.402467],
            [-5.866303, 37.402247],
            [-5.866303, 37.402245],
            [-5.865993, 37.402071],
            [-5.865679, 37.401939],
            [-5.865358, 37.401865],
            [-5.864646, 37.401653],
            [-5.864464, 37.401599],
            [-5.862488, 37.401086],
            [-5.860777, 37.400609],
            [-5.859331, 37.399996],
            [-5.859059, 37.399993],
            [-5.858152, 37.399984],
            [-5.857759, 37.399885],
            [-5.857511, 37.39987],
            [-5.856267, 37.399796]
          ]
        ]
      }
    },
    {
      "type": "Feature",
      "properties": {
        "id": "triana-casco-antiguo",
        "name": "Triana Casco Antiguo",
        "cityId": "sevilla"
      },
      "geometry": {
        "type": "Polygon",
        "coordinates": [
          [
            [-6.002413, 37.386294],
            [-6.00188, 37.385942],
            [-6.001147, 37.385391],
            [-6.00048, 37.38489],
            [-5.998846, 37.383453],
            [-5.998673, 37.38326],
            [-5.997798, 37.382279],
            [-5.996413, 37.380725],
            [-5.996906, 37.380473],
            [-5.997173, 37.380337],
            [-5.997766, 37.380035],
            [-5.99805, 37.379889],
            [-5.998483, 37.37966],
            [-5.998942, 37.37943],
            [-5.99932, 37.37989],
            [-5.999653, 37.380305],
            [-5.999849, 37.380524],
            [-5.999896, 37.380571],
            [-6.000285, 37.380962],
            [-6.000726, 37.381385],
            [-6.000812, 37.381467],
            [-6.001208, 37.381839],
            [-6.001221, 37.381851],
            [-6.001467, 37.38205],
            [-6.001744, 37.382221],
            [-6.002133, 37.38246],
            [-6.002697, 37.382732],
            [-6.003193, 37.382871],
            [-6.004085, 37.383108],
            [-6.004359, 37.383192],
            [-6.004608, 37.383314],
            [-6.004899, 37.383511],
            [-6.005132, 37.383717],
            [-6.005624, 37.384316],
            [-6.005841, 37.384604],
            [-6.006304, 37.385035],
            [-6.00659, 37.385251],
            [-6.006956, 37.385471],
            [-6.007672, 37.385906],
            [-6.007782, 37.385981],
            [-6.007792, 37.386116],
            [-6.007806, 37.386844],
            [-6.007775, 37.387354],
            [-6.007775, 37.387377],
            [-6.007782, 37.387798],
            [-6.007778, 37.387938],
            [-6.00788, 37.387984],
            [-6.008233, 37.388116],
            [-6.008357, 37.38816],
            [-6.008116, 37.388666],
            [-6.007897, 37.38861],
            [-6.007746, 37.388578],
            [-6.00774, 37.388652],
            [-6.007743, 37.388696],
            [-6.007749, 37.388742],
            [-6.007826, 37.389213],
            [-6.007967, 37.389966],
            [-6.008016, 37.390194],
            [-6.007304, 37.390268],
            [-6.006316, 37.390375],
            [-6.006293, 37.390202],
            [-6.006175, 37.389721],
            [-6.006067, 37.389447],
            [-6.005998, 37.38935],
            [-6.005754, 37.389137],
            [-6.005178, 37.388564],
            [-6.004083, 37.387598],
            [-6.003822, 37.387368],
            [-6.002413, 37.386294]
          ]
        ]
      }
    },
    {
      "type": "Feature",
      "properties": {
        "id": "triana-este",
        "name": "Triana Este",
        "cityId": "sevilla"
      },
      "geometry": {
        "type": "Polygon",
        "coordinates": [
          [
            [-5.998942, 37.37943],
            [-5.999911, 37.378939],
            [-6.000886, 37.378419],
            [-6.00239, 37.377634],
            [-6.003676, 37.376989],
            [-6.004869, 37.376377],
            [-6.005559, 37.376023],
            [-6.005962, 37.376479],
            [-6.006594, 37.37726],
            [-6.006878, 37.377606],
            [-6.006948, 37.377692],
            [-6.007502, 37.378394],
            [-6.007866, 37.378856],
            [-6.008101, 37.379149],
            [-6.008391, 37.379508],
            [-6.008415, 37.379537],
            [-6.008728, 37.379927],
            [-6.009147, 37.380443],
            [-6.009127, 37.380459],
            [-6.009109, 37.38048],
            [-6.009097, 37.380523],
            [-6.009099, 37.380576],
            [-6.009177, 37.381057],
            [-6.008736, 37.381318],
            [-6.008536, 37.381444],
            [-6.008143, 37.381702],
            [-6.007822, 37.381914],
            [-6.007432, 37.382177],
            [-6.006889, 37.382545],
            [-6.006758, 37.382634],
            [-6.005867, 37.383221],
            [-6.005803, 37.383263],
            [-6.005132, 37.383717],
            [-6.004899, 37.383511],
            [-6.004608, 37.383314],
            [-6.004359, 37.383192],
            [-6.004085, 37.383108],
            [-6.003193, 37.382871],
            [-6.002697, 37.382732],
            [-6.002133, 37.38246],
            [-6.001744, 37.382221],
            [-6.001467, 37.38205],
            [-6.001221, 37.381851],
            [-6.001208, 37.381839],
            [-6.000812, 37.381467],
            [-6.000726, 37.381385],
            [-6.000285, 37.380962],
            [-5.999896, 37.380571],
            [-5.999849, 37.380524],
            [-5.999653, 37.380305],
            [-5.99932, 37.37989],
            [-5.998942, 37.37943]
          ]
        ]
      }
    },
    {
      "type": "Feature",
      "properties": {
        "id": "triana-oeste",
        "name": "Triana Oeste",
        "cityId": "sevilla"
      },
      "geometry": {
        "type": "Polygon",
        "coordinates": [
          [
            [-5.988846, 37.419726],
            [-5.988862, 37.41864],
            [-5.989003, 37.417559],
            [-5.989256, 37.416397],
            [-5.989547, 37.415418],
            [-5.98995, 37.414345],
            [-5.990184, 37.413978],
            [-5.990489, 37.413344],
            [-5.990701, 37.4129],
            [-5.990729, 37.412849],
            [-5.991256, 37.411858],
            [-5.991776, 37.410882],
            [-5.992745, 37.409675],
            [-5.994933, 37.40695],
            [-5.995382, 37.40639],
            [-5.996313, 37.405323],
            [-5.997286, 37.404359],
            [-5.99884, 37.402821],
            [-5.999592, 37.401977],
            [-6.000516, 37.401001],
            [-6.001059, 37.400383],
            [-6.001547, 37.399818],
            [-6.002021, 37.399296],
            [-6.003129, 37.398191],
            [-6.003732, 37.39759],
            [-6.00412, 37.397141],
            [-6.005106, 37.395879],
            [-6.005714, 37.395098],
            [-6.005925, 37.394791],
            [-6.00604, 37.394533],
            [-6.00616, 37.394128],
            [-6.006278, 37.393707],
            [-6.006463, 37.393029],
            [-6.006473, 37.392971],
            [-6.006563, 37.392443],
            [-6.006535, 37.391735],
            [-6.006382, 37.390845],
            [-6.006316, 37.390375],
            [-6.007304, 37.390268],
            [-6.008016, 37.390194],
            [-6.007967, 37.389966],
            [-6.007826, 37.389213],
            [-6.007749, 37.388742],
            [-6.007743, 37.388696],
            [-6.00774, 37.388652],
            [-6.007746, 37.388578],
            [-6.007897, 37.38861],
            [-6.008116, 37.388666],
            [-6.008357, 37.38816],
            [-6.008233, 37.388116],
            [-6.00788, 37.387984],
            [-6.007778, 37.387938],
            [-6.007782, 37.387798],
            [-6.007775, 37.387377],
            [-6.007775, 37.387354],
            [-6.007806, 37.386844],
            [-6.007792, 37.386116],
            [-6.007782, 37.385981],
            [-6.007672, 37.385906],
            [-6.006956, 37.385471],
            [-6.00659, 37.385251],
            [-6.006304, 37.385035],
            [-6.005841, 37.384604],
            [-6.005624, 37.384316],
            [-6.005132, 37.383717],
            [-6.005803, 37.383263],
            [-6.005867, 37.383221],
            [-6.006758, 37.382634],
            [-6.006889, 37.382545],
            [-6.007432, 37.382177],
            [-6.007822, 37.381914],
            [-6.008143, 37.381702],
            [-6.008536, 37.381444],
            [-6.008736, 37.381318],
            [-6.009177, 37.381057],
            [-6.009198, 37.381106],
            [-6.009262, 37.381126],
            [-6.00931, 37.381126],
            [-6.01006, 37.381096],
            [-6.01024, 37.381092],
            [-6.01114, 37.381071],
            [-6.011499, 37.381062],
            [-6.011581, 37.381061],
            [-6.012156, 37.381067],
            [-6.012398, 37.381077],
            [-6.013023, 37.381106],
            [-6.013835, 37.381143],
            [-6.014103, 37.381162],
            [-6.014165, 37.381163],
            [-6.01422, 37.381152],
            [-6.014263, 37.381136],
            [-6.014338, 37.381104],
            [-6.014347, 37.380974],
            [-6.01436, 37.380826],
            [-6.014377, 37.380739],
            [-6.014374, 37.380663],
            [-6.014409, 37.380124],
            [-6.014467, 37.379294],
            [-6.014497, 37.378867],
            [-6.014588, 37.377676],
            [-6.014674, 37.376527],
            [-6.014735, 37.376197],
            [-6.014765, 37.37611],
            [-6.014802, 37.376003],
            [-6.014818, 37.375958],
            [-6.014842, 37.375913],
            [-6.01486, 37.375864],
            [-6.01487, 37.375824],
            [-6.014872, 37.375819],
            [-6.014878, 37.375797],
            [-6.014884, 37.375774],
            [-6.014889, 37.375752],
            [-6.014895, 37.375729],
            [-6.014901, 37.375707],
            [-6.014907, 37.375685],
            [-6.014913, 37.375662],
            [-6.014919, 37.37564],
            [-6.014952, 37.375508],
            [-6.01498, 37.374777],
            [-6.014982, 37.374743],
            [-6.014985, 37.374708],
            [-6.014988, 37.374674],
            [-6.014991, 37.37464],
            [-6.014994, 37.374605],
            [-6.014997, 37.374571],
            [-6.015, 37.374537],
            [-6.015003, 37.374502],
            [-6.015006, 37.374468],
            [-6.015009, 37.374434],
            [-6.015008, 37.374397],
            [-6.015007, 37.37436],
            [-6.015006, 37.374323],
            [-6.015005, 37.374286],
            [-6.015004, 37.374249],
            [-6.015002, 37.374176],
            [-6.015001, 37.374139],
            [-6.015, 37.374102],
            [-6.014999, 37.374065],
            [-6.014994, 37.374027],
            [-6.014989, 37.373992],
            [-6.014984, 37.373952],
            [-6.014979, 37.373915],
            [-6.014969, 37.37384],
            [-6.014963, 37.373802],
            [-6.014958, 37.373765],
            [-6.014953, 37.373727],
            [-6.014948, 37.37369],
            [-6.01494, 37.373659],
            [-6.014932, 37.373628],
            [-6.014923, 37.373597],
            [-6.014915, 37.373566],
            [-6.014907, 37.373535],
            [-6.014899, 37.373504],
            [-6.014891, 37.373473],
            [-6.014882, 37.373443],
            [-6.014874, 37.373412],
            [-6.014866, 37.373381],
            [-6.014842, 37.373315],
            [-6.01483, 37.373283],
            [-6.014818, 37.37325],
            [-6.014805, 37.373217],
            [-6.014793, 37.373184],
            [-6.014781, 37.373151],
            [-6.014769, 37.373119],
            [-6.014757, 37.373086],
            [-6.014745, 37.373053],
            [-6.014729, 37.373021],
            [-6.014714, 37.37299],
            [-6.014699, 37.372958],
            [-6.014684, 37.372926],
            [-6.014668, 37.372894],
            [-6.014653, 37.372862],
            [-6.014638, 37.37283],
            [-6.014622, 37.372798],
            [-6.014607, 37.372767],
            [-6.014592, 37.372735],
            [-6.014577, 37.372709],
            [-6.014563, 37.372683],
            [-6.014534, 37.372631],
            [-6.01452, 37.372605],
            [-6.014505, 37.372579],
            [-6.014491, 37.372553],
            [-6.014476, 37.372527],
            [-6.014462, 37.372501],
            [-6.014279, 37.372178],
            [-6.014209, 37.372065],
            [-6.014158, 37.371983],
            [-6.014132, 37.371933],
            [-6.014119, 37.371908],
            [-6.014093, 37.371858],
            [-6.01408, 37.371833],
            [-6.014066, 37.371808],
            [-6.014053, 37.371783],
            [-6.014027, 37.371733],
            [-6.014019, 37.371711],
            [-6.014011, 37.371689],
            [-6.014003, 37.371667],
            [-6.013995, 37.371645],
            [-6.013987, 37.371623],
            [-6.013979, 37.371601],
            [-6.01397, 37.371578],
            [-6.013962, 37.371557],
            [-6.013954, 37.371534],
            [-6.013946, 37.371512],
            [-6.01394, 37.371487],
            [-6.013934, 37.371462],
            [-6.013928, 37.371437],
            [-6.013922, 37.371411],
            [-6.013916, 37.371386],
            [-6.013909, 37.371361],
            [-6.013903, 37.371336],
            [-6.013897, 37.37131],
            [-6.013891, 37.371285],
            [-6.013885, 37.37126],
            [-6.013844, 37.371031],
            [-6.013832, 37.370932],
            [-6.013831, 37.370913],
            [-6.01383, 37.370893],
            [-6.01383, 37.370874],
            [-6.013828, 37.370836],
            [-6.013828, 37.370817],
            [-6.013827, 37.370797],
            [-6.013826, 37.370778],
            [-6.013826, 37.370759],
            [-6.013825, 37.37074],
            [-6.013827, 37.370715],
            [-6.013829, 37.370689],
            [-6.013831, 37.370664],
            [-6.013833, 37.370639],
            [-6.013835, 37.370614],
            [-6.013837, 37.370589],
            [-6.013839, 37.370564],
            [-6.013841, 37.370538],
            [-6.013843, 37.370513],
            [-6.013845, 37.370488],
            [-6.013853, 37.370451],
            [-6.013861, 37.370415],
            [-6.013869, 37.370378],
            [-6.01387, 37.37037],
            [-6.013908, 37.370194],
            [-6.013915, 37.370158],
            [-6.013923, 37.370121],
            [-6.013932, 37.37009],
            [-6.01394, 37.370058],
            [-6.013949, 37.370027],
            [-6.013957, 37.369995],
            [-6.013966, 37.369964],
            [-6.013975, 37.369932],
            [-6.013983, 37.369901],
            [-6.013992, 37.369869],
            [-6.014, 37.369838],
            [-6.014009, 37.369806],
            [-6.014019, 37.369779],
            [-6.014028, 37.369752],
            [-6.014037, 37.369725],
            [-6.014047, 37.369696],
            [-6.01417, 37.369548],
            [-6.014298, 37.369447],
            [-6.014549, 37.369334],
            [-6.01478, 37.369238],
            [-6.015223, 37.369088],
            [-6.015576, 37.368973],
            [-6.01609, 37.368813],
            [-6.016748, 37.368682],
            [-6.01875, 37.368297],
            [-6.022058, 37.367751],
            [-6.021726, 37.368987],
            [-6.01998, 37.370932],
            [-6.020544, 37.371766],
            [-6.020421, 37.372164],
            [-6.020543, 37.372379],
            [-6.02062, 37.372514],
            [-6.020621, 37.372545],
            [-6.020626, 37.372696],
            [-6.020935, 37.37297],
            [-6.021312, 37.372802],
            [-6.021703, 37.373062],
            [-6.021621, 37.373538],
            [-6.021998, 37.373879],
            [-6.022171, 37.374211],
            [-6.022539, 37.374208],
            [-6.022671, 37.374208],
            [-6.022538, 37.374437],
            [-6.022362, 37.374742],
            [-6.022271, 37.374865],
            [-6.022509, 37.375064],
            [-6.022536, 37.375088],
            [-6.022725, 37.375262],
            [-6.023203, 37.375481],
            [-6.022294, 37.376496],
            [-6.022277, 37.376514],
            [-6.02205, 37.37654],
            [-6.022033, 37.376717],
            [-6.022153, 37.37692],
            [-6.022197, 37.376995],
            [-6.022875, 37.377506],
            [-6.023054, 37.3779],
            [-6.022914, 37.37821],
            [-6.022221, 37.379316],
            [-6.022314, 37.379432],
            [-6.022441, 37.379592],
            [-6.022545, 37.380229],
            [-6.022715, 37.380747],
            [-6.022756, 37.380874],
            [-6.023163, 37.381333],
            [-6.023501, 37.381783],
            [-6.023579, 37.382049],
            [-6.023657, 37.382307],
            [-6.024247, 37.384388],
            [-6.024388, 37.384813],
            [-6.024469, 37.385079],
            [-6.024496, 37.385166],
            [-6.024501, 37.385176],
            [-6.024761, 37.385605],
            [-6.025014, 37.386109],
            [-6.025075, 37.387056],
            [-6.02504, 37.387672],
            [-6.025008, 37.388238],
            [-6.024952, 37.388872],
            [-6.025001, 37.390378],
            [-6.02501, 37.390652],
            [-6.024928, 37.391253],
            [-6.024855, 37.391794],
            [-6.024462, 37.392489],
            [-6.024098, 37.392994],
            [-6.023603, 37.393556],
            [-6.022974, 37.394121],
            [-6.019856, 37.396601],
            [-6.018706, 37.398121],
            [-6.018422, 37.398881],
            [-6.01841, 37.398914],
            [-6.01801, 37.399986],
            [-6.017977, 37.400074],
            [-6.017046, 37.400007],
            [-6.015749, 37.400482],
            [-6.015563, 37.40055],
            [-6.015478, 37.401395],
            [-6.015266, 37.403497],
            [-6.015658, 37.404836],
            [-6.015594, 37.405028],
            [-6.014457, 37.408388],
            [-6.013845, 37.40948],
            [-6.013459, 37.41105],
            [-6.013107, 37.412418],
            [-6.012593, 37.413393],
            [-6.012444, 37.413877],
            [-6.012412, 37.414037],
            [-6.013054, 37.414622],
            [-6.011931, 37.415688],
            [-6.011863, 37.415753],
            [-6.011085, 37.415744],
            [-6.0106, 37.415739],
            [-6.010268, 37.415799],
            [-6.010246, 37.415803],
            [-6.009792, 37.415874],
            [-6.009438, 37.4159],
            [-6.009059, 37.415958],
            [-6.008632, 37.416012],
            [-6.008158, 37.416101],
            [-6.007467, 37.416205],
            [-6.007067, 37.416281],
            [-6.006722, 37.416338],
            [-6.006147, 37.416445],
            [-6.005699, 37.4165],
            [-6.005668, 37.416504],
            [-6.005299, 37.416554],
            [-6.005045, 37.416687],
            [-6.001352, 37.419112],
            [-6.000904, 37.419406],
            [-5.998059, 37.419825],
            [-5.997029, 37.419604],
            [-5.996388, 37.419447],
            [-5.996327, 37.419433],
            [-5.996054, 37.420631],
            [-5.996046, 37.42066],
            [-5.996047, 37.420661],
            [-5.99574, 37.422011],
            [-5.992724, 37.423022],
            [-5.991794, 37.423329],
            [-5.990587, 37.423728],
            [-5.990503, 37.423706],
            [-5.990227, 37.423437],
            [-5.989726, 37.422887],
            [-5.98962, 37.422732],
            [-5.98935, 37.422339],
            [-5.988954, 37.421561],
            [-5.988867, 37.420846],
            [-5.988846, 37.419726]
          ]
        ]
      }
    },
    {
      "type": "Feature",
      "properties": {
        "id": "valdezorras",
        "name": "Valdezorras",
        "cityId": "sevilla"
      },
      "geometry": {
        "type": "Polygon",
        "coordinates": [
          [
            [-5.901102, 37.439505],
            [-5.899318, 37.437749],
            [-5.896543, 37.435419],
            [-5.895056, 37.434284],
            [-5.894714, 37.433942],
            [-5.891033, 37.430823],
            [-5.891204, 37.430745],
            [-5.891808, 37.430463],
            [-5.892394, 37.430183],
            [-5.893052, 37.429868],
            [-5.893902, 37.429452],
            [-5.894455, 37.42918],
            [-5.89507, 37.428879],
            [-5.89607, 37.428399],
            [-5.896874, 37.428019],
            [-5.897062, 37.427934],
            [-5.898224, 37.427386],
            [-5.899439, 37.426815],
            [-5.899489, 37.426789],
            [-5.901274, 37.426],
            [-5.90223, 37.425574],
            [-5.903745, 37.424867],
            [-5.903825, 37.424829],
            [-5.903905, 37.42479],
            [-5.903985, 37.424752],
            [-5.904065, 37.424714],
            [-5.904146, 37.424675],
            [-5.904226, 37.424637],
            [-5.904306, 37.424599],
            [-5.904386, 37.42456],
            [-5.904467, 37.424522],
            [-5.904547, 37.424484],
            [-5.905554, 37.423998],
            [-5.906367, 37.423604],
            [-5.907067, 37.423263],
            [-5.908064, 37.42278],
            [-5.909874, 37.421901],
            [-5.911402, 37.421146],
            [-5.913079, 37.420337],
            [-5.915268, 37.41929],
            [-5.916644, 37.418632],
            [-5.916916, 37.418515],
            [-5.917058, 37.418448],
            [-5.917093, 37.418434],
            [-5.917128, 37.418421],
            [-5.917163, 37.418407],
            [-5.917233, 37.418379],
            [-5.917268, 37.418365],
            [-5.917338, 37.418337],
            [-5.917373, 37.418323],
            [-5.917408, 37.418309],
            [-5.917465, 37.418286],
            [-5.917523, 37.418264],
            [-5.91758, 37.418241],
            [-5.917637, 37.418218],
            [-5.917695, 37.418195],
            [-5.917752, 37.418173],
            [-5.91781, 37.41815],
            [-5.917867, 37.418127],
            [-5.917924, 37.418104],
            [-5.917982, 37.418081],
            [-5.918045, 37.418058],
            [-5.918108, 37.418035],
            [-5.918171, 37.418011],
            [-5.918298, 37.417964],
            [-5.918361, 37.417941],
            [-5.918424, 37.417918],
            [-5.918487, 37.417894],
            [-5.918551, 37.417871],
            [-5.918614, 37.417847],
            [-5.918682, 37.417825],
            [-5.918752, 37.417803],
            [-5.918958, 37.417737],
            [-5.919027, 37.417715],
            [-5.919165, 37.417671],
            [-5.919234, 37.417649],
            [-5.919303, 37.417627],
            [-5.919639, 37.417525],
            [-5.922806, 37.416619],
            [-5.923976, 37.41634],
            [-5.925754, 37.415828],
            [-5.925813, 37.415812],
            [-5.925872, 37.415796],
            [-5.92593, 37.41578],
            [-5.925989, 37.415764],
            [-5.926048, 37.415749],
            [-5.926107, 37.415733],
            [-5.926166, 37.415717],
            [-5.926225, 37.415701],
            [-5.926301, 37.415679],
            [-5.926377, 37.415657],
            [-5.926453, 37.415635],
            [-5.92653, 37.415614],
            [-5.926606, 37.415592],
            [-5.926682, 37.41557],
            [-5.926758, 37.415548],
            [-5.926835, 37.415526],
            [-5.926911, 37.415504],
            [-5.926987, 37.415483],
            [-5.927034, 37.415467],
            [-5.927082, 37.415451],
            [-5.927177, 37.415419],
            [-5.927224, 37.415403],
            [-5.927272, 37.415387],
            [-5.927319, 37.415371],
            [-5.927366, 37.415355],
            [-5.927414, 37.415339],
            [-5.927461, 37.415323],
            [-5.927806, 37.415177],
            [-5.930634, 37.414023],
            [-5.931322, 37.413737],
            [-5.931401, 37.413853],
            [-5.931439, 37.413927],
            [-5.931444, 37.414019],
            [-5.931395, 37.4141],
            [-5.931323, 37.414177],
            [-5.93123, 37.414235],
            [-5.931118, 37.414272],
            [-5.931041, 37.414282],
            [-5.930825, 37.414407],
            [-5.930671, 37.414512],
            [-5.930604, 37.414582],
            [-5.930368, 37.414845],
            [-5.929927, 37.41548],
            [-5.929714, 37.415786],
            [-5.929587, 37.415972],
            [-5.928486, 37.418299],
            [-5.927382, 37.420531],
            [-5.926731, 37.421809],
            [-5.926679, 37.422287],
            [-5.926803, 37.42276],
            [-5.927172, 37.423565],
            [-5.927309, 37.423783],
            [-5.927662, 37.424397],
            [-5.927782, 37.424474],
            [-5.927866, 37.424609],
            [-5.928192, 37.424392],
            [-5.928571, 37.42453],
            [-5.929434, 37.424703],
            [-5.930457, 37.424873],
            [-5.931092, 37.42497],
            [-5.93387, 37.426106],
            [-5.934196, 37.426378],
            [-5.93456, 37.426733],
            [-5.934819, 37.427063],
            [-5.935744, 37.430122],
            [-5.936199, 37.431146],
            [-5.935935, 37.431299],
            [-5.935625, 37.431199],
            [-5.935314, 37.43107],
            [-5.934086, 37.430679],
            [-5.932411, 37.430338],
            [-5.931413, 37.430196],
            [-5.930868, 37.430404],
            [-5.930206, 37.430682],
            [-5.929101, 37.431557],
            [-5.928881, 37.431797],
            [-5.928657, 37.432009],
            [-5.928456, 37.4322],
            [-5.927069, 37.432602],
            [-5.926219, 37.432848],
            [-5.924094, 37.433048],
            [-5.922858, 37.433088],
            [-5.921877, 37.432828],
            [-5.920589, 37.432497],
            [-5.919864, 37.432427],
            [-5.919194, 37.432532],
            [-5.918824, 37.432786],
            [-5.918595, 37.43288],
            [-5.918312, 37.432848],
            [-5.91791, 37.432593],
            [-5.917025, 37.432223],
            [-5.916759, 37.432191],
            [-5.916415, 37.43217],
            [-5.91612, 37.432148],
            [-5.91579, 37.432166],
            [-5.915461, 37.432213],
            [-5.915113, 37.43227],
            [-5.914747, 37.432318],
            [-5.914598, 37.432282],
            [-5.914338, 37.4322],
            [-5.914005, 37.43214],
            [-5.913661, 37.432119],
            [-5.913393, 37.432165],
            [-5.913142, 37.432318],
            [-5.912106, 37.434363],
            [-5.912126, 37.434578],
            [-5.912133, 37.434744],
            [-5.912078, 37.434899],
            [-5.911922, 37.434991],
            [-5.911987, 37.435077],
            [-5.912137, 37.435162],
            [-5.912165, 37.435259],
            [-5.912108, 37.435359],
            [-5.911987, 37.435401],
            [-5.911853, 37.435424],
            [-5.911669, 37.435428],
            [-5.911571, 37.435421],
            [-5.911438, 37.435473],
            [-5.911297, 37.435624],
            [-5.911145, 37.435813],
            [-5.911009, 37.436091],
            [-5.910688, 37.436668],
            [-5.906825, 37.438367],
            [-5.9065, 37.438512],
            [-5.906217, 37.438793],
            [-5.906129, 37.439041],
            [-5.906004, 37.439099],
            [-5.905733, 37.439076],
            [-5.905535, 37.439022],
            [-5.905252, 37.43899],
            [-5.905007, 37.438986],
            [-5.904626, 37.438976],
            [-5.904173, 37.438977],
            [-5.903781, 37.438987],
            [-5.903317, 37.439018],
            [-5.902975, 37.439065],
            [-5.902587, 37.439163],
            [-5.902271, 37.43922],
            [-5.901905, 37.439268],
            [-5.901528, 37.439356],
            [-5.901324, 37.439437],
            [-5.901129, 37.43953],
            [-5.901102, 37.439505]
          ]
        ]
      }
    },
    {
      "type": "Feature",
      "properties": {
        "id": "zodiaco",
        "name": "Zodiaco",
        "cityId": "sevilla"
      },
      "geometry": {
        "type": "Polygon",
        "coordinates": [
          [
            [-5.969384, 37.400155],
            [-5.969613, 37.400039],
            [-5.969748, 37.399971],
            [-5.970062, 37.399804],
            [-5.970208, 37.399725],
            [-5.970261, 37.399698],
            [-5.970588, 37.400281],
            [-5.971053, 37.401071],
            [-5.971641, 37.402116],
            [-5.971261, 37.40224],
            [-5.971183, 37.402266],
            [-5.971094, 37.402297],
            [-5.970881, 37.402371],
            [-5.970447, 37.402521],
            [-5.970025, 37.402668],
            [-5.969098, 37.402984],
            [-5.969176, 37.402505],
            [-5.96922, 37.402239],
            [-5.96924, 37.402102],
            [-5.969353, 37.401379],
            [-5.969447, 37.400844],
            [-5.96945, 37.400829],
            [-5.96946, 37.400451],
            [-5.969437, 37.400293],
            [-5.969384, 37.400155]
          ]
        ]
      }
    }
  ]
}
