{
  "type": "FeatureCollection",
  "name": "madrid-neighborhoods",
  "metadata": {
    "schemaVersion": 1,
    "cityId": "madrid",
    "cityName": "Madrid",
    "representative": false,
    "source": "Ayuntamiento de Madrid — Barrios municipales (geoportal, datos abiertos)"
  },
  "features": [
    {
      "type": "Feature",
      "properties": {
        "id": "abrantes",
        "name": "Abrantes",
        "cityId": "madrid"
      },
      "geometry": {
        "type": "Polygon",
        "coordinates": [
          [
            [-3.717549, 40.385287],
            [-3.721129, 40.385237],
            [-3.721819, 40.385247],
            [-3.721939, 40.385247],
            [-3.722299, 40.385267],
            [-3.722749, 40.385307],
            [-3.723119, 40.385357],
            [-3.723599, 40.385427],
            [-3.725039, 40.385637],
            [-3.726009, 40.385767],
            [-3.726889, 40.385967],
            [-3.727699, 40.386267],
            [-3.727939, 40.385627],
            [-3.728149, 40.385297],
            [-3.728269, 40.385097],
            [-3.728559, 40.384677],
            [-3.728709, 40.384447],
            [-3.729269, 40.383607],
            [-3.729589, 40.383137],
            [-3.729789, 40.382837],
            [-3.730309, 40.382217],
            [-3.730369, 40.382147],
            [-3.731299, 40.381047],
            [-3.732309, 40.379747],
            [-3.732699, 40.379247],
            [-3.735229, 40.378437],
            [-3.737169, 40.377817],
            [-3.734399, 40.375887],
            [-3.735759, 40.374757],
            [-3.736429, 40.373867],
            [-3.736439, 40.373857],
            [-3.736459, 40.373847],
            [-3.736269, 40.373847],
            [-3.736129, 40.373847],
            [-3.736089, 40.373847],
            [-3.736049, 40.373847],
            [-3.735799, 40.373827],
            [-3.734879, 40.373747],
            [-3.734679, 40.373737],
            [-3.733939, 40.373687],
            [-3.733939, 40.373687],
            [-3.731969, 40.373497],
            [-3.731679, 40.373467],
            [-3.731449, 40.373447],
            [-3.729999, 40.373307],
            [-3.729389, 40.373247],
            [-3.728889, 40.373197],
            [-3.727639, 40.373277],
            [-3.726439, 40.373347],
            [-3.722719, 40.373607],
            [-3.719769, 40.373807],
            [-3.719719, 40.374147],
            [-3.719719, 40.374147],
            [-3.719369, 40.376397],
            [-3.719039, 40.379657],
            [-3.718959, 40.380397],
            [-3.718729, 40.381547],
            [-3.718349, 40.382897],
            [-3.718209, 40.383317],
            [-3.717549, 40.385287]
          ]
        ]
      }
    },
    {
      "type": "Feature",
      "properties": {
        "id": "acacias",
        "name": "Acacias",
        "cityId": "madrid"
      },
      "geometry": {
        "type": "Polygon",
        "coordinates": [
          [
            [-3.702558, 40.405088],
            [-3.702978, 40.405078],
            [-3.703888, 40.405208],
            [-3.706508, 40.405688],
            [-3.707099, 40.405808],
            [-3.708409, 40.406078],
            [-3.709539, 40.406288],
            [-3.709919, 40.406338],
            [-3.711289, 40.406568],
            [-3.711679, 40.406668],
            [-3.712549, 40.404748],
            [-3.713219, 40.403318],
            [-3.714369, 40.400887],
            [-3.714899, 40.399667],
            [-3.714049, 40.399347],
            [-3.713439, 40.398957],
            [-3.713179, 40.398737],
            [-3.712729, 40.398347],
            [-3.712159, 40.397877],
            [-3.711379, 40.397317],
            [-3.710799, 40.396997],
            [-3.710289, 40.396787],
            [-3.709689, 40.396537],
            [-3.708779, 40.396267],
            [-3.708219, 40.396097],
            [-3.707339, 40.395887],
            [-3.704638, 40.395227],
            [-3.704638, 40.395237],
            [-3.703248, 40.396787],
            [-3.702288, 40.397777],
            [-3.702188, 40.397857],
            [-3.702088, 40.397937],
            [-3.701588, 40.398467],
            [-3.701048, 40.399057],
            [-3.700438, 40.399727],
            [-3.699698, 40.400537],
            [-3.699338, 40.401027],
            [-3.699338, 40.401037],
            [-3.699618, 40.401297],
            [-3.700618, 40.402577],
            [-3.701708, 40.403948],
            [-3.702558, 40.405068],
            [-3.702558, 40.405088]
          ]
        ]
      }
    },
    {
      "type": "Feature",
      "properties": {
        "id": "adelfas",
        "name": "Adelfas",
        "cityId": "madrid"
      },
      "geometry": {
        "type": "Polygon",
        "coordinates": [
          [
            [-3.673518, 40.394317],
            [-3.672918, 40.394677],
            [-3.672038, 40.395317],
            [-3.671078, 40.396447],
            [-3.670958, 40.396587],
            [-3.670388, 40.397087],
            [-3.670048, 40.397407],
            [-3.669618, 40.397847],
            [-3.669247, 40.398337],
            [-3.669257, 40.398327],
            [-3.668277, 40.399637],
            [-3.666787, 40.402627],
            [-3.666697, 40.402897],
            [-3.666337, 40.403868],
            [-3.665567, 40.405558],
            [-3.665217, 40.406338],
            [-3.665207, 40.406338],
            [-3.668977, 40.406618],
            [-3.670218, 40.406658],
            [-3.670218, 40.406668],
            [-3.670238, 40.406538],
            [-3.670268, 40.406398],
            [-3.670338, 40.406278],
            [-3.670438, 40.406128],
            [-3.670548, 40.405998],
            [-3.670698, 40.405828],
            [-3.670798, 40.405728],
            [-3.670898, 40.405618],
            [-3.671008, 40.405488],
            [-3.672168, 40.404208],
            [-3.672448, 40.403898],
            [-3.673048, 40.403218],
            [-3.673918, 40.402287],
            [-3.674838, 40.401307],
            [-3.675928, 40.400007],
            [-3.676798, 40.398957],
            [-3.676788, 40.398957],
            [-3.676288, 40.398667],
            [-3.675948, 40.398407],
            [-3.675698, 40.398217],
            [-3.675048, 40.397537],
            [-3.674948, 40.397387],
            [-3.674428, 40.396577],
            [-3.673518, 40.394317],
            [-3.673518, 40.394317]
          ]
        ]
      }
    },
    {
      "type": "Feature",
      "properties": {
        "id": "aeropuerto",
        "name": "Aeropuerto",
        "cityId": "madrid"
      },
      "geometry": {
        "type": "Polygon",
        "coordinates": [
          [
            [-3.531344, 40.447079],
            [-3.531554, 40.447299],
            [-3.531814, 40.447589],
            [-3.531974, 40.447799],
            [-3.532164, 40.448099],
            [-3.532324, 40.448369],
            [-3.532564, 40.448809],
            [-3.532794, 40.449179],
            [-3.532974, 40.449529],
            [-3.533084, 40.449789],
            [-3.533214, 40.450099],
            [-3.533334, 40.450349],
            [-3.533454, 40.450549],
            [-3.533554, 40.450679],
            [-3.533904, 40.451079],
            [-3.534184, 40.451429],
            [-3.534374, 40.451669],
            [-3.534454, 40.451779],
            [-3.534504, 40.451889],
            [-3.534554, 40.452019],
            [-3.534574, 40.452129],
            [-3.534584, 40.452249],
            [-3.534564, 40.452379],
            [-3.534534, 40.452469],
            [-3.534394, 40.452649],
            [-3.534234, 40.452849],
            [-3.534004, 40.453139],
            [-3.533564, 40.453609],
            [-3.533174, 40.454019],
            [-3.532964, 40.454209],
            [-3.532834, 40.454309],
            [-3.532674, 40.454419],
            [-3.532574, 40.454479],
            [-3.532414, 40.454559],
            [-3.532294, 40.454609],
            [-3.532174, 40.454659],
            [-3.532084, 40.454689],
            [-3.531974, 40.454719],
            [-3.531884, 40.454739],
            [-3.531794, 40.454739],
            [-3.531554, 40.454739],
            [-3.531354, 40.454739],
            [-3.531244, 40.454739],
            [-3.531164, 40.454729],
            [-3.531084, 40.454709],
            [-3.531024, 40.454689],
            [-3.530934, 40.454649],
            [-3.530854, 40.454609],
            [-3.530554, 40.454459],
            [-3.530494, 40.454439],
            [-3.530414, 40.454419],
            [-3.530254, 40.454379],
            [-3.530134, 40.454359],
            [-3.530034, 40.454349],
            [-3.529914, 40.454339],
            [-3.529824, 40.454339],
            [-3.529454, 40.454339],
            [-3.529104, 40.454349],
            [-3.528784, 40.454379],
            [-3.528454, 40.454409],
            [-3.528244, 40.454439],
            [-3.528074, 40.454469],
            [-3.527924, 40.454509],
            [-3.527794, 40.454549],
            [-3.527634, 40.454599],
            [-3.527484, 40.454649],
            [-3.527344, 40.454709],
            [-3.527204, 40.454769],
            [-3.527104, 40.454819],
            [-3.526884, 40.454949],
            [-3.526794, 40.455009],
            [-3.526744, 40.455049],
            [-3.526694, 40.455099],
            [-3.526624, 40.455179],
            [-3.526554, 40.455279],
            [-3.526494, 40.455379],
            [-3.526474, 40.455439],
            [-3.526464, 40.455489],
            [-3.526464, 40.455559],
            [-3.526474, 40.455659],
            [-3.526484, 40.455729],
            [-3.526504, 40.455799],
            [-3.526574, 40.455979],
            [-3.526644, 40.456129],
            [-3.526734, 40.456289],
            [-3.526924, 40.456559],
            [-3.527024, 40.456689],
            [-3.527164, 40.456839],
            [-3.527404, 40.457049],
            [-3.527554, 40.457169],
            [-3.527744, 40.457329],
            [-3.528144, 40.457649],
            [-3.528644, 40.458059],
            [-3.529014, 40.458379],
            [-3.529044, 40.458459],
            [-3.529164, 40.458849],
            [-3.529284, 40.459219],
            [-3.529394, 40.459619],
            [-3.529494, 40.460059],
            [-3.529554, 40.460429],
            [-3.529544, 40.460749],
            [-3.529504, 40.461039],
            [-3.529434, 40.461359],
            [-3.529324, 40.461729],
            [-3.529214, 40.462049],
            [-3.529054, 40.462549],
            [-3.528944, 40.462969],
            [-3.528814, 40.463309],
            [-3.528674, 40.463599],
            [-3.528504, 40.463859],
            [-3.528244, 40.464239],
            [-3.528024, 40.464529],
            [-3.527774, 40.464839],
            [-3.527644, 40.464979],
            [-3.527444, 40.465169],
            [-3.527124, 40.465459],
            [-3.526864, 40.465689],
            [-3.526584, 40.465899],
            [-3.526424, 40.466029],
            [-3.526304, 40.466149],
            [-3.526084, 40.466379],
            [-3.525874, 40.466629],
            [-3.525594, 40.466999],
            [-3.525414, 40.467189],
            [-3.525264, 40.467349],
            [-3.525154, 40.467479],
            [-3.525084, 40.467599],
            [-3.525034, 40.467719],
            [-3.524994, 40.467859],
            [-3.524924, 40.468199],
            [-3.524884, 40.468509],
            [-3.524864, 40.468769],
            [-3.524864, 40.468889],
            [-3.524874, 40.468969],
            [-3.524894, 40.469049],
            [-3.524914, 40.469119],
            [-3.524944, 40.46919],
            [-3.524994, 40.46926],
            [-3.525044, 40.46932],
            [-3.525144, 40.46942],
            [-3.525304, 40.46955],
            [-3.525524, 40.46971],
            [-3.525734, 40.46985],
            [-3.525964, 40.46999],
            [-3.526244, 40.47015],
            [-3.526584, 40.47031],
            [-3.526764, 40.47039],
            [-3.526894, 40.47043],
            [-3.527064, 40.47047],
            [-3.527294, 40.47051],
            [-3.527584, 40.47055],
            [-3.528084, 40.47063],
            [-3.528474, 40.4707],
            [-3.528784, 40.47077],
            [-3.529124, 40.47085],
            [-3.529524, 40.47094],
            [-3.529954, 40.47105],
            [-3.530374, 40.47116],
            [-3.530774, 40.47129],
            [-3.531104, 40.4713],
            [-3.531644, 40.47132],
            [-3.532364, 40.47137],
            [-3.532584, 40.47139],
            [-3.532804, 40.47143],
            [-3.533014, 40.47148],
            [-3.533184, 40.47154],
            [-3.533374, 40.47162],
            [-3.533484, 40.47168],
            [-3.533644, 40.47178],
            [-3.533804, 40.47191],
            [-3.533884, 40.472],
            [-3.533944, 40.47209],
            [-3.534054, 40.47227],
            [-3.534114, 40.4724],
            [-3.534194, 40.47261],
            [-3.534244, 40.4728],
            [-3.534284, 40.47296],
            [-3.534294, 40.47318],
            [-3.534344, 40.47377],
            [-3.534354, 40.47431],
            [-3.534404, 40.47501],
            [-3.534424, 40.47562],
            [-3.534484, 40.47649],
            [-3.534514, 40.47694],
            [-3.534564, 40.47731],
            [-3.534574, 40.47735],
            [-3.534594, 40.47748],
            [-3.534664, 40.47776],
            [-3.534694, 40.4779],
            [-3.534724, 40.47812],
            [-3.534734, 40.4783],
            [-3.534724, 40.47841],
            [-3.534704, 40.4785],
            [-3.534684, 40.47859],
            [-3.534674, 40.47865],
            [-3.534674, 40.47874],
            [-3.534694, 40.47884],
            [-3.534704, 40.4789],
            [-3.534724, 40.47897],
            [-3.534824, 40.47917],
            [-3.534854, 40.47924],
            [-3.534864, 40.4793],
            [-3.534854, 40.47935],
            [-3.534824, 40.47945],
            [-3.534784, 40.4796],
            [-3.534774, 40.47969],
            [-3.534774, 40.47975],
            [-3.534814, 40.47994],
            [-3.534964, 40.48041],
            [-3.535044, 40.48068],
            [-3.535304, 40.4813],
            [-3.535514, 40.48178],
            [-3.535744, 40.48225],
            [-3.535794, 40.48233],
            [-3.535944, 40.48251],
            [-3.536754, 40.48356],
            [-3.537004, 40.48394],
            [-3.537134, 40.48421],
            [-3.537184, 40.48432],
            [-3.537214, 40.48441],
            [-3.537234, 40.48454],
            [-3.537234, 40.48468],
            [-3.537224, 40.48483],
            [-3.537164, 40.48518],
            [-3.537084, 40.48553],
            [-3.537034, 40.4857],
            [-3.536944, 40.48594],
            [-3.536864, 40.48614],
            [-3.536854, 40.4862],
            [-3.536844, 40.48628],
            [-3.536854, 40.48635],
            [-3.536864, 40.4864],
            [-3.536874, 40.48645],
            [-3.536914, 40.4865],
            [-3.536964, 40.48656],
            [-3.537064, 40.48665],
            [-3.537184, 40.48675],
            [-3.537324, 40.48684],
            [-3.537474, 40.48693],
            [-3.538104, 40.48726],
            [-3.538584, 40.48749],
            [-3.539314, 40.48786],
            [-3.539384, 40.4879],
            [-3.539794, 40.48811],
            [-3.539934, 40.48818],
            [-3.540074, 40.48823],
            [-3.540404, 40.48833],
            [-3.540694, 40.48841],
            [-3.540744, 40.48843],
            [-3.540794, 40.48846],
            [-3.540834, 40.4885],
            [-3.540864, 40.48854],
            [-3.540904, 40.4886],
            [-3.540934, 40.48866],
            [-3.540964, 40.48873],
            [-3.540974, 40.4888],
            [-3.541004, 40.48907],
            [-3.541034, 40.48932],
            [-3.541084, 40.48967],
            [-3.541134, 40.49016],
            [-3.541154, 40.49056],
            [-3.541144, 40.49106],
            [-3.541144, 40.49135],
            [-3.541164, 40.49152],
            [-3.541184, 40.49161],
            [-3.541234, 40.49172],
            [-3.541294, 40.49183],
            [-3.541394, 40.49197],
            [-3.541534, 40.49218],
            [-3.541594, 40.49231],
            [-3.541644, 40.49246],
            [-3.541684, 40.49259],
            [-3.541724, 40.49278],
            [-3.541734, 40.49292],
            [-3.541734, 40.49311],
            [-3.541714, 40.49332],
            [-3.541654, 40.4937],
            [-3.541634, 40.49381],
            [-3.541634, 40.49391],
            [-3.541654, 40.49399],
            [-3.541714, 40.4941],
            [-3.541794, 40.4942],
            [-3.541904, 40.49429],
            [-3.542044, 40.49438],
            [-3.542184, 40.49448],
            [-3.542414, 40.49461],
            [-3.542654, 40.49476],
            [-3.542924, 40.49492],
            [-3.543254, 40.49514],
            [-3.543584, 40.49537],
            [-3.543904, 40.49559],
            [-3.543984, 40.49563],
            [-3.544094, 40.49568],
            [-3.544254, 40.49575],
            [-3.544424, 40.4958],
            [-3.544574, 40.49585],
            [-3.545164, 40.49601],
            [-3.545474, 40.49612],
            [-3.545834, 40.49628],
            [-3.546424, 40.49657],
            [-3.546784, 40.49673],
            [-3.547154, 40.49685],
            [-3.547444, 40.49693],
            [-3.547854, 40.49704],
            [-3.549644, 40.49759],
            [-3.550164, 40.49778],
            [-3.550554, 40.49795],
            [-3.551024, 40.49818],
            [-3.551724, 40.49862],
            [-3.551934, 40.49876],
            [-3.552344, 40.49901],
            [-3.552694, 40.49928],
            [-3.552774, 40.49935],
            [-3.552874, 40.49946],
            [-3.552964, 40.49956],
            [-3.553104, 40.49974],
            [-3.553164, 40.49984],
            [-3.553214, 40.49994],
            [-3.553244, 40.5],
            [-3.553264, 40.50007],
            [-3.553284, 40.50018],
            [-3.553324, 40.50056],
            [-3.553354, 40.50096],
            [-3.553384, 40.50113],
            [-3.553424, 40.50127],
            [-3.553464, 40.50147],
            [-3.553504, 40.50162],
            [-3.553534, 40.50179],
            [-3.553554, 40.50196],
            [-3.553544, 40.50204],
            [-3.553524, 40.50211],
            [-3.553504, 40.50217],
            [-3.553354, 40.502471],
            [-3.555164, 40.503161],
            [-3.554894, 40.505461],
            [-3.555074, 40.508571],
            [-3.554204, 40.511341],
            [-3.558324, 40.511261],
            [-3.561605, 40.510691],
            [-3.561695, 40.511161],
            [-3.564935, 40.512061],
            [-3.567225, 40.512171],
            [-3.571985, 40.512411],
            [-3.575815, 40.510421],
            [-3.577885, 40.510381],
            [-3.582835, 40.508471],
            [-3.584645, 40.506731],
            [-3.586755, 40.505391],
            [-3.589045, 40.504531],
            [-3.593155, 40.50155],
            [-3.593195, 40.50142],
            [-3.593485, 40.50146],
            [-3.593625, 40.50148],
            [-3.593655, 40.50148],
            [-3.593705, 40.50148],
            [-3.593735, 40.50148],
            [-3.593765, 40.50148],
            [-3.593805, 40.50147],
            [-3.593875, 40.50145],
            [-3.593975, 40.50142],
            [-3.594015, 40.50141],
            [-3.594035, 40.5014],
            [-3.594055, 40.50139],
            [-3.594065, 40.50138],
            [-3.594075, 40.50137],
            [-3.594105, 40.50133],
            [-3.594125, 40.50131],
            [-3.594145, 40.50129],
            [-3.594155, 40.50128],
            [-3.594165, 40.50127],
            [-3.594175, 40.50127],
            [-3.594185, 40.50127],
            [-3.594205, 40.50127],
            [-3.594225, 40.50127],
            [-3.594245, 40.50127],
            [-3.594425, 40.50127],
            [-3.594465, 40.50127],
            [-3.594515, 40.50126],
            [-3.594565, 40.50125],
            [-3.594615, 40.50124],
            [-3.594685, 40.50122],
            [-3.594705, 40.50122],
            [-3.594735, 40.50122],
            [-3.594755, 40.50122],
            [-3.594765, 40.50122],
            [-3.594785, 40.50122],
            [-3.594795, 40.50122],
            [-3.594815, 40.50122],
            [-3.594865, 40.50124],
            [-3.594935, 40.50126],
            [-3.595025, 40.50129],
            [-3.595115, 40.50131],
            [-3.595165, 40.50132],
            [-3.595245, 40.50133],
            [-3.595335, 40.50134],
            [-3.595405, 40.50135],
            [-3.595506, 40.50135],
            [-3.595586, 40.50135],
            [-3.595636, 40.50135],
            [-3.595656, 40.50135],
            [-3.595686, 40.50135],
            [-3.595716, 40.50134],
            [-3.595766, 40.50133],
            [-3.595816, 40.50132],
            [-3.595926, 40.50129],
            [-3.596106, 40.50124],
            [-3.596126, 40.50123],
            [-3.596156, 40.50123],
            [-3.596196, 40.50123],
            [-3.596236, 40.50123],
            [-3.596456, 40.50123],
            [-3.596626, 40.50123],
            [-3.596666, 40.50123],
            [-3.596846, 40.50125],
            [-3.596896, 40.50125],
            [-3.596956, 40.50125],
            [-3.597186, 40.50125],
            [-3.597236, 40.50125],
            [-3.597396, 40.50127],
            [-3.597486, 40.50128],
            [-3.597526, 40.50128],
            [-3.597646, 40.50127],
            [-3.597676, 40.50127],
            [-3.597726, 40.50127],
            [-3.597786, 40.50127],
            [-3.597826, 40.50127],
            [-3.597926, 40.50128],
            [-3.598016, 40.50129],
            [-3.598106, 40.5013],
            [-3.598216, 40.50132],
            [-3.598266, 40.50133],
            [-3.598306, 40.50134],
            [-3.598336, 40.50135],
            [-3.598396, 40.50137],
            [-3.598416, 40.50138],
            [-3.598436, 40.50139],
            [-3.598556, 40.50145],
            [-3.598566, 40.50146],
            [-3.598576, 40.50146],
            [-3.598596, 40.50146],
            [-3.598616, 40.50146],
            [-3.598656, 40.50146],
            [-3.598726, 40.50146],
            [-3.598796, 40.50146],
            [-3.598846, 40.50148],
            [-3.598946, 40.50154],
            [-3.599026, 40.50159],
            [-3.599146, 40.50164],
            [-3.599226, 40.50167],
            [-3.599246, 40.50168],
            [-3.599256, 40.50169],
            [-3.599276, 40.5017],
            [-3.599306, 40.50172],
            [-3.599316, 40.50173],
            [-3.599326, 40.50174],
            [-3.599336, 40.50174],
            [-3.599346, 40.50174],
            [-3.599356, 40.50174],
            [-3.599376, 40.50174],
            [-3.599396, 40.50174],
            [-3.599406, 40.50174],
            [-3.599426, 40.50174],
            [-3.599446, 40.50174],
            [-3.599466, 40.50174],
            [-3.599496, 40.50173],
            [-3.599526, 40.50172],
            [-3.599546, 40.50171],
            [-3.599566, 40.5017],
            [-3.599646, 40.50166],
            [-3.599726, 40.50167],
            [-3.599926, 40.50178],
            [-3.599946, 40.50179],
            [-3.599966, 40.5018],
            [-3.599996, 40.50181],
            [-3.600016, 40.50181],
            [-3.600036, 40.50181],
            [-3.600056, 40.50181],
            [-3.600086, 40.50181],
            [-3.600106, 40.50181],
            [-3.600126, 40.50181],
            [-3.600146, 40.50181],
            [-3.600176, 40.5018],
            [-3.600196, 40.50179],
            [-3.600286, 40.50176],
            [-3.600516, 40.50169],
            [-3.600536, 40.50168],
            [-3.600586, 40.50167],
            [-3.600626, 40.50166],
            [-3.600656, 40.50166],
            [-3.600696, 40.50166],
            [-3.600726, 40.50166],
            [-3.600766, 40.50166],
            [-3.600796, 40.50166],
            [-3.600816, 40.50166],
            [-3.600846, 40.50167],
            [-3.600876, 40.50168],
            [-3.600916, 40.50169],
            [-3.600956, 40.5017],
            [-3.600986, 40.50171],
            [-3.601016, 40.50172],
            [-3.601046, 40.50173],
            [-3.601076, 40.50173],
            [-3.601106, 40.50173],
            [-3.601126, 40.50173],
            [-3.601146, 40.50173],
            [-3.601166, 40.50173],
            [-3.601186, 40.50173],
            [-3.601206, 40.50173],
            [-3.601226, 40.50173],
            [-3.601246, 40.50172],
            [-3.601266, 40.50171],
            [-3.601296, 40.50169],
            [-3.601336, 40.50166],
            [-3.601386, 40.50162],
            [-3.601496, 40.50151],
            [-3.601526, 40.50149],
            [-3.601556, 40.50147],
            [-3.601576, 40.50146],
            [-3.601596, 40.50145],
            [-3.601626, 40.50144],
            [-3.601656, 40.50144],
            [-3.601696, 40.50144],
            [-3.601736, 40.50144],
            [-3.601806, 40.50145],
            [-3.601826, 40.50145],
            [-3.601886, 40.50148],
            [-3.601906, 40.50041],
            [-3.601906, 40.49938],
            [-3.601896, 40.49872],
            [-3.601886, 40.49822],
            [-3.601876, 40.49783],
            [-3.601856, 40.49739],
            [-3.601826, 40.49689],
            [-3.601806, 40.4964],
            [-3.601786, 40.49594],
            [-3.601776, 40.49523],
            [-3.601766, 40.49497],
            [-3.601756, 40.49462],
            [-3.601766, 40.49401],
            [-3.601766, 40.49369],
            [-3.601766, 40.49354],
            [-3.601766, 40.49338],
            [-3.601776, 40.49289],
            [-3.601816, 40.49176],
            [-3.601826, 40.49134],
            [-3.601826, 40.49129],
            [-3.601836, 40.4909],
            [-3.601846, 40.4906],
            [-3.601856, 40.49039],
            [-3.601856, 40.49016],
            [-3.601856, 40.48993],
            [-3.601856, 40.48983],
            [-3.601856, 40.48974],
            [-3.601856, 40.48957],
            [-3.601856, 40.48932],
            [-3.601846, 40.48895],
            [-3.601806, 40.48793],
            [-3.601766, 40.48738],
            [-3.601736, 40.48667],
            [-3.601736, 40.48618],
            [-3.601726, 40.48546],
            [-3.601716, 40.48502],
            [-3.601706, 40.48436],
            [-3.601756, 40.48258],
            [-3.601786, 40.48105],
            [-3.601766, 40.47983],
            [-3.597226, 40.47983],
            [-3.591615, 40.47985],
            [-3.586205, 40.47987],
            [-3.584065, 40.47987],
            [-3.582885, 40.47985],
            [-3.581895, 40.4798],
            [-3.581445, 40.47976],
            [-3.580965, 40.47968],
            [-3.580545, 40.47959],
            [-3.580125, 40.47948],
            [-3.579795, 40.47937],
            [-3.579465, 40.47924],
            [-3.579135, 40.47909],
            [-3.578755, 40.47887],
            [-3.578505, 40.47871],
            [-3.578315, 40.47858],
            [-3.577835, 40.47821],
            [-3.576175, 40.47672],
            [-3.575035, 40.47564],
            [-3.574695, 40.47524],
            [-3.574585, 40.47508],
            [-3.574465, 40.47488],
            [-3.574365, 40.47468],
            [-3.574295, 40.47448],
            [-3.574235, 40.47418],
            [-3.574215, 40.47398],
            [-3.574215, 40.47379],
            [-3.574225, 40.47358],
            [-3.574255, 40.47337],
            [-3.574365, 40.47283],
            [-3.574625, 40.47166],
            [-3.575275, 40.47148],
            [-3.575545, 40.4714],
            [-3.575825, 40.47136],
            [-3.576015, 40.47134],
            [-3.576135, 40.47135],
            [-3.576375, 40.47143],
            [-3.576835, 40.47162],
            [-3.578045, 40.47063],
            [-3.579275, 40.46989],
            [-3.580315, 40.468089],
            [-3.580455, 40.467929],
            [-3.580665, 40.467779],
            [-3.580935, 40.467659],
            [-3.581185, 40.467569],
            [-3.581555, 40.467459],
            [-3.582255, 40.467699],
            [-3.582255, 40.467689],
            [-3.582255, 40.467689],
            [-3.582505, 40.467059],
            [-3.582875, 40.466559],
            [-3.583155, 40.466269],
            [-3.583555, 40.465989],
            [-3.584555, 40.465329],
            [-3.584535, 40.465339],
            [-3.583415, 40.464769],
            [-3.582505, 40.463799],
            [-3.580865, 40.462279],
            [-3.580555, 40.462489],
            [-3.579525, 40.461809],
            [-3.578795, 40.461279],
            [-3.577905, 40.460659],
            [-3.580175, 40.458759],
            [-3.584385, 40.455309],
            [-3.587975, 40.452259],
            [-3.588715, 40.451649],
            [-3.589045, 40.451409],
            [-3.589455, 40.451139],
            [-3.589995, 40.450829],
            [-3.590495, 40.450629],
            [-3.591155, 40.450419],
            [-3.591845, 40.450279],
            [-3.592365, 40.450189],
            [-3.593245, 40.450049],
            [-3.593285, 40.450039],
            [-3.587485, 40.449939],
            [-3.583455, 40.449889],
            [-3.582315, 40.449889],
            [-3.581415, 40.449899],
            [-3.579925, 40.449919],
            [-3.577185, 40.449859],
            [-3.575175, 40.449809],
            [-3.573775, 40.449779],
            [-3.570605, 40.449739],
            [-3.565735, 40.449649],
            [-3.565045, 40.449629],
            [-3.561805, 40.449549],
            [-3.558345, 40.449469],
            [-3.557064, 40.449399],
            [-3.555654, 40.449309],
            [-3.553494, 40.449089],
            [-3.550964, 40.448799],
            [-3.547344, 40.448399],
            [-3.542744, 40.447869],
            [-3.539704, 40.447529],
            [-3.537644, 40.447279],
            [-3.537064, 40.447169],
            [-3.536474, 40.447029],
            [-3.535344, 40.446719],
            [-3.535044, 40.446649],
            [-3.534724, 40.446589],
            [-3.534434, 40.446559],
            [-3.534204, 40.446549],
            [-3.533964, 40.446549],
            [-3.533664, 40.446569],
            [-3.533094, 40.446639],
            [-3.531694, 40.446989],
            [-3.531684, 40.446989],
            [-3.531344, 40.447079]
          ]
        ]
      }
    },
    {
      "type": "Feature",
      "properties": {
        "id": "aguilas",
        "name": "Águilas",
        "cityId": "madrid"
      },
      "geometry": {
        "type": "Polygon",
        "coordinates": [
          [
            [-3.7593, 40.383627],
            [-3.76177, 40.385587],
            [-3.7627, 40.386417],
            [-3.76728, 40.390527],
            [-3.7675, 40.390387],
            [-3.77008, 40.392597],
            [-3.77027, 40.392757],
            [-3.77057, 40.393007],
            [-3.77156, 40.393837],
            [-3.77156, 40.393847],
            [-3.77166, 40.393767],
            [-3.77221, 40.393347],
            [-3.77338, 40.392457],
            [-3.77734, 40.389447],
            [-3.78015, 40.387307],
            [-3.783261, 40.384877],
            [-3.787701, 40.381677],
            [-3.787711, 40.381657],
            [-3.785321, 40.380487],
            [-3.785301, 40.380467],
            [-3.784981, 40.380127],
            [-3.784531, 40.379577],
            [-3.784261, 40.378877],
            [-3.783781, 40.377857],
            [-3.783361, 40.377297],
            [-3.782651, 40.376347],
            [-3.782541, 40.376237],
            [-3.782391, 40.376107],
            [-3.782281, 40.376007],
            [-3.782151, 40.375937],
            [-3.782001, 40.375847],
            [-3.781801, 40.375757],
            [-3.781451, 40.375657],
            [-3.780971, 40.375557],
            [-3.78057, 40.375497],
            [-3.78016, 40.375437],
            [-3.77931, 40.375307],
            [-3.77801, 40.375097],
            [-3.77685, 40.374917],
            [-3.77622, 40.374817],
            [-3.77528, 40.374667],
            [-3.77328, 40.374357],
            [-3.77008, 40.373857],
            [-3.76932, 40.373737],
            [-3.76812, 40.373547],
            [-3.76812, 40.373547],
            [-3.76564, 40.373137],
            [-3.76225, 40.372627],
            [-3.76185, 40.374437],
            [-3.76002, 40.374887],
            [-3.75889, 40.375237],
            [-3.75788, 40.375547],
            [-3.75793, 40.375837],
            [-3.75791, 40.375927],
            [-3.75786, 40.376147],
            [-3.75781, 40.376317],
            [-3.75775, 40.376547],
            [-3.75758, 40.376917],
            [-3.75742, 40.377187],
            [-3.75724, 40.377487],
            [-3.75677, 40.378007],
            [-3.75595, 40.378567],
            [-3.75595, 40.378557],
            [-3.7564, 40.379597],
            [-3.75683, 40.380457],
            [-3.75743, 40.381467],
            [-3.75787, 40.382207],
            [-3.75836, 40.382817],
            [-3.75885, 40.383227],
            [-3.7593, 40.383627]
          ]
        ]
      }
    },
    {
      "type": "Feature",
      "properties": {
        "id": "alameda-de-osuna",
        "name": "Alameda de Osuna",
        "cityId": "madrid"
      },
      "geometry": {
        "type": "Polygon",
        "coordinates": [
          [
            [-3.593245, 40.450049],
            [-3.592365, 40.450189],
            [-3.591845, 40.450279],
            [-3.591155, 40.450419],
            [-3.590495, 40.450629],
            [-3.589995, 40.450829],
            [-3.589455, 40.451139],
            [-3.589045, 40.451409],
            [-3.588715, 40.451649],
            [-3.587975, 40.452259],
            [-3.584385, 40.455309],
            [-3.580175, 40.458759],
            [-3.577905, 40.460659],
            [-3.578795, 40.461279],
            [-3.579525, 40.461809],
            [-3.580555, 40.462489],
            [-3.580865, 40.462279],
            [-3.582505, 40.463799],
            [-3.583415, 40.464769],
            [-3.584535, 40.465339],
            [-3.584545, 40.465329],
            [-3.588415, 40.462679],
            [-3.589655, 40.462059],
            [-3.590215, 40.461819],
            [-3.592585, 40.460769],
            [-3.593265, 40.460459],
            [-3.594285, 40.460099],
            [-3.597486, 40.458679],
            [-3.599816, 40.457609],
            [-3.600826, 40.456859],
            [-3.603556, 40.454439],
            [-3.604676, 40.453359],
            [-3.605426, 40.452759],
            [-3.605406, 40.452779],
            [-3.605396, 40.452769],
            [-3.605256, 40.452659],
            [-3.605176, 40.452589],
            [-3.605076, 40.452489],
            [-3.604966, 40.452379],
            [-3.604876, 40.452289],
            [-3.604766, 40.452169],
            [-3.604666, 40.452039],
            [-3.604586, 40.451919],
            [-3.604526, 40.451829],
            [-3.604486, 40.451759],
            [-3.605296, 40.451229],
            [-3.606226, 40.450619],
            [-3.606856, 40.450209],
            [-3.606976, 40.450139],
            [-3.607026, 40.450109],
            [-3.607756, 40.449669],
            [-3.606366, 40.449649],
            [-3.605846, 40.449659],
            [-3.605456, 40.449679],
            [-3.604746, 40.449739],
            [-3.603396, 40.449889],
            [-3.603386, 40.449889],
            [-3.601016, 40.450129],
            [-3.599586, 40.450169],
            [-3.597086, 40.450159],
            [-3.595586, 40.450119],
            [-3.593285, 40.450049],
            [-3.593245, 40.450049],
            [-3.593245, 40.450049]
          ]
        ]
      }
    },
    {
      "type": "Feature",
      "properties": {
        "id": "almagro",
        "name": "Almagro",
        "cityId": "madrid"
      },
      "geometry": {
        "type": "Polygon",
        "coordinates": [
          [
            [-3.690458, 40.425268],
            [-3.690068, 40.426628],
            [-3.689708, 40.427998],
            [-3.689348, 40.429388],
            [-3.689348, 40.429398],
            [-3.689038, 40.430628],
            [-3.688458, 40.432908],
            [-3.688418, 40.433058],
            [-3.688758, 40.435178],
            [-3.688778, 40.435208],
            [-3.689388, 40.436109],
            [-3.690718, 40.437989],
            [-3.692898, 40.438129],
            [-3.696288, 40.438289],
            [-3.697778, 40.438359],
            [-3.698528, 40.438399],
            [-3.699318, 40.438439],
            [-3.700258, 40.438489],
            [-3.700238, 40.438489],
            [-3.699478, 40.436719],
            [-3.699078, 40.435778],
            [-3.698718, 40.434938],
            [-3.698118, 40.433498],
            [-3.697698, 40.432508],
            [-3.697598, 40.432288],
            [-3.697348, 40.431718],
            [-3.696968, 40.430858],
            [-3.696478, 40.429708],
            [-3.695788, 40.428098],
            [-3.695758, 40.427638],
            [-3.695768, 40.427638],
            [-3.695128, 40.427338],
            [-3.693858, 40.426698],
            [-3.691398, 40.425478],
            [-3.690458, 40.425258],
            [-3.690458, 40.425268]
          ]
        ]
      }
    },
    {
      "type": "Feature",
      "properties": {
        "id": "almenara",
        "name": "Almenara",
        "cityId": "madrid"
      },
      "geometry": {
        "type": "Polygon",
        "coordinates": [
          [
            [-3.687118, 40.47415],
            [-3.688858, 40.47443],
            [-3.688948, 40.4745],
            [-3.689078, 40.47461],
            [-3.689228, 40.47469],
            [-3.689438, 40.47469],
            [-3.689788, 40.47464],
            [-3.690228, 40.47456],
            [-3.690708, 40.47448],
            [-3.690978, 40.47445],
            [-3.691258, 40.47448],
            [-3.691508, 40.47454],
            [-3.691748, 40.4746],
            [-3.692008, 40.47467],
            [-3.692318, 40.47473],
            [-3.692568, 40.47474],
            [-3.692818, 40.47473],
            [-3.693128, 40.47468],
            [-3.693448, 40.47462],
            [-3.693718, 40.47458],
            [-3.694008, 40.47456],
            [-3.694328, 40.47457],
            [-3.694658, 40.47459],
            [-3.695008, 40.47465],
            [-3.695348, 40.47473],
            [-3.695678, 40.47479],
            [-3.695978, 40.4748],
            [-3.696178, 40.47479],
            [-3.696358, 40.47476],
            [-3.696518, 40.47472],
            [-3.696678, 40.47467],
            [-3.696828, 40.47463],
            [-3.697018, 40.47459],
            [-3.697238, 40.47456],
            [-3.697478, 40.47455],
            [-3.697618, 40.47455],
            [-3.697798, 40.47455],
            [-3.697858, 40.47456],
            [-3.697978, 40.47457],
            [-3.698148, 40.4746],
            [-3.698348, 40.47466],
            [-3.698488, 40.4747],
            [-3.698698, 40.47479],
            [-3.698858, 40.47486],
            [-3.698968, 40.4749],
            [-3.699018, 40.47492],
            [-3.699208, 40.47495],
            [-3.699418, 40.47498],
            [-3.699518, 40.47498],
            [-3.699518, 40.47498],
            [-3.699688, 40.47499],
            [-3.699968, 40.47499],
            [-3.700258, 40.47496],
            [-3.700488, 40.4749],
            [-3.700648, 40.47484],
            [-3.700698, 40.47482],
            [-3.700888, 40.47474],
            [-3.701048, 40.47464],
            [-3.701138, 40.47458],
            [-3.701238, 40.47451],
            [-3.701328, 40.47445],
            [-3.701378, 40.4744],
            [-3.701468, 40.47433],
            [-3.701618, 40.47419],
            [-3.701808, 40.47402],
            [-3.701808, 40.47402],
            [-3.702078, 40.47378],
            [-3.702088, 40.47377],
            [-3.702138, 40.47112],
            [-3.700148, 40.47004],
            [-3.699578, 40.46973],
            [-3.699228, 40.46928],
            [-3.698568, 40.468429],
            [-3.698208, 40.468169],
            [-3.698128, 40.468109],
            [-3.697728, 40.467799],
            [-3.697708, 40.467779],
            [-3.697318, 40.467379],
            [-3.696398, 40.466449],
            [-3.695978, 40.465939],
            [-3.695668, 40.465559],
            [-3.695668, 40.465559],
            [-3.695608, 40.465509],
            [-3.695408, 40.465379],
            [-3.694458, 40.464729],
            [-3.694448, 40.464719],
            [-3.693158, 40.465169],
            [-3.692698, 40.465289],
            [-3.691638, 40.465449],
            [-3.690808, 40.465579],
            [-3.690728, 40.465589],
            [-3.689348, 40.466039],
            [-3.689338, 40.466039],
            [-3.689058, 40.467139],
            [-3.688538, 40.469029],
            [-3.688298, 40.46991],
            [-3.687938, 40.47124],
            [-3.687538, 40.47266],
            [-3.687118, 40.47415]
          ]
        ]
      }
    },
    {
      "type": "Feature",
      "properties": {
        "id": "almendrales",
        "name": "Almendrales",
        "cityId": "madrid"
      },
      "geometry": {
        "type": "Polygon",
        "coordinates": [
          [
            [-3.700088, 40.378527],
            [-3.696798, 40.379887],
            [-3.695538, 40.380367],
            [-3.695568, 40.380707],
            [-3.695138, 40.381097],
            [-3.694018, 40.382227],
            [-3.693308, 40.382947],
            [-3.692148, 40.384107],
            [-3.692148, 40.384117],
            [-3.694638, 40.386177],
            [-3.695618, 40.386987],
            [-3.698088, 40.389097],
            [-3.699398, 40.388177],
            [-3.699398, 40.388177],
            [-3.700518, 40.387467],
            [-3.702328, 40.386267],
            [-3.702498, 40.386207],
            [-3.703358, 40.386097],
            [-3.705748, 40.385847],
            [-3.705758, 40.385847],
            [-3.705568, 40.384797],
            [-3.705298, 40.383327],
            [-3.705068, 40.382047],
            [-3.704958, 40.381457],
            [-3.704888, 40.381087],
            [-3.704748, 40.380197],
            [-3.703078, 40.381157],
            [-3.702758, 40.380807],
            [-3.702218, 40.380247],
            [-3.701598, 40.379427],
            [-3.700268, 40.379417],
            [-3.700218, 40.378657],
            [-3.700078, 40.378507],
            [-3.700088, 40.378527]
          ]
        ]
      }
    },
    {
      "type": "Feature",
      "properties": {
        "id": "aluche",
        "name": "Aluche",
        "cityId": "madrid"
      },
      "geometry": {
        "type": "Polygon",
        "coordinates": [
          [
            [-3.743609, 40.395497],
            [-3.74458, 40.395097],
            [-3.74462, 40.395087],
            [-3.74477, 40.395067],
            [-3.74608, 40.395197],
            [-3.74666, 40.395257],
            [-3.7472, 40.395317],
            [-3.74741, 40.395347],
            [-3.75184, 40.395877],
            [-3.7525, 40.395957],
            [-3.75258, 40.395967],
            [-3.75323, 40.395997],
            [-3.7535, 40.395937],
            [-3.75366, 40.395887],
            [-3.75378, 40.395847],
            [-3.75419, 40.396457],
            [-3.75451, 40.396917],
            [-3.7548, 40.397157],
            [-3.75516, 40.397397],
            [-3.75555, 40.397617],
            [-3.75596, 40.397867],
            [-3.75642, 40.398077],
            [-3.75702, 40.398357],
            [-3.75774, 40.398707],
            [-3.7582, 40.399027],
            [-3.75846, 40.399277],
            [-3.75899, 40.400007],
            [-3.76022, 40.401937],
            [-3.76081, 40.402877],
            [-3.76228, 40.400987],
            [-3.7624, 40.400927],
            [-3.76274, 40.400687],
            [-3.76436, 40.399397],
            [-3.76436, 40.399397],
            [-3.76506, 40.398887],
            [-3.76511, 40.398847],
            [-3.76653, 40.397747],
            [-3.76781, 40.396757],
            [-3.76869, 40.396087],
            [-3.77038, 40.394777],
            [-3.77156, 40.393837],
            [-3.77057, 40.393007],
            [-3.77027, 40.392757],
            [-3.77008, 40.392597],
            [-3.7675, 40.390387],
            [-3.76728, 40.390527],
            [-3.7627, 40.386417],
            [-3.76177, 40.385587],
            [-3.7593, 40.383627],
            [-3.75931, 40.383627],
            [-3.75865, 40.384107],
            [-3.75563, 40.383647],
            [-3.75478, 40.383587],
            [-3.75359, 40.383527],
            [-3.75304, 40.383547],
            [-3.75171, 40.384107],
            [-3.75159, 40.384157],
            [-3.74955, 40.385327],
            [-3.74952, 40.385347],
            [-3.74687, 40.386947],
            [-3.74619, 40.387357],
            [-3.74536, 40.387857],
            [-3.74514, 40.387907],
            [-3.74491, 40.387967],
            [-3.74475, 40.388007],
            [-3.74445, 40.388647],
            [-3.74383, 40.389957],
            [-3.743589, 40.390407],
            [-3.743289, 40.390747],
            [-3.742859, 40.391347],
            [-3.742259, 40.391887],
            [-3.740889, 40.392987],
            [-3.740869, 40.393007],
            [-3.741129, 40.393207],
            [-3.743269, 40.394847],
            [-3.743429, 40.395007],
            [-3.743509, 40.395087],
            [-3.743569, 40.395317],
            [-3.743599, 40.395517],
            [-3.743609, 40.395497]
          ]
        ]
      }
    },
    {
      "type": "Feature",
      "properties": {
        "id": "amposta",
        "name": "Amposta",
        "cityId": "madrid"
      },
      "geometry": {
        "type": "Polygon",
        "coordinates": [
          [
            [-3.626596, 40.422118],
            [-3.625556, 40.422558],
            [-3.625266, 40.422678],
            [-3.623516, 40.423428],
            [-3.621986, 40.424068],
            [-3.620366, 40.424738],
            [-3.620806, 40.425338],
            [-3.618216, 40.426788],
            [-3.617986, 40.426918],
            [-3.615066, 40.428008],
            [-3.615056, 40.428008],
            [-3.615606, 40.429538],
            [-3.617846, 40.429328],
            [-3.619506, 40.429178],
            [-3.620016, 40.429118],
            [-3.620226, 40.429088],
            [-3.620346, 40.429048],
            [-3.620376, 40.429028],
            [-3.620506, 40.428988],
            [-3.621256, 40.428628],
            [-3.622646, 40.427988],
            [-3.622656, 40.427978],
            [-3.622876, 40.427828],
            [-3.623666, 40.426968],
            [-3.624356, 40.426228],
            [-3.624436, 40.426168],
            [-3.624576, 40.426078],
            [-3.624766, 40.425978],
            [-3.625236, 40.425768],
            [-3.625726, 40.426418],
            [-3.628406, 40.424478],
            [-3.627416, 40.423248],
            [-3.626596, 40.422118]
          ]
        ]
      }
    },
    {
      "type": "Feature",
      "properties": {
        "id": "angeles",
        "name": "Ángeles",
        "cityId": "madrid"
      },
      "geometry": {
        "type": "Polygon",
        "coordinates": [
          [
            [-3.694018, 40.364516],
            [-3.695538, 40.364506],
            [-3.696238, 40.364486],
            [-3.696608, 40.364466],
            [-3.696768, 40.364456],
            [-3.696908, 40.364446],
            [-3.697138, 40.364426],
            [-3.697448, 40.364406],
            [-3.698158, 40.364316],
            [-3.698748, 40.364226],
            [-3.699118, 40.364156],
            [-3.699338, 40.364116],
            [-3.700048, 40.363956],
            [-3.700698, 40.363816],
            [-3.700788, 40.363796],
            [-3.701068, 40.363746],
            [-3.701118, 40.363736],
            [-3.701648, 40.363656],
            [-3.702098, 40.363606],
            [-3.702608, 40.363566],
            [-3.703228, 40.363546],
            [-3.703648, 40.363556],
            [-3.704008, 40.363576],
            [-3.704008, 40.363576],
            [-3.704078, 40.363576],
            [-3.704278, 40.363596],
            [-3.704498, 40.363616],
            [-3.704898, 40.363656],
            [-3.704908, 40.363646],
            [-3.705148, 40.363676],
            [-3.705158, 40.363686],
            [-3.706068, 40.359836],
            [-3.706498, 40.358166],
            [-3.706608, 40.357696],
            [-3.706839, 40.356886],
            [-3.706999, 40.356026],
            [-3.707069, 40.355526],
            [-3.707069, 40.354906],
            [-3.706899, 40.354216],
            [-3.706729, 40.353776],
            [-3.706328, 40.353106],
            [-3.705988, 40.352736],
            [-3.705768, 40.352526],
            [-3.705418, 40.352266],
            [-3.705138, 40.352056],
            [-3.704878, 40.351846],
            [-3.703138, 40.350456],
            [-3.702548, 40.349996],
            [-3.702548, 40.349996],
            [-3.700698, 40.348566],
            [-3.699038, 40.347266],
            [-3.698348, 40.346736],
            [-3.697898, 40.346456],
            [-3.697568, 40.346286],
            [-3.697178, 40.346116],
            [-3.696818, 40.345986],
            [-3.696328, 40.345846],
            [-3.695798, 40.345766],
            [-3.694938, 40.345676],
            [-3.694498, 40.345656],
            [-3.694108, 40.345636],
            [-3.693388, 40.345786],
            [-3.692968, 40.345846],
            [-3.692978, 40.345836],
            [-3.693088, 40.349576],
            [-3.693078, 40.350936],
            [-3.693058, 40.351686],
            [-3.693048, 40.352216],
            [-3.693058, 40.352776],
            [-3.693088, 40.353886],
            [-3.693128, 40.355066],
            [-3.693168, 40.356556],
            [-3.693238, 40.357816],
            [-3.693318, 40.358986],
            [-3.693418, 40.360036],
            [-3.693518, 40.360876],
            [-3.693628, 40.361726],
            [-3.694008, 40.364526],
            [-3.694018, 40.364516]
          ]
        ]
      }
    },
    {
      "type": "Feature",
      "properties": {
        "id": "apostol-santiago",
        "name": "Apóstol Santiago",
        "cityId": "madrid"
      },
      "geometry": {
        "type": "Polygon",
        "coordinates": [
          [
            [-3.663447, 40.467479],
            [-3.662897, 40.467609],
            [-3.662477, 40.467779],
            [-3.662127, 40.467969],
            [-3.661297, 40.468669],
            [-3.658477, 40.47106],
            [-3.658357, 40.47103],
            [-3.657967, 40.47101],
            [-3.657727, 40.47103],
            [-3.656567, 40.47279],
            [-3.656357, 40.47309],
            [-3.656037, 40.47361],
            [-3.655827, 40.47405],
            [-3.655567, 40.47476],
            [-3.655517, 40.47487],
            [-3.655417, 40.4751],
            [-3.655407, 40.47512],
            [-3.655137, 40.47555],
            [-3.654337, 40.47682],
            [-3.654147, 40.47702],
            [-3.653707, 40.47749],
            [-3.650037, 40.48124],
            [-3.650017, 40.48126],
            [-3.650447, 40.48134],
            [-3.655217, 40.48221],
            [-3.655877, 40.48233],
            [-3.657847, 40.48269],
            [-3.659347, 40.48292],
            [-3.659377, 40.48291],
            [-3.659617, 40.48279],
            [-3.661037, 40.4821],
            [-3.661207, 40.482],
            [-3.663447, 40.47984],
            [-3.664897, 40.47837],
            [-3.665247, 40.47796],
            [-3.665547, 40.47748],
            [-3.665547, 40.47748],
            [-3.665657, 40.47715],
            [-3.665687, 40.47705],
            [-3.665767, 40.47679],
            [-3.665737, 40.47636],
            [-3.665557, 40.47534],
            [-3.665437, 40.47481],
            [-3.665427, 40.47479],
            [-3.665417, 40.47476],
            [-3.665147, 40.4738],
            [-3.664637, 40.47195],
            [-3.663447, 40.467479]
          ]
        ]
      }
    },
    {
      "type": "Feature",
      "properties": {
        "id": "arapiles",
        "name": "Arapiles",
        "cityId": "madrid"
      },
      "geometry": {
        "type": "Polygon",
        "coordinates": [
          [
            [-3.705808, 40.429608],
            [-3.705558, 40.430318],
            [-3.705158, 40.431438],
            [-3.704548, 40.433108],
            [-3.704378, 40.433568],
            [-3.704318, 40.434898],
            [-3.704278, 40.436039],
            [-3.704258, 40.436759],
            [-3.704248, 40.437179],
            [-3.704238, 40.438679],
            [-3.706498, 40.438749],
            [-3.707049, 40.438769],
            [-3.708289, 40.438809],
            [-3.709949, 40.438869],
            [-3.711129, 40.438919],
            [-3.711229, 40.437569],
            [-3.711339, 40.436329],
            [-3.711429, 40.435258],
            [-3.711509, 40.434158],
            [-3.711619, 40.432968],
            [-3.711719, 40.431748],
            [-3.711859, 40.430198],
            [-3.711869, 40.430198],
            [-3.710509, 40.430058],
            [-3.708829, 40.429888],
            [-3.707719, 40.429788],
            [-3.707419, 40.429758],
            [-3.705808, 40.429608]
          ]
        ]
      }
    },
    {
      "type": "Feature",
      "properties": {
        "id": "aravaca",
        "name": "Aravaca",
        "cityId": "madrid"
      },
      "geometry": {
        "type": "Polygon",
        "coordinates": [
          [
            [-3.77084, 40.444049],
            [-3.77084, 40.444059],
            [-3.77079, 40.444529],
            [-3.76692, 40.447829],
            [-3.7663, 40.448169],
            [-3.76529, 40.448589],
            [-3.76275, 40.449549],
            [-3.76277, 40.449539],
            [-3.76258, 40.449609],
            [-3.76231, 40.449699],
            [-3.76211, 40.449749],
            [-3.76188, 40.449769],
            [-3.76169, 40.449759],
            [-3.7615, 40.449729],
            [-3.76144, 40.449709],
            [-3.75736, 40.451239],
            [-3.75731, 40.452159],
            [-3.75722, 40.452309],
            [-3.75741, 40.453279],
            [-3.75776, 40.453649],
            [-3.75794, 40.453749],
            [-3.75797, 40.453779],
            [-3.75822, 40.454029],
            [-3.75842, 40.454319],
            [-3.75941, 40.456039],
            [-3.76249, 40.460179],
            [-3.76221, 40.461159],
            [-3.76275, 40.461229],
            [-3.7718, 40.462279],
            [-3.77901, 40.463089],
            [-3.787991, 40.464099],
            [-3.791671, 40.464509],
            [-3.797861, 40.465219],
            [-3.798221, 40.465259],
            [-3.799071, 40.465359],
            [-3.800211, 40.465489],
            [-3.800241, 40.465529],
            [-3.800571, 40.465569],
            [-3.801101, 40.465629],
            [-3.801471, 40.463849],
            [-3.801231, 40.463699],
            [-3.801121, 40.463609],
            [-3.800971, 40.463499],
            [-3.800851, 40.463399],
            [-3.800731, 40.463299],
            [-3.800681, 40.463249],
            [-3.800461, 40.463039],
            [-3.800291, 40.462859],
            [-3.800211, 40.462769],
            [-3.800171, 40.462729],
            [-3.800011, 40.462539],
            [-3.799871, 40.462349],
            [-3.799671, 40.462059],
            [-3.799501, 40.461769],
            [-3.799441, 40.461649],
            [-3.799411, 40.461589],
            [-3.799321, 40.461409],
            [-3.799221, 40.461139],
            [-3.799161, 40.460959],
            [-3.799141, 40.460889],
            [-3.799081, 40.460679],
            [-3.799031, 40.460449],
            [-3.798991, 40.460209],
            [-3.798981, 40.460079],
            [-3.798971, 40.459949],
            [-3.798961, 40.459669],
            [-3.798961, 40.459619],
            [-3.798961, 40.459479],
            [-3.798971, 40.459279],
            [-3.798981, 40.459219],
            [-3.798981, 40.459209],
            [-3.799001, 40.459069],
            [-3.798851, 40.458959],
            [-3.797581, 40.458489],
            [-3.795751, 40.457829],
            [-3.795271, 40.456989],
            [-3.795481, 40.456609],
            [-3.795331, 40.456309],
            [-3.794391, 40.455659],
            [-3.794061, 40.454979],
            [-3.793761, 40.454719],
            [-3.793021, 40.453949],
            [-3.792921, 40.453829],
            [-3.792911, 40.453789],
            [-3.792921, 40.453689],
            [-3.793091, 40.453669],
            [-3.793381, 40.453239],
            [-3.792431, 40.451679],
            [-3.792091, 40.450639],
            [-3.791391, 40.449349],
            [-3.791131, 40.448009],
            [-3.791001, 40.447469],
            [-3.790401, 40.447649],
            [-3.790221, 40.446589],
            [-3.790181, 40.445839],
            [-3.788861, 40.445759],
            [-3.790101, 40.442329],
            [-3.787251, 40.443139],
            [-3.784581, 40.444359],
            [-3.77947, 40.444149],
            [-3.7786, 40.443749],
            [-3.77754, 40.443639],
            [-3.77605, 40.443659],
            [-3.77094, 40.444029],
            [-3.77086, 40.444029],
            [-3.77084, 40.444049]
          ]
        ]
      }
    },
    {
      "type": "Feature",
      "properties": {
        "id": "arcos",
        "name": "Arcos",
        "cityId": "madrid"
      },
      "geometry": {
        "type": "Polygon",
        "coordinates": [
          [
            [-3.610806, 40.417948],
            [-3.611196, 40.421238],
            [-3.611386, 40.422778],
            [-3.611396, 40.422818],
            [-3.611636, 40.425218],
            [-3.611576, 40.425688],
            [-3.611536, 40.426008],
            [-3.611206, 40.427598],
            [-3.611086, 40.428208],
            [-3.611026, 40.428578],
            [-3.610986, 40.429018],
            [-3.611216, 40.428638],
            [-3.612486, 40.427478],
            [-3.613226, 40.427938],
            [-3.613416, 40.427978],
            [-3.613456, 40.427988],
            [-3.615066, 40.427998],
            [-3.615066, 40.428008],
            [-3.617986, 40.426918],
            [-3.618216, 40.426788],
            [-3.620806, 40.425338],
            [-3.620366, 40.424738],
            [-3.621986, 40.424068],
            [-3.623516, 40.423428],
            [-3.625266, 40.422678],
            [-3.625556, 40.422558],
            [-3.626596, 40.422118],
            [-3.626586, 40.422108],
            [-3.626156, 40.421508],
            [-3.625396, 40.420448],
            [-3.624566, 40.419318],
            [-3.624456, 40.419158],
            [-3.624296, 40.418948],
            [-3.624166, 40.418758],
            [-3.624106, 40.418668],
            [-3.623846, 40.418228],
            [-3.622826, 40.416868],
            [-3.622326, 40.416148],
            [-3.622106, 40.415848],
            [-3.621896, 40.415528],
            [-3.621626, 40.415158],
            [-3.621366, 40.414788],
            [-3.620366, 40.413088],
            [-3.620336, 40.413088],
            [-3.620176, 40.413348],
            [-3.620106, 40.413458],
            [-3.620076, 40.413508],
            [-3.620036, 40.413568],
            [-3.619966, 40.413678],
            [-3.619886, 40.413788],
            [-3.619806, 40.413898],
            [-3.619746, 40.413968],
            [-3.619676, 40.414048],
            [-3.619486, 40.414258],
            [-3.618996, 40.414688],
            [-3.618746, 40.414888],
            [-3.618576, 40.415008],
            [-3.618396, 40.415108],
            [-3.618226, 40.415208],
            [-3.618156, 40.415248],
            [-3.618036, 40.415308],
            [-3.617956, 40.415348],
            [-3.617736, 40.415438],
            [-3.617456, 40.415548],
            [-3.613916, 40.416938],
            [-3.610806, 40.417948]
          ]
        ]
      }
    },
    {
      "type": "Feature",
      "properties": {
        "id": "arguelles",
        "name": "Argüelles",
        "cityId": "madrid"
      },
      "geometry": {
        "type": "Polygon",
        "coordinates": [
          [
            [-3.718059, 40.420298],
            [-3.716799, 40.420358],
            [-3.715979, 40.420368],
            [-3.715509, 40.420418],
            [-3.715509, 40.420418],
            [-3.713899, 40.421488],
            [-3.713389, 40.421828],
            [-3.713339, 40.421908],
            [-3.713179, 40.422058],
            [-3.713049, 40.422188],
            [-3.711729, 40.422968],
            [-3.711169, 40.423298],
            [-3.710919, 40.423428],
            [-3.710899, 40.423438],
            [-3.710889, 40.423418],
            [-3.711699, 40.424288],
            [-3.712449, 40.425348],
            [-3.713169, 40.426398],
            [-3.713889, 40.427458],
            [-3.714129, 40.427778],
            [-3.714529, 40.428318],
            [-3.715599, 40.429768],
            [-3.716199, 40.430598],
            [-3.716229, 40.430648],
            [-3.716239, 40.430648],
            [-3.716999, 40.431678],
            [-3.717179, 40.431918],
            [-3.717489, 40.432338],
            [-3.717619, 40.432518],
            [-3.717969, 40.432998],
            [-3.717619, 40.433088],
            [-3.717279, 40.433098],
            [-3.717239, 40.433098],
            [-3.718409, 40.434778],
            [-3.718269, 40.435538],
            [-3.719839, 40.435738],
            [-3.719849, 40.435738],
            [-3.719539, 40.435068],
            [-3.719489, 40.434958],
            [-3.721679, 40.434038],
            [-3.723999, 40.433038],
            [-3.724129, 40.432978],
            [-3.725209, 40.432508],
            [-3.723199, 40.430398],
            [-3.722939, 40.430128],
            [-3.722889, 40.430068],
            [-3.722609, 40.429788],
            [-3.722319, 40.429498],
            [-3.721719, 40.428878],
            [-3.720519, 40.427628],
            [-3.719759, 40.426838],
            [-3.718909, 40.425958],
            [-3.718429, 40.425458],
            [-3.718379, 40.425448],
            [-3.717239, 40.425188],
            [-3.716839, 40.425098],
            [-3.716259, 40.424968],
            [-3.714859, 40.423538],
            [-3.714769, 40.423448],
            [-3.715339, 40.422798],
            [-3.715449, 40.422708],
            [-3.715699, 40.422498],
            [-3.716409, 40.421918],
            [-3.716419, 40.421908],
            [-3.716459, 40.421898],
            [-3.716509, 40.421888],
            [-3.716639, 40.421878],
            [-3.716759, 40.421878],
            [-3.716839, 40.421888],
            [-3.716939, 40.421898],
            [-3.717079, 40.421948],
            [-3.717489, 40.422238],
            [-3.717839, 40.422488],
            [-3.718509, 40.422788],
            [-3.719459, 40.422698],
            [-3.719029, 40.422228],
            [-3.718659, 40.421828],
            [-3.718079, 40.421208],
            [-3.718059, 40.420288],
            [-3.718059, 40.420298]
          ]
        ]
      }
    },
    {
      "type": "Feature",
      "properties": {
        "id": "atalaya",
        "name": "Atalaya",
        "cityId": "madrid"
      },
      "geometry": {
        "type": "Polygon",
        "coordinates": [
          [
            [-3.662037, 40.463379],
            [-3.662487, 40.464069],
            [-3.662937, 40.465679],
            [-3.663447, 40.467489],
            [-3.663447, 40.467479],
            [-3.664507, 40.467319],
            [-3.668407, 40.466709],
            [-3.668407, 40.466699],
            [-3.668227, 40.466359],
            [-3.667717, 40.465379],
            [-3.664937, 40.460029],
            [-3.664927, 40.460049],
            [-3.664547, 40.460209],
            [-3.664217, 40.460359],
            [-3.663797, 40.460579],
            [-3.663427, 40.460829],
            [-3.662867, 40.461299],
            [-3.663717, 40.461899],
            [-3.662037, 40.463379]
          ]
        ]
      }
    },
    {
      "type": "Feature",
      "properties": {
        "id": "atocha",
        "name": "Atocha",
        "cityId": "madrid"
      },
      "geometry": {
        "type": "Polygon",
        "coordinates": [
          [
            [-3.688868, 40.406538],
            [-3.689158, 40.406718],
            [-3.689878, 40.407118],
            [-3.690208, 40.407358],
            [-3.690248, 40.407328],
            [-3.690818, 40.407758],
            [-3.691168, 40.407988],
            [-3.691388, 40.408108],
            [-3.691498, 40.408148],
            [-3.691848, 40.408438],
            [-3.691858, 40.408438],
            [-3.692568, 40.408008],
            [-3.692838, 40.407778],
            [-3.692968, 40.407618],
            [-3.692968, 40.407618],
            [-3.693008, 40.407568],
            [-3.693008, 40.407578],
            [-3.693008, 40.407548],
            [-3.693008, 40.407448],
            [-3.692998, 40.407278],
            [-3.692978, 40.407238],
            [-3.692968, 40.407218],
            [-3.692958, 40.407198],
            [-3.691248, 40.405598],
            [-3.690698, 40.405078],
            [-3.690588, 40.404978],
            [-3.686718, 40.401507],
            [-3.685488, 40.400397],
            [-3.685478, 40.400397],
            [-3.682498, 40.397727],
            [-3.679778, 40.395267],
            [-3.679658, 40.395147],
            [-3.679658, 40.395137],
            [-3.676448, 40.392327],
            [-3.675258, 40.393257],
            [-3.674538, 40.393747],
            [-3.673518, 40.394307],
            [-3.673518, 40.394317],
            [-3.673518, 40.394317],
            [-3.674428, 40.396577],
            [-3.674948, 40.397387],
            [-3.675048, 40.397537],
            [-3.675698, 40.398217],
            [-3.675948, 40.398407],
            [-3.676288, 40.398667],
            [-3.676788, 40.398957],
            [-3.676798, 40.398957],
            [-3.679048, 40.400797],
            [-3.679608, 40.401037],
            [-3.679638, 40.401057],
            [-3.680078, 40.401337],
            [-3.680608, 40.401587],
            [-3.681208, 40.401867],
            [-3.682068, 40.402267],
            [-3.682288, 40.402367],
            [-3.682368, 40.402347],
            [-3.682458, 40.402347],
            [-3.682508, 40.402357],
            [-3.682518, 40.402357],
            [-3.682598, 40.402387],
            [-3.684638, 40.403218],
            [-3.684668, 40.403228],
            [-3.686698, 40.404638],
            [-3.687788, 40.405628],
            [-3.688618, 40.406388],
            [-3.688868, 40.406548],
            [-3.688868, 40.406538]
          ]
        ]
      }
    },
    {
      "type": "Feature",
      "properties": {
        "id": "bellas-vistas",
        "name": "Bellas Vistas",
        "cityId": "madrid"
      },
      "geometry": {
        "type": "Polygon",
        "coordinates": [
          [
            [-3.703948, 40.446859],
            [-3.703918, 40.447159],
            [-3.703858, 40.447679],
            [-3.703728, 40.448639],
            [-3.703608, 40.449419],
            [-3.703528, 40.449969],
            [-3.703448, 40.450479],
            [-3.703368, 40.451039],
            [-3.703258, 40.451809],
            [-3.703168, 40.452379],
            [-3.702998, 40.453499],
            [-3.702918, 40.454019],
            [-3.702908, 40.454019],
            [-3.703788, 40.455089],
            [-3.704898, 40.456439],
            [-3.704978, 40.456559],
            [-3.707569, 40.456689],
            [-3.708149, 40.456719],
            [-3.708719, 40.456849],
            [-3.709819, 40.457199],
            [-3.710569, 40.457649],
            [-3.710599, 40.457659],
            [-3.710689, 40.457659],
            [-3.710819, 40.457629],
            [-3.710919, 40.457589],
            [-3.711029, 40.457539],
            [-3.711479, 40.457509],
            [-3.711499, 40.457489],
            [-3.712189, 40.456459],
            [-3.712859, 40.455459],
            [-3.713119, 40.454889],
            [-3.713019, 40.454609],
            [-3.712899, 40.454379],
            [-3.712789, 40.454169],
            [-3.712679, 40.453909],
            [-3.713269, 40.453029],
            [-3.711939, 40.452389],
            [-3.711729, 40.452279],
            [-3.710989, 40.451109],
            [-3.710339, 40.450079],
            [-3.710289, 40.450059],
            [-3.710189, 40.450009],
            [-3.709869, 40.449509],
            [-3.708969, 40.448079],
            [-3.708889, 40.447949],
            [-3.708309, 40.447079],
            [-3.708309, 40.447089],
            [-3.706779, 40.447009],
            [-3.706078, 40.446969],
            [-3.703948, 40.446849],
            [-3.703948, 40.446859]
          ]
        ]
      }
    },
    {
      "type": "Feature",
      "properties": {
        "id": "berruguete",
        "name": "Berruguete",
        "cityId": "madrid"
      },
      "geometry": {
        "type": "Polygon",
        "coordinates": [
          [
            [-3.698408, 40.460599],
            [-3.699178, 40.460929],
            [-3.699578, 40.461129],
            [-3.700008, 40.461369],
            [-3.700638, 40.461719],
            [-3.701948, 40.462449],
            [-3.702248, 40.462609],
            [-3.702538, 40.462769],
            [-3.703128, 40.463089],
            [-3.703858, 40.463459],
            [-3.704168, 40.463609],
            [-3.704178, 40.463619],
            [-3.704298, 40.463669],
            [-3.704518, 40.463749],
            [-3.704638, 40.463779],
            [-3.704728, 40.463799],
            [-3.705378, 40.463999],
            [-3.705398, 40.463909],
            [-3.705478, 40.463789],
            [-3.705538, 40.463719],
            [-3.705598, 40.463659],
            [-3.705658, 40.463609],
            [-3.705738, 40.463589],
            [-3.705848, 40.463589],
            [-3.705938, 40.463589],
            [-3.706048, 40.463599],
            [-3.706208, 40.463639],
            [-3.706348, 40.463669],
            [-3.706528, 40.463679],
            [-3.706689, 40.463659],
            [-3.706839, 40.463629],
            [-3.706979, 40.463579],
            [-3.707129, 40.463519],
            [-3.707809, 40.462749],
            [-3.708449, 40.462029],
            [-3.708599, 40.462059],
            [-3.709029, 40.461289],
            [-3.709809, 40.460089],
            [-3.710509, 40.459019],
            [-3.711499, 40.457499],
            [-3.711479, 40.457509],
            [-3.711029, 40.457539],
            [-3.710919, 40.457589],
            [-3.710819, 40.457629],
            [-3.710689, 40.457659],
            [-3.710599, 40.457659],
            [-3.710569, 40.457649],
            [-3.709819, 40.457199],
            [-3.708719, 40.456849],
            [-3.708149, 40.456719],
            [-3.707569, 40.456689],
            [-3.704978, 40.456559],
            [-3.704898, 40.456439],
            [-3.703788, 40.455089],
            [-3.702908, 40.454019],
            [-3.702918, 40.454019],
            [-3.702838, 40.454539],
            [-3.702698, 40.455089],
            [-3.702298, 40.456099],
            [-3.702208, 40.456309],
            [-3.701478, 40.457499],
            [-3.700698, 40.458449],
            [-3.700258, 40.458829],
            [-3.699218, 40.459739],
            [-3.698388, 40.460629],
            [-3.698408, 40.460599]
          ]
        ]
      }
    },
    {
      "type": "Feature",
      "properties": {
        "id": "buenavista",
        "name": "Buenavista",
        "cityId": "madrid"
      },
      "geometry": {
        "type": "Polygon",
        "coordinates": [
          [
            [-3.720889, 40.365546],
            [-3.720889, 40.365546],
            [-3.720889, 40.365546],
            [-3.720719, 40.366436],
            [-3.720439, 40.367866],
            [-3.720199, 40.370687],
            [-3.719769, 40.373807],
            [-3.722719, 40.373607],
            [-3.726439, 40.373347],
            [-3.727639, 40.373277],
            [-3.728889, 40.373197],
            [-3.729389, 40.373247],
            [-3.729999, 40.373307],
            [-3.731449, 40.373447],
            [-3.731679, 40.373467],
            [-3.731969, 40.373497],
            [-3.733939, 40.373687],
            [-3.733939, 40.373687],
            [-3.734679, 40.373737],
            [-3.734879, 40.373747],
            [-3.735799, 40.373827],
            [-3.736049, 40.373847],
            [-3.736089, 40.373847],
            [-3.736129, 40.373847],
            [-3.736269, 40.373847],
            [-3.736459, 40.373847],
            [-3.736439, 40.373847],
            [-3.736699, 40.373847],
            [-3.736799, 40.373847],
            [-3.737329, 40.373827],
            [-3.737559, 40.373817],
            [-3.738309, 40.373787],
            [-3.738389, 40.373787],
            [-3.738729, 40.373777],
            [-3.739189, 40.373767],
            [-3.739649, 40.373727],
            [-3.740479, 40.373617],
            [-3.740609, 40.373587],
            [-3.740749, 40.373557],
            [-3.741299, 40.373427],
            [-3.741449, 40.373397],
            [-3.742049, 40.373277],
            [-3.742669, 40.373127],
            [-3.743379, 40.372957],
            [-3.74393, 40.372837],
            [-3.74433, 40.372857],
            [-3.74458, 40.372877],
            [-3.74471, 40.372887],
            [-3.74479, 40.372897],
            [-3.74497, 40.372907],
            [-3.74559, 40.372917],
            [-3.74665, 40.372867],
            [-3.74677, 40.372887],
            [-3.74701, 40.372927],
            [-3.74715, 40.372987],
            [-3.74773, 40.373237],
            [-3.74824, 40.373377],
            [-3.74891, 40.373557],
            [-3.74899, 40.373587],
            [-3.74918, 40.373677],
            [-3.74944, 40.373837],
            [-3.74952, 40.373887],
            [-3.74964, 40.373957],
            [-3.74964, 40.373957],
            [-3.74965, 40.373967],
            [-3.74975, 40.374107],
            [-3.74977, 40.374137],
            [-3.75036, 40.374117],
            [-3.75035, 40.374137],
            [-3.7503, 40.374257],
            [-3.75027, 40.374337],
            [-3.75026, 40.374377],
            [-3.75021, 40.374537],
            [-3.75018, 40.374687],
            [-3.75018, 40.374707],
            [-3.75025, 40.374817],
            [-3.75033, 40.374917],
            [-3.75077, 40.375497],
            [-3.75079, 40.375827],
            [-3.7508, 40.375837],
            [-3.75206, 40.376367],
            [-3.75327, 40.376887],
            [-3.75321, 40.376987],
            [-3.75341, 40.377027],
            [-3.75351, 40.377047],
            [-3.75354, 40.377057],
            [-3.75387, 40.377177],
            [-3.75427, 40.377377],
            [-3.75486, 40.377667],
            [-3.75495, 40.377717],
            [-3.75515, 40.377847],
            [-3.75551, 40.378107],
            [-3.75553, 40.378127],
            [-3.75595, 40.378557],
            [-3.75595, 40.378557],
            [-3.75595, 40.378567],
            [-3.75677, 40.378007],
            [-3.75724, 40.377487],
            [-3.75742, 40.377187],
            [-3.75758, 40.376917],
            [-3.75775, 40.376547],
            [-3.75781, 40.376317],
            [-3.75786, 40.376147],
            [-3.75791, 40.375927],
            [-3.75793, 40.375837],
            [-3.75788, 40.375547],
            [-3.75889, 40.375237],
            [-3.76002, 40.374887],
            [-3.76185, 40.374437],
            [-3.76225, 40.372627],
            [-3.76223, 40.372617],
            [-3.76257, 40.370857],
            [-3.76293, 40.369016],
            [-3.7629, 40.368776],
            [-3.76215, 40.367476],
            [-3.7618, 40.366886],
            [-3.76368, 40.365766],
            [-3.76672, 40.364086],
            [-3.76896, 40.362046],
            [-3.77052, 40.360616],
            [-3.77074, 40.360546],
            [-3.77162, 40.359826],
            [-3.77114, 40.359866],
            [-3.76624, 40.358766],
            [-3.76151, 40.357936],
            [-3.7577, 40.357256],
            [-3.75441, 40.357986],
            [-3.75036, 40.358956],
            [-3.74667, 40.359776],
            [-3.743379, 40.360466],
            [-3.738549, 40.361546],
            [-3.734119, 40.362546],
            [-3.730549, 40.363336],
            [-3.727109, 40.364536],
            [-3.723459, 40.365366],
            [-3.720889, 40.365546]
          ]
        ]
      }
    },
    {
      "type": "Feature",
      "properties": {
        "id": "butarque",
        "name": "Butarque",
        "cityId": "madrid"
      },
      "geometry": {
        "type": "Polygon",
        "coordinates": [
          [
            [-3.692298, 40.320495],
            [-3.692138, 40.320515],
            [-3.691878, 40.320615],
            [-3.691268, 40.320935],
            [-3.690998, 40.321025],
            [-3.689858, 40.321365],
            [-3.688778, 40.321655],
            [-3.687818, 40.321915],
            [-3.687488, 40.321945],
            [-3.686928, 40.321935],
            [-3.686588, 40.321995],
            [-3.686228, 40.322035],
            [-3.685718, 40.322105],
            [-3.685218, 40.322205],
            [-3.685048, 40.322265],
            [-3.684898, 40.322355],
            [-3.684678, 40.322455],
            [-3.684408, 40.322605],
            [-3.684228, 40.322745],
            [-3.683848, 40.323035],
            [-3.683568, 40.323205],
            [-3.683338, 40.323325],
            [-3.683198, 40.323385],
            [-3.682968, 40.323445],
            [-3.682708, 40.323495],
            [-3.682418, 40.323585],
            [-3.682088, 40.323755],
            [-3.681798, 40.323955],
            [-3.681588, 40.324125],
            [-3.681248, 40.324375],
            [-3.681028, 40.324525],
            [-3.680938, 40.324615],
            [-3.680898, 40.324755],
            [-3.680818, 40.324945],
            [-3.680738, 40.325185],
            [-3.680648, 40.325375],
            [-3.680488, 40.325635],
            [-3.680208, 40.325865],
            [-3.679908, 40.326065],
            [-3.679468, 40.326235],
            [-3.679188, 40.326345],
            [-3.678888, 40.326345],
            [-3.678528, 40.326385],
            [-3.678228, 40.326465],
            [-3.677968, 40.326485],
            [-3.677698, 40.326465],
            [-3.677108, 40.326425],
            [-3.676838, 40.326355],
            [-3.676278, 40.326195],
            [-3.675888, 40.326105],
            [-3.675388, 40.326105],
            [-3.674858, 40.326085],
            [-3.674258, 40.326095],
            [-3.673598, 40.325945],
            [-3.672828, 40.325715],
            [-3.672128, 40.325555],
            [-3.671418, 40.325335],
            [-3.671128, 40.325265],
            [-3.670428, 40.325025],
            [-3.670128, 40.324995],
            [-3.669838, 40.325025],
            [-3.669628, 40.325045],
            [-3.669497, 40.325075],
            [-3.669347, 40.325125],
            [-3.669157, 40.325185],
            [-3.668987, 40.325265],
            [-3.668827, 40.325345],
            [-3.668717, 40.325405],
            [-3.668477, 40.325545],
            [-3.668337, 40.325625],
            [-3.668267, 40.325665],
            [-3.668107, 40.325785],
            [-3.667997, 40.325875],
            [-3.667907, 40.325935],
            [-3.667817, 40.325975],
            [-3.667687, 40.326035],
            [-3.667467, 40.326145],
            [-3.667337, 40.326225],
            [-3.667277, 40.326265],
            [-3.667237, 40.326295],
            [-3.667197, 40.326325],
            [-3.667097, 40.326455],
            [-3.667027, 40.326555],
            [-3.666977, 40.326615],
            [-3.666877, 40.326765],
            [-3.666827, 40.326885],
            [-3.666807, 40.326945],
            [-3.666777, 40.327005],
            [-3.666747, 40.327055],
            [-3.666717, 40.327105],
            [-3.666697, 40.327135],
            [-3.666687, 40.327155],
            [-3.666627, 40.327205],
            [-3.666427, 40.327335],
            [-3.666177, 40.327515],
            [-3.665997, 40.327635],
            [-3.665737, 40.327785],
            [-3.665567, 40.327875],
            [-3.665457, 40.327955],
            [-3.665307, 40.328055],
            [-3.665197, 40.328145],
            [-3.665077, 40.328255],
            [-3.664927, 40.328415],
            [-3.665027, 40.328475],
            [-3.664117, 40.328885],
            [-3.663817, 40.329055],
            [-3.663767, 40.328995],
            [-3.663727, 40.328955],
            [-3.663647, 40.328945],
            [-3.663527, 40.328945],
            [-3.663407, 40.328955],
            [-3.663277, 40.328935],
            [-3.663157, 40.328915],
            [-3.663017, 40.328835],
            [-3.662887, 40.328755],
            [-3.662737, 40.328635],
            [-3.662697, 40.328595],
            [-3.662637, 40.328565],
            [-3.662537, 40.328565],
            [-3.662477, 40.328545],
            [-3.662437, 40.328505],
            [-3.662317, 40.328475],
            [-3.662267, 40.328455],
            [-3.662187, 40.328385],
            [-3.661957, 40.328215],
            [-3.661807, 40.328105],
            [-3.661667, 40.328015],
            [-3.661567, 40.327945],
            [-3.661477, 40.327855],
            [-3.661367, 40.327805],
            [-3.661227, 40.327755],
            [-3.661107, 40.327725],
            [-3.660987, 40.327725],
            [-3.660837, 40.327715],
            [-3.660687, 40.327725],
            [-3.660517, 40.327755],
            [-3.660317, 40.327765],
            [-3.659867, 40.327775],
            [-3.659887, 40.327885],
            [-3.657487, 40.328945],
            [-3.657487, 40.328945],
            [-3.657517, 40.328925],
            [-3.657527, 40.329285],
            [-3.657617, 40.329835],
            [-3.657767, 40.330555],
            [-3.657977, 40.331035],
            [-3.658307, 40.331595],
            [-3.658387, 40.331855],
            [-3.658417, 40.332135],
            [-3.658527, 40.332495],
            [-3.658597, 40.332805],
            [-3.658647, 40.333385],
            [-3.658857, 40.333825],
            [-3.659197, 40.334205],
            [-3.659937, 40.334885],
            [-3.660537, 40.335415],
            [-3.660957, 40.335965],
            [-3.661317, 40.336495],
            [-3.661457, 40.337056],
            [-3.661437, 40.337606],
            [-3.661537, 40.337866],
            [-3.661697, 40.338096],
            [-3.662007, 40.338376],
            [-3.662207, 40.338556],
            [-3.662387, 40.338676],
            [-3.662667, 40.338856],
            [-3.662847, 40.338986],
            [-3.662967, 40.339186],
            [-3.663027, 40.339486],
            [-3.663037, 40.339886],
            [-3.663037, 40.340576],
            [-3.663097, 40.340826],
            [-3.663287, 40.341346],
            [-3.663557, 40.341886],
            [-3.663667, 40.342116],
            [-3.663837, 40.342346],
            [-3.664017, 40.342596],
            [-3.664027, 40.342616],
            [-3.664117, 40.342826],
            [-3.664227, 40.343186],
            [-3.664347, 40.343466],
            [-3.664587, 40.343746],
            [-3.664947, 40.343966],
            [-3.665247, 40.344096],
            [-3.665507, 40.344146],
            [-3.666587, 40.344316],
            [-3.667377, 40.344516],
            [-3.667977, 40.344666],
            [-3.668527, 40.344796],
            [-3.668937, 40.344926],
            [-3.669137, 40.345046],
            [-3.669247, 40.345136],
            [-3.669367, 40.345236],
            [-3.669437, 40.345366],
            [-3.669437, 40.345506],
            [-3.669367, 40.345656],
            [-3.669237, 40.345806],
            [-3.669117, 40.346186],
            [-3.669007, 40.346786],
            [-3.668997, 40.347146],
            [-3.669017, 40.347416],
            [-3.669097, 40.347706],
            [-3.669407, 40.348626],
            [-3.669567, 40.348976],
            [-3.669718, 40.349186],
            [-3.669938, 40.349326],
            [-3.670138, 40.349436],
            [-3.670528, 40.349576],
            [-3.671288, 40.349756],
            [-3.672048, 40.350016],
            [-3.672498, 40.350196],
            [-3.672698, 40.350296],
            [-3.672898, 40.350426],
            [-3.673028, 40.350546],
            [-3.673098, 40.350606],
            [-3.673128, 40.350656],
            [-3.673238, 40.350896],
            [-3.673408, 40.351356],
            [-3.673598, 40.351866],
            [-3.673658, 40.352126],
            [-3.673708, 40.352466],
            [-3.673748, 40.352766],
            [-3.673838, 40.353006],
            [-3.674138, 40.353296],
            [-3.674228, 40.353326],
            [-3.674598, 40.353466],
            [-3.675028, 40.353596],
            [-3.675028, 40.353596],
            [-3.675098, 40.353606],
            [-3.675478, 40.353656],
            [-3.675688, 40.353716],
            [-3.675918, 40.353786],
            [-3.676158, 40.353966],
            [-3.676318, 40.354186],
            [-3.676498, 40.354566],
            [-3.676648, 40.354926],
            [-3.676808, 40.355456],
            [-3.677068, 40.356336],
            [-3.677188, 40.356796],
            [-3.677378, 40.357086],
            [-3.677398, 40.357116],
            [-3.677648, 40.357386],
            [-3.677768, 40.357456],
            [-3.678038, 40.357606],
            [-3.678398, 40.357746],
            [-3.678758, 40.357886],
            [-3.679168, 40.358086],
            [-3.679328, 40.358196],
            [-3.679568, 40.358386],
            [-3.679968, 40.358776],
            [-3.680658, 40.359506],
            [-3.680928, 40.359716],
            [-3.680948, 40.359746],
            [-3.681348, 40.359326],
            [-3.681798, 40.358806],
            [-3.682068, 40.358496],
            [-3.682368, 40.358176],
            [-3.682608, 40.357896],
            [-3.682818, 40.357626],
            [-3.683018, 40.357346],
            [-3.683208, 40.357026],
            [-3.683318, 40.356826],
            [-3.683448, 40.356556],
            [-3.683578, 40.356226],
            [-3.683688, 40.355856],
            [-3.683768, 40.355516],
            [-3.683818, 40.355166],
            [-3.683848, 40.354846],
            [-3.683648, 40.354586],
            [-3.683638, 40.353886],
            [-3.683628, 40.353756],
            [-3.683588, 40.353626],
            [-3.683578, 40.352756],
            [-3.683568, 40.351496],
            [-3.683668, 40.351326],
            [-3.683788, 40.350236],
            [-3.683788, 40.350216],
            [-3.683788, 40.348876],
            [-3.683788, 40.347206],
            [-3.683788, 40.346116],
            [-3.683788, 40.345026],
            [-3.683778, 40.344316],
            [-3.683768, 40.343546],
            [-3.683768, 40.342736],
            [-3.683758, 40.342626],
            [-3.683748, 40.341496],
            [-3.683748, 40.340276],
            [-3.683748, 40.340276],
            [-3.683788, 40.339696],
            [-3.683848, 40.339326],
            [-3.683928, 40.338976],
            [-3.683978, 40.338756],
            [-3.684068, 40.338476],
            [-3.684158, 40.338226],
            [-3.684298, 40.337876],
            [-3.684528, 40.337406],
            [-3.684758, 40.337006],
            [-3.684968, 40.336706],
            [-3.685338, 40.336215],
            [-3.685728, 40.335785],
            [-3.686188, 40.335355],
            [-3.686518, 40.335065],
            [-3.686938, 40.334755],
            [-3.687328, 40.334485],
            [-3.687698, 40.334255],
            [-3.688138, 40.334015],
            [-3.688608, 40.333785],
            [-3.688988, 40.333615],
            [-3.689488, 40.333425],
            [-3.689968, 40.333275],
            [-3.690328, 40.333155],
            [-3.690688, 40.333055],
            [-3.691118, 40.332955],
            [-3.691488, 40.332875],
            [-3.691928, 40.332805],
            [-3.692548, 40.332735],
            [-3.692538, 40.332725],
            [-3.692508, 40.331585],
            [-3.692488, 40.330865],
            [-3.692438, 40.329125],
            [-3.692338, 40.325815],
            [-3.692298, 40.324105],
            [-3.692278, 40.323165],
            [-3.692328, 40.321865],
            [-3.692288, 40.320585],
            [-3.692298, 40.320585],
            [-3.692298, 40.320495]
          ]
        ]
      }
    },
    {
      "type": "Feature",
      "properties": {
        "id": "campamento",
        "name": "Campamento",
        "cityId": "madrid"
      },
      "geometry": {
        "type": "Polygon",
        "coordinates": [
          [
            [-3.806931, 40.366456],
            [-3.800941, 40.371487],
            [-3.796351, 40.374997],
            [-3.792171, 40.378237],
            [-3.788581, 40.381037],
            [-3.787701, 40.381667],
            [-3.787701, 40.381677],
            [-3.783261, 40.384877],
            [-3.78015, 40.387307],
            [-3.77734, 40.389447],
            [-3.77338, 40.392457],
            [-3.77221, 40.393347],
            [-3.77166, 40.393767],
            [-3.77156, 40.393847],
            [-3.77156, 40.393837],
            [-3.77038, 40.394777],
            [-3.76869, 40.396087],
            [-3.76781, 40.396757],
            [-3.76653, 40.397747],
            [-3.76511, 40.398847],
            [-3.76506, 40.398887],
            [-3.76436, 40.399397],
            [-3.76436, 40.399397],
            [-3.76434, 40.399407],
            [-3.76473, 40.399307],
            [-3.76549, 40.399107],
            [-3.76561, 40.399277],
            [-3.767, 40.399237],
            [-3.76927, 40.399627],
            [-3.77064, 40.399537],
            [-3.77369, 40.400287],
            [-3.77384, 40.400307],
            [-3.77455, 40.400317],
            [-3.7746, 40.400317],
            [-3.77582, 40.400067],
            [-3.77761, 40.399107],
            [-3.77818, 40.397977],
            [-3.77806, 40.397637],
            [-3.77884, 40.397327],
            [-3.77914, 40.397197],
            [-3.77926, 40.397107],
            [-3.77937, 40.397037],
            [-3.77947, 40.396947],
            [-3.7796, 40.396757],
            [-3.77994, 40.395997],
            [-3.78009, 40.395747],
            [-3.78077, 40.395277],
            [-3.781531, 40.394127],
            [-3.786871, 40.392757],
            [-3.789411, 40.392337],
            [-3.789191, 40.393887],
            [-3.793811, 40.393577],
            [-3.796521, 40.392207],
            [-3.800471, 40.392097],
            [-3.804311, 40.392027],
            [-3.807841, 40.392357],
            [-3.810901, 40.392797],
            [-3.812621, 40.393327],
            [-3.814911, 40.394007],
            [-3.818312, 40.395927],
            [-3.818522, 40.395997],
            [-3.819382, 40.396277],
            [-3.819412, 40.396417],
            [-3.819592, 40.396427],
            [-3.819672, 40.396437],
            [-3.819772, 40.396457],
            [-3.819992, 40.396507],
            [-3.820432, 40.396617],
            [-3.820542, 40.396627],
            [-3.820852, 40.396627],
            [-3.822272, 40.396687],
            [-3.823082, 40.396587],
            [-3.823232, 40.396577],
            [-3.823412, 40.396577],
            [-3.823542, 40.396567],
            [-3.823712, 40.396557],
            [-3.823822, 40.396557],
            [-3.823932, 40.396557],
            [-3.824192, 40.396567],
            [-3.824732, 40.396597],
            [-3.825182, 40.396617],
            [-3.825292, 40.396617],
            [-3.825652, 40.396587],
            [-3.826132, 40.396537],
            [-3.826282, 40.396517],
            [-3.826512, 40.396497],
            [-3.826752, 40.396477],
            [-3.827112, 40.396457],
            [-3.827242, 40.396457],
            [-3.829022, 40.396477],
            [-3.829422, 40.396437],
            [-3.829852, 40.396377],
            [-3.830482, 40.396267],
            [-3.830852, 40.396197],
            [-3.831262, 40.396087],
            [-3.831432, 40.396037],
            [-3.831522, 40.396017],
            [-3.831602, 40.395997],
            [-3.831742, 40.395977],
            [-3.831842, 40.395967],
            [-3.831992, 40.395947],
            [-3.832102, 40.395937],
            [-3.832232, 40.395937],
            [-3.832312, 40.395947],
            [-3.832442, 40.395957],
            [-3.832672, 40.395987],
            [-3.832872, 40.396027],
            [-3.833182, 40.396107],
            [-3.833292, 40.396137],
            [-3.833362, 40.396147],
            [-3.833422, 40.396157],
            [-3.833502, 40.396167],
            [-3.833552, 40.396167],
            [-3.833632, 40.396177],
            [-3.833692, 40.396177],
            [-3.833762, 40.396177],
            [-3.833832, 40.396167],
            [-3.834142, 40.396087],
            [-3.833432, 40.395507],
            [-3.833432, 40.395497],
            [-3.833412, 40.395447],
            [-3.833382, 40.395377],
            [-3.833352, 40.395317],
            [-3.833332, 40.395267],
            [-3.833282, 40.395137],
            [-3.833252, 40.395067],
            [-3.833222, 40.394977],
            [-3.833202, 40.394907],
            [-3.833172, 40.394827],
            [-3.833142, 40.394737],
            [-3.833102, 40.394637],
            [-3.833062, 40.394537],
            [-3.833002, 40.394397],
            [-3.832952, 40.394277],
            [-3.832892, 40.394117],
            [-3.832892, 40.394107],
            [-3.832802, 40.393907],
            [-3.832802, 40.393897],
            [-3.832742, 40.393777],
            [-3.832692, 40.393677],
            [-3.832642, 40.393617],
            [-3.832632, 40.393617],
            [-3.832492, 40.393357],
            [-3.832392, 40.393177],
            [-3.832362, 40.393127],
            [-3.832282, 40.393007],
            [-3.832182, 40.392847],
            [-3.832112, 40.392737],
            [-3.832082, 40.392687],
            [-3.832002, 40.392567],
            [-3.831922, 40.392447],
            [-3.831832, 40.392327],
            [-3.831772, 40.392247],
            [-3.831672, 40.392107],
            [-3.831642, 40.392077],
            [-3.830902, 40.391067],
            [-3.830902, 40.391067],
            [-3.830902, 40.391067],
            [-3.830902, 40.391067],
            [-3.830862, 40.391087],
            [-3.830842, 40.391067],
            [-3.830822, 40.391037],
            [-3.830772, 40.390977],
            [-3.830682, 40.390857],
            [-3.830622, 40.390777],
            [-3.830532, 40.390667],
            [-3.830332, 40.390407],
            [-3.830312, 40.390387],
            [-3.830252, 40.390307],
            [-3.830242, 40.390287],
            [-3.830192, 40.390227],
            [-3.830192, 40.390227],
            [-3.830192, 40.390217],
            [-3.830192, 40.390207],
            [-3.830212, 40.390187],
            [-3.830242, 40.390167],
            [-3.830242, 40.390157],
            [-3.830242, 40.390147],
            [-3.830232, 40.390137],
            [-3.830182, 40.390067],
            [-3.830172, 40.390057],
            [-3.830082, 40.389947],
            [-3.830072, 40.389937],
            [-3.829952, 40.389787],
            [-3.829852, 40.389657],
            [-3.829842, 40.389647],
            [-3.829722, 40.389497],
            [-3.829612, 40.389347],
            [-3.829602, 40.389337],
            [-3.829492, 40.389197],
            [-3.829492, 40.389187],
            [-3.829372, 40.389027],
            [-3.829362, 40.389017],
            [-3.829192, 40.388797],
            [-3.829082, 40.388647],
            [-3.828952, 40.388487],
            [-3.828852, 40.388367],
            [-3.823722, 40.382177],
            [-3.823662, 40.381967],
            [-3.823662, 40.381897],
            [-3.823592, 40.381767],
            [-3.823392, 40.381397],
            [-3.823342, 40.381337],
            [-3.823202, 40.381107],
            [-3.822932, 40.380757],
            [-3.822762, 40.380537],
            [-3.822522, 40.380257],
            [-3.822142, 40.379857],
            [-3.821962, 40.379727],
            [-3.821612, 40.379417],
            [-3.821452, 40.379277],
            [-3.821372, 40.379217],
            [-3.821192, 40.378997],
            [-3.820772, 40.378567],
            [-3.820132, 40.377877],
            [-3.819512, 40.377217],
            [-3.819402, 40.377117],
            [-3.819162, 40.376837],
            [-3.818662, 40.376267],
            [-3.818082, 40.375627],
            [-3.818012, 40.375517],
            [-3.817891, 40.375397],
            [-3.817841, 40.375337],
            [-3.817761, 40.375247],
            [-3.817731, 40.375237],
            [-3.817721, 40.375217],
            [-3.817561, 40.375057],
            [-3.817231, 40.374677],
            [-3.817091, 40.374537],
            [-3.816671, 40.374067],
            [-3.815391, 40.372557],
            [-3.814971, 40.371977],
            [-3.814231, 40.371077],
            [-3.813481, 40.370107],
            [-3.813311, 40.369897],
            [-3.813231, 40.369666],
            [-3.812831, 40.368796],
            [-3.812221, 40.367396],
            [-3.812101, 40.367036],
            [-3.811841, 40.366436],
            [-3.811441, 40.365686],
            [-3.810911, 40.364656],
            [-3.810531, 40.363776],
            [-3.806951, 40.366516],
            [-3.806931, 40.366456]
          ]
        ]
      }
    },
    {
      "type": "Feature",
      "properties": {
        "id": "canillas",
        "name": "Canillas",
        "cityId": "madrid"
      },
      "geometry": {
        "type": "Polygon",
        "coordinates": [
          [
            [-3.627966, 40.468479],
            [-3.628636, 40.468369],
            [-3.629426, 40.468519],
            [-3.630116, 40.468629],
            [-3.631206, 40.468739],
            [-3.632927, 40.468909],
            [-3.632977, 40.468819],
            [-3.633047, 40.468809],
            [-3.633187, 40.468779],
            [-3.633347, 40.468729],
            [-3.633567, 40.468669],
            [-3.633707, 40.468639],
            [-3.633907, 40.468609],
            [-3.634107, 40.468599],
            [-3.636927, 40.468879],
            [-3.637957, 40.468979],
            [-3.638197, 40.468999],
            [-3.638807, 40.469009],
            [-3.641847, 40.469039],
            [-3.642507, 40.46949],
            [-3.644087, 40.469069],
            [-3.645777, 40.468619],
            [-3.648707, 40.467849],
            [-3.650187, 40.467459],
            [-3.650577, 40.467359],
            [-3.650837, 40.467309],
            [-3.651277, 40.467249],
            [-3.651797, 40.467179],
            [-3.652367, 40.467109],
            [-3.652787, 40.467069],
            [-3.654087, 40.466919],
            [-3.654807, 40.466839],
            [-3.655327, 40.466749],
            [-3.655737, 40.466659],
            [-3.656137, 40.466539],
            [-3.656547, 40.466399],
            [-3.656977, 40.466199],
            [-3.657387, 40.465989],
            [-3.657547, 40.465899],
            [-3.657797, 40.465729],
            [-3.659527, 40.464269],
            [-3.659437, 40.464139],
            [-3.659307, 40.463899],
            [-3.659217, 40.463729],
            [-3.659177, 40.463599],
            [-3.659157, 40.463439],
            [-3.659157, 40.463229],
            [-3.660327, 40.462209],
            [-3.660337, 40.462179],
            [-3.656287, 40.459429],
            [-3.656257, 40.459339],
            [-3.655877, 40.458899],
            [-3.655457, 40.458369],
            [-3.655147, 40.458009],
            [-3.654207, 40.456919],
            [-3.654217, 40.456899],
            [-3.653917, 40.456979],
            [-3.653617, 40.457049],
            [-3.653247, 40.457089],
            [-3.652517, 40.457129],
            [-3.649207, 40.457119],
            [-3.647697, 40.457089],
            [-3.644497, 40.457219],
            [-3.644227, 40.457449],
            [-3.644027, 40.457619],
            [-3.643777, 40.457969],
            [-3.643257, 40.458649],
            [-3.642557, 40.459469],
            [-3.642097, 40.459969],
            [-3.641877, 40.460209],
            [-3.641687, 40.460399],
            [-3.641477, 40.460569],
            [-3.639647, 40.461779],
            [-3.639157, 40.462119],
            [-3.638907, 40.462279],
            [-3.638747, 40.462359],
            [-3.638437, 40.462469],
            [-3.638137, 40.462549],
            [-3.637887, 40.462609],
            [-3.637587, 40.462659],
            [-3.637267, 40.462689],
            [-3.636237, 40.462689],
            [-3.635377, 40.462689],
            [-3.633267, 40.462669],
            [-3.629656, 40.462639],
            [-3.624596, 40.462579],
            [-3.623426, 40.462669],
            [-3.627686, 40.468129],
            [-3.627976, 40.468479],
            [-3.627966, 40.468479]
          ]
        ]
      }
    },
    {
      "type": "Feature",
      "properties": {
        "id": "canillejas",
        "name": "Canillejas",
        "cityId": "madrid"
      },
      "geometry": {
        "type": "Polygon",
        "coordinates": [
          [
            [-3.619936, 40.449679],
            [-3.619546, 40.447839],
            [-3.619566, 40.447749],
            [-3.619316, 40.447179],
            [-3.619206, 40.446939],
            [-3.618516, 40.446259],
            [-3.618026, 40.445019],
            [-3.617376, 40.444909],
            [-3.616996, 40.444709],
            [-3.616646, 40.444569],
            [-3.616126, 40.444129],
            [-3.616796, 40.443759],
            [-3.616906, 40.443699],
            [-3.615596, 40.441359],
            [-3.615106, 40.440489],
            [-3.614566, 40.439479],
            [-3.614286, 40.438999],
            [-3.613846, 40.438209],
            [-3.613266, 40.437169],
            [-3.612476, 40.435688],
            [-3.612396, 40.435528],
            [-3.612366, 40.435388],
            [-3.612186, 40.434608],
            [-3.612186, 40.434588],
            [-3.610036, 40.435128],
            [-3.609626, 40.435218],
            [-3.609396, 40.435298],
            [-3.608666, 40.435698],
            [-3.605826, 40.436999],
            [-3.605386, 40.436329],
            [-3.605156, 40.436489],
            [-3.604676, 40.437039],
            [-3.602746, 40.439389],
            [-3.602516, 40.439799],
            [-3.602406, 40.440459],
            [-3.602506, 40.441039],
            [-3.602886, 40.441819],
            [-3.605856, 40.447119],
            [-3.605126, 40.447959],
            [-3.605146, 40.448069],
            [-3.605846, 40.449659],
            [-3.606366, 40.449649],
            [-3.607756, 40.449669],
            [-3.607766, 40.449659],
            [-3.609086, 40.449679],
            [-3.614796, 40.449699],
            [-3.616676, 40.449689],
            [-3.619936, 40.449679]
          ]
        ]
      }
    },
    {
      "type": "Feature",
      "properties": {
        "id": "casa-de-campo",
        "name": "Casa de Campo",
        "cityId": "madrid"
      },
      "geometry": {
        "type": "Polygon",
        "coordinates": [
          [
            [-3.7746, 40.400317],
            [-3.77455, 40.400317],
            [-3.77384, 40.400307],
            [-3.77369, 40.400287],
            [-3.77064, 40.399537],
            [-3.76927, 40.399627],
            [-3.767, 40.399237],
            [-3.76561, 40.399277],
            [-3.76549, 40.399107],
            [-3.76473, 40.399307],
            [-3.76434, 40.399407],
            [-3.76436, 40.399397],
            [-3.76274, 40.400687],
            [-3.7624, 40.400927],
            [-3.76228, 40.400987],
            [-3.76081, 40.402877],
            [-3.76045, 40.403358],
            [-3.76023, 40.403638],
            [-3.75986, 40.403958],
            [-3.75976, 40.404058],
            [-3.75766, 40.405278],
            [-3.75736, 40.405448],
            [-3.75706, 40.405618],
            [-3.75688, 40.405678],
            [-3.75672, 40.405708],
            [-3.7565, 40.405738],
            [-3.75628, 40.405748],
            [-3.75612, 40.405768],
            [-3.75596, 40.405808],
            [-3.7557, 40.405898],
            [-3.75492, 40.406308],
            [-3.75266, 40.407458],
            [-3.75207, 40.407738],
            [-3.75089, 40.408308],
            [-3.75076, 40.408328],
            [-3.75065, 40.408348],
            [-3.75055, 40.408358],
            [-3.74987, 40.408448],
            [-3.74789, 40.408718],
            [-3.74748, 40.408768],
            [-3.74467, 40.409138],
            [-3.74461, 40.409218],
            [-3.74458, 40.409248],
            [-3.7445, 40.409278],
            [-3.74447, 40.409288],
            [-3.74441, 40.409308],
            [-3.74394, 40.409418],
            [-3.74386, 40.409438],
            [-3.743559, 40.409508],
            [-3.743329, 40.409558],
            [-3.743259, 40.409568],
            [-3.743209, 40.409568],
            [-3.743189, 40.409568],
            [-3.743139, 40.409568],
            [-3.743049, 40.409558],
            [-3.742879, 40.409528],
            [-3.742539, 40.409438],
            [-3.742449, 40.409408],
            [-3.742359, 40.409378],
            [-3.742229, 40.409338],
            [-3.742069, 40.409278],
            [-3.741979, 40.409248],
            [-3.741849, 40.409198],
            [-3.741849, 40.409208],
            [-3.738519, 40.411058],
            [-3.737909, 40.411468],
            [-3.734169, 40.412798],
            [-3.732789, 40.413288],
            [-3.729569, 40.414438],
            [-3.726209, 40.415668],
            [-3.724849, 40.416168],
            [-3.722369, 40.417178],
            [-3.722379, 40.417178],
            [-3.722159, 40.418038],
            [-3.722049, 40.418458],
            [-3.721839, 40.418578],
            [-3.721509, 40.418768],
            [-3.721069, 40.419118],
            [-3.720699, 40.419468],
            [-3.720399, 40.419898],
            [-3.720299, 40.420068],
            [-3.720199, 40.420248],
            [-3.720189, 40.420258],
            [-3.718059, 40.420288],
            [-3.718079, 40.421208],
            [-3.718659, 40.421828],
            [-3.719029, 40.422228],
            [-3.719459, 40.422698],
            [-3.718509, 40.422788],
            [-3.717839, 40.422488],
            [-3.717489, 40.422238],
            [-3.717079, 40.421948],
            [-3.716939, 40.421898],
            [-3.716839, 40.421888],
            [-3.716759, 40.421878],
            [-3.716639, 40.421878],
            [-3.716509, 40.421888],
            [-3.716459, 40.421898],
            [-3.716419, 40.421908],
            [-3.716409, 40.421918],
            [-3.715699, 40.422498],
            [-3.715449, 40.422708],
            [-3.715339, 40.422798],
            [-3.714769, 40.423448],
            [-3.714859, 40.423538],
            [-3.716259, 40.424968],
            [-3.716839, 40.425098],
            [-3.717239, 40.425188],
            [-3.718379, 40.425448],
            [-3.718429, 40.425458],
            [-3.718909, 40.425958],
            [-3.719759, 40.426838],
            [-3.720519, 40.427628],
            [-3.721719, 40.428878],
            [-3.722319, 40.429498],
            [-3.722609, 40.429788],
            [-3.722889, 40.430068],
            [-3.722939, 40.430128],
            [-3.723199, 40.430398],
            [-3.725209, 40.432508],
            [-3.724129, 40.432978],
            [-3.723999, 40.433038],
            [-3.721679, 40.434038],
            [-3.719489, 40.434958],
            [-3.719539, 40.435068],
            [-3.719849, 40.435738],
            [-3.719839, 40.435738],
            [-3.721699, 40.436669],
            [-3.723159, 40.437429],
            [-3.725059, 40.436649],
            [-3.726409, 40.436079],
            [-3.727999, 40.435698],
            [-3.730969, 40.434988],
            [-3.733359, 40.434368],
            [-3.733949, 40.434238],
            [-3.734229, 40.434198],
            [-3.734549, 40.434198],
            [-3.735349, 40.434238],
            [-3.735969, 40.434278],
            [-3.737149, 40.434358],
            [-3.737669, 40.434418],
            [-3.738299, 40.434548],
            [-3.738909, 40.434798],
            [-3.739469, 40.435148],
            [-3.739829, 40.435458],
            [-3.740129, 40.435798],
            [-3.740409, 40.436119],
            [-3.741279, 40.437229],
            [-3.741749, 40.437739],
            [-3.742319, 40.438219],
            [-3.742849, 40.438619],
            [-3.743549, 40.439139],
            [-3.74579, 40.440819],
            [-3.74867, 40.442939],
            [-3.74909, 40.443199],
            [-3.74967, 40.443489],
            [-3.75065, 40.443919],
            [-3.75344, 40.445179],
            [-3.75477, 40.445769],
            [-3.75614, 40.446379],
            [-3.75767, 40.447079],
            [-3.75917, 40.447739],
            [-3.76138, 40.448729],
            [-3.76204, 40.449049],
            [-3.76236, 40.449229],
            [-3.7626, 40.449419],
            [-3.76272, 40.449529],
            [-3.76275, 40.449549],
            [-3.76529, 40.448589],
            [-3.7663, 40.448169],
            [-3.76692, 40.447829],
            [-3.77079, 40.444529],
            [-3.77084, 40.444059],
            [-3.77084, 40.444049],
            [-3.77085, 40.444049],
            [-3.77085, 40.444049],
            [-3.77084, 40.437659],
            [-3.77088, 40.433928],
            [-3.77094, 40.429318],
            [-3.77913, 40.424268],
            [-3.78038, 40.421908],
            [-3.781401, 40.417588],
            [-3.781241, 40.416808],
            [-3.780941, 40.415538],
            [-3.78063, 40.414298],
            [-3.77946, 40.412108],
            [-3.77903, 40.409778],
            [-3.77858, 40.408038],
            [-3.7778, 40.406548],
            [-3.77691, 40.405218],
            [-3.77641, 40.404048],
            [-3.77437, 40.402107],
            [-3.7746, 40.400337],
            [-3.7746, 40.400317]
          ]
        ]
      }
    },
    {
      "type": "Feature",
      "properties": {
        "id": "casco-historico-de-barajas",
        "name": "Casco Histórico de Barajas",
        "cityId": "madrid"
      },
      "geometry": {
        "type": "Polygon",
        "coordinates": [
          [
            [-3.582255, 40.467699],
            [-3.581555, 40.467459],
            [-3.581185, 40.467569],
            [-3.580935, 40.467659],
            [-3.580665, 40.467779],
            [-3.580455, 40.467929],
            [-3.580315, 40.468089],
            [-3.579275, 40.46989],
            [-3.578045, 40.47063],
            [-3.576835, 40.47162],
            [-3.576375, 40.47143],
            [-3.576135, 40.47135],
            [-3.576015, 40.47134],
            [-3.575825, 40.47136],
            [-3.575545, 40.4714],
            [-3.575275, 40.47148],
            [-3.574625, 40.47166],
            [-3.574365, 40.47283],
            [-3.574255, 40.47337],
            [-3.574225, 40.47358],
            [-3.574215, 40.47379],
            [-3.574215, 40.47398],
            [-3.574235, 40.47418],
            [-3.574295, 40.47448],
            [-3.574365, 40.47468],
            [-3.574465, 40.47488],
            [-3.574585, 40.47508],
            [-3.574695, 40.47524],
            [-3.575035, 40.47564],
            [-3.576175, 40.47672],
            [-3.577835, 40.47821],
            [-3.578315, 40.47858],
            [-3.578505, 40.47871],
            [-3.578755, 40.47887],
            [-3.579135, 40.47909],
            [-3.579465, 40.47924],
            [-3.579795, 40.47937],
            [-3.580125, 40.47948],
            [-3.580545, 40.47959],
            [-3.580555, 40.47919],
            [-3.580865, 40.47883],
            [-3.581385, 40.47853],
            [-3.581895, 40.47707],
            [-3.582025, 40.47672],
            [-3.582085, 40.47658],
            [-3.582105, 40.4765],
            [-3.582215, 40.47612],
            [-3.582235, 40.47604],
            [-3.582265, 40.47591],
            [-3.582305, 40.47574],
            [-3.582355, 40.47551],
            [-3.582365, 40.47524],
            [-3.582365, 40.4751],
            [-3.582365, 40.47496],
            [-3.582365, 40.47495],
            [-3.582365, 40.47495],
            [-3.582365, 40.47494],
            [-3.582345, 40.47478],
            [-3.582295, 40.47437],
            [-3.582135, 40.4737],
            [-3.582125, 40.47365],
            [-3.582055, 40.47336],
            [-3.581845, 40.4725],
            [-3.581495, 40.47065],
            [-3.581455, 40.46966],
            [-3.581415, 40.46949],
            [-3.581395, 40.46926],
            [-3.581565, 40.468789],
            [-3.582245, 40.467689],
            [-3.582255, 40.467699]
          ]
        ]
      }
    },
    {
      "type": "Feature",
      "properties": {
        "id": "casco-historico-de-vallecas",
        "name": "Casco Histórico de Vallecas",
        "cityId": "madrid"
      },
      "geometry": {
        "type": "Polygon",
        "coordinates": [
          [
            [-3.565225, 40.360076],
            [-3.566125, 40.360266],
            [-3.566695, 40.360396],
            [-3.567405, 40.360596],
            [-3.568085, 40.360826],
            [-3.568815, 40.361096],
            [-3.569335, 40.361286],
            [-3.569795, 40.361486],
            [-3.570165, 40.361666],
            [-3.570415, 40.361816],
            [-3.574135, 40.364316],
            [-3.576225, 40.365716],
            [-3.576225, 40.365736],
            [-3.576755, 40.365146],
            [-3.577045, 40.364896],
            [-3.577325, 40.364706],
            [-3.577625, 40.364476],
            [-3.577975, 40.364206],
            [-3.578235, 40.364006],
            [-3.578485, 40.363816],
            [-3.578625, 40.363726],
            [-3.578855, 40.363636],
            [-3.579455, 40.363406],
            [-3.580195, 40.363136],
            [-3.580465, 40.363026],
            [-3.580485, 40.363016],
            [-3.580515, 40.362986],
            [-3.580525, 40.362966],
            [-3.580535, 40.362896],
            [-3.580525, 40.362816],
            [-3.580495, 40.362726],
            [-3.580425, 40.362636],
            [-3.580325, 40.362526],
            [-3.580165, 40.362396],
            [-3.579895, 40.362186],
            [-3.579685, 40.362026],
            [-3.579615, 40.361966],
            [-3.579655, 40.361926],
            [-3.579725, 40.361836],
            [-3.579735, 40.361796],
            [-3.579745, 40.361766],
            [-3.579755, 40.361706],
            [-3.579755, 40.361636],
            [-3.579755, 40.361576],
            [-3.579755, 40.361526],
            [-3.579755, 40.361486],
            [-3.579755, 40.361446],
            [-3.579765, 40.361376],
            [-3.579775, 40.361316],
            [-3.579785, 40.361256],
            [-3.579805, 40.361206],
            [-3.579845, 40.361136],
            [-3.579985, 40.360976],
            [-3.580135, 40.360836],
            [-3.580175, 40.360796],
            [-3.580205, 40.360736],
            [-3.580285, 40.360576],
            [-3.580385, 40.360436],
            [-3.580515, 40.360306],
            [-3.580575, 40.360176],
            [-3.580615, 40.360086],
            [-3.580675, 40.359866],
            [-3.580705, 40.359756],
            [-3.580755, 40.359656],
            [-3.580875, 40.359456],
            [-3.581005, 40.359276],
            [-3.581075, 40.359176],
            [-3.581175, 40.358856],
            [-3.581275, 40.358656],
            [-3.581375, 40.358456],
            [-3.581415, 40.358306],
            [-3.581525, 40.358026],
            [-3.581645, 40.357716],
            [-3.581725, 40.357476],
            [-3.581835, 40.357156],
            [-3.581885, 40.356996],
            [-3.582105, 40.356386],
            [-3.582275, 40.355906],
            [-3.582465, 40.355306],
            [-3.582635, 40.354816],
            [-3.582845, 40.354246],
            [-3.583105, 40.353556],
            [-3.583365, 40.352946],
            [-3.583485, 40.352626],
            [-3.583695, 40.352006],
            [-3.585655, 40.352206],
            [-3.586925, 40.352426],
            [-3.587785, 40.352566],
            [-3.588045, 40.352626],
            [-3.588175, 40.352666],
            [-3.588245, 40.352706],
            [-3.588335, 40.352746],
            [-3.588475, 40.352826],
            [-3.588835, 40.353056],
            [-3.589145, 40.353236],
            [-3.589225, 40.353276],
            [-3.589325, 40.353326],
            [-3.589645, 40.353426],
            [-3.590635, 40.353686],
            [-3.591685, 40.353956],
            [-3.591885, 40.354016],
            [-3.592035, 40.354076],
            [-3.592175, 40.354156],
            [-3.592265, 40.354236],
            [-3.592365, 40.354336],
            [-3.592425, 40.354406],
            [-3.592475, 40.354496],
            [-3.592515, 40.354616],
            [-3.592545, 40.354776],
            [-3.592525, 40.354946],
            [-3.592485, 40.355086],
            [-3.592375, 40.355266],
            [-3.592095, 40.355606],
            [-3.592105, 40.355606],
            [-3.594825, 40.356296],
            [-3.597526, 40.357016],
            [-3.598076, 40.357156],
            [-3.598656, 40.357356],
            [-3.599156, 40.357566],
            [-3.599686, 40.357806],
            [-3.600166, 40.358066],
            [-3.600676, 40.358356],
            [-3.601076, 40.358616],
            [-3.601536, 40.358986],
            [-3.601976, 40.359346],
            [-3.602416, 40.359806],
            [-3.602736, 40.360146],
            [-3.602996, 40.360476],
            [-3.603246, 40.360806],
            [-3.603456, 40.361036],
            [-3.603826, 40.361316],
            [-3.604146, 40.361476],
            [-3.606066, 40.362416],
            [-3.608996, 40.363856],
            [-3.612426, 40.360316],
            [-3.615346, 40.361766],
            [-3.619426, 40.363796],
            [-3.622546, 40.365326],
            [-3.625506, 40.366776],
            [-3.625756, 40.366916],
            [-3.629426, 40.368726],
            [-3.631636, 40.369817],
            [-3.632476, 40.370227],
            [-3.632486, 40.371037],
            [-3.632497, 40.371667],
            [-3.632507, 40.372787],
            [-3.632507, 40.373027],
            [-3.632517, 40.373907],
            [-3.632527, 40.374767],
            [-3.632527, 40.375357],
            [-3.632386, 40.375427],
            [-3.632146, 40.375557],
            [-3.631916, 40.375707],
            [-3.631706, 40.375847],
            [-3.631516, 40.375977],
            [-3.631336, 40.376097],
            [-3.631146, 40.376227],
            [-3.630516, 40.376667],
            [-3.630246, 40.376877],
            [-3.629956, 40.377087],
            [-3.629746, 40.377137],
            [-3.629656, 40.377137],
            [-3.629376, 40.377147],
            [-3.629106, 40.377157],
            [-3.628776, 40.377167],
            [-3.628346, 40.377187],
            [-3.628286, 40.377187],
            [-3.628136, 40.377187],
            [-3.627836, 40.377207],
            [-3.627266, 40.377247],
            [-3.627076, 40.377257],
            [-3.626786, 40.377277],
            [-3.626566, 40.377317],
            [-3.626186, 40.376957],
            [-3.625656, 40.376507],
            [-3.625206, 40.376117],
            [-3.625006, 40.376017],
            [-3.624756, 40.375937],
            [-3.624646, 40.375887],
            [-3.624696, 40.375777],
            [-3.624996, 40.375487],
            [-3.625796, 40.374837],
            [-3.626506, 40.374257],
            [-3.626506, 40.374257],
            [-3.624766, 40.373027],
            [-3.625716, 40.372237],
            [-3.625656, 40.372187],
            [-3.625476, 40.372027],
            [-3.625386, 40.371947],
            [-3.625216, 40.371807],
            [-3.625176, 40.371767],
            [-3.625136, 40.371717],
            [-3.625116, 40.371697],
            [-3.625076, 40.371637],
            [-3.624966, 40.371427],
            [-3.624596, 40.370647],
            [-3.624306, 40.370047],
            [-3.624116, 40.369656],
            [-3.623816, 40.369056],
            [-3.623746, 40.368946],
            [-3.623766, 40.368696],
            [-3.621536, 40.369086],
            [-3.620886, 40.369186],
            [-3.618986, 40.369466],
            [-3.617606, 40.369716],
            [-3.617126, 40.369877],
            [-3.615406, 40.370647],
            [-3.616086, 40.371597],
            [-3.615216, 40.371987],
            [-3.615326, 40.372147],
            [-3.615496, 40.372487],
            [-3.615596, 40.372797],
            [-3.615656, 40.373117],
            [-3.615666, 40.373277],
            [-3.615666, 40.373507],
            [-3.615646, 40.373747],
            [-3.615586, 40.374027],
            [-3.615536, 40.374207],
            [-3.615456, 40.374427],
            [-3.615246, 40.374967],
            [-3.615116, 40.375297],
            [-3.614976, 40.375657],
            [-3.614156, 40.377787],
            [-3.613826, 40.378617],
            [-3.613706, 40.378927],
            [-3.613606, 40.379217],
            [-3.613666, 40.379247],
            [-3.614096, 40.379297],
            [-3.615216, 40.379397],
            [-3.615816, 40.379427],
            [-3.616406, 40.379457],
            [-3.616726, 40.379467],
            [-3.617106, 40.379477],
            [-3.617246, 40.379497],
            [-3.617276, 40.379497],
            [-3.617286, 40.379707],
            [-3.617306, 40.380157],
            [-3.617366, 40.380327],
            [-3.617566, 40.380867],
            [-3.618266, 40.380737],
            [-3.618366, 40.380787],
            [-3.618396, 40.380797],
            [-3.618196, 40.380917],
            [-3.617896, 40.381077],
            [-3.617666, 40.381207],
            [-3.617366, 40.381427],
            [-3.618946, 40.382727],
            [-3.619136, 40.383307],
            [-3.620676, 40.382957],
            [-3.621386, 40.382767],
            [-3.624576, 40.382077],
            [-3.624576, 40.382097],
            [-3.625896, 40.381797],
            [-3.627156, 40.381507],
            [-3.630186, 40.380777],
            [-3.632577, 40.380207],
            [-3.633017, 40.380097],
            [-3.634367, 40.379767],
            [-3.641497, 40.377947],
            [-3.645057, 40.377227],
            [-3.648567, 40.376517],
            [-3.649897, 40.376307],
            [-3.651497, 40.376097],
            [-3.652357, 40.376047],
            [-3.652347, 40.376037],
            [-3.652747, 40.375637],
            [-3.653287, 40.374317],
            [-3.653567, 40.373617],
            [-3.654387, 40.370877],
            [-3.654697, 40.370347],
            [-3.655587, 40.369576],
            [-3.655977, 40.369356],
            [-3.657047, 40.368756],
            [-3.664427, 40.364126],
            [-3.666007, 40.363266],
            [-3.666487, 40.363016],
            [-3.666677, 40.362916],
            [-3.667157, 40.362686],
            [-3.667227, 40.362656],
            [-3.667547, 40.362516],
            [-3.667877, 40.362386],
            [-3.668237, 40.362246],
            [-3.668867, 40.362026],
            [-3.669437, 40.361856],
            [-3.669537, 40.361826],
            [-3.670118, 40.361666],
            [-3.670808, 40.361516],
            [-3.671168, 40.361446],
            [-3.671508, 40.361376],
            [-3.672148, 40.361266],
            [-3.673018, 40.361126],
            [-3.673698, 40.361026],
            [-3.674458, 40.360946],
            [-3.675158, 40.360876],
            [-3.675928, 40.360806],
            [-3.676668, 40.360756],
            [-3.677018, 40.360736],
            [-3.677568, 40.360716],
            [-3.678068, 40.360696],
            [-3.678748, 40.360686],
            [-3.679348, 40.360706],
            [-3.679798, 40.360756],
            [-3.680328, 40.360826],
            [-3.680778, 40.360926],
            [-3.681208, 40.361046],
            [-3.681928, 40.361296],
            [-3.681918, 40.361296],
            [-3.681518, 40.360216],
            [-3.681508, 40.360186],
            [-3.681468, 40.360086],
            [-3.681318, 40.359916],
            [-3.680948, 40.359746],
            [-3.680928, 40.359716],
            [-3.680658, 40.359506],
            [-3.679968, 40.358776],
            [-3.679568, 40.358386],
            [-3.679328, 40.358196],
            [-3.679168, 40.358086],
            [-3.678758, 40.357886],
            [-3.678398, 40.357746],
            [-3.678038, 40.357606],
            [-3.677768, 40.357456],
            [-3.677648, 40.357386],
            [-3.677398, 40.357116],
            [-3.677378, 40.357086],
            [-3.677188, 40.356796],
            [-3.677068, 40.356336],
            [-3.676808, 40.355456],
            [-3.676648, 40.354926],
            [-3.676498, 40.354566],
            [-3.676318, 40.354186],
            [-3.676158, 40.353966],
            [-3.675918, 40.353786],
            [-3.675688, 40.353716],
            [-3.675478, 40.353656],
            [-3.675098, 40.353606],
            [-3.675028, 40.353596],
            [-3.675028, 40.353596],
            [-3.674598, 40.353466],
            [-3.674228, 40.353326],
            [-3.674138, 40.353296],
            [-3.673838, 40.353006],
            [-3.673748, 40.352766],
            [-3.673708, 40.352466],
            [-3.673658, 40.352126],
            [-3.673598, 40.351866],
            [-3.673408, 40.351356],
            [-3.673238, 40.350896],
            [-3.673128, 40.350656],
            [-3.673098, 40.350606],
            [-3.673028, 40.350546],
            [-3.672898, 40.350426],
            [-3.672698, 40.350296],
            [-3.672498, 40.350196],
            [-3.672048, 40.350016],
            [-3.671288, 40.349756],
            [-3.670528, 40.349576],
            [-3.670138, 40.349436],
            [-3.669938, 40.349326],
            [-3.669718, 40.349186],
            [-3.669567, 40.348976],
            [-3.669407, 40.348626],
            [-3.669097, 40.347706],
            [-3.669017, 40.347416],
            [-3.668997, 40.347146],
            [-3.669007, 40.346786],
            [-3.669117, 40.346186],
            [-3.669237, 40.345806],
            [-3.669367, 40.345656],
            [-3.669437, 40.345506],
            [-3.669437, 40.345366],
            [-3.669367, 40.345236],
            [-3.669247, 40.345136],
            [-3.669137, 40.345046],
            [-3.668937, 40.344926],
            [-3.668527, 40.344796],
            [-3.667977, 40.344666],
            [-3.667377, 40.344516],
            [-3.666587, 40.344316],
            [-3.665507, 40.344146],
            [-3.665247, 40.344096],
            [-3.664947, 40.343966],
            [-3.664587, 40.343746],
            [-3.664347, 40.343466],
            [-3.664227, 40.343186],
            [-3.664117, 40.342826],
            [-3.664027, 40.342616],
            [-3.664017, 40.342596],
            [-3.663837, 40.342346],
            [-3.663667, 40.342116],
            [-3.663557, 40.341886],
            [-3.663287, 40.341346],
            [-3.663097, 40.340826],
            [-3.663037, 40.340576],
            [-3.663037, 40.339886],
            [-3.663027, 40.339486],
            [-3.662967, 40.339186],
            [-3.662847, 40.338986],
            [-3.662667, 40.338856],
            [-3.662387, 40.338676],
            [-3.662207, 40.338556],
            [-3.662007, 40.338376],
            [-3.661697, 40.338096],
            [-3.661537, 40.337866],
            [-3.661437, 40.337606],
            [-3.661457, 40.337056],
            [-3.661317, 40.336495],
            [-3.660957, 40.335965],
            [-3.660537, 40.335415],
            [-3.659937, 40.334885],
            [-3.659197, 40.334205],
            [-3.658857, 40.333825],
            [-3.658647, 40.333385],
            [-3.658597, 40.332805],
            [-3.658527, 40.332495],
            [-3.658417, 40.332135],
            [-3.658387, 40.331855],
            [-3.658307, 40.331595],
            [-3.657977, 40.331035],
            [-3.657767, 40.330555],
            [-3.657617, 40.329835],
            [-3.657527, 40.329285],
            [-3.657517, 40.328925],
            [-3.657517, 40.328925],
            [-3.655047, 40.330025],
            [-3.650317, 40.332385],
            [-3.650277, 40.332415],
            [-3.650207, 40.332365],
            [-3.650167, 40.332335],
            [-3.650137, 40.332315],
            [-3.650107, 40.332305],
            [-3.650077, 40.332295],
            [-3.650017, 40.332275],
            [-3.649977, 40.332305],
            [-3.649947, 40.332335],
            [-3.649887, 40.332405],
            [-3.649827, 40.332455],
            [-3.649777, 40.332485],
            [-3.649717, 40.332515],
            [-3.649667, 40.332535],
            [-3.649637, 40.332545],
            [-3.649607, 40.332565],
            [-3.649577, 40.332585],
            [-3.649547, 40.332615],
            [-3.649517, 40.332655],
            [-3.649487, 40.332695],
            [-3.649457, 40.332735],
            [-3.649417, 40.332795],
            [-3.649377, 40.332865],
            [-3.649327, 40.332935],
            [-3.649287, 40.333015],
            [-3.649247, 40.333125],
            [-3.649227, 40.333185],
            [-3.649217, 40.333225],
            [-3.649207, 40.333255],
            [-3.649207, 40.333295],
            [-3.649217, 40.333335],
            [-3.649147, 40.333405],
            [-3.649037, 40.333335],
            [-3.648727, 40.333185],
            [-3.648537, 40.333085],
            [-3.648327, 40.332945],
            [-3.648087, 40.332785],
            [-3.647917, 40.332675],
            [-3.647687, 40.332505],
            [-3.647467, 40.332355],
            [-3.647207, 40.332205],
            [-3.646897, 40.332035],
            [-3.646507, 40.331835],
            [-3.646097, 40.331645],
            [-3.645737, 40.331465],
            [-3.645297, 40.331245],
            [-3.644967, 40.331065],
            [-3.644717, 40.330955],
            [-3.644537, 40.330855],
            [-3.644347, 40.330715],
            [-3.644157, 40.330575],
            [-3.643947, 40.330375],
            [-3.643757, 40.330175],
            [-3.643627, 40.329995],
            [-3.643507, 40.329815],
            [-3.643397, 40.329665],
            [-3.643177, 40.329425],
            [-3.643027, 40.329265],
            [-3.642887, 40.329165],
            [-3.642727, 40.329065],
            [-3.642557, 40.328985],
            [-3.642397, 40.328935],
            [-3.642307, 40.328915],
            [-3.642177, 40.328855],
            [-3.642037, 40.328775],
            [-3.641917, 40.328695],
            [-3.641847, 40.328625],
            [-3.641687, 40.328505],
            [-3.641567, 40.328425],
            [-3.641427, 40.328315],
            [-3.641357, 40.328275],
            [-3.641217, 40.328235],
            [-3.640987, 40.328145],
            [-3.640797, 40.328065],
            [-3.640677, 40.328025],
            [-3.640517, 40.327965],
            [-3.640367, 40.327905],
            [-3.640207, 40.327805],
            [-3.639967, 40.327645],
            [-3.639677, 40.327435],
            [-3.639347, 40.327235],
            [-3.639157, 40.327115],
            [-3.638657, 40.326845],
            [-3.638407, 40.326675],
            [-3.638097, 40.326445],
            [-3.637767, 40.326235],
            [-3.637457, 40.325995],
            [-3.637247, 40.325885],
            [-3.636927, 40.325675],
            [-3.636617, 40.325455],
            [-3.636197, 40.325205],
            [-3.635997, 40.325075],
            [-3.635447, 40.324565],
            [-3.634967, 40.324175],
            [-3.634997, 40.324155],
            [-3.635157, 40.324035],
            [-3.634487, 40.323565],
            [-3.634127, 40.323305],
            [-3.633817, 40.323075],
            [-3.633727, 40.322985],
            [-3.633597, 40.322865],
            [-3.633477, 40.322765],
            [-3.633387, 40.322695],
            [-3.633287, 40.322615],
            [-3.633197, 40.322545],
            [-3.633117, 40.322485],
            [-3.633037, 40.322425],
            [-3.632947, 40.322355],
            [-3.632887, 40.322315],
            [-3.632817, 40.322275],
            [-3.632727, 40.322235],
            [-3.632647, 40.322205],
            [-3.632577, 40.322165],
            [-3.632527, 40.322125],
            [-3.632476, 40.322075],
            [-3.632416, 40.322035],
            [-3.632336, 40.321995],
            [-3.632256, 40.321935],
            [-3.632186, 40.321875],
            [-3.632096, 40.321815],
            [-3.631996, 40.321755],
            [-3.631926, 40.321715],
            [-3.631676, 40.321575],
            [-3.631586, 40.321525],
            [-3.631436, 40.321435],
            [-3.631206, 40.321305],
            [-3.631036, 40.321205],
            [-3.630936, 40.321145],
            [-3.630826, 40.321085],
            [-3.630726, 40.321015],
            [-3.630636, 40.320955],
            [-3.630556, 40.320895],
            [-3.630486, 40.320855],
            [-3.630406, 40.320805],
            [-3.630346, 40.320775],
            [-3.630266, 40.320745],
            [-3.630186, 40.320715],
            [-3.630056, 40.320665],
            [-3.629906, 40.320615],
            [-3.629776, 40.320565],
            [-3.629656, 40.320515],
            [-3.629246, 40.320345],
            [-3.629196, 40.320325],
            [-3.629126, 40.320305],
            [-3.629086, 40.320295],
            [-3.629006, 40.320265],
            [-3.628956, 40.320255],
            [-3.628916, 40.320235],
            [-3.628816, 40.320195],
            [-3.628766, 40.320175],
            [-3.628716, 40.320155],
            [-3.628666, 40.320135],
            [-3.628626, 40.320115],
            [-3.628456, 40.320045],
            [-3.628366, 40.320015],
            [-3.628216, 40.319955],
            [-3.628136, 40.319925],
            [-3.628036, 40.319895],
            [-3.627366, 40.319665],
            [-3.627046, 40.319585],
            [-3.626716, 40.319515],
            [-3.626606, 40.319485],
            [-3.626436, 40.319445],
            [-3.626326, 40.319415],
            [-3.626226, 40.319385],
            [-3.626126, 40.319355],
            [-3.625966, 40.319305],
            [-3.625956, 40.319315],
            [-3.624666, 40.320505],
            [-3.623506, 40.319925],
            [-3.619976, 40.319195],
            [-3.617416, 40.318265],
            [-3.615936, 40.317835],
            [-3.613846, 40.315665],
            [-3.611116, 40.314385],
            [-3.608086, 40.313735],
            [-3.606346, 40.313535],
            [-3.602096, 40.312735],
            [-3.600166, 40.312405],
            [-3.599206, 40.312245],
            [-3.598226, 40.312145],
            [-3.595305, 40.312425],
            [-3.594295, 40.312455],
            [-3.593295, 40.312495],
            [-3.589365, 40.312765],
            [-3.587395, 40.312855],
            [-3.585535, 40.313135],
            [-3.584455, 40.313265],
            [-3.583425, 40.313375],
            [-3.582485, 40.313595],
            [-3.581605, 40.313655],
            [-3.580615, 40.313855],
            [-3.579655, 40.313945],
            [-3.578725, 40.313925],
            [-3.577935, 40.313955],
            [-3.576095, 40.314945],
            [-3.577765, 40.314705],
            [-3.579255, 40.315925],
            [-3.580455, 40.316025],
            [-3.581855, 40.315935],
            [-3.582375, 40.316195],
            [-3.583785, 40.315865],
            [-3.585045, 40.318405],
            [-3.585045, 40.320465],
            [-3.584335, 40.322615],
            [-3.583215, 40.324865],
            [-3.582455, 40.326315],
            [-3.579485, 40.328005],
            [-3.576725, 40.330305],
            [-3.575245, 40.331915],
            [-3.572705, 40.333715],
            [-3.571845, 40.334665],
            [-3.569905, 40.337686],
            [-3.568205, 40.340956],
            [-3.566175, 40.343356],
            [-3.565315, 40.344426],
            [-3.562115, 40.347146],
            [-3.560695, 40.349226],
            [-3.558865, 40.350316],
            [-3.557644, 40.352716],
            [-3.556594, 40.353146],
            [-3.555084, 40.354106],
            [-3.555214, 40.354156],
            [-3.555384, 40.354216],
            [-3.555524, 40.354256],
            [-3.555614, 40.354286],
            [-3.555734, 40.354336],
            [-3.555834, 40.354386],
            [-3.556034, 40.354486],
            [-3.556134, 40.354536],
            [-3.556224, 40.354586],
            [-3.556384, 40.354686],
            [-3.556474, 40.354756],
            [-3.556534, 40.354806],
            [-3.556634, 40.354876],
            [-3.556724, 40.354946],
            [-3.556824, 40.355016],
            [-3.556904, 40.355076],
            [-3.556984, 40.355136],
            [-3.556934, 40.355166],
            [-3.556874, 40.355196],
            [-3.555174, 40.356176],
            [-3.555164, 40.356186],
            [-3.555044, 40.356256],
            [-3.554964, 40.356306],
            [-3.554224, 40.356706],
            [-3.554344, 40.356806],
            [-3.554774, 40.357116],
            [-3.555244, 40.357386],
            [-3.555744, 40.357616],
            [-3.556274, 40.357806],
            [-3.556814, 40.357976],
            [-3.557364, 40.358136],
            [-3.557914, 40.358296],
            [-3.558465, 40.358456],
            [-3.559015, 40.358616],
            [-3.559565, 40.358776],
            [-3.560115, 40.358926],
            [-3.560675, 40.359076],
            [-3.561235, 40.359216],
            [-3.561795, 40.359356],
            [-3.562355, 40.359496],
            [-3.562915, 40.359626],
            [-3.563475, 40.359756],
            [-3.564045, 40.359876],
            [-3.564615, 40.359996],
            [-3.565185, 40.360116],
            [-3.565225, 40.360076]
          ]
        ]
      }
    },
    {
      "type": "Feature",
      "properties": {
        "id": "casco-historico-de-vicalvaro",
        "name": "Casco Histórico de Vicálvaro",
        "cityId": "madrid"
      },
      "geometry": {
        "type": "Polygon",
        "coordinates": [
          [
            [-3.577485, 40.426008],
            [-3.577655, 40.426038],
            [-3.577725, 40.425878],
            [-3.577825, 40.425678],
            [-3.577955, 40.425458],
            [-3.578115, 40.425248],
            [-3.578345, 40.424978],
            [-3.578685, 40.424598],
            [-3.579415, 40.423758],
            [-3.579745, 40.423308],
            [-3.580295, 40.422528],
            [-3.580735, 40.421898],
            [-3.581165, 40.421268],
            [-3.581605, 40.420628],
            [-3.581715, 40.420448],
            [-3.581925, 40.420078],
            [-3.582185, 40.419618],
            [-3.582555, 40.418938],
            [-3.582655, 40.418758],
            [-3.582735, 40.418578],
            [-3.582795, 40.418408],
            [-3.582845, 40.418248],
            [-3.582885, 40.418098],
            [-3.582905, 40.417988],
            [-3.582925, 40.417828],
            [-3.582945, 40.417688],
            [-3.582955, 40.417538],
            [-3.582975, 40.417038],
            [-3.582995, 40.416538],
            [-3.583005, 40.416398],
            [-3.583015, 40.416238],
            [-3.583035, 40.416098],
            [-3.583055, 40.415988],
            [-3.583095, 40.415868],
            [-3.583135, 40.415748],
            [-3.583205, 40.415588],
            [-3.583335, 40.415338],
            [-3.583475, 40.415098],
            [-3.583625, 40.414838],
            [-3.583795, 40.414558],
            [-3.584015, 40.414208],
            [-3.584195, 40.413968],
            [-3.584455, 40.413648],
            [-3.585035, 40.412998],
            [-3.586235, 40.411628],
            [-3.587095, 40.410648],
            [-3.588005, 40.409588],
            [-3.588185, 40.409338],
            [-3.588315, 40.409128],
            [-3.588425, 40.408868],
            [-3.588625, 40.408378],
            [-3.589515, 40.408688],
            [-3.591305, 40.409268],
            [-3.592335, 40.409568],
            [-3.593485, 40.409898],
            [-3.594885, 40.410268],
            [-3.595856, 40.410508],
            [-3.598176, 40.411008],
            [-3.599606, 40.411278],
            [-3.601926, 40.411678],
            [-3.603416, 40.411888],
            [-3.605836, 40.412208],
            [-3.606676, 40.412328],
            [-3.607296, 40.412428],
            [-3.607926, 40.412548],
            [-3.608476, 40.412668],
            [-3.610276, 40.413108],
            [-3.610786, 40.417888],
            [-3.610806, 40.417948],
            [-3.613916, 40.416938],
            [-3.617456, 40.415548],
            [-3.617736, 40.415438],
            [-3.617956, 40.415348],
            [-3.618036, 40.415308],
            [-3.618156, 40.415248],
            [-3.618226, 40.415208],
            [-3.618396, 40.415108],
            [-3.618576, 40.415008],
            [-3.618746, 40.414888],
            [-3.618996, 40.414688],
            [-3.619486, 40.414258],
            [-3.619676, 40.414048],
            [-3.619746, 40.413968],
            [-3.619806, 40.413898],
            [-3.619886, 40.413788],
            [-3.619966, 40.413678],
            [-3.620036, 40.413568],
            [-3.620076, 40.413508],
            [-3.620106, 40.413458],
            [-3.620176, 40.413348],
            [-3.620336, 40.413088],
            [-3.620356, 40.413078],
            [-3.623926, 40.406208],
            [-3.623946, 40.406178],
            [-3.623936, 40.406178],
            [-3.620576, 40.405878],
            [-3.619576, 40.405778],
            [-3.618666, 40.405678],
            [-3.617916, 40.405648],
            [-3.617046, 40.405608],
            [-3.617146, 40.405278],
            [-3.617176, 40.404968],
            [-3.617146, 40.404538],
            [-3.617066, 40.404188],
            [-3.616986, 40.403948],
            [-3.616866, 40.403658],
            [-3.616816, 40.403528],
            [-3.616756, 40.403408],
            [-3.616536, 40.402978],
            [-3.615876, 40.402958],
            [-3.615366, 40.402918],
            [-3.614926, 40.402827],
            [-3.614486, 40.402677],
            [-3.613656, 40.402407],
            [-3.612296, 40.402027],
            [-3.611856, 40.401867],
            [-3.611826, 40.401857],
            [-3.611746, 40.401827],
            [-3.608856, 40.400637],
            [-3.607866, 40.400217],
            [-3.607186, 40.399947],
            [-3.606666, 40.399777],
            [-3.606676, 40.399777],
            [-3.606656, 40.399817],
            [-3.606516, 40.400197],
            [-3.606326, 40.400657],
            [-3.605926, 40.400547],
            [-3.605076, 40.400347],
            [-3.604996, 40.400337],
            [-3.604646, 40.400327],
            [-3.604396, 40.400327],
            [-3.604186, 40.400317],
            [-3.603886, 40.400327],
            [-3.603676, 40.400327],
            [-3.603416, 40.400327],
            [-3.603206, 40.400327],
            [-3.603096, 40.400327],
            [-3.603006, 40.400327],
            [-3.602756, 40.400287],
            [-3.602116, 40.400207],
            [-3.601846, 40.400157],
            [-3.601726, 40.400227],
            [-3.600796, 40.401537],
            [-3.600696, 40.401667],
            [-3.601166, 40.401907],
            [-3.601506, 40.402087],
            [-3.601816, 40.402247],
            [-3.602276, 40.402487],
            [-3.602446, 40.402587],
            [-3.602526, 40.402697],
            [-3.602516, 40.402737],
            [-3.602476, 40.402797],
            [-3.602426, 40.402827],
            [-3.602366, 40.402847],
            [-3.602076, 40.402817],
            [-3.601706, 40.402747],
            [-3.601476, 40.402737],
            [-3.601356, 40.402727],
            [-3.600706, 40.402787],
            [-3.600306, 40.402787],
            [-3.599786, 40.402447],
            [-3.599386, 40.402747],
            [-3.598946, 40.403088],
            [-3.598606, 40.403398],
            [-3.598466, 40.403548],
            [-3.598366, 40.403658],
            [-3.598026, 40.404118],
            [-3.597646, 40.404648],
            [-3.596186, 40.404068],
            [-3.595395, 40.403738],
            [-3.595145, 40.403618],
            [-3.594935, 40.403518],
            [-3.594615, 40.403268],
            [-3.594455, 40.403118],
            [-3.594225, 40.402908],
            [-3.593605, 40.402337],
            [-3.593855, 40.402187],
            [-3.594075, 40.402037],
            [-3.594565, 40.401737],
            [-3.594855, 40.401557],
            [-3.595085, 40.401417],
            [-3.595956, 40.400887],
            [-3.596466, 40.400567],
            [-3.597026, 40.400217],
            [-3.597606, 40.399907],
            [-3.598086, 40.399627],
            [-3.598496, 40.399367],
            [-3.598916, 40.399107],
            [-3.599406, 40.398787],
            [-3.599906, 40.398497],
            [-3.600456, 40.398177],
            [-3.601346, 40.397617],
            [-3.601926, 40.397217],
            [-3.602316, 40.396917],
            [-3.602736, 40.396577],
            [-3.603076, 40.396247],
            [-3.603296, 40.396027],
            [-3.603546, 40.395737],
            [-3.603596, 40.395677],
            [-3.603956, 40.395207],
            [-3.604156, 40.394907],
            [-3.604336, 40.394637],
            [-3.604566, 40.394297],
            [-3.605116, 40.393317],
            [-3.605426, 40.392717],
            [-3.605546, 40.392567],
            [-3.605576, 40.392527],
            [-3.605556, 40.392517],
            [-3.605736, 40.392087],
            [-3.606466, 40.390667],
            [-3.606936, 40.389767],
            [-3.607336, 40.389147],
            [-3.607766, 40.388547],
            [-3.608396, 40.387797],
            [-3.608586, 40.387557],
            [-3.608616, 40.387537],
            [-3.608136, 40.387297],
            [-3.607636, 40.387017],
            [-3.607076, 40.386657],
            [-3.606506, 40.386247],
            [-3.606386, 40.386337],
            [-3.606186, 40.386437],
            [-3.606016, 40.386497],
            [-3.605896, 40.386517],
            [-3.605786, 40.386497],
            [-3.605676, 40.386437],
            [-3.605576, 40.386257],
            [-3.605276, 40.385987],
            [-3.604156, 40.386637],
            [-3.603926, 40.386677],
            [-3.603756, 40.386677],
            [-3.603496, 40.386667],
            [-3.603046, 40.386537],
            [-3.602886, 40.386457],
            [-3.602356, 40.386197],
            [-3.601726, 40.385577],
            [-3.601386, 40.385117],
            [-3.601076, 40.384647],
            [-3.600876, 40.384157],
            [-3.600836, 40.383927],
            [-3.601136, 40.383407],
            [-3.601166, 40.383127],
            [-3.601056, 40.382877],
            [-3.600846, 40.382667],
            [-3.600566, 40.382527],
            [-3.600156, 40.382397],
            [-3.599596, 40.382357],
            [-3.599516, 40.382327],
            [-3.597826, 40.379657],
            [-3.598616, 40.379167],
            [-3.598776, 40.379057],
            [-3.598936, 40.378937],
            [-3.599026, 40.378847],
            [-3.599106, 40.378757],
            [-3.599186, 40.378647],
            [-3.599266, 40.378507],
            [-3.599336, 40.378367],
            [-3.599426, 40.378177],
            [-3.599526, 40.377927],
            [-3.599686, 40.377617],
            [-3.599986, 40.377237],
            [-3.600166, 40.377057],
            [-3.600326, 40.376937],
            [-3.600516, 40.376817],
            [-3.600706, 40.376717],
            [-3.600696, 40.376697],
            [-3.600206, 40.375807],
            [-3.600006, 40.375507],
            [-3.599776, 40.375217],
            [-3.599516, 40.374937],
            [-3.599236, 40.374697],
            [-3.599016, 40.374537],
            [-3.598826, 40.374407],
            [-3.598666, 40.374307],
            [-3.598406, 40.374147],
            [-3.597426, 40.373657],
            [-3.595666, 40.372807],
            [-3.592255, 40.371167],
            [-3.590755, 40.370447],
            [-3.589395, 40.369817],
            [-3.587725, 40.368976],
            [-3.585945, 40.368036],
            [-3.585595, 40.367866],
            [-3.585255, 40.367726],
            [-3.584895, 40.367586],
            [-3.584325, 40.367436],
            [-3.583805, 40.367336],
            [-3.583325, 40.367286],
            [-3.582515, 40.367246],
            [-3.581595, 40.367216],
            [-3.580105, 40.367156],
            [-3.579645, 40.367126],
            [-3.579285, 40.367076],
            [-3.578915, 40.367006],
            [-3.578545, 40.366916],
            [-3.578265, 40.366826],
            [-3.577945, 40.366706],
            [-3.577675, 40.366596],
            [-3.577405, 40.366466],
            [-3.577005, 40.366246],
            [-3.576745, 40.366086],
            [-3.576225, 40.365736],
            [-3.576225, 40.365716],
            [-3.574135, 40.364316],
            [-3.570415, 40.361816],
            [-3.570165, 40.361666],
            [-3.569795, 40.361486],
            [-3.569335, 40.361286],
            [-3.568815, 40.361096],
            [-3.568085, 40.360826],
            [-3.567405, 40.360596],
            [-3.566695, 40.360396],
            [-3.566125, 40.360266],
            [-3.565225, 40.360076],
            [-3.565005, 40.360246],
            [-3.564595, 40.360566],
            [-3.564185, 40.360886],
            [-3.563775, 40.361206],
            [-3.563365, 40.361526],
            [-3.562965, 40.361856],
            [-3.562565, 40.362186],
            [-3.562165, 40.362516],
            [-3.561775, 40.362856],
            [-3.561395, 40.363196],
            [-3.561015, 40.363546],
            [-3.560645, 40.363896],
            [-3.560285, 40.364246],
            [-3.559925, 40.364606],
            [-3.559575, 40.364966],
            [-3.559235, 40.365336],
            [-3.558895, 40.365706],
            [-3.558565, 40.366076],
            [-3.558244, 40.366456],
            [-3.557934, 40.366836],
            [-3.557624, 40.367216],
            [-3.557324, 40.367606],
            [-3.557034, 40.367996],
            [-3.556744, 40.368386],
            [-3.556464, 40.368786],
            [-3.556194, 40.369186],
            [-3.555924, 40.369586],
            [-3.555664, 40.369987],
            [-3.555404, 40.370387],
            [-3.555154, 40.370797],
            [-3.554904, 40.371207],
            [-3.554654, 40.371617],
            [-3.554404, 40.372027],
            [-3.554154, 40.372437],
            [-3.553904, 40.372847],
            [-3.553644, 40.373257],
            [-3.553384, 40.373657],
            [-3.553124, 40.374057],
            [-3.552854, 40.374457],
            [-3.552574, 40.374857],
            [-3.552294, 40.375247],
            [-3.551994, 40.375637],
            [-3.551694, 40.376027],
            [-3.551384, 40.376407],
            [-3.551064, 40.376787],
            [-3.550734, 40.377157],
            [-3.550394, 40.377527],
            [-3.550054, 40.377897],
            [-3.549704, 40.378257],
            [-3.548234, 40.379677],
            [-3.548094, 40.379817],
            [-3.547724, 40.380167],
            [-3.547354, 40.380517],
            [-3.546984, 40.380867],
            [-3.546614, 40.381217],
            [-3.546244, 40.381567],
            [-3.545874, 40.381917],
            [-3.545504, 40.382267],
            [-3.545134, 40.382617],
            [-3.544764, 40.382967],
            [-3.544394, 40.383317],
            [-3.544024, 40.383667],
            [-3.543654, 40.384017],
            [-3.543284, 40.384367],
            [-3.542914, 40.384717],
            [-3.542544, 40.385067],
            [-3.542174, 40.385417],
            [-3.541804, 40.385767],
            [-3.541434, 40.386117],
            [-3.541054, 40.386467],
            [-3.540674, 40.386817],
            [-3.540284, 40.387157],
            [-3.539884, 40.387487],
            [-3.539484, 40.387817],
            [-3.539074, 40.388137],
            [-3.538654, 40.388447],
            [-3.538224, 40.388757],
            [-3.537784, 40.389057],
            [-3.537344, 40.389357],
            [-3.536894, 40.389647],
            [-3.536444, 40.389937],
            [-3.535984, 40.390217],
            [-3.535524, 40.390497],
            [-3.535064, 40.390777],
            [-3.534604, 40.391057],
            [-3.534154, 40.391347],
            [-3.533714, 40.391647],
            [-3.533634, 40.391627],
            [-3.533914, 40.391607],
            [-3.535374, 40.391487],
            [-3.535444, 40.391477],
            [-3.535904, 40.391437],
            [-3.536364, 40.391397],
            [-3.537334, 40.391317],
            [-3.537394, 40.391337],
            [-3.539884, 40.392257],
            [-3.539924, 40.392267],
            [-3.541954, 40.392957],
            [-3.542454, 40.393127],
            [-3.542694, 40.393107],
            [-3.542604, 40.393607],
            [-3.542674, 40.394037],
            [-3.544824, 40.393567],
            [-3.546714, 40.393147],
            [-3.548274, 40.392947],
            [-3.548604, 40.392917],
            [-3.549924, 40.392817],
            [-3.551264, 40.392847],
            [-3.552674, 40.392987],
            [-3.553914, 40.393147],
            [-3.554864, 40.393367],
            [-3.556414, 40.393857],
            [-3.557484, 40.394227],
            [-3.559885, 40.395357],
            [-3.562975, 40.396817],
            [-3.563455, 40.397047],
            [-3.566135, 40.398297],
            [-3.569715, 40.399967],
            [-3.570235, 40.400207],
            [-3.570925, 40.400527],
            [-3.576905, 40.403348],
            [-3.579845, 40.404728],
            [-3.583035, 40.406238],
            [-3.585555, 40.407298],
            [-3.576235, 40.413128],
            [-3.576285, 40.413118],
            [-3.577635, 40.413658],
            [-3.578185, 40.414838],
            [-3.578055, 40.414988],
            [-3.579535, 40.417338],
            [-3.579145, 40.417858],
            [-3.578795, 40.418308],
            [-3.578625, 40.418638],
            [-3.578425, 40.419028],
            [-3.578305, 40.419258],
            [-3.577645, 40.420258],
            [-3.577305, 40.420998],
            [-3.577165, 40.421218],
            [-3.576965, 40.421628],
            [-3.576835, 40.421988],
            [-3.576775, 40.422288],
            [-3.576705, 40.422608],
            [-3.576595, 40.422998],
            [-3.576435, 40.423508],
            [-3.576355, 40.423698],
            [-3.576265, 40.423898],
            [-3.576135, 40.424148],
            [-3.576005, 40.424368],
            [-3.575795, 40.424708],
            [-3.575255, 40.425568],
            [-3.577485, 40.426008]
          ]
        ]
      }
    },
    {
      "type": "Feature",
      "properties": {
        "id": "castellana",
        "name": "Castellana",
        "cityId": "madrid"
      },
      "geometry": {
        "type": "Polygon",
        "coordinates": [
          [
            [-3.679838, 40.428928],
            [-3.679628, 40.431378],
            [-3.679518, 40.432648],
            [-3.679438, 40.433708],
            [-3.679358, 40.434778],
            [-3.679258, 40.435948],
            [-3.679128, 40.437449],
            [-3.680498, 40.437519],
            [-3.681768, 40.437589],
            [-3.683118, 40.437649],
            [-3.684198, 40.437699],
            [-3.685198, 40.437749],
            [-3.686258, 40.437799],
            [-3.690718, 40.437979],
            [-3.690718, 40.437989],
            [-3.689388, 40.436109],
            [-3.688778, 40.435208],
            [-3.688758, 40.435178],
            [-3.688418, 40.433058],
            [-3.688458, 40.432908],
            [-3.689038, 40.430628],
            [-3.689348, 40.429398],
            [-3.689358, 40.429388],
            [-3.685998, 40.429238],
            [-3.684938, 40.429178],
            [-3.683828, 40.429118],
            [-3.679838, 40.428928]
          ]
        ]
      }
    },
    {
      "type": "Feature",
      "properties": {
        "id": "castilla",
        "name": "Castilla",
        "cityId": "madrid"
      },
      "geometry": {
        "type": "Polygon",
        "coordinates": [
          [
            [-3.668407, 40.466699],
            [-3.671108, 40.47024],
            [-3.671998, 40.47141],
            [-3.673248, 40.47305],
            [-3.673568, 40.47373],
            [-3.673748, 40.47412],
            [-3.674088, 40.47513],
            [-3.674188, 40.47543],
            [-3.674228, 40.47556],
            [-3.674338, 40.47609],
            [-3.674368, 40.47639],
            [-3.674368, 40.47639],
            [-3.674388, 40.47658],
            [-3.674428, 40.47718],
            [-3.674438, 40.47776],
            [-3.674408, 40.47816],
            [-3.674398, 40.47833],
            [-3.674368, 40.47871],
            [-3.674238, 40.47935],
            [-3.674208, 40.47954],
            [-3.674178, 40.47973],
            [-3.674088, 40.48021],
            [-3.674048, 40.4804],
            [-3.673888, 40.48117],
            [-3.673718, 40.48202],
            [-3.673688, 40.48216],
            [-3.673658, 40.48242],
            [-3.673628, 40.48267],
            [-3.673538, 40.48338],
            [-3.673478, 40.48402],
            [-3.673458, 40.48406],
            [-3.674468, 40.48403],
            [-3.674948, 40.48402],
            [-3.675918, 40.484],
            [-3.676368, 40.48398],
            [-3.676648, 40.48397],
            [-3.677298, 40.48394],
            [-3.677358, 40.48394],
            [-3.677408, 40.48394],
            [-3.677788, 40.48392],
            [-3.678008, 40.4839],
            [-3.678038, 40.4839],
            [-3.678188, 40.48389],
            [-3.678308, 40.48388],
            [-3.678368, 40.48387],
            [-3.678538, 40.48385],
            [-3.678698, 40.48383],
            [-3.679008, 40.48378],
            [-3.679368, 40.48371],
            [-3.680078, 40.48355],
            [-3.680238, 40.48351],
            [-3.680488, 40.48345],
            [-3.680808, 40.48336],
            [-3.680948, 40.48332],
            [-3.681158, 40.48326],
            [-3.681428, 40.48318],
            [-3.681908, 40.48304],
            [-3.682158, 40.48297],
            [-3.683328, 40.48257],
            [-3.683618, 40.48248],
            [-3.683938, 40.48239],
            [-3.684248, 40.48232],
            [-3.684518, 40.48228],
            [-3.684708, 40.48227],
            [-3.684818, 40.48226],
            [-3.684858, 40.48226],
            [-3.685088, 40.48227],
            [-3.685218, 40.48228],
            [-3.685228, 40.48229],
            [-3.685148, 40.48215],
            [-3.685108, 40.48199],
            [-3.685098, 40.48195],
            [-3.685078, 40.4817],
            [-3.685108, 40.48143],
            [-3.685138, 40.48124],
            [-3.685258, 40.48076],
            [-3.685318, 40.48052],
            [-3.685618, 40.47959],
            [-3.686398, 40.47669],
            [-3.687098, 40.47425],
            [-3.687128, 40.47415],
            [-3.687118, 40.47415],
            [-3.687538, 40.47266],
            [-3.687938, 40.47124],
            [-3.688298, 40.46991],
            [-3.688538, 40.469029],
            [-3.689058, 40.467139],
            [-3.689338, 40.466039],
            [-3.689328, 40.466049],
            [-3.684488, 40.467039],
            [-3.683938, 40.467149],
            [-3.683558, 40.467229],
            [-3.683008, 40.467339],
            [-3.679208, 40.467639],
            [-3.679048, 40.467639],
            [-3.679028, 40.467489],
            [-3.678288, 40.467519],
            [-3.677268, 40.467749],
            [-3.676948, 40.467769],
            [-3.676598, 40.467749],
            [-3.676458, 40.467739],
            [-3.676268, 40.467699],
            [-3.674768, 40.467249],
            [-3.674178, 40.467149],
            [-3.671628, 40.466189],
            [-3.668407, 40.466699]
          ]
        ]
      }
    },
    {
      "type": "Feature",
      "properties": {
        "id": "castillejos",
        "name": "Castillejos",
        "cityId": "madrid"
      },
      "geometry": {
        "type": "Polygon",
        "coordinates": [
          [
            [-3.690028, 40.459049],
            [-3.689888, 40.460579],
            [-3.689748, 40.461989],
            [-3.689588, 40.463419],
            [-3.689348, 40.466039],
            [-3.690728, 40.465589],
            [-3.690808, 40.465579],
            [-3.691638, 40.465449],
            [-3.692698, 40.465289],
            [-3.693158, 40.465169],
            [-3.694448, 40.464719],
            [-3.695448, 40.464369],
            [-3.695528, 40.464339],
            [-3.695678, 40.464279],
            [-3.695808, 40.464199],
            [-3.695918, 40.464119],
            [-3.696038, 40.463989],
            [-3.696388, 40.463609],
            [-3.697048, 40.462889],
            [-3.697078, 40.462849],
            [-3.697348, 40.462549],
            [-3.697638, 40.462209],
            [-3.697818, 40.461909],
            [-3.698108, 40.461279],
            [-3.698398, 40.460629],
            [-3.698388, 40.460629],
            [-3.699218, 40.459739],
            [-3.700258, 40.458829],
            [-3.700698, 40.458449],
            [-3.701478, 40.457499],
            [-3.698888, 40.456909],
            [-3.698048, 40.456719],
            [-3.697628, 40.456629],
            [-3.697178, 40.456529],
            [-3.695938, 40.456459],
            [-3.695228, 40.456419],
            [-3.694648, 40.456389],
            [-3.692288, 40.456259],
            [-3.690308, 40.456139],
            [-3.690028, 40.459049]
          ]
        ]
      }
    },
    {
      "type": "Feature",
      "properties": {
        "id": "chopera",
        "name": "Chopera",
        "cityId": "madrid"
      },
      "geometry": {
        "type": "Polygon",
        "coordinates": [
          [
            [-3.695108, 40.391147],
            [-3.694838, 40.393107],
            [-3.694748, 40.394217],
            [-3.695888, 40.395867],
            [-3.696198, 40.396347],
            [-3.696688, 40.397027],
            [-3.697898, 40.398777],
            [-3.698348, 40.399467],
            [-3.699008, 40.400417],
            [-3.699338, 40.401037],
            [-3.699338, 40.401027],
            [-3.699698, 40.400537],
            [-3.700438, 40.399727],
            [-3.701048, 40.399057],
            [-3.701588, 40.398467],
            [-3.702088, 40.397937],
            [-3.702188, 40.397857],
            [-3.702288, 40.397777],
            [-3.703248, 40.396787],
            [-3.704638, 40.395237],
            [-3.704398, 40.395087],
            [-3.703378, 40.394457],
            [-3.702398, 40.393647],
            [-3.699558, 40.390647],
            [-3.698088, 40.389097],
            [-3.695108, 40.391147]
          ]
        ]
      }
    },
    {
      "type": "Feature",
      "properties": {
        "id": "ciudad-jardin",
        "name": "Ciudad Jardín",
        "cityId": "madrid"
      },
      "geometry": {
        "type": "Polygon",
        "coordinates": [
          [
            [-3.665647, 40.452479],
            [-3.666077, 40.452389],
            [-3.666337, 40.452349],
            [-3.666547, 40.452319],
            [-3.667337, 40.452289],
            [-3.667457, 40.452339],
            [-3.668077, 40.452379],
            [-3.668497, 40.452419],
            [-3.668957, 40.452459],
            [-3.669487, 40.452469],
            [-3.669988, 40.452459],
            [-3.670248, 40.452429],
            [-3.670728, 40.452329],
            [-3.671118, 40.452239],
            [-3.673858, 40.451629],
            [-3.674628, 40.451649],
            [-3.677568, 40.451679],
            [-3.677578, 40.451679],
            [-3.677918, 40.448719],
            [-3.678148, 40.446659],
            [-3.678418, 40.444239],
            [-3.678698, 40.441709],
            [-3.678668, 40.441729],
            [-3.678018, 40.441699],
            [-3.677088, 40.442109],
            [-3.677048, 40.442139],
            [-3.675978, 40.442769],
            [-3.675878, 40.442859],
            [-3.674438, 40.443969],
            [-3.673908, 40.444379],
            [-3.673838, 40.444419],
            [-3.672558, 40.445209],
            [-3.671458, 40.445899],
            [-3.670668, 40.446399],
            [-3.670538, 40.446489],
            [-3.669638, 40.447129],
            [-3.668517, 40.447999],
            [-3.668197, 40.448199],
            [-3.667857, 40.448369],
            [-3.666417, 40.449149],
            [-3.666287, 40.449259],
            [-3.664917, 40.450429],
            [-3.665047, 40.450589],
            [-3.665367, 40.451339],
            [-3.665537, 40.451719],
            [-3.665627, 40.452099],
            [-3.665647, 40.452479]
          ]
        ]
      }
    },
    {
      "type": "Feature",
      "properties": {
        "id": "ciudad-universitaria",
        "name": "Ciudad Universitaria",
        "cityId": "madrid"
      },
      "geometry": {
        "type": "Polygon",
        "coordinates": [
          [
            [-3.75148, 40.47841],
            [-3.75148, 40.47845],
            [-3.75353, 40.47823],
            [-3.75352, 40.4782],
            [-3.75351, 40.47814],
            [-3.75405, 40.47809],
            [-3.75433, 40.47806],
            [-3.75441, 40.47805],
            [-3.75446, 40.47818],
            [-3.75445, 40.4783],
            [-3.75445, 40.47831],
            [-3.75445, 40.47851],
            [-3.75438, 40.47865],
            [-3.75431, 40.47885],
            [-3.7543, 40.4789],
            [-3.75426, 40.47908],
            [-3.75422, 40.47925],
            [-3.75422, 40.47937],
            [-3.75423, 40.47938],
            [-3.75428, 40.4794],
            [-3.75432, 40.47941],
            [-3.75434, 40.47941],
            [-3.75437, 40.47941],
            [-3.7544, 40.47941],
            [-3.75443, 40.47942],
            [-3.75445, 40.47943],
            [-3.75445, 40.47944],
            [-3.75447, 40.47946],
            [-3.75449, 40.47947],
            [-3.75451, 40.47948],
            [-3.75457, 40.4795],
            [-3.75461, 40.47951],
            [-3.75478, 40.47955],
            [-3.75487, 40.47959],
            [-3.75493, 40.47962],
            [-3.75503, 40.47966],
            [-3.75506, 40.47967],
            [-3.7551, 40.47968],
            [-3.75515, 40.47969],
            [-3.7553, 40.47968],
            [-3.75534, 40.47968],
            [-3.7554, 40.4797],
            [-3.75546, 40.47972],
            [-3.75548, 40.47972],
            [-3.75551, 40.47972],
            [-3.75552, 40.47972],
            [-3.75554, 40.47972],
            [-3.75558, 40.47972],
            [-3.75559, 40.47972],
            [-3.7556, 40.47972],
            [-3.75565, 40.47971],
            [-3.75575, 40.4797],
            [-3.75576, 40.4797],
            [-3.75582, 40.47969],
            [-3.75584, 40.47968],
            [-3.75586, 40.47967],
            [-3.75589, 40.47964],
            [-3.75589, 40.47961],
            [-3.75589, 40.47953],
            [-3.75589, 40.47952],
            [-3.75595, 40.47948],
            [-3.75603, 40.47946],
            [-3.75604, 40.47946],
            [-3.75609, 40.47946],
            [-3.75612, 40.47946],
            [-3.75618, 40.47948],
            [-3.75621, 40.47949],
            [-3.75622, 40.4795],
            [-3.75635, 40.47961],
            [-3.75649, 40.47973],
            [-3.75654, 40.47974],
            [-3.75663, 40.47974],
            [-3.75672, 40.47973],
            [-3.75674, 40.47973],
            [-3.75681, 40.47973],
            [-3.75684, 40.47973],
            [-3.75691, 40.47973],
            [-3.757, 40.47975],
            [-3.75702, 40.47977],
            [-3.75702, 40.47977],
            [-3.75704, 40.47978],
            [-3.75708, 40.47979],
            [-3.7571, 40.47979],
            [-3.75715, 40.4798],
            [-3.75731, 40.47978],
            [-3.75732, 40.47978],
            [-3.75739, 40.47976],
            [-3.75754, 40.47972],
            [-3.75742, 40.47931],
            [-3.75744, 40.47914],
            [-3.75747, 40.47905],
            [-3.75748, 40.47901],
            [-3.75757, 40.47887],
            [-3.75767, 40.47871],
            [-3.75771, 40.47863],
            [-3.75774, 40.47856],
            [-3.75774, 40.47854],
            [-3.75778, 40.47837],
            [-3.75813, 40.47465],
            [-3.75816, 40.47456],
            [-3.75818, 40.4745],
            [-3.75823, 40.4744],
            [-3.75825, 40.47437],
            [-3.75828, 40.47434],
            [-3.75834, 40.47427],
            [-3.75837, 40.47425],
            [-3.75843, 40.47421],
            [-3.75854, 40.47416],
            [-3.75855, 40.47415],
            [-3.75867, 40.47411],
            [-3.75883, 40.47409],
            [-3.75897, 40.47409],
            [-3.75916, 40.47411],
            [-3.75918, 40.47411],
            [-3.7591, 40.47407],
            [-3.75859, 40.47384],
            [-3.75845, 40.47376],
            [-3.75837, 40.47368],
            [-3.75829, 40.47354],
            [-3.75826, 40.47336],
            [-3.75829, 40.47258],
            [-3.75839, 40.47257],
            [-3.75842, 40.47257],
            [-3.75861, 40.47258],
            [-3.75871, 40.47262],
            [-3.75877, 40.47264],
            [-3.7588, 40.47265],
            [-3.75886, 40.47265],
            [-3.75889, 40.47265],
            [-3.75901, 40.47263],
            [-3.75905, 40.47262],
            [-3.7591, 40.4726],
            [-3.75918, 40.47257],
            [-3.75924, 40.47255],
            [-3.75934, 40.4725],
            [-3.75944, 40.47249],
            [-3.75948, 40.47247],
            [-3.7595, 40.47246],
            [-3.75951, 40.47245],
            [-3.75961, 40.47237],
            [-3.75967, 40.47234],
            [-3.75973, 40.47231],
            [-3.75984, 40.47229],
            [-3.75987, 40.47228],
            [-3.7599, 40.47228],
            [-3.75996, 40.47228],
            [-3.76009, 40.4723],
            [-3.76021, 40.47231],
            [-3.76024, 40.47231],
            [-3.76025, 40.47231],
            [-3.76039, 40.47233],
            [-3.76048, 40.47233],
            [-3.76081, 40.47231],
            [-3.76107, 40.47231],
            [-3.76157, 40.4723],
            [-3.76198, 40.47229],
            [-3.76228, 40.47228],
            [-3.76242, 40.47228],
            [-3.76252, 40.4723],
            [-3.7626, 40.47231],
            [-3.76278, 40.47235],
            [-3.76304, 40.47241],
            [-3.76314, 40.47242],
            [-3.76322, 40.47242],
            [-3.76337, 40.47242],
            [-3.76342, 40.47242],
            [-3.76348, 40.47244],
            [-3.7636, 40.47252],
            [-3.76355, 40.47339],
            [-3.76363, 40.4734],
            [-3.76587, 40.47393],
            [-3.76477, 40.4712],
            [-3.7646, 40.47079],
            [-3.76394, 40.469039],
            [-3.76313, 40.466769],
            [-3.76257, 40.465109],
            [-3.76202, 40.463479],
            [-3.76268, 40.461439],
            [-3.76274, 40.461239],
            [-3.76275, 40.461229],
            [-3.76221, 40.461159],
            [-3.76249, 40.460179],
            [-3.75941, 40.456039],
            [-3.75842, 40.454319],
            [-3.75822, 40.454029],
            [-3.75797, 40.453779],
            [-3.75794, 40.453749],
            [-3.75776, 40.453649],
            [-3.75741, 40.453279],
            [-3.75722, 40.452309],
            [-3.75731, 40.452159],
            [-3.75736, 40.451239],
            [-3.76144, 40.449709],
            [-3.7615, 40.449729],
            [-3.76169, 40.449759],
            [-3.76188, 40.449769],
            [-3.76211, 40.449749],
            [-3.76231, 40.449699],
            [-3.76258, 40.449609],
            [-3.76277, 40.449539],
            [-3.76272, 40.449529],
            [-3.7626, 40.449419],
            [-3.76236, 40.449229],
            [-3.76204, 40.449049],
            [-3.76138, 40.448729],
            [-3.75917, 40.447739],
            [-3.75767, 40.447079],
            [-3.75614, 40.446379],
            [-3.75477, 40.445769],
            [-3.75344, 40.445179],
            [-3.75065, 40.443919],
            [-3.74967, 40.443489],
            [-3.74909, 40.443199],
            [-3.74867, 40.442939],
            [-3.74579, 40.440819],
            [-3.743549, 40.439139],
            [-3.742849, 40.438619],
            [-3.742319, 40.438219],
            [-3.741749, 40.437739],
            [-3.741279, 40.437229],
            [-3.740409, 40.436119],
            [-3.740129, 40.435798],
            [-3.739829, 40.435458],
            [-3.739469, 40.435148],
            [-3.738909, 40.434798],
            [-3.738299, 40.434548],
            [-3.737669, 40.434418],
            [-3.737149, 40.434358],
            [-3.735969, 40.434278],
            [-3.735349, 40.434238],
            [-3.734549, 40.434198],
            [-3.734229, 40.434198],
            [-3.733949, 40.434238],
            [-3.733359, 40.434368],
            [-3.730969, 40.434988],
            [-3.727999, 40.435698],
            [-3.726409, 40.436079],
            [-3.725059, 40.436649],
            [-3.723159, 40.437429],
            [-3.721699, 40.436669],
            [-3.719839, 40.435738],
            [-3.718269, 40.435538],
            [-3.718279, 40.435538],
            [-3.718129, 40.436369],
            [-3.718079, 40.436639],
            [-3.717639, 40.439229],
            [-3.717609, 40.439429],
            [-3.717599, 40.439499],
            [-3.717599, 40.439639],
            [-3.717619, 40.439859],
            [-3.717639, 40.439939],
            [-3.717649, 40.439979],
            [-3.717879, 40.440429],
            [-3.718159, 40.440969],
            [-3.719169, 40.442849],
            [-3.719589, 40.443469],
            [-3.719789, 40.443759],
            [-3.719929, 40.444949],
            [-3.719919, 40.444999],
            [-3.719919, 40.445039],
            [-3.719889, 40.445099],
            [-3.719859, 40.445149],
            [-3.719789, 40.445219],
            [-3.719589, 40.445399],
            [-3.718989, 40.445939],
            [-3.718189, 40.446669],
            [-3.717999, 40.446699],
            [-3.717669, 40.446729],
            [-3.717439, 40.446719],
            [-3.717269, 40.446689],
            [-3.717119, 40.446639],
            [-3.715709, 40.446099],
            [-3.715519, 40.446019],
            [-3.714749, 40.445769],
            [-3.712289, 40.446389],
            [-3.710449, 40.446859],
            [-3.709209, 40.447129],
            [-3.708309, 40.447089],
            [-3.708309, 40.447079],
            [-3.708889, 40.447949],
            [-3.708969, 40.448079],
            [-3.709869, 40.449509],
            [-3.710189, 40.450009],
            [-3.710289, 40.450059],
            [-3.710339, 40.450079],
            [-3.710989, 40.451109],
            [-3.711729, 40.452279],
            [-3.711939, 40.452389],
            [-3.713269, 40.453029],
            [-3.712679, 40.453909],
            [-3.712789, 40.454169],
            [-3.712899, 40.454379],
            [-3.713019, 40.454609],
            [-3.713119, 40.454889],
            [-3.712859, 40.455459],
            [-3.712189, 40.456459],
            [-3.711499, 40.457489],
            [-3.713099, 40.457789],
            [-3.715879, 40.458669],
            [-3.716759, 40.458939],
            [-3.719229, 40.459699],
            [-3.719429, 40.459759],
            [-3.719529, 40.459849],
            [-3.719539, 40.459849],
            [-3.719549, 40.459869],
            [-3.719609, 40.459969],
            [-3.719629, 40.460089],
            [-3.719639, 40.460119],
            [-3.719639, 40.460329],
            [-3.719619, 40.460439],
            [-3.719509, 40.460629],
            [-3.719269, 40.460819],
            [-3.719049, 40.461029],
            [-3.718959, 40.461209],
            [-3.718959, 40.461239],
            [-3.718949, 40.461329],
            [-3.719309, 40.461949],
            [-3.719459, 40.462209],
            [-3.719499, 40.462269],
            [-3.719629, 40.462389],
            [-3.719679, 40.462449],
            [-3.719829, 40.462639],
            [-3.719889, 40.462719],
            [-3.720339, 40.462949],
            [-3.720529, 40.463049],
            [-3.720729, 40.463169],
            [-3.720909, 40.463309],
            [-3.720969, 40.463369],
            [-3.720999, 40.463419],
            [-3.721049, 40.463539],
            [-3.721099, 40.463649],
            [-3.721179, 40.463719],
            [-3.721269, 40.463769],
            [-3.721399, 40.463839],
            [-3.721589, 40.463899],
            [-3.721859, 40.463929],
            [-3.722209, 40.463989],
            [-3.722509, 40.464069],
            [-3.723729, 40.464449],
            [-3.723819, 40.465409],
            [-3.723889, 40.465819],
            [-3.723959, 40.466059],
            [-3.724199, 40.466979],
            [-3.724339, 40.467519],
            [-3.724349, 40.467569],
            [-3.724349, 40.467579],
            [-3.724379, 40.467709],
            [-3.724399, 40.467779],
            [-3.724429, 40.467829],
            [-3.724709, 40.468099],
            [-3.724829, 40.468219],
            [-3.724859, 40.468249],
            [-3.725089, 40.468479],
            [-3.725709, 40.46918],
            [-3.725889, 40.46938],
            [-3.725929, 40.46944],
            [-3.726099, 40.46969],
            [-3.726699, 40.47038],
            [-3.727039, 40.47078],
            [-3.727119, 40.47084],
            [-3.727169, 40.47086],
            [-3.727419, 40.47118],
            [-3.727479, 40.47125],
            [-3.728469, 40.47236],
            [-3.728529, 40.47288],
            [-3.728529, 40.47287],
            [-3.729249, 40.47277],
            [-3.729589, 40.47272],
            [-3.730389, 40.47265],
            [-3.731389, 40.47262],
            [-3.731929, 40.47263],
            [-3.732229, 40.47264],
            [-3.732419, 40.47265],
            [-3.733209, 40.4727],
            [-3.733419, 40.47272],
            [-3.733569, 40.47274],
            [-3.733949, 40.47279],
            [-3.734369, 40.47286],
            [-3.734639, 40.4729],
            [-3.734899, 40.47295],
            [-3.735669, 40.47311],
            [-3.735639, 40.47309],
            [-3.735929, 40.47316],
            [-3.737539, 40.47354],
            [-3.739349, 40.47396],
            [-3.740259, 40.47417],
            [-3.740809, 40.47428],
            [-3.741279, 40.47434],
            [-3.741389, 40.47435],
            [-3.741439, 40.47435],
            [-3.742229, 40.47439],
            [-3.743199, 40.47441],
            [-3.743619, 40.47442],
            [-3.74466, 40.47444],
            [-3.74568, 40.47445],
            [-3.74624, 40.47446],
            [-3.7466, 40.47447],
            [-3.74728, 40.47447],
            [-3.74745, 40.47446],
            [-3.74787, 40.4744],
            [-3.74812, 40.47436],
            [-3.74834, 40.47432],
            [-3.74859, 40.47426],
            [-3.74884, 40.47417],
            [-3.74899, 40.47411],
            [-3.74918, 40.47402],
            [-3.74931, 40.47395],
            [-3.74943, 40.47388],
            [-3.74956, 40.4738],
            [-3.74971, 40.47369],
            [-3.74984, 40.47359],
            [-3.74995, 40.47349],
            [-3.75004, 40.4734],
            [-3.75017, 40.47325],
            [-3.75025, 40.47314],
            [-3.75036, 40.47299],
            [-3.75045, 40.47283],
            [-3.75055, 40.47261],
            [-3.75065, 40.47231],
            [-3.75068, 40.47207],
            [-3.75068, 40.47184],
            [-3.75065, 40.47155],
            [-3.75042, 40.47058],
            [-3.75036, 40.47031],
            [-3.75031, 40.47012],
            [-3.75058, 40.47065],
            [-3.75071, 40.47108],
            [-3.75134, 40.47314],
            [-3.75146, 40.47366],
            [-3.75149, 40.47381],
            [-3.75151, 40.47393],
            [-3.75155, 40.47414],
            [-3.75162, 40.47454],
            [-3.75174, 40.47561],
            [-3.75178, 40.47617],
            [-3.75175, 40.4766],
            [-3.75172, 40.47686],
            [-3.75151, 40.47842],
            [-3.75148, 40.47841]
          ]
        ]
      }
    },
    {
      "type": "Feature",
      "properties": {
        "id": "colina",
        "name": "Colina",
        "cityId": "madrid"
      },
      "geometry": {
        "type": "Polygon",
        "coordinates": [
          [
            [-3.663127, 40.453169],
            [-3.660697, 40.453799],
            [-3.658667, 40.454729],
            [-3.656427, 40.455849],
            [-3.654207, 40.456919],
            [-3.655147, 40.458009],
            [-3.655457, 40.458369],
            [-3.655877, 40.458899],
            [-3.656257, 40.459339],
            [-3.656287, 40.459429],
            [-3.660337, 40.462179],
            [-3.660337, 40.462189],
            [-3.660427, 40.462249],
            [-3.662037, 40.463369],
            [-3.662037, 40.463379],
            [-3.663717, 40.461899],
            [-3.662867, 40.461299],
            [-3.663427, 40.460829],
            [-3.663797, 40.460579],
            [-3.664217, 40.460359],
            [-3.664547, 40.460209],
            [-3.664927, 40.460049],
            [-3.664947, 40.460029],
            [-3.664857, 40.459819],
            [-3.664357, 40.458529],
            [-3.663807, 40.456809],
            [-3.663417, 40.455079],
            [-3.663297, 40.454299],
            [-3.663127, 40.453159],
            [-3.663127, 40.453169]
          ]
        ]
      }
    },
    {
      "type": "Feature",
      "properties": {
        "id": "comillas",
        "name": "Comillas",
        "cityId": "madrid"
      },
      "geometry": {
        "type": "Polygon",
        "coordinates": [
          [
            [-3.717559, 40.385277],
            [-3.716879, 40.385917],
            [-3.716399, 40.386367],
            [-3.715439, 40.387267],
            [-3.715029, 40.387647],
            [-3.714599, 40.388047],
            [-3.714239, 40.388407],
            [-3.713909, 40.388717],
            [-3.713699, 40.388917],
            [-3.713699, 40.388917],
            [-3.713369, 40.389187],
            [-3.713029, 40.389437],
            [-3.712899, 40.389537],
            [-3.712029, 40.389957],
            [-3.711899, 40.390007],
            [-3.710269, 40.390657],
            [-3.709509, 40.390957],
            [-3.709509, 40.390957],
            [-3.709129, 40.391107],
            [-3.709029, 40.391147],
            [-3.708819, 40.391237],
            [-3.708799, 40.391247],
            [-3.708709, 40.391287],
            [-3.708469, 40.391407],
            [-3.708299, 40.391497],
            [-3.708149, 40.391587],
            [-3.707949, 40.391717],
            [-3.707549, 40.392027],
            [-3.707239, 40.392297],
            [-3.706789, 40.392757],
            [-3.706308, 40.393267],
            [-3.704648, 40.395237],
            [-3.704638, 40.395227],
            [-3.707339, 40.395887],
            [-3.708219, 40.396097],
            [-3.708779, 40.396267],
            [-3.709689, 40.396537],
            [-3.710289, 40.396787],
            [-3.710799, 40.396997],
            [-3.711379, 40.397317],
            [-3.712159, 40.397877],
            [-3.712729, 40.398347],
            [-3.713179, 40.398737],
            [-3.713439, 40.398957],
            [-3.714049, 40.399347],
            [-3.714899, 40.399667],
            [-3.715799, 40.397717],
            [-3.715099, 40.395997],
            [-3.715299, 40.395267],
            [-3.715619, 40.394447],
            [-3.715629, 40.394337],
            [-3.715579, 40.394157],
            [-3.715239, 40.392957],
            [-3.715239, 40.392957],
            [-3.715229, 40.392647],
            [-3.715289, 40.392017],
            [-3.715369, 40.391807],
            [-3.715629, 40.390977],
            [-3.715829, 40.390327],
            [-3.715939, 40.389967],
            [-3.716199, 40.389167],
            [-3.716209, 40.389147],
            [-3.716229, 40.389087],
            [-3.716229, 40.389077],
            [-3.716459, 40.388327],
            [-3.716549, 40.388157],
            [-3.716699, 40.387747],
            [-3.717089, 40.386657],
            [-3.717439, 40.385687],
            [-3.717589, 40.385277],
            [-3.717559, 40.385277]
          ]
        ]
      }
    },
    {
      "type": "Feature",
      "properties": {
        "id": "corralejos",
        "name": "Corralejos",
        "cityId": "madrid"
      },
      "geometry": {
        "type": "Polygon",
        "coordinates": [
          [
            [-3.605426, 40.452759],
            [-3.604676, 40.453359],
            [-3.603556, 40.454439],
            [-3.600826, 40.456859],
            [-3.599816, 40.457609],
            [-3.597486, 40.458679],
            [-3.594285, 40.460099],
            [-3.593265, 40.460459],
            [-3.592585, 40.460769],
            [-3.590215, 40.461819],
            [-3.589655, 40.462059],
            [-3.588415, 40.462679],
            [-3.584545, 40.465329],
            [-3.584555, 40.465329],
            [-3.583555, 40.465989],
            [-3.583155, 40.466269],
            [-3.582875, 40.466559],
            [-3.582505, 40.467059],
            [-3.582255, 40.467689],
            [-3.582255, 40.467689],
            [-3.582265, 40.467679],
            [-3.583335, 40.468119],
            [-3.583905, 40.468329],
            [-3.584175, 40.468429],
            [-3.584415, 40.468479],
            [-3.584755, 40.468519],
            [-3.585205, 40.468539],
            [-3.585315, 40.468549],
            [-3.588765, 40.468669],
            [-3.590015, 40.468719],
            [-3.591375, 40.468769],
            [-3.592345, 40.468789],
            [-3.593335, 40.468809],
            [-3.594465, 40.468849],
            [-3.596576, 40.468999],
            [-3.598096, 40.4692],
            [-3.599066, 40.46936],
            [-3.599646, 40.46947],
            [-3.600326, 40.46962],
            [-3.601436, 40.46987],
            [-3.602636, 40.47023],
            [-3.606006, 40.47135],
            [-3.606816, 40.47157],
            [-3.607356, 40.4717],
            [-3.607926, 40.47177],
            [-3.608516, 40.47184],
            [-3.609166, 40.47188],
            [-3.615396, 40.47206],
            [-3.616116, 40.47208],
            [-3.617466, 40.47212],
            [-3.619746, 40.47219],
            [-3.620376, 40.47222],
            [-3.620726, 40.47224],
            [-3.620946, 40.47225],
            [-3.621806, 40.47229],
            [-3.622926, 40.47234],
            [-3.623056, 40.47236],
            [-3.623576, 40.47244],
            [-3.623656, 40.47245],
            [-3.623706, 40.47246],
            [-3.624126, 40.47253],
            [-3.624096, 40.47253],
            [-3.623966, 40.4722],
            [-3.623826, 40.47182],
            [-3.624046, 40.47156],
            [-3.624106, 40.47148],
            [-3.624186, 40.47138],
            [-3.624256, 40.47127],
            [-3.624346, 40.47113],
            [-3.624406, 40.471],
            [-3.624476, 40.47085],
            [-3.624526, 40.47072],
            [-3.624566, 40.4706],
            [-3.624606, 40.47048],
            [-3.624636, 40.47034],
            [-3.624656, 40.47023],
            [-3.624666, 40.47015],
            [-3.624676, 40.47004],
            [-3.624676, 40.46992],
            [-3.624676, 40.46981],
            [-3.624666, 40.46969],
            [-3.624646, 40.46954],
            [-3.624626, 40.46942],
            [-3.624586, 40.46927],
            [-3.624546, 40.46915],
            [-3.624496, 40.469019],
            [-3.624416, 40.468699],
            [-3.627966, 40.468479],
            [-3.627976, 40.468479],
            [-3.627686, 40.468129],
            [-3.623426, 40.462669],
            [-3.623426, 40.462659],
            [-3.622756, 40.461839],
            [-3.622176, 40.461209],
            [-3.621516, 40.460579],
            [-3.620926, 40.460139],
            [-3.620246, 40.459739],
            [-3.617386, 40.458149],
            [-3.613896, 40.456159],
            [-3.612336, 40.455289],
            [-3.608976, 40.454219],
            [-3.607716, 40.453879],
            [-3.606626, 40.453499],
            [-3.606186, 40.453279],
            [-3.605706, 40.452979],
            [-3.605436, 40.452759],
            [-3.605416, 40.452779],
            [-3.605426, 40.452759]
          ]
        ]
      }
    },
    {
      "type": "Feature",
      "properties": {
        "id": "cortes",
        "name": "Cortes",
        "cityId": "madrid"
      },
      "geometry": {
        "type": "Polygon",
        "coordinates": [
          [
            [-3.693088, 40.419338],
            [-3.694298, 40.419198],
            [-3.695548, 40.418968],
            [-3.696538, 40.418738],
            [-3.698048, 40.419278],
            [-3.699668, 40.419758],
            [-3.699728, 40.419288],
            [-3.699568, 40.418528],
            [-3.699298, 40.417898],
            [-3.699548, 40.417798],
            [-3.699878, 40.417408],
            [-3.700418, 40.416598],
            [-3.700558, 40.416428],
            [-3.700758, 40.416258],
            [-3.700958, 40.416108],
            [-3.701208, 40.415938],
            [-3.701358, 40.415838],
            [-3.702018, 40.415368],
            [-3.702548, 40.414958],
            [-3.703118, 40.414508],
            [-3.703268, 40.414538],
            [-3.703358, 40.414588],
            [-3.703428, 40.414688],
            [-3.703918, 40.414288],
            [-3.703918, 40.414298],
            [-3.702848, 40.413918],
            [-3.701518, 40.413448],
            [-3.700008, 40.412828],
            [-3.699018, 40.412318],
            [-3.698618, 40.412128],
            [-3.696798, 40.411188],
            [-3.695748, 40.410668],
            [-3.694058, 40.409938],
            [-3.691938, 40.409078],
            [-3.692218, 40.409708],
            [-3.692368, 40.410198],
            [-3.692648, 40.411468],
            [-3.692898, 40.412638],
            [-3.693198, 40.414038],
            [-3.693438, 40.415138],
            [-3.693638, 40.415888],
            [-3.693598, 40.416348],
            [-3.693478, 40.416948],
            [-3.693168, 40.418488],
            [-3.692978, 40.418888],
            [-3.693098, 40.419338],
            [-3.693088, 40.419338]
          ]
        ]
      }
    },
    {
      "type": "Feature",
      "properties": {
        "id": "costillares",
        "name": "Costillares",
        "cityId": "madrid"
      },
      "geometry": {
        "type": "Polygon",
        "coordinates": [
          [
            [-3.668407, 40.466709],
            [-3.664507, 40.467319],
            [-3.663447, 40.467479],
            [-3.664637, 40.47195],
            [-3.665147, 40.4738],
            [-3.665417, 40.47476],
            [-3.665427, 40.47479],
            [-3.665437, 40.47481],
            [-3.665557, 40.47534],
            [-3.665737, 40.47636],
            [-3.665767, 40.47679],
            [-3.665687, 40.47705],
            [-3.665657, 40.47715],
            [-3.665547, 40.47748],
            [-3.665547, 40.47748],
            [-3.665247, 40.47796],
            [-3.664897, 40.47837],
            [-3.663447, 40.47984],
            [-3.661207, 40.482],
            [-3.661037, 40.4821],
            [-3.659617, 40.48279],
            [-3.659377, 40.48291],
            [-3.659347, 40.48291],
            [-3.663727, 40.48362],
            [-3.664007, 40.48366],
            [-3.664697, 40.48376],
            [-3.664727, 40.48376],
            [-3.666117, 40.48397],
            [-3.666267, 40.48399],
            [-3.667207, 40.4841],
            [-3.669037, 40.48418],
            [-3.670258, 40.48418],
            [-3.671078, 40.48414],
            [-3.671338, 40.48413],
            [-3.673458, 40.48405],
            [-3.673478, 40.48402],
            [-3.673538, 40.48338],
            [-3.673628, 40.48267],
            [-3.673658, 40.48242],
            [-3.673688, 40.48216],
            [-3.673718, 40.48202],
            [-3.673888, 40.48117],
            [-3.674048, 40.4804],
            [-3.674088, 40.48021],
            [-3.674178, 40.47973],
            [-3.674208, 40.47954],
            [-3.674238, 40.47935],
            [-3.674368, 40.47871],
            [-3.674398, 40.47833],
            [-3.674408, 40.47816],
            [-3.674438, 40.47776],
            [-3.674428, 40.47718],
            [-3.674388, 40.47658],
            [-3.674368, 40.47639],
            [-3.674368, 40.47639],
            [-3.674338, 40.47609],
            [-3.674228, 40.47556],
            [-3.674188, 40.47543],
            [-3.674088, 40.47513],
            [-3.673748, 40.47412],
            [-3.673568, 40.47373],
            [-3.673248, 40.47305],
            [-3.671998, 40.47141],
            [-3.671108, 40.47024],
            [-3.668407, 40.466699],
            [-3.668407, 40.466709]
          ]
        ]
      }
    },
    {
      "type": "Feature",
      "properties": {
        "id": "cuatro-caminos",
        "name": "Cuatro Caminos",
        "cityId": "madrid"
      },
      "geometry": {
        "type": "Polygon",
        "coordinates": [
          [
            [-3.691268, 40.446209],
            [-3.691148, 40.447469],
            [-3.690698, 40.452129],
            [-3.690308, 40.456139],
            [-3.692288, 40.456259],
            [-3.694648, 40.456389],
            [-3.695228, 40.456419],
            [-3.695938, 40.456459],
            [-3.697178, 40.456529],
            [-3.697628, 40.456629],
            [-3.698048, 40.456719],
            [-3.698888, 40.456909],
            [-3.701478, 40.457499],
            [-3.702208, 40.456309],
            [-3.702298, 40.456099],
            [-3.702698, 40.455089],
            [-3.702838, 40.454539],
            [-3.702918, 40.454019],
            [-3.702998, 40.453499],
            [-3.703168, 40.452379],
            [-3.703258, 40.451809],
            [-3.703368, 40.451039],
            [-3.703448, 40.450479],
            [-3.703528, 40.449969],
            [-3.703608, 40.449419],
            [-3.703728, 40.448639],
            [-3.703858, 40.447679],
            [-3.703918, 40.447159],
            [-3.703948, 40.446859],
            [-3.700938, 40.446699],
            [-3.700338, 40.446669],
            [-3.699338, 40.446619],
            [-3.698668, 40.446589],
            [-3.697138, 40.446509],
            [-3.695578, 40.446439],
            [-3.695018, 40.446409],
            [-3.691268, 40.446209]
          ]
        ]
      }
    },
    {
      "type": "Feature",
      "properties": {
        "id": "cuatro-vientos",
        "name": "Cuatro Vientos",
        "cityId": "madrid"
      },
      "geometry": {
        "type": "Polygon",
        "coordinates": [
          [
            [-3.806931, 40.366456],
            [-3.804211, 40.364466],
            [-3.804091, 40.364376],
            [-3.803941, 40.364236],
            [-3.803851, 40.364146],
            [-3.803741, 40.364056],
            [-3.803631, 40.363966],
            [-3.803551, 40.363896],
            [-3.803461, 40.363816],
            [-3.803391, 40.363756],
            [-3.803321, 40.363696],
            [-3.803241, 40.363636],
            [-3.803151, 40.363566],
            [-3.803081, 40.363506],
            [-3.803001, 40.363446],
            [-3.802891, 40.363366],
            [-3.802851, 40.363346],
            [-3.802671, 40.363296],
            [-3.802531, 40.363266],
            [-3.802051, 40.363166],
            [-3.801841, 40.363116],
            [-3.801541, 40.363056],
            [-3.801361, 40.363016],
            [-3.801121, 40.362966],
            [-3.800821, 40.362906],
            [-3.800481, 40.362826],
            [-3.800201, 40.362756],
            [-3.799881, 40.362686],
            [-3.799611, 40.362636],
            [-3.799261, 40.362576],
            [-3.799001, 40.362536],
            [-3.798751, 40.362516],
            [-3.798511, 40.362486],
            [-3.798181, 40.362436],
            [-3.797841, 40.362376],
            [-3.797511, 40.362326],
            [-3.797311, 40.362286],
            [-3.797131, 40.362256],
            [-3.796961, 40.362226],
            [-3.796861, 40.362206],
            [-3.796721, 40.362176],
            [-3.796491, 40.362126],
            [-3.796041, 40.362006],
            [-3.795821, 40.361976],
            [-3.795661, 40.361946],
            [-3.795411, 40.361886],
            [-3.795151, 40.361816],
            [-3.795021, 40.361776],
            [-3.794691, 40.361656],
            [-3.794271, 40.361496],
            [-3.794021, 40.361396],
            [-3.793751, 40.361276],
            [-3.793571, 40.361196],
            [-3.793411, 40.361116],
            [-3.793221, 40.361016],
            [-3.793011, 40.360906],
            [-3.792791, 40.360786],
            [-3.792651, 40.360716],
            [-3.792521, 40.360646],
            [-3.792411, 40.360586],
            [-3.792311, 40.360536],
            [-3.792141, 40.360456],
            [-3.791981, 40.360376],
            [-3.791841, 40.360306],
            [-3.791611, 40.360206],
            [-3.791471, 40.360136],
            [-3.791161, 40.360006],
            [-3.790841, 40.359866],
            [-3.790351, 40.359656],
            [-3.789971, 40.359496],
            [-3.789551, 40.359336],
            [-3.788911, 40.359086],
            [-3.788421, 40.358916],
            [-3.788051, 40.358776],
            [-3.787911, 40.358736],
            [-3.787841, 40.358716],
            [-3.787761, 40.358706],
            [-3.787501, 40.358766],
            [-3.787391, 40.358806],
            [-3.787221, 40.358876],
            [-3.787081, 40.358936],
            [-3.786871, 40.359036],
            [-3.786671, 40.359126],
            [-3.786011, 40.359426],
            [-3.785591, 40.359606],
            [-3.785141, 40.359796],
            [-3.784871, 40.359906],
            [-3.784711, 40.359966],
            [-3.784461, 40.360106],
            [-3.784081, 40.360296],
            [-3.783821, 40.360426],
            [-3.783401, 40.360626],
            [-3.782941, 40.360856],
            [-3.782501, 40.361076],
            [-3.782001, 40.361306],
            [-3.781861, 40.361376],
            [-3.781711, 40.361446],
            [-3.781641, 40.361486],
            [-3.781561, 40.361526],
            [-3.781461, 40.361566],
            [-3.781361, 40.361596],
            [-3.781251, 40.361616],
            [-3.781141, 40.361626],
            [-3.781031, 40.361646],
            [-3.780951, 40.361666],
            [-3.78078, 40.361726],
            [-3.78033, 40.361906],
            [-3.77676, 40.361316],
            [-3.77344, 40.360586],
            [-3.77236, 40.359806],
            [-3.77163, 40.359866],
            [-3.77075, 40.360586],
            [-3.77074, 40.360546],
            [-3.77052, 40.360616],
            [-3.76896, 40.362046],
            [-3.76672, 40.364086],
            [-3.76368, 40.365766],
            [-3.7618, 40.366886],
            [-3.76215, 40.367476],
            [-3.7629, 40.368776],
            [-3.76293, 40.369016],
            [-3.76257, 40.370857],
            [-3.76223, 40.372617],
            [-3.76225, 40.372627],
            [-3.76564, 40.373137],
            [-3.76812, 40.373547],
            [-3.76812, 40.373547],
            [-3.76932, 40.373737],
            [-3.77008, 40.373857],
            [-3.77328, 40.374357],
            [-3.77528, 40.374667],
            [-3.77622, 40.374817],
            [-3.77685, 40.374917],
            [-3.77801, 40.375097],
            [-3.77931, 40.375307],
            [-3.78016, 40.375437],
            [-3.78057, 40.375497],
            [-3.780971, 40.375557],
            [-3.781451, 40.375657],
            [-3.781801, 40.375757],
            [-3.782001, 40.375847],
            [-3.782151, 40.375937],
            [-3.782281, 40.376007],
            [-3.782391, 40.376107],
            [-3.782541, 40.376237],
            [-3.782651, 40.376347],
            [-3.783361, 40.377297],
            [-3.783781, 40.377857],
            [-3.784261, 40.378877],
            [-3.784531, 40.379577],
            [-3.784981, 40.380127],
            [-3.785301, 40.380467],
            [-3.785321, 40.380487],
            [-3.787711, 40.381657],
            [-3.787701, 40.381667],
            [-3.788581, 40.381037],
            [-3.792171, 40.378237],
            [-3.796351, 40.374997],
            [-3.800941, 40.371487],
            [-3.806931, 40.366456]
          ]
        ]
      }
    },
    {
      "type": "Feature",
      "properties": {
        "id": "delicias",
        "name": "Delicias",
        "cityId": "madrid"
      },
      "geometry": {
        "type": "Polygon",
        "coordinates": [
          [
            [-3.685488, 40.400397],
            [-3.690978, 40.400697],
            [-3.692348, 40.400777],
            [-3.692458, 40.400787],
            [-3.692688, 40.400797],
            [-3.693838, 40.400847],
            [-3.693988, 40.400767],
            [-3.696178, 40.400917],
            [-3.699348, 40.401027],
            [-3.699338, 40.401037],
            [-3.699008, 40.400417],
            [-3.698348, 40.399467],
            [-3.697898, 40.398777],
            [-3.696688, 40.397027],
            [-3.696198, 40.396347],
            [-3.695888, 40.395867],
            [-3.694748, 40.394217],
            [-3.694838, 40.393107],
            [-3.695108, 40.391147],
            [-3.695128, 40.391147],
            [-3.694808, 40.391237],
            [-3.693248, 40.391747],
            [-3.693068, 40.391807],
            [-3.690828, 40.392547],
            [-3.690818, 40.392547],
            [-3.688898, 40.393187],
            [-3.688978, 40.393347],
            [-3.688078, 40.393657],
            [-3.687978, 40.393707],
            [-3.687878, 40.393777],
            [-3.687788, 40.393867],
            [-3.687148, 40.392767],
            [-3.686368, 40.393197],
            [-3.686048, 40.393367],
            [-3.684698, 40.394147],
            [-3.684698, 40.394147],
            [-3.684498, 40.393837],
            [-3.683968, 40.393027],
            [-3.683518, 40.393277],
            [-3.682408, 40.393897],
            [-3.681848, 40.394197],
            [-3.681288, 40.394497],
            [-3.681218, 40.394537],
            [-3.681158, 40.394567],
            [-3.680648, 40.394777],
            [-3.680158, 40.394957],
            [-3.679978, 40.395027],
            [-3.679928, 40.395047],
            [-3.679658, 40.395147],
            [-3.679778, 40.395267],
            [-3.682498, 40.397727],
            [-3.685478, 40.400397],
            [-3.685488, 40.400397]
          ]
        ]
      }
    },
    {
      "type": "Feature",
      "properties": {
        "id": "el-canaveral",
        "name": "El Cañaveral",
        "cityId": "madrid"
      },
      "geometry": {
        "type": "Polygon",
        "coordinates": [
          [
            [-3.533634, 40.391627],
            [-3.532864, 40.391687],
            [-3.532084, 40.391417],
            [-3.529154, 40.389377],
            [-3.526894, 40.389787],
            [-3.524344, 40.390837],
            [-3.522594, 40.391857],
            [-3.520413, 40.392097],
            [-3.520323, 40.393777],
            [-3.519623, 40.397737],
            [-3.519603, 40.397857],
            [-3.519503, 40.397847],
            [-3.519503, 40.397867],
            [-3.519503, 40.397897],
            [-3.519493, 40.397937],
            [-3.519483, 40.397977],
            [-3.519473, 40.398037],
            [-3.519453, 40.398087],
            [-3.519433, 40.398147],
            [-3.519413, 40.398207],
            [-3.519393, 40.398267],
            [-3.519353, 40.398357],
            [-3.519323, 40.398437],
            [-3.519283, 40.398527],
            [-3.519243, 40.398607],
            [-3.519203, 40.398687],
            [-3.519143, 40.398817],
            [-3.519073, 40.398967],
            [-3.519043, 40.399047],
            [-3.518943, 40.399257],
            [-3.518843, 40.399467],
            [-3.518783, 40.399587],
            [-3.518733, 40.399707],
            [-3.518693, 40.399817],
            [-3.518673, 40.399877],
            [-3.518633, 40.399967],
            [-3.518583, 40.400107],
            [-3.518533, 40.400287],
            [-3.518493, 40.400427],
            [-3.518453, 40.400587],
            [-3.518413, 40.400747],
            [-3.518373, 40.400917],
            [-3.518313, 40.401127],
            [-3.518263, 40.401327],
            [-3.518233, 40.401477],
            [-3.518213, 40.401617],
            [-3.518193, 40.401747],
            [-3.518183, 40.401847],
            [-3.518163, 40.401957],
            [-3.518153, 40.402047],
            [-3.518153, 40.402137],
            [-3.518153, 40.402247],
            [-3.518163, 40.402397],
            [-3.518163, 40.402507],
            [-3.518163, 40.402607],
            [-3.518173, 40.402727],
            [-3.518183, 40.402837],
            [-3.518203, 40.402948],
            [-3.518213, 40.403048],
            [-3.518233, 40.403148],
            [-3.518283, 40.403298],
            [-3.518333, 40.403428],
            [-3.518393, 40.403548],
            [-3.518463, 40.403678],
            [-3.518533, 40.403778],
            [-3.518643, 40.403958],
            [-3.518743, 40.404098],
            [-3.518823, 40.404228],
            [-3.518893, 40.404358],
            [-3.518953, 40.404478],
            [-3.518993, 40.404568],
            [-3.519043, 40.404698],
            [-3.519083, 40.404828],
            [-3.519113, 40.404968],
            [-3.519173, 40.405228],
            [-3.519203, 40.405398],
            [-3.519223, 40.405558],
            [-3.519263, 40.405788],
            [-3.519283, 40.405988],
            [-3.519313, 40.406168],
            [-3.519333, 40.406378],
            [-3.519343, 40.406528],
            [-3.519343, 40.406648],
            [-3.519353, 40.406768],
            [-3.519353, 40.406888],
            [-3.519353, 40.407008],
            [-3.519343, 40.407138],
            [-3.519343, 40.407258],
            [-3.519343, 40.407488],
            [-3.519313, 40.407798],
            [-3.519293, 40.408018],
            [-3.519263, 40.408208],
            [-3.519243, 40.408358],
            [-3.519223, 40.408498],
            [-3.519203, 40.408618],
            [-3.519193, 40.408728],
            [-3.519203, 40.408788],
            [-3.519213, 40.408848],
            [-3.519223, 40.408898],
            [-3.519243, 40.408948],
            [-3.519263, 40.408988],
            [-3.519313, 40.409078],
            [-3.519363, 40.409148],
            [-3.519433, 40.409238],
            [-3.519483, 40.409308],
            [-3.519563, 40.409408],
            [-3.519753, 40.409658],
            [-3.519873, 40.409828],
            [-3.519953, 40.409938],
            [-3.519823, 40.409988],
            [-3.520253, 40.410548],
            [-3.520343, 40.410698],
            [-3.520413, 40.410838],
            [-3.520623, 40.411418],
            [-3.520683, 40.411558],
            [-3.520743, 40.411688],
            [-3.520793, 40.411788],
            [-3.520823, 40.411838],
            [-3.520863, 40.411898],
            [-3.520933, 40.411998],
            [-3.521143, 40.412298],
            [-3.521534, 40.412828],
            [-3.521734, 40.413118],
            [-3.521904, 40.413338],
            [-3.522004, 40.413468],
            [-3.522144, 40.413658],
            [-3.522284, 40.413828],
            [-3.522424, 40.413948],
            [-3.522484, 40.414008],
            [-3.522534, 40.414048],
            [-3.522604, 40.414098],
            [-3.522674, 40.414148],
            [-3.522874, 40.414278],
            [-3.523224, 40.414498],
            [-3.523654, 40.414768],
            [-3.523914, 40.414918],
            [-3.524074, 40.415018],
            [-3.524264, 40.415138],
            [-3.524424, 40.415248],
            [-3.524494, 40.415298],
            [-3.524544, 40.415348],
            [-3.524594, 40.415398],
            [-3.524624, 40.415438],
            [-3.524674, 40.415498],
            [-3.524734, 40.415588],
            [-3.524874, 40.415838],
            [-3.524944, 40.415978],
            [-3.524984, 40.416048],
            [-3.525024, 40.416128],
            [-3.525064, 40.416188],
            [-3.525104, 40.416238],
            [-3.525184, 40.416308],
            [-3.525234, 40.416348],
            [-3.525304, 40.416388],
            [-3.525344, 40.416408],
            [-3.525404, 40.416438],
            [-3.525444, 40.416458],
            [-3.525494, 40.416488],
            [-3.525564, 40.416518],
            [-3.525694, 40.416578],
            [-3.525884, 40.416688],
            [-3.526104, 40.416798],
            [-3.526404, 40.416948],
            [-3.526604, 40.417068],
            [-3.527074, 40.417318],
            [-3.527664, 40.417658],
            [-3.528094, 40.417938],
            [-3.528764, 40.418388],
            [-3.529344, 40.418788],
            [-3.529954, 40.419198],
            [-3.530474, 40.419558],
            [-3.531244, 40.420088],
            [-3.530284, 40.414718],
            [-3.530464, 40.414708],
            [-3.530564, 40.414688],
            [-3.530784, 40.414638],
            [-3.530974, 40.414578],
            [-3.531184, 40.414488],
            [-3.531394, 40.414408],
            [-3.531554, 40.414348],
            [-3.531634, 40.414328],
            [-3.531714, 40.414308],
            [-3.531924, 40.414258],
            [-3.532094, 40.414218],
            [-3.532404, 40.414168],
            [-3.532604, 40.414148],
            [-3.532854, 40.414128],
            [-3.533054, 40.414118],
            [-3.533334, 40.414118],
            [-3.533464, 40.414128],
            [-3.533764, 40.414158],
            [-3.534044, 40.414188],
            [-3.534344, 40.414238],
            [-3.534634, 40.414288],
            [-3.534894, 40.414338],
            [-3.535214, 40.414418],
            [-3.535674, 40.413158],
            [-3.535674, 40.413158],
            [-3.535824, 40.413128],
            [-3.535974, 40.413078],
            [-3.536054, 40.413018],
            [-3.536164, 40.412918],
            [-3.536194, 40.412868],
            [-3.536244, 40.412748],
            [-3.536254, 40.412658],
            [-3.536244, 40.412528],
            [-3.536354, 40.412548],
            [-3.536504, 40.412578],
            [-3.536684, 40.412598],
            [-3.536834, 40.412608],
            [-3.536914, 40.412608],
            [-3.537224, 40.412588],
            [-3.537314, 40.412578],
            [-3.537454, 40.412538],
            [-3.537604, 40.412478],
            [-3.537814, 40.412368],
            [-3.537884, 40.412288],
            [-3.537914, 40.412248],
            [-3.537934, 40.412178],
            [-3.537904, 40.411888],
            [-3.537914, 40.411838],
            [-3.537944, 40.411758],
            [-3.538024, 40.411658],
            [-3.538334, 40.411438],
            [-3.538544, 40.411438],
            [-3.538744, 40.411458],
            [-3.539054, 40.411548],
            [-3.539124, 40.411558],
            [-3.539394, 40.411628],
            [-3.539554, 40.411648],
            [-3.539664, 40.411628],
            [-3.539704, 40.411608],
            [-3.539724, 40.411578],
            [-3.539754, 40.411538],
            [-3.539774, 40.411488],
            [-3.539804, 40.411438],
            [-3.539814, 40.411408],
            [-3.539784, 40.411188],
            [-3.539774, 40.411128],
            [-3.539774, 40.410918],
            [-3.539774, 40.410698],
            [-3.539814, 40.410518],
            [-3.539964, 40.410578],
            [-3.540044, 40.410608],
            [-3.540054, 40.410608],
            [-3.540194, 40.410638],
            [-3.540234, 40.410648],
            [-3.540304, 40.410658],
            [-3.540304, 40.410658],
            [-3.540314, 40.410658],
            [-3.540464, 40.410678],
            [-3.540514, 40.410678],
            [-3.540584, 40.410678],
            [-3.540634, 40.410678],
            [-3.540814, 40.410688],
            [-3.540954, 40.410698],
            [-3.540984, 40.410698],
            [-3.541024, 40.410708],
            [-3.541124, 40.410718],
            [-3.541304, 40.410738],
            [-3.541354, 40.410748],
            [-3.541414, 40.410768],
            [-3.541464, 40.410778],
            [-3.541524, 40.410798],
            [-3.541584, 40.410818],
            [-3.541694, 40.410868],
            [-3.541994, 40.410958],
            [-3.542104, 40.410988],
            [-3.542244, 40.411028],
            [-3.542324, 40.411048],
            [-3.542514, 40.411068],
            [-3.542744, 40.411128],
            [-3.543224, 40.411268],
            [-3.543334, 40.411278],
            [-3.543374, 40.411278],
            [-3.543494, 40.411318],
            [-3.543524, 40.411328],
            [-3.543554, 40.411328],
            [-3.543694, 40.411348],
            [-3.543724, 40.411348],
            [-3.543804, 40.411348],
            [-3.543874, 40.411348],
            [-3.544034, 40.411358],
            [-3.544054, 40.411358],
            [-3.544174, 40.411358],
            [-3.544254, 40.411358],
            [-3.544404, 40.411358],
            [-3.544444, 40.411358],
            [-3.544534, 40.411378],
            [-3.544594, 40.411388],
            [-3.544874, 40.411458],
            [-3.544904, 40.411458],
            [-3.544994, 40.411438],
            [-3.544994, 40.411438],
            [-3.545014, 40.411428],
            [-3.545164, 40.411478],
            [-3.549324, 40.412328],
            [-3.549634, 40.412148],
            [-3.550134, 40.412008],
            [-3.550524, 40.411938],
            [-3.551074, 40.411908],
            [-3.551284, 40.411908],
            [-3.551444, 40.411918],
            [-3.551834, 40.411868],
            [-3.552214, 40.411838],
            [-3.552494, 40.411798],
            [-3.553154, 40.411718],
            [-3.553444, 40.411688],
            [-3.554214, 40.411888],
            [-3.554684, 40.411958],
            [-3.555124, 40.411958],
            [-3.555544, 40.412018],
            [-3.555944, 40.412128],
            [-3.556514, 40.412298],
            [-3.556954, 40.412438],
            [-3.557234, 40.412558],
            [-3.557564, 40.412728],
            [-3.557884, 40.412858],
            [-3.558415, 40.412988],
            [-3.558755, 40.413078],
            [-3.559195, 40.413148],
            [-3.559635, 40.413178],
            [-3.560225, 40.413238],
            [-3.560515, 40.413238],
            [-3.560905, 40.413258],
            [-3.561305, 40.413268],
            [-3.561725, 40.413308],
            [-3.562095, 40.413338],
            [-3.562535, 40.413388],
            [-3.563085, 40.413458],
            [-3.563635, 40.413458],
            [-3.563735, 40.413518],
            [-3.564165, 40.413538],
            [-3.564585, 40.413538],
            [-3.564825, 40.413528],
            [-3.567995, 40.413028],
            [-3.568435, 40.412948],
            [-3.568675, 40.412858],
            [-3.568885, 40.412788],
            [-3.569175, 40.412648],
            [-3.569565, 40.412478],
            [-3.569855, 40.412338],
            [-3.570285, 40.412168],
            [-3.570595, 40.412058],
            [-3.570945, 40.411958],
            [-3.571115, 40.411968],
            [-3.571355, 40.411978],
            [-3.571705, 40.411938],
            [-3.572035, 40.411928],
            [-3.572345, 40.411908],
            [-3.572655, 40.411868],
            [-3.572935, 40.411758],
            [-3.576325, 40.413108],
            [-3.576235, 40.413128],
            [-3.585555, 40.407298],
            [-3.583035, 40.406238],
            [-3.579845, 40.404728],
            [-3.576905, 40.403348],
            [-3.570925, 40.400527],
            [-3.570235, 40.400207],
            [-3.569715, 40.399967],
            [-3.566135, 40.398297],
            [-3.563455, 40.397047],
            [-3.562975, 40.396817],
            [-3.559885, 40.395357],
            [-3.557484, 40.394227],
            [-3.556414, 40.393857],
            [-3.554864, 40.393367],
            [-3.553914, 40.393147],
            [-3.552674, 40.392987],
            [-3.551264, 40.392847],
            [-3.549924, 40.392817],
            [-3.548604, 40.392917],
            [-3.548274, 40.392947],
            [-3.546714, 40.393147],
            [-3.544824, 40.393567],
            [-3.542674, 40.394037],
            [-3.542604, 40.393607],
            [-3.542694, 40.393107],
            [-3.542454, 40.393127],
            [-3.541954, 40.392957],
            [-3.539924, 40.392267],
            [-3.539884, 40.392257],
            [-3.537394, 40.391337],
            [-3.537334, 40.391317],
            [-3.536364, 40.391397],
            [-3.535904, 40.391437],
            [-3.535444, 40.391477],
            [-3.535374, 40.391487],
            [-3.533914, 40.391607],
            [-3.533634, 40.391627]
          ]
        ]
      }
    },
    {
      "type": "Feature",
      "properties": {
        "id": "el-goloso",
        "name": "El Goloso",
        "cityId": "madrid"
      },
      "geometry": {
        "type": "Polygon",
        "coordinates": [
          [
            [-3.701648, 40.578533],
            [-3.701648, 40.578533],
            [-3.703718, 40.578563],
            [-3.710309, 40.578513],
            [-3.710539, 40.578513],
            [-3.710549, 40.578443],
            [-3.710599, 40.578253],
            [-3.710629, 40.578113],
            [-3.710649, 40.578023],
            [-3.710689, 40.577873],
            [-3.710759, 40.577593],
            [-3.710799, 40.577353],
            [-3.710919, 40.576753],
            [-3.710979, 40.576493],
            [-3.711009, 40.576313],
            [-3.711049, 40.576163],
            [-3.711139, 40.575753],
            [-3.711199, 40.575513],
            [-3.711319, 40.574913],
            [-3.711379, 40.574623],
            [-3.711509, 40.574093],
            [-3.711659, 40.573463],
            [-3.711799, 40.572843],
            [-3.712129, 40.572373],
            [-3.712239, 40.572073],
            [-3.712289, 40.571913],
            [-3.712379, 40.571713],
            [-3.712589, 40.571393],
            [-3.712619, 40.571333],
            [-3.712789, 40.571093],
            [-3.713189, 40.570603],
            [-3.713349, 40.570393],
            [-3.713759, 40.569883],
            [-3.714099, 40.569413],
            [-3.714549, 40.568823],
            [-3.714939, 40.568292],
            [-3.715179, 40.567962],
            [-3.715989, 40.566762],
            [-3.716089, 40.566612],
            [-3.716119, 40.566572],
            [-3.716099, 40.566552],
            [-3.716159, 40.566292],
            [-3.716269, 40.565832],
            [-3.716349, 40.565492],
            [-3.716419, 40.565172],
            [-3.716419, 40.565152],
            [-3.716409, 40.565052],
            [-3.716399, 40.564992],
            [-3.716369, 40.564782],
            [-3.716359, 40.564702],
            [-3.716349, 40.564582],
            [-3.716329, 40.564432],
            [-3.716319, 40.564322],
            [-3.716239, 40.563782],
            [-3.716139, 40.563102],
            [-3.716129, 40.563072],
            [-3.716069, 40.562892],
            [-3.716039, 40.562792],
            [-3.715999, 40.562672],
            [-3.715969, 40.562602],
            [-3.715889, 40.562372],
            [-3.715859, 40.562272],
            [-3.715789, 40.562082],
            [-3.715779, 40.562052],
            [-3.715709, 40.561822],
            [-3.715589, 40.561462],
            [-3.715509, 40.561222],
            [-3.715489, 40.561182],
            [-3.715469, 40.561122],
            [-3.715399, 40.560882],
            [-3.715339, 40.560752],
            [-3.715289, 40.560572],
            [-3.715199, 40.560322],
            [-3.715139, 40.560142],
            [-3.715029, 40.559822],
            [-3.714699, 40.558782],
            [-3.714889, 40.558462],
            [-3.715079, 40.558162],
            [-3.715229, 40.557912],
            [-3.715269, 40.557842],
            [-3.715039, 40.557652],
            [-3.714649, 40.557332],
            [-3.714149, 40.556902],
            [-3.713969, 40.556752],
            [-3.713669, 40.555882],
            [-3.713649, 40.555822],
            [-3.713579, 40.555622],
            [-3.713359, 40.554942],
            [-3.713149, 40.554312],
            [-3.712959, 40.553712],
            [-3.712619, 40.552672],
            [-3.712029, 40.550852],
            [-3.711699, 40.549842],
            [-3.711409, 40.548972],
            [-3.711309, 40.548692],
            [-3.711239, 40.548452],
            [-3.711109, 40.548082],
            [-3.710849, 40.547282],
            [-3.710809, 40.547162],
            [-3.710749, 40.547002],
            [-3.710719, 40.546912],
            [-3.710629, 40.546722],
            [-3.710499, 40.546432],
            [-3.710329, 40.546112],
            [-3.710299, 40.546062],
            [-3.710189, 40.545852],
            [-3.710029, 40.545552],
            [-3.709909, 40.545332],
            [-3.709839, 40.545202],
            [-3.709699, 40.544952],
            [-3.709579, 40.544712],
            [-3.709539, 40.544632],
            [-3.709419, 40.544422],
            [-3.709359, 40.544302],
            [-3.709349, 40.544272],
            [-3.709229, 40.544052],
            [-3.709159, 40.543912],
            [-3.709109, 40.543822],
            [-3.708979, 40.543582],
            [-3.708649, 40.542962],
            [-3.708589, 40.542862],
            [-3.708559, 40.542802],
            [-3.708489, 40.542692],
            [-3.708379, 40.542492],
            [-3.708329, 40.542412],
            [-3.708259, 40.542292],
            [-3.708149, 40.542092],
            [-3.708039, 40.541892],
            [-3.707989, 40.541802],
            [-3.707949, 40.541732],
            [-3.707919, 40.541682],
            [-3.707909, 40.541672],
            [-3.707819, 40.541542],
            [-3.707689, 40.541372],
            [-3.707349, 40.540922],
            [-3.707309, 40.540882],
            [-3.707199, 40.540762],
            [-3.707149, 40.540712],
            [-3.707089, 40.540652],
            [-3.707049, 40.540612],
            [-3.706999, 40.540572],
            [-3.706879, 40.540462],
            [-3.706839, 40.540432],
            [-3.706779, 40.540382],
            [-3.706669, 40.540282],
            [-3.706528, 40.540162],
            [-3.706418, 40.540082],
            [-3.706278, 40.539982],
            [-3.706088, 40.539842],
            [-3.705668, 40.539542],
            [-3.705468, 40.539402],
            [-3.705578, 40.539252],
            [-3.705748, 40.539042],
            [-3.705868, 40.538882],
            [-3.706028, 40.538692],
            [-3.706278, 40.538372],
            [-3.706498, 40.538102],
            [-3.706889, 40.537602],
            [-3.706999, 40.537462],
            [-3.707089, 40.537342],
            [-3.707159, 40.537252],
            [-3.707379, 40.536982],
            [-3.707509, 40.536812],
            [-3.707609, 40.536702],
            [-3.707789, 40.536532],
            [-3.708749, 40.535642],
            [-3.709139, 40.535281],
            [-3.709439, 40.535001],
            [-3.709759, 40.534701],
            [-3.709969, 40.534511],
            [-3.710129, 40.534351],
            [-3.710349, 40.534141],
            [-3.710849, 40.533681],
            [-3.711269, 40.533291],
            [-3.711359, 40.533211],
            [-3.711539, 40.533051],
            [-3.711619, 40.532981],
            [-3.711719, 40.532881],
            [-3.711739, 40.532861],
            [-3.711759, 40.532851],
            [-3.711869, 40.532811],
            [-3.711959, 40.532781],
            [-3.712029, 40.532751],
            [-3.712059, 40.532741],
            [-3.712119, 40.532721],
            [-3.712239, 40.532681],
            [-3.712409, 40.532621],
            [-3.712579, 40.532561],
            [-3.712739, 40.532501],
            [-3.712899, 40.532441],
            [-3.713069, 40.532381],
            [-3.713199, 40.532331],
            [-3.713299, 40.532301],
            [-3.713529, 40.532221],
            [-3.713719, 40.532161],
            [-3.713899, 40.532101],
            [-3.714069, 40.532041],
            [-3.714239, 40.531981],
            [-3.714399, 40.531931],
            [-3.714469, 40.531911],
            [-3.714669, 40.531841],
            [-3.714829, 40.531781],
            [-3.715009, 40.531721],
            [-3.715169, 40.531661],
            [-3.715319, 40.531611],
            [-3.716169, 40.531321],
            [-3.717399, 40.530901],
            [-3.718729, 40.530441],
            [-3.719519, 40.530171],
            [-3.720569, 40.529951],
            [-3.720989, 40.529861],
            [-3.722169, 40.529371],
            [-3.722599, 40.529191],
            [-3.723309, 40.528891],
            [-3.723919, 40.528641],
            [-3.724569, 40.528371],
            [-3.725039, 40.528171],
            [-3.725569, 40.527941],
            [-3.726419, 40.527581],
            [-3.727149, 40.527271],
            [-3.727739, 40.527021],
            [-3.727839, 40.526851],
            [-3.727899, 40.526751],
            [-3.727979, 40.526601],
            [-3.728079, 40.526411],
            [-3.728099, 40.526371],
            [-3.728289, 40.526041],
            [-3.728439, 40.525781],
            [-3.728539, 40.525601],
            [-3.728639, 40.525421],
            [-3.728739, 40.525251],
            [-3.728939, 40.524901],
            [-3.729039, 40.524731],
            [-3.729459, 40.523981],
            [-3.729659, 40.523621],
            [-3.729689, 40.523581],
            [-3.729989, 40.523181],
            [-3.730059, 40.523181],
            [-3.730129, 40.523181],
            [-3.730399, 40.523161],
            [-3.730669, 40.523141],
            [-3.731239, 40.523091],
            [-3.731419, 40.523081],
            [-3.731589, 40.523061],
            [-3.731799, 40.523041],
            [-3.731909, 40.523031],
            [-3.731959, 40.523021],
            [-3.732109, 40.522991],
            [-3.732249, 40.522961],
            [-3.732399, 40.522931],
            [-3.732449, 40.522921],
            [-3.732569, 40.522891],
            [-3.732669, 40.522871],
            [-3.732689, 40.522841],
            [-3.732699, 40.522831],
            [-3.732709, 40.522821],
            [-3.732729, 40.522791],
            [-3.732759, 40.522751],
            [-3.732779, 40.522721],
            [-3.732799, 40.522701],
            [-3.732809, 40.522681],
            [-3.732869, 40.522601],
            [-3.732939, 40.522501],
            [-3.732979, 40.522451],
            [-3.733059, 40.522331],
            [-3.733249, 40.522071],
            [-3.733369, 40.521891],
            [-3.733399, 40.521841],
            [-3.733449, 40.521771],
            [-3.733529, 40.521651],
            [-3.733579, 40.521571],
            [-3.733629, 40.521501],
            [-3.733679, 40.521431],
            [-3.733899, 40.521111],
            [-3.733949, 40.521041],
            [-3.733969, 40.521021],
            [-3.733999, 40.520981],
            [-3.734049, 40.520901],
            [-3.734109, 40.520821],
            [-3.734169, 40.520741],
            [-3.734239, 40.520651],
            [-3.734339, 40.520511],
            [-3.734349, 40.520491],
            [-3.734379, 40.520451],
            [-3.734499, 40.520271],
            [-3.734549, 40.520211],
            [-3.734629, 40.520101],
            [-3.734719, 40.519971],
            [-3.734919, 40.519681],
            [-3.734969, 40.519611],
            [-3.735059, 40.519481],
            [-3.735169, 40.519331],
            [-3.735259, 40.519201],
            [-3.735349, 40.519071],
            [-3.735419, 40.518981],
            [-3.735489, 40.518881],
            [-3.735539, 40.518801],
            [-3.735659, 40.518631],
            [-3.735709, 40.518561],
            [-3.735829, 40.518401],
            [-3.735909, 40.518301],
            [-3.736029, 40.518121],
            [-3.736119, 40.517991],
            [-3.736209, 40.517861],
            [-3.736279, 40.517771],
            [-3.736419, 40.517581],
            [-3.736489, 40.517481],
            [-3.736739, 40.517131],
            [-3.736979, 40.516811],
            [-3.737219, 40.516481],
            [-3.737389, 40.516241],
            [-3.737479, 40.516111],
            [-3.737829, 40.515631],
            [-3.738039, 40.515351],
            [-3.738259, 40.515061],
            [-3.738709, 40.514451],
            [-3.738829, 40.514281],
            [-3.738829, 40.514281],
            [-3.738869, 40.514221],
            [-3.738909, 40.514151],
            [-3.738959, 40.514071],
            [-3.739079, 40.513881],
            [-3.739149, 40.513761],
            [-3.739289, 40.513531],
            [-3.739379, 40.513371],
            [-3.739419, 40.513311],
            [-3.739409, 40.513261],
            [-3.739129, 40.513181],
            [-3.737969, 40.512771],
            [-3.736919, 40.512391],
            [-3.736639, 40.512271],
            [-3.736469, 40.512171],
            [-3.732629, 40.509581],
            [-3.732429, 40.509461],
            [-3.732289, 40.509401],
            [-3.732079, 40.509331],
            [-3.731959, 40.509291],
            [-3.731829, 40.509261],
            [-3.731069, 40.509111],
            [-3.730059, 40.508911],
            [-3.728359, 40.508581],
            [-3.727089, 40.508331],
            [-3.726899, 40.508281],
            [-3.726739, 40.508221],
            [-3.726639, 40.508161],
            [-3.726549, 40.508101],
            [-3.726099, 40.507701],
            [-3.725969, 40.507601],
            [-3.725889, 40.507551],
            [-3.724619, 40.506811],
            [-3.724499, 40.506761],
            [-3.724389, 40.506721],
            [-3.724269, 40.506691],
            [-3.724129, 40.506681],
            [-3.723389, 40.506621],
            [-3.723069, 40.506591],
            [-3.722759, 40.506541],
            [-3.721959, 40.506381],
            [-3.721639, 40.506311],
            [-3.721329, 40.506241],
            [-3.721119, 40.506181],
            [-3.720889, 40.506091],
            [-3.720489, 40.505901],
            [-3.719909, 40.505591],
            [-3.719069, 40.505171],
            [-3.718129, 40.504781],
            [-3.717559, 40.504551],
            [-3.717059, 40.504371],
            [-3.715459, 40.503871],
            [-3.715129, 40.503761],
            [-3.714889, 40.503671],
            [-3.714499, 40.503531],
            [-3.714149, 40.503391],
            [-3.713809, 40.503301],
            [-3.713669, 40.503271],
            [-3.713169, 40.503221],
            [-3.712669, 40.503301],
            [-3.712199, 40.503551],
            [-3.711929, 40.503651],
            [-3.711649, 40.503721],
            [-3.711399, 40.503751],
            [-3.711169, 40.503771],
            [-3.710899, 40.503761],
            [-3.709689, 40.503691],
            [-3.706879, 40.503541],
            [-3.706859, 40.503541],
            [-3.704718, 40.503431],
            [-3.704708, 40.503431],
            [-3.702478, 40.503301],
            [-3.701338, 40.503251],
            [-3.700488, 40.503251],
            [-3.699868, 40.503281],
            [-3.699088, 40.503411],
            [-3.698248, 40.503671],
            [-3.697668, 40.502671],
            [-3.697658, 40.502651],
            [-3.697388, 40.502361],
            [-3.697028, 40.50208],
            [-3.696188, 40.50151],
            [-3.696178, 40.5015],
            [-3.693848, 40.504271],
            [-3.692608, 40.505761],
            [-3.692428, 40.505971],
            [-3.692268, 40.506161],
            [-3.691108, 40.507551],
            [-3.690788, 40.507921],
            [-3.690458, 40.508291],
            [-3.689938, 40.508891],
            [-3.689858, 40.508971],
            [-3.689688, 40.509131],
            [-3.689648, 40.509161],
            [-3.689498, 40.509291],
            [-3.688958, 40.509661],
            [-3.688938, 40.509671],
            [-3.688588, 40.509881],
            [-3.688478, 40.509951],
            [-3.688088, 40.510141],
            [-3.687008, 40.510661],
            [-3.686348, 40.510501],
            [-3.686238, 40.510481],
            [-3.686138, 40.510471],
            [-3.686028, 40.510471],
            [-3.685938, 40.510481],
            [-3.685848, 40.510491],
            [-3.685748, 40.510521],
            [-3.685638, 40.510571],
            [-3.685518, 40.510641],
            [-3.684768, 40.511271],
            [-3.684268, 40.511681],
            [-3.684078, 40.511831],
            [-3.683928, 40.511941],
            [-3.683708, 40.512061],
            [-3.683468, 40.512171],
            [-3.683208, 40.512261],
            [-3.682718, 40.512401],
            [-3.682298, 40.512501],
            [-3.679018, 40.513271],
            [-3.677918, 40.513581],
            [-3.677648, 40.513651],
            [-3.675658, 40.514121],
            [-3.675388, 40.514201],
            [-3.675198, 40.514271],
            [-3.674988, 40.514351],
            [-3.674648, 40.514501],
            [-3.673538, 40.514991],
            [-3.671398, 40.515951],
            [-3.670208, 40.516421],
            [-3.669748, 40.516591],
            [-3.669347, 40.516761],
            [-3.668957, 40.516961],
            [-3.668577, 40.517181],
            [-3.668317, 40.517341],
            [-3.667987, 40.517571],
            [-3.667597, 40.517851],
            [-3.667057, 40.518241],
            [-3.666587, 40.518541],
            [-3.666327, 40.518691],
            [-3.666017, 40.518851],
            [-3.665607, 40.519021],
            [-3.664087, 40.519571],
            [-3.663347, 40.519841],
            [-3.662867, 40.520031],
            [-3.666197, 40.521111],
            [-3.666237, 40.521121],
            [-3.666177, 40.521221],
            [-3.666067, 40.521401],
            [-3.665997, 40.521561],
            [-3.665967, 40.521641],
            [-3.665937, 40.521801],
            [-3.665897, 40.522021],
            [-3.665847, 40.522171],
            [-3.665717, 40.522561],
            [-3.665667, 40.522761],
            [-3.665637, 40.522911],
            [-3.665627, 40.522941],
            [-3.665627, 40.522961],
            [-3.665627, 40.523001],
            [-3.665637, 40.523041],
            [-3.665647, 40.523081],
            [-3.665657, 40.523141],
            [-3.665677, 40.523241],
            [-3.665707, 40.523341],
            [-3.665737, 40.523411],
            [-3.665807, 40.523571],
            [-3.665877, 40.523691],
            [-3.665967, 40.523891],
            [-3.665977, 40.523931],
            [-3.665987, 40.523991],
            [-3.665987, 40.524071],
            [-3.665987, 40.524261],
            [-3.665967, 40.524481],
            [-3.665997, 40.524481],
            [-3.667667, 40.525011],
            [-3.670068, 40.524721],
            [-3.672048, 40.524371],
            [-3.675088, 40.525581],
            [-3.675608, 40.526121],
            [-3.677228, 40.526991],
            [-3.676548, 40.527241],
            [-3.675748, 40.528381],
            [-3.672358, 40.530871],
            [-3.671038, 40.532061],
            [-3.669367, 40.534341],
            [-3.669337, 40.534381],
            [-3.669537, 40.534511],
            [-3.669808, 40.534691],
            [-3.669938, 40.534771],
            [-3.670068, 40.534861],
            [-3.670148, 40.534931],
            [-3.670238, 40.535021],
            [-3.670348, 40.535151],
            [-3.670488, 40.535291],
            [-3.670658, 40.535492],
            [-3.670718, 40.535592],
            [-3.670768, 40.535702],
            [-3.670808, 40.535812],
            [-3.670848, 40.535882],
            [-3.670948, 40.536052],
            [-3.671018, 40.536162],
            [-3.671118, 40.536302],
            [-3.671268, 40.536482],
            [-3.671418, 40.536642],
            [-3.671548, 40.536792],
            [-3.671658, 40.536952],
            [-3.671738, 40.537062],
            [-3.671848, 40.537182],
            [-3.671968, 40.537292],
            [-3.672058, 40.537372],
            [-3.672178, 40.537432],
            [-3.672258, 40.537452],
            [-3.672408, 40.537492],
            [-3.672638, 40.537542],
            [-3.672948, 40.537602],
            [-3.673098, 40.537632],
            [-3.673188, 40.537652],
            [-3.673298, 40.537692],
            [-3.673438, 40.537772],
            [-3.673678, 40.537902],
            [-3.673798, 40.537972],
            [-3.673918, 40.538062],
            [-3.674088, 40.538182],
            [-3.674128, 40.538222],
            [-3.674218, 40.538342],
            [-3.674268, 40.538422],
            [-3.674338, 40.538522],
            [-3.674348, 40.538612],
            [-3.674388, 40.538732],
            [-3.674448, 40.538902],
            [-3.674478, 40.538992],
            [-3.674528, 40.539092],
            [-3.674598, 40.539202],
            [-3.674698, 40.539382],
            [-3.674738, 40.539462],
            [-3.674798, 40.539592],
            [-3.674868, 40.539702],
            [-3.674988, 40.539882],
            [-3.675068, 40.539982],
            [-3.675178, 40.540132],
            [-3.675298, 40.540302],
            [-3.675548, 40.540682],
            [-3.675618, 40.540772],
            [-3.675708, 40.540882],
            [-3.675778, 40.540942],
            [-3.675878, 40.541042],
            [-3.675938, 40.541102],
            [-3.675968, 40.541122],
            [-3.676098, 40.541212],
            [-3.676288, 40.541312],
            [-3.676478, 40.541412],
            [-3.676598, 40.541492],
            [-3.676698, 40.541572],
            [-3.676938, 40.541772],
            [-3.677008, 40.541852],
            [-3.677258, 40.542122],
            [-3.677448, 40.542332],
            [-3.677628, 40.542592],
            [-3.677698, 40.542672],
            [-3.677818, 40.542812],
            [-3.677948, 40.542942],
            [-3.677978, 40.542982],
            [-3.678028, 40.543102],
            [-3.678158, 40.543352],
            [-3.678178, 40.543382],
            [-3.678188, 40.543432],
            [-3.678168, 40.543432],
            [-3.678748, 40.545362],
            [-3.678628, 40.546482],
            [-3.678608, 40.546482],
            [-3.678618, 40.546512],
            [-3.678728, 40.546712],
            [-3.678768, 40.546802],
            [-3.678798, 40.546862],
            [-3.678938, 40.547082],
            [-3.678988, 40.547152],
            [-3.679028, 40.547212],
            [-3.679068, 40.547242],
            [-3.679168, 40.547332],
            [-3.679308, 40.547442],
            [-3.679388, 40.547512],
            [-3.679438, 40.547572],
            [-3.679568, 40.547732],
            [-3.679638, 40.547812],
            [-3.679698, 40.547892],
            [-3.679838, 40.548102],
            [-3.679968, 40.548292],
            [-3.680078, 40.548462],
            [-3.680138, 40.548562],
            [-3.680188, 40.548642],
            [-3.680248, 40.548712],
            [-3.680318, 40.548752],
            [-3.680388, 40.548782],
            [-3.680618, 40.548882],
            [-3.680818, 40.548972],
            [-3.681148, 40.549182],
            [-3.681328, 40.549322],
            [-3.681448, 40.549432],
            [-3.681488, 40.549482],
            [-3.681618, 40.549622],
            [-3.681748, 40.549752],
            [-3.681868, 40.549892],
            [-3.681908, 40.549962],
            [-3.681948, 40.550212],
            [-3.681978, 40.550332],
            [-3.682018, 40.550442],
            [-3.682108, 40.550652],
            [-3.682238, 40.550782],
            [-3.682358, 40.550992],
            [-3.682438, 40.551172],
            [-3.682488, 40.551292],
            [-3.682508, 40.551532],
            [-3.682348, 40.551942],
            [-3.682298, 40.552062],
            [-3.682288, 40.552162],
            [-3.682208, 40.552522],
            [-3.682178, 40.552632],
            [-3.682138, 40.552792],
            [-3.682118, 40.552882],
            [-3.682148, 40.552882],
            [-3.682408, 40.553802],
            [-3.684928, 40.558062],
            [-3.685748, 40.559612],
            [-3.686658, 40.562362],
            [-3.686968, 40.563112],
            [-3.687918, 40.564912],
            [-3.688898, 40.567102],
            [-3.688948, 40.567122],
            [-3.688938, 40.567152],
            [-3.688928, 40.567192],
            [-3.688928, 40.567232],
            [-3.688938, 40.567302],
            [-3.688948, 40.567362],
            [-3.688968, 40.567422],
            [-3.689028, 40.567572],
            [-3.689118, 40.567802],
            [-3.689198, 40.567972],
            [-3.689288, 40.568212],
            [-3.689348, 40.568352],
            [-3.689398, 40.568442],
            [-3.689458, 40.568502],
            [-3.689508, 40.568563],
            [-3.689538, 40.568633],
            [-3.689538, 40.568763],
            [-3.689538, 40.568933],
            [-3.689538, 40.569033],
            [-3.689558, 40.569423],
            [-3.689568, 40.569593],
            [-3.689578, 40.569703],
            [-3.689568, 40.569803],
            [-3.689548, 40.569923],
            [-3.689508, 40.570043],
            [-3.689468, 40.570123],
            [-3.689378, 40.570293],
            [-3.689428, 40.570283],
            [-3.689528, 40.570253],
            [-3.689718, 40.570183],
            [-3.689848, 40.570123],
            [-3.689988, 40.570043],
            [-3.690208, 40.569893],
            [-3.690288, 40.569843],
            [-3.690378, 40.569763],
            [-3.690458, 40.569683],
            [-3.690538, 40.569553],
            [-3.690588, 40.569443],
            [-3.690618, 40.569323],
            [-3.690638, 40.569193],
            [-3.690638, 40.569163],
            [-3.690638, 40.569153],
            [-3.690648, 40.569103],
            [-3.690688, 40.569103],
            [-3.690708, 40.569093],
            [-3.690708, 40.569093],
            [-3.690818, 40.569203],
            [-3.690958, 40.569373],
            [-3.691038, 40.569473],
            [-3.691098, 40.569533],
            [-3.691148, 40.569573],
            [-3.691208, 40.569603],
            [-3.691268, 40.569623],
            [-3.691318, 40.569643],
            [-3.691468, 40.569693],
            [-3.691548, 40.569713],
            [-3.691608, 40.569733],
            [-3.691648, 40.569753],
            [-3.691688, 40.569783],
            [-3.691728, 40.569823],
            [-3.691838, 40.569983],
            [-3.692028, 40.570243],
            [-3.692138, 40.570373],
            [-3.692288, 40.570543],
            [-3.692348, 40.570613],
            [-3.692378, 40.570663],
            [-3.692418, 40.570733],
            [-3.692448, 40.570803],
            [-3.692468, 40.570883],
            [-3.692498, 40.570983],
            [-3.692518, 40.571053],
            [-3.692528, 40.571133],
            [-3.692548, 40.571323],
            [-3.692588, 40.571483],
            [-3.692588, 40.571493],
            [-3.692618, 40.571493],
            [-3.692678, 40.571453],
            [-3.692728, 40.571493],
            [-3.692958, 40.571623],
            [-3.692978, 40.571633],
            [-3.692988, 40.571643],
            [-3.693008, 40.571653],
            [-3.693008, 40.571653],
            [-3.693008, 40.571653],
            [-3.693038, 40.571663],
            [-3.693068, 40.571673],
            [-3.693108, 40.571703],
            [-3.693188, 40.571753],
            [-3.693278, 40.571823],
            [-3.693388, 40.571913],
            [-3.693468, 40.571983],
            [-3.693638, 40.572163],
            [-3.693878, 40.572433],
            [-3.693988, 40.572563],
            [-3.694138, 40.572733],
            [-3.694488, 40.573143],
            [-3.694658, 40.573343],
            [-3.694848, 40.573553],
            [-3.694888, 40.573593],
            [-3.694908, 40.573603],
            [-3.694938, 40.573623],
            [-3.694988, 40.573643],
            [-3.695448, 40.573833],
            [-3.696078, 40.574113],
            [-3.696218, 40.574183],
            [-3.696258, 40.574213],
            [-3.696338, 40.574263],
            [-3.696438, 40.574343],
            [-3.696798, 40.574613],
            [-3.696868, 40.574673],
            [-3.696918, 40.574713],
            [-3.696948, 40.574743],
            [-3.696988, 40.574793],
            [-3.697018, 40.574863],
            [-3.697068, 40.574983],
            [-3.697118, 40.575103],
            [-3.697148, 40.575163],
            [-3.697168, 40.575223],
            [-3.697178, 40.575253],
            [-3.697188, 40.575283],
            [-3.697188, 40.575303],
            [-3.697208, 40.575413],
            [-3.697228, 40.575543],
            [-3.697228, 40.575573],
            [-3.697228, 40.575593],
            [-3.697228, 40.575653],
            [-3.697228, 40.575693],
            [-3.697228, 40.575833],
            [-3.697228, 40.575923],
            [-3.697258, 40.575953],
            [-3.697358, 40.576033],
            [-3.697428, 40.576083],
            [-3.697538, 40.576173],
            [-3.697658, 40.576273],
            [-3.697718, 40.576313],
            [-3.697788, 40.576373],
            [-3.697858, 40.576463],
            [-3.697998, 40.576643],
            [-3.698068, 40.576733],
            [-3.698128, 40.576803],
            [-3.698188, 40.576843],
            [-3.698238, 40.576873],
            [-3.698358, 40.576943],
            [-3.698448, 40.576993],
            [-3.698588, 40.577073],
            [-3.698668, 40.577123],
            [-3.698738, 40.577173],
            [-3.698778, 40.577213],
            [-3.698918, 40.577363],
            [-3.698998, 40.577443],
            [-3.699048, 40.577493],
            [-3.699158, 40.577583],
            [-3.699188, 40.577603],
            [-3.699198, 40.577613],
            [-3.699278, 40.577673],
            [-3.699398, 40.577763],
            [-3.699658, 40.577943],
            [-3.699788, 40.578023],
            [-3.699858, 40.578063],
            [-3.699948, 40.578123],
            [-3.700028, 40.578153],
            [-3.700068, 40.578173],
            [-3.700168, 40.578213],
            [-3.700188, 40.578223],
            [-3.700268, 40.578223],
            [-3.700508, 40.578223],
            [-3.700778, 40.578223],
            [-3.700948, 40.578223],
            [-3.701318, 40.578223],
            [-3.701428, 40.578223],
            [-3.701488, 40.578223],
            [-3.701488, 40.578443],
            [-3.701648, 40.578533]
          ]
        ]
      }
    },
    {
      "type": "Feature",
      "properties": {
        "id": "el-pardo",
        "name": "El Pardo",
        "cityId": "madrid"
      },
      "geometry": {
        "type": "Polygon",
        "coordinates": [
          [
            [-3.701588, 40.578533],
            [-3.701588, 40.578643],
            [-3.701568, 40.578643],
            [-3.701028, 40.578643],
            [-3.700398, 40.578643],
            [-3.699428, 40.578643],
            [-3.698778, 40.578823],
            [-3.698058, 40.579023],
            [-3.697428, 40.579203],
            [-3.696918, 40.579343],
            [-3.696378, 40.579503],
            [-3.695838, 40.579653],
            [-3.695718, 40.579673],
            [-3.694928, 40.579783],
            [-3.694418, 40.579853],
            [-3.693788, 40.579963],
            [-3.693508, 40.580013],
            [-3.693398, 40.580033],
            [-3.692418, 40.580303],
            [-3.691848, 40.580463],
            [-3.691728, 40.580513],
            [-3.691168, 40.580763],
            [-3.690698, 40.580973],
            [-3.690588, 40.581053],
            [-3.689748, 40.581773],
            [-3.689308, 40.582143],
            [-3.688798, 40.582483],
            [-3.688608, 40.582613],
            [-3.688608, 40.582613],
            [-3.688598, 40.582613],
            [-3.688458, 40.582613],
            [-3.688288, 40.582603],
            [-3.687838, 40.582593],
            [-3.687618, 40.582593],
            [-3.687458, 40.582593],
            [-3.687258, 40.582583],
            [-3.685868, 40.582913],
            [-3.684908, 40.583363],
            [-3.684288, 40.583653],
            [-3.684178, 40.583723],
            [-3.683938, 40.583873],
            [-3.683638, 40.584063],
            [-3.683428, 40.584193],
            [-3.683208, 40.584333],
            [-3.682988, 40.584473],
            [-3.682688, 40.584653],
            [-3.682348, 40.584863],
            [-3.682228, 40.584933],
            [-3.682208, 40.584953],
            [-3.681368, 40.585353],
            [-3.680908, 40.585573],
            [-3.680258, 40.585873],
            [-3.679818, 40.586083],
            [-3.679308, 40.586323],
            [-3.678838, 40.586543],
            [-3.678598, 40.586653],
            [-3.678348, 40.586773],
            [-3.678138, 40.586883],
            [-3.677648, 40.587133],
            [-3.677278, 40.587313],
            [-3.676888, 40.587513],
            [-3.676358, 40.587783],
            [-3.676028, 40.587953],
            [-3.675308, 40.588313],
            [-3.674568, 40.588673],
            [-3.674208, 40.588843],
            [-3.674178, 40.588863],
            [-3.674168, 40.588863],
            [-3.669097, 40.591253],
            [-3.668927, 40.591333],
            [-3.667937, 40.591793],
            [-3.667447, 40.592013],
            [-3.667227, 40.592113],
            [-3.667037, 40.592133],
            [-3.666947, 40.592143],
            [-3.666857, 40.592153],
            [-3.666657, 40.592173],
            [-3.666137, 40.592223],
            [-3.665887, 40.592243],
            [-3.665647, 40.592263],
            [-3.665487, 40.592283],
            [-3.665387, 40.592293],
            [-3.665297, 40.592303],
            [-3.665167, 40.592313],
            [-3.665067, 40.592313],
            [-3.664827, 40.592313],
            [-3.664547, 40.592303],
            [-3.664187, 40.592313],
            [-3.663927, 40.592313],
            [-3.663777, 40.592313],
            [-3.662387, 40.592173],
            [-3.662167, 40.592123],
            [-3.661807, 40.592043],
            [-3.661417, 40.591943],
            [-3.661087, 40.591853],
            [-3.660887, 40.591803],
            [-3.660357, 40.591663],
            [-3.660127, 40.591453],
            [-3.659707, 40.591063],
            [-3.659397, 40.590813],
            [-3.658997, 40.590503],
            [-3.658827, 40.590403],
            [-3.658577, 40.590253],
            [-3.658307, 40.590093],
            [-3.657967, 40.589893],
            [-3.657757, 40.589763],
            [-3.657647, 40.589693],
            [-3.657517, 40.589623],
            [-3.657167, 40.589443],
            [-3.656327, 40.589003],
            [-3.656237, 40.588883],
            [-3.656127, 40.588743],
            [-3.656007, 40.588583],
            [-3.655827, 40.588333],
            [-3.655637, 40.588093],
            [-3.655497, 40.587913],
            [-3.655317, 40.587693],
            [-3.655227, 40.587503],
            [-3.655137, 40.587303],
            [-3.655067, 40.587163],
            [-3.655017, 40.587053],
            [-3.654957, 40.586913],
            [-3.654847, 40.586693],
            [-3.654747, 40.586483],
            [-3.654697, 40.586383],
            [-3.654607, 40.586213],
            [-3.654547, 40.586103],
            [-3.654497, 40.585953],
            [-3.654477, 40.585873],
            [-3.654457, 40.585793],
            [-3.654427, 40.585703],
            [-3.654377, 40.585543],
            [-3.654347, 40.585443],
            [-3.654317, 40.585343],
            [-3.654267, 40.585183],
            [-3.654207, 40.584983],
            [-3.654167, 40.584873],
            [-3.654077, 40.584643],
            [-3.654007, 40.584463],
            [-3.653937, 40.584273],
            [-3.653757, 40.583803],
            [-3.653707, 40.583663],
            [-3.653667, 40.583553],
            [-3.653467, 40.583013],
            [-3.653417, 40.582873],
            [-3.653337, 40.582643],
            [-3.653307, 40.582573],
            [-3.653247, 40.582413],
            [-3.653217, 40.582313],
            [-3.653097, 40.581993],
            [-3.652977, 40.581673],
            [-3.652917, 40.581503],
            [-3.652827, 40.581263],
            [-3.652767, 40.581093],
            [-3.652647, 40.580893],
            [-3.652577, 40.580773],
            [-3.652507, 40.580653],
            [-3.652397, 40.580463],
            [-3.652277, 40.580273],
            [-3.652187, 40.580123],
            [-3.652067, 40.579913],
            [-3.651977, 40.579733],
            [-3.651897, 40.579603],
            [-3.651827, 40.579483],
            [-3.651667, 40.579213],
            [-3.651507, 40.578933],
            [-3.651407, 40.578753],
            [-3.651267, 40.578513],
            [-3.651167, 40.578343],
            [-3.651027, 40.578093],
            [-3.650987, 40.578023],
            [-3.650957, 40.577983],
            [-3.650827, 40.577873],
            [-3.650567, 40.577633],
            [-3.650357, 40.577433],
            [-3.650327, 40.577423],
            [-3.649897, 40.577283],
            [-3.649627, 40.577193],
            [-3.649507, 40.577183],
            [-3.648707, 40.577093],
            [-3.648217, 40.577043],
            [-3.647897, 40.577003],
            [-3.647587, 40.576973],
            [-3.647067, 40.576953],
            [-3.646527, 40.576933],
            [-3.646017, 40.576913],
            [-3.645527, 40.576893],
            [-3.644947, 40.576873],
            [-3.644827, 40.576873],
            [-3.644747, 40.576853],
            [-3.643817, 40.576663],
            [-3.642687, 40.576423],
            [-3.642327, 40.576223],
            [-3.642197, 40.576143],
            [-3.641607, 40.575813],
            [-3.641137, 40.575633],
            [-3.640677, 40.575453],
            [-3.639777, 40.575113],
            [-3.638507, 40.574933],
            [-3.637247, 40.574763],
            [-3.636867, 40.574713],
            [-3.636417, 40.574643],
            [-3.635417, 40.574553],
            [-3.635177, 40.574523],
            [-3.634707, 40.574473],
            [-3.634227, 40.574473],
            [-3.634067, 40.574473],
            [-3.633797, 40.574473],
            [-3.633597, 40.574473],
            [-3.633407, 40.574483],
            [-3.632957, 40.574503],
            [-3.632697, 40.574513],
            [-3.632497, 40.574513],
            [-3.631876, 40.574683],
            [-3.631486, 40.574783],
            [-3.631166, 40.574873],
            [-3.630616, 40.574593],
            [-3.630256, 40.574463],
            [-3.629816, 40.574303],
            [-3.629116, 40.573943],
            [-3.628766, 40.573763],
            [-3.628026, 40.573603],
            [-3.626326, 40.573523],
            [-3.625086, 40.573613],
            [-3.625046, 40.573613],
            [-3.625026, 40.573633],
            [-3.624276, 40.574223],
            [-3.623976, 40.574443],
            [-3.623856, 40.574533],
            [-3.623656, 40.574683],
            [-3.623526, 40.574783],
            [-3.623046, 40.575133],
            [-3.622706, 40.575373],
            [-3.622276, 40.575683],
            [-3.621746, 40.576183],
            [-3.621546, 40.576373],
            [-3.621436, 40.576483],
            [-3.620566, 40.577173],
            [-3.619726, 40.577833],
            [-3.619226, 40.578233],
            [-3.618716, 40.578633],
            [-3.618256, 40.579013],
            [-3.616416, 40.580493],
            [-3.614996, 40.580983],
            [-3.614396, 40.581163],
            [-3.613406, 40.581463],
            [-3.613126, 40.581553],
            [-3.611966, 40.581903],
            [-3.610876, 40.582523],
            [-3.609896, 40.583123],
            [-3.609816, 40.583163],
            [-3.609756, 40.583193],
            [-3.609716, 40.583263],
            [-3.609646, 40.583263],
            [-3.609416, 40.583413],
            [-3.609096, 40.583553],
            [-3.608976, 40.583733],
            [-3.608836, 40.583923],
            [-3.608576, 40.583893],
            [-3.608536, 40.583893],
            [-3.608496, 40.583893],
            [-3.608466, 40.583903],
            [-3.606496, 40.585083],
            [-3.606466, 40.585103],
            [-3.606446, 40.585123],
            [-3.606416, 40.585163],
            [-3.606276, 40.585343],
            [-3.606246, 40.585393],
            [-3.606236, 40.585423],
            [-3.606196, 40.585503],
            [-3.606106, 40.585673],
            [-3.606046, 40.585803],
            [-3.605926, 40.586033],
            [-3.605736, 40.586403],
            [-3.605466, 40.586953],
            [-3.605416, 40.587043],
            [-3.605266, 40.587333],
            [-3.605166, 40.587543],
            [-3.605126, 40.587633],
            [-3.605066, 40.587763],
            [-3.605056, 40.587773],
            [-3.604976, 40.587843],
            [-3.604946, 40.587873],
            [-3.604866, 40.587943],
            [-3.604806, 40.587993],
            [-3.604726, 40.588063],
            [-3.604496, 40.588243],
            [-3.604456, 40.588273],
            [-3.604406, 40.588313],
            [-3.604296, 40.588403],
            [-3.604276, 40.588413],
            [-3.604126, 40.588473],
            [-3.603916, 40.588563],
            [-3.603856, 40.588583],
            [-3.603456, 40.588743],
            [-3.603436, 40.588763],
            [-3.603416, 40.588773],
            [-3.603036, 40.589023],
            [-3.602796, 40.589383],
            [-3.602596, 40.589673],
            [-3.602276, 40.590153],
            [-3.602196, 40.590363],
            [-3.602156, 40.590473],
            [-3.602116, 40.590593],
            [-3.602016, 40.590873],
            [-3.601966, 40.591023],
            [-3.601936, 40.591283],
            [-3.601926, 40.591363],
            [-3.601906, 40.591503],
            [-3.601886, 40.591683],
            [-3.601866, 40.591823],
            [-3.601856, 40.591903],
            [-3.601826, 40.592123],
            [-3.601856, 40.592233],
            [-3.601896, 40.592423],
            [-3.601956, 40.592453],
            [-3.602036, 40.592483],
            [-3.602826, 40.592813],
            [-3.603146, 40.592943],
            [-3.603356, 40.593023],
            [-3.603426, 40.593063],
            [-3.603456, 40.593083],
            [-3.603576, 40.593193],
            [-3.603666, 40.593253],
            [-3.603796, 40.593353],
            [-3.603856, 40.593403],
            [-3.603906, 40.593443],
            [-3.603986, 40.593513],
            [-3.604046, 40.593553],
            [-3.604106, 40.593603],
            [-3.604126, 40.593613],
            [-3.604156, 40.593643],
            [-3.604206, 40.593693],
            [-3.604246, 40.593733],
            [-3.604316, 40.593813],
            [-3.604356, 40.593863],
            [-3.604486, 40.593993],
            [-3.604626, 40.594133],
            [-3.604646, 40.594153],
            [-3.604786, 40.594303],
            [-3.604816, 40.594333],
            [-3.604816, 40.594343],
            [-3.604816, 40.594393],
            [-3.604826, 40.594493],
            [-3.604826, 40.594553],
            [-3.604826, 40.594593],
            [-3.604856, 40.594903],
            [-3.604856, 40.594963],
            [-3.604856, 40.595003],
            [-3.604856, 40.595053],
            [-3.604856, 40.595083],
            [-3.604856, 40.595163],
            [-3.604856, 40.595213],
            [-3.604756, 40.595833],
            [-3.605016, 40.596193],
            [-3.605046, 40.596233],
            [-3.605096, 40.596303],
            [-3.605146, 40.596373],
            [-3.605196, 40.596443],
            [-3.605226, 40.596483],
            [-3.605236, 40.596503],
            [-3.605366, 40.596533],
            [-3.605406, 40.596543],
            [-3.606366, 40.596753],
            [-3.606866, 40.596863],
            [-3.606956, 40.596883],
            [-3.607006, 40.596923],
            [-3.607116, 40.597003],
            [-3.607186, 40.597053],
            [-3.607606, 40.597373],
            [-3.607716, 40.597453],
            [-3.607746, 40.597473],
            [-3.607946, 40.597633],
            [-3.608036, 40.597723],
            [-3.608096, 40.597793],
            [-3.608176, 40.597883],
            [-3.608246, 40.597953],
            [-3.608776, 40.598503],
            [-3.610606, 40.598813],
            [-3.611656, 40.599513],
            [-3.612976, 40.599953],
            [-3.614296, 40.600633],
            [-3.615326, 40.600763],
            [-3.616386, 40.601573],
            [-3.616506, 40.602124],
            [-3.616116, 40.603104],
            [-3.616416, 40.603814],
            [-3.616466, 40.603914],
            [-3.616886, 40.604674],
            [-3.617126, 40.605204],
            [-3.617176, 40.606084],
            [-3.616816, 40.607014],
            [-3.617326, 40.607654],
            [-3.618416, 40.609004],
            [-3.618176, 40.609494],
            [-3.617986, 40.609914],
            [-3.617856, 40.610184],
            [-3.617836, 40.610214],
            [-3.617966, 40.610804],
            [-3.618006, 40.611054],
            [-3.618026, 40.611304],
            [-3.618296, 40.611394],
            [-3.618636, 40.611514],
            [-3.619266, 40.611734],
            [-3.619726, 40.611894],
            [-3.619886, 40.611944],
            [-3.620036, 40.612104],
            [-3.620156, 40.612224],
            [-3.620226, 40.612314],
            [-3.620326, 40.612414],
            [-3.620496, 40.612604],
            [-3.620566, 40.612704],
            [-3.620626, 40.612814],
            [-3.621276, 40.614004],
            [-3.621376, 40.614194],
            [-3.621406, 40.614264],
            [-3.621486, 40.614404],
            [-3.621746, 40.614914],
            [-3.621786, 40.614974],
            [-3.622016, 40.615244],
            [-3.622606, 40.615954],
            [-3.623186, 40.616214],
            [-3.623536, 40.616374],
            [-3.623596, 40.616404],
            [-3.623686, 40.616444],
            [-3.623906, 40.616544],
            [-3.623926, 40.616554],
            [-3.624026, 40.616574],
            [-3.624166, 40.616594],
            [-3.624806, 40.616684],
            [-3.625166, 40.616734],
            [-3.625816, 40.616824],
            [-3.625836, 40.616824],
            [-3.625936, 40.616834],
            [-3.626136, 40.616864],
            [-3.626816, 40.616954],
            [-3.626946, 40.616974],
            [-3.627416, 40.617234],
            [-3.627836, 40.617464],
            [-3.628246, 40.617684],
            [-3.628296, 40.617704],
            [-3.628376, 40.617824],
            [-3.628546, 40.618084],
            [-3.628606, 40.618174],
            [-3.628606, 40.618194],
            [-3.628606, 40.618204],
            [-3.628606, 40.618414],
            [-3.628636, 40.618954],
            [-3.628656, 40.619464],
            [-3.628776, 40.619624],
            [-3.629056, 40.620014],
            [-3.629386, 40.620474],
            [-3.629486, 40.620624],
            [-3.629156, 40.621524],
            [-3.628956, 40.622074],
            [-3.628846, 40.622394],
            [-3.629396, 40.623844],
            [-3.629606, 40.624384],
            [-3.630046, 40.625484],
            [-3.630206, 40.625864],
            [-3.630046, 40.626144],
            [-3.629856, 40.626484],
            [-3.629646, 40.626864],
            [-3.629666, 40.627084],
            [-3.629696, 40.627414],
            [-3.629886, 40.627804],
            [-3.630136, 40.628344],
            [-3.630696, 40.628774],
            [-3.631106, 40.629094],
            [-3.631636, 40.629574],
            [-3.631906, 40.629814],
            [-3.631996, 40.629894],
            [-3.632376, 40.630234],
            [-3.632777, 40.630604],
            [-3.632927, 40.630744],
            [-3.633077, 40.630994],
            [-3.633277, 40.631324],
            [-3.633887, 40.632354],
            [-3.634447, 40.633294],
            [-3.634547, 40.633474],
            [-3.634567, 40.633504],
            [-3.634577, 40.633524],
            [-3.634607, 40.633554],
            [-3.634687, 40.633634],
            [-3.634887, 40.633834],
            [-3.635027, 40.633964],
            [-3.635117, 40.634054],
            [-3.635277, 40.634204],
            [-3.635537, 40.634444],
            [-3.635777, 40.634664],
            [-3.635907, 40.634805],
            [-3.635977, 40.634895],
            [-3.636187, 40.635145],
            [-3.636227, 40.635205],
            [-3.636327, 40.635525],
            [-3.636377, 40.635685],
            [-3.636467, 40.636005],
            [-3.636557, 40.636295],
            [-3.636607, 40.636505],
            [-3.636707, 40.636845],
            [-3.636837, 40.636865],
            [-3.636897, 40.636935],
            [-3.637027, 40.637085],
            [-3.637267, 40.637355],
            [-3.637557, 40.637695],
            [-3.637577, 40.637725],
            [-3.637627, 40.637775],
            [-3.637687, 40.637815],
            [-3.637797, 40.637885],
            [-3.638377, 40.638225],
            [-3.638537, 40.638325],
            [-3.638807, 40.638485],
            [-3.639927, 40.638525],
            [-3.639987, 40.638525],
            [-3.640087, 40.638525],
            [-3.640147, 40.638515],
            [-3.640407, 40.638475],
            [-3.640857, 40.638395],
            [-3.641337, 40.638315],
            [-3.641997, 40.638205],
            [-3.642427, 40.638135],
            [-3.644457, 40.638185],
            [-3.644847, 40.638435],
            [-3.645007, 40.638545],
            [-3.645207, 40.638695],
            [-3.645907, 40.639215],
            [-3.646837, 40.639905],
            [-3.646907, 40.639955],
            [-3.646967, 40.639995],
            [-3.647007, 40.640025],
            [-3.647077, 40.640085],
            [-3.647207, 40.640205],
            [-3.647597, 40.640565],
            [-3.647867, 40.640795],
            [-3.648207, 40.641105],
            [-3.648327, 40.641205],
            [-3.648347, 40.641215],
            [-3.648467, 40.641295],
            [-3.648517, 40.641325],
            [-3.648627, 40.641405],
            [-3.648707, 40.641465],
            [-3.648737, 40.641485],
            [-3.648847, 40.641525],
            [-3.648847, 40.641525],
            [-3.649107, 40.641635],
            [-3.649597, 40.641835],
            [-3.650267, 40.642075],
            [-3.650917, 40.642315],
            [-3.651307, 40.642455],
            [-3.651517, 40.642525],
            [-3.651917, 40.642665],
            [-3.652197, 40.642745],
            [-3.652597, 40.642805],
            [-3.652787, 40.642835],
            [-3.653627, 40.642985],
            [-3.654927, 40.643225],
            [-3.655407, 40.643315],
            [-3.655687, 40.643365],
            [-3.655857, 40.643335],
            [-3.655877, 40.643335],
            [-3.655937, 40.643325],
            [-3.656127, 40.643035],
            [-3.656187, 40.643005],
            [-3.656447, 40.642905],
            [-3.656737, 40.642795],
            [-3.657037, 40.642685],
            [-3.657377, 40.642555],
            [-3.657657, 40.642445],
            [-3.658017, 40.642315],
            [-3.658477, 40.642145],
            [-3.659017, 40.641715],
            [-3.659227, 40.641535],
            [-3.659307, 40.641465],
            [-3.659387, 40.641405],
            [-3.659737, 40.641135],
            [-3.660247, 40.640725],
            [-3.660437, 40.640575],
            [-3.660777, 40.640305],
            [-3.661087, 40.640055],
            [-3.661337, 40.639855],
            [-3.661667, 40.639595],
            [-3.661677, 40.639585],
            [-3.661737, 40.639505],
            [-3.661797, 40.639425],
            [-3.661887, 40.639315],
            [-3.661977, 40.639015],
            [-3.661987, 40.638995],
            [-3.662137, 40.638525],
            [-3.662167, 40.638435],
            [-3.662207, 40.638315],
            [-3.662237, 40.638235],
            [-3.662287, 40.638135],
            [-3.662337, 40.638055],
            [-3.662387, 40.637975],
            [-3.662437, 40.637915],
            [-3.662437, 40.637915],
            [-3.662817, 40.637485],
            [-3.663017, 40.637255],
            [-3.663087, 40.637175],
            [-3.663257, 40.636985],
            [-3.664077, 40.636055],
            [-3.664287, 40.635815],
            [-3.664427, 40.635625],
            [-3.665467, 40.634284],
            [-3.665737, 40.633874],
            [-3.667197, 40.631414],
            [-3.667277, 40.631274],
            [-3.667367, 40.631094],
            [-3.667527, 40.630734],
            [-3.667967, 40.629774],
            [-3.667987, 40.629714],
            [-3.668317, 40.629004],
            [-3.668347, 40.628754],
            [-3.668397, 40.628424],
            [-3.668517, 40.627554],
            [-3.668527, 40.627464],
            [-3.668487, 40.627124],
            [-3.668487, 40.626244],
            [-3.668487, 40.626014],
            [-3.668357, 40.625734],
            [-3.668197, 40.625394],
            [-3.667667, 40.624254],
            [-3.667387, 40.623664],
            [-3.667327, 40.623534],
            [-3.667077, 40.623004],
            [-3.667027, 40.622904],
            [-3.667007, 40.622844],
            [-3.666937, 40.622624],
            [-3.666897, 40.622414],
            [-3.666827, 40.622004],
            [-3.666807, 40.621894],
            [-3.666767, 40.621644],
            [-3.666717, 40.621344],
            [-3.666607, 40.620744],
            [-3.666567, 40.620514],
            [-3.666507, 40.620144],
            [-3.666597, 40.619914],
            [-3.666667, 40.619824],
            [-3.666787, 40.619664],
            [-3.666787, 40.619664],
            [-3.668527, 40.618824],
            [-3.670878, 40.617694],
            [-3.671088, 40.617594],
            [-3.671158, 40.617564],
            [-3.671208, 40.617544],
            [-3.671328, 40.617514],
            [-3.671428, 40.617484],
            [-3.671528, 40.617454],
            [-3.671838, 40.617374],
            [-3.672158, 40.617284],
            [-3.673068, 40.617034],
            [-3.673518, 40.616914],
            [-3.673638, 40.616864],
            [-3.674298, 40.616624],
            [-3.674468, 40.616554],
            [-3.674538, 40.616524],
            [-3.674598, 40.616494],
            [-3.674718, 40.616404],
            [-3.674928, 40.616184],
            [-3.675258, 40.615824],
            [-3.675258, 40.615824],
            [-3.675258, 40.615814],
            [-3.675258, 40.615804],
            [-3.675248, 40.615774],
            [-3.675248, 40.615764],
            [-3.675248, 40.615754],
            [-3.675258, 40.615744],
            [-3.675268, 40.615734],
            [-3.675288, 40.615714],
            [-3.675548, 40.615434],
            [-3.675778, 40.615184],
            [-3.675868, 40.615164],
            [-3.676108, 40.614894],
            [-3.676188, 40.614794],
            [-3.676218, 40.614754],
            [-3.676238, 40.614684],
            [-3.676258, 40.614654],
            [-3.676448, 40.614444],
            [-3.676628, 40.614224],
            [-3.676778, 40.614044],
            [-3.677248, 40.613494],
            [-3.677728, 40.612944],
            [-3.678108, 40.612494],
            [-3.678328, 40.612244],
            [-3.678558, 40.611974],
            [-3.678728, 40.611784],
            [-3.678918, 40.611564],
            [-3.679078, 40.611374],
            [-3.679158, 40.611274],
            [-3.679258, 40.611204],
            [-3.679408, 40.611104],
            [-3.679598, 40.610964],
            [-3.679728, 40.610914],
            [-3.679958, 40.610824],
            [-3.680208, 40.610724],
            [-3.680568, 40.610574],
            [-3.680958, 40.610414],
            [-3.681238, 40.610304],
            [-3.681818, 40.610074],
            [-3.682158, 40.609934],
            [-3.682318, 40.609874],
            [-3.682358, 40.609854],
            [-3.682608, 40.609754],
            [-3.683248, 40.609504],
            [-3.683638, 40.609354],
            [-3.684008, 40.609214],
            [-3.684528, 40.609004],
            [-3.684698, 40.608934],
            [-3.685008, 40.608774],
            [-3.685248, 40.608574],
            [-3.685498, 40.608364],
            [-3.685998, 40.607974],
            [-3.686398, 40.607664],
            [-3.686968, 40.607214],
            [-3.687168, 40.607054],
            [-3.687338, 40.606924],
            [-3.687528, 40.606694],
            [-3.687698, 40.606384],
            [-3.687828, 40.606144],
            [-3.687988, 40.605854],
            [-3.688128, 40.605594],
            [-3.688238, 40.605414],
            [-3.688288, 40.605334],
            [-3.688358, 40.605214],
            [-3.688788, 40.604494],
            [-3.688978, 40.604174],
            [-3.689218, 40.603764],
            [-3.689478, 40.603324],
            [-3.690238, 40.602034],
            [-3.690318, 40.601894],
            [-3.690418, 40.601724],
            [-3.690518, 40.601563],
            [-3.690588, 40.601413],
            [-3.690618, 40.601343],
            [-3.690638, 40.601283],
            [-3.690748, 40.600953],
            [-3.691638, 40.598333],
            [-3.691728, 40.598083],
            [-3.691808, 40.597843],
            [-3.691838, 40.597773],
            [-3.691918, 40.597603],
            [-3.691958, 40.597513],
            [-3.692028, 40.597393],
            [-3.692788, 40.596063],
            [-3.692838, 40.595973],
            [-3.693988, 40.593963],
            [-3.694128, 40.593723],
            [-3.694238, 40.593533],
            [-3.694368, 40.593303],
            [-3.694518, 40.593033],
            [-3.694628, 40.592843],
            [-3.694758, 40.592613],
            [-3.694878, 40.592403],
            [-3.695018, 40.592143],
            [-3.695188, 40.591853],
            [-3.695348, 40.591573],
            [-3.695528, 40.591253],
            [-3.695698, 40.590953],
            [-3.695928, 40.590553],
            [-3.696028, 40.590373],
            [-3.696158, 40.590163],
            [-3.696238, 40.590053],
            [-3.696268, 40.590013],
            [-3.696408, 40.589923],
            [-3.696678, 40.589773],
            [-3.696838, 40.589693],
            [-3.697038, 40.589583],
            [-3.697428, 40.589383],
            [-3.697838, 40.589173],
            [-3.698278, 40.588953],
            [-3.698688, 40.588743],
            [-3.698958, 40.588603],
            [-3.699378, 40.588383],
            [-3.699768, 40.588183],
            [-3.700288, 40.587913],
            [-3.700358, 40.587863],
            [-3.700728, 40.587683],
            [-3.701058, 40.587513],
            [-3.701338, 40.587373],
            [-3.701508, 40.587283],
            [-3.701718, 40.587173],
            [-3.701808, 40.587123],
            [-3.701898, 40.587073],
            [-3.701978, 40.587023],
            [-3.702168, 40.586903],
            [-3.702428, 40.586713],
            [-3.702888, 40.586383],
            [-3.703238, 40.586123],
            [-3.703648, 40.585833],
            [-3.704108, 40.585503],
            [-3.704338, 40.585343],
            [-3.704638, 40.585123],
            [-3.704718, 40.585063],
            [-3.704948, 40.584963],
            [-3.705128, 40.584893],
            [-3.705318, 40.584803],
            [-3.705328, 40.583903],
            [-3.705328, 40.583653],
            [-3.705328, 40.583093],
            [-3.705798, 40.583123],
            [-3.707569, 40.583263],
            [-3.707819, 40.583873],
            [-3.708519, 40.583633],
            [-3.710769, 40.583233],
            [-3.710949, 40.583213],
            [-3.711129, 40.583193],
            [-3.711279, 40.583173],
            [-3.711409, 40.583163],
            [-3.711569, 40.583193],
            [-3.712919, 40.583413],
            [-3.713629, 40.583123],
            [-3.714459, 40.582773],
            [-3.715959, 40.582913],
            [-3.716399, 40.582953],
            [-3.717169, 40.583013],
            [-3.718209, 40.582643],
            [-3.718579, 40.582513],
            [-3.719339, 40.582243],
            [-3.720579, 40.582333],
            [-3.721349, 40.582713],
            [-3.721909, 40.582873],
            [-3.723359, 40.583283],
            [-3.723509, 40.583323],
            [-3.724619, 40.583643],
            [-3.724969, 40.583743],
            [-3.725929, 40.584013],
            [-3.726379, 40.584143],
            [-3.726589, 40.584203],
            [-3.727209, 40.584383],
            [-3.727679, 40.584523],
            [-3.728109, 40.584653],
            [-3.729069, 40.584983],
            [-3.729729, 40.585213],
            [-3.729939, 40.585233],
            [-3.730139, 40.585263],
            [-3.730379, 40.585293],
            [-3.730559, 40.585313],
            [-3.730959, 40.585363],
            [-3.732219, 40.585513],
            [-3.732699, 40.585443],
            [-3.733079, 40.585393],
            [-3.733479, 40.585453],
            [-3.733619, 40.585473],
            [-3.733899, 40.585503],
            [-3.734169, 40.585583],
            [-3.734259, 40.585603],
            [-3.734379, 40.585623],
            [-3.734479, 40.585643],
            [-3.734899, 40.585723],
            [-3.735079, 40.585753],
            [-3.735239, 40.585783],
            [-3.735439, 40.585803],
            [-3.735749, 40.585833],
            [-3.736469, 40.586023],
            [-3.737179, 40.586193],
            [-3.737649, 40.586393],
            [-3.738079, 40.586593],
            [-3.738469, 40.587063],
            [-3.738889, 40.587923],
            [-3.739079, 40.588173],
            [-3.739599, 40.589413],
            [-3.740729, 40.590753],
            [-3.742169, 40.591133],
            [-3.743639, 40.591513],
            [-3.74428, 40.591683],
            [-3.7453, 40.591993],
            [-3.74571, 40.592303],
            [-3.74572, 40.592303],
            [-3.74917, 40.592813],
            [-3.75006, 40.592543],
            [-3.75044, 40.592893],
            [-3.75211, 40.594453],
            [-3.75213, 40.594473],
            [-3.75221, 40.594523],
            [-3.75287, 40.594883],
            [-3.75356, 40.594873],
            [-3.75424, 40.595113],
            [-3.75702, 40.596083],
            [-3.75729, 40.596183],
            [-3.75759, 40.596173],
            [-3.75776, 40.596173],
            [-3.75837, 40.596213],
            [-3.75838, 40.596213],
            [-3.75839, 40.596213],
            [-3.75875, 40.596483],
            [-3.75891, 40.596603],
            [-3.75896, 40.596643],
            [-3.75916, 40.596783],
            [-3.75937, 40.596903],
            [-3.75976, 40.597123],
            [-3.76014, 40.597213],
            [-3.76058, 40.597313],
            [-3.76079, 40.597363],
            [-3.76146, 40.597623],
            [-3.76207, 40.597863],
            [-3.76212, 40.597883],
            [-3.76302, 40.598133],
            [-3.76348, 40.598263],
            [-3.76384, 40.598363],
            [-3.76411, 40.598433],
            [-3.76514, 40.598513],
            [-3.76523, 40.598543],
            [-3.76587, 40.598753],
            [-3.76618, 40.598903],
            [-3.7672, 40.599413],
            [-3.76752, 40.599563],
            [-3.76806, 40.599773],
            [-3.76894, 40.599873],
            [-3.76935, 40.599923],
            [-3.76985, 40.599983],
            [-3.77021, 40.600033],
            [-3.77049, 40.600063],
            [-3.77089, 40.600113],
            [-3.77129, 40.600163],
            [-3.77179, 40.600223],
            [-3.77236, 40.600293],
            [-3.77267, 40.600353],
            [-3.77313, 40.600443],
            [-3.77368, 40.600553],
            [-3.7742, 40.600653],
            [-3.7746, 40.600753],
            [-3.77491, 40.600843],
            [-3.77528, 40.600943],
            [-3.77532, 40.600953],
            [-3.77566, 40.601043],
            [-3.77642, 40.601263],
            [-3.77706, 40.601443],
            [-3.77815, 40.601824],
            [-3.77882, 40.601834],
            [-3.77967, 40.601253],
            [-3.78037, 40.601103],
            [-3.780901, 40.601003],
            [-3.781521, 40.600893],
            [-3.782151, 40.601543],
            [-3.782691, 40.601794],
            [-3.783371, 40.601844],
            [-3.783881, 40.601493],
            [-3.784351, 40.601153],
            [-3.784911, 40.600553],
            [-3.785541, 40.600473],
            [-3.786211, 40.600453],
            [-3.787131, 40.600023],
            [-3.787971, 40.599633],
            [-3.788941, 40.599173],
            [-3.789801, 40.599063],
            [-3.790201, 40.599113],
            [-3.790741, 40.599193],
            [-3.791051, 40.599233],
            [-3.791881, 40.599353],
            [-3.792171, 40.599403],
            [-3.792811, 40.599543],
            [-3.794021, 40.599853],
            [-3.794441, 40.599903],
            [-3.795201, 40.599993],
            [-3.795621, 40.599983],
            [-3.795921, 40.599983],
            [-3.796631, 40.599963],
            [-3.797131, 40.599783],
            [-3.797551, 40.599493],
            [-3.797761, 40.599333],
            [-3.798391, 40.598893],
            [-3.799001, 40.598573],
            [-3.799651, 40.598673],
            [-3.799791, 40.598703],
            [-3.800411, 40.598853],
            [-3.800991, 40.598973],
            [-3.802471, 40.598973],
            [-3.802871, 40.598963],
            [-3.803231, 40.598963],
            [-3.803401, 40.599073],
            [-3.803371, 40.599143],
            [-3.803191, 40.599493],
            [-3.803061, 40.599743],
            [-3.802981, 40.599893],
            [-3.802851, 40.600153],
            [-3.802801, 40.600233],
            [-3.802781, 40.600283],
            [-3.802471, 40.600863],
            [-3.802391, 40.601023],
            [-3.802271, 40.601253],
            [-3.802101, 40.601573],
            [-3.801931, 40.601864],
            [-3.801661, 40.602354],
            [-3.801411, 40.602774],
            [-3.801281, 40.602994],
            [-3.800971, 40.603544],
            [-3.800861, 40.603734],
            [-3.800471, 40.604404],
            [-3.800161, 40.604934],
            [-3.800161, 40.604944],
            [-3.800371, 40.606004],
            [-3.801541, 40.606454],
            [-3.802021, 40.606414],
            [-3.802881, 40.606704],
            [-3.803171, 40.606804],
            [-3.803811, 40.607014],
            [-3.804681, 40.607294],
            [-3.804721, 40.607304],
            [-3.804801, 40.607354],
            [-3.805411, 40.607744],
            [-3.805571, 40.607844],
            [-3.805701, 40.607924],
            [-3.805761, 40.607954],
            [-3.805951, 40.608024],
            [-3.806081, 40.608144],
            [-3.806091, 40.608504],
            [-3.806271, 40.608754],
            [-3.806241, 40.608854],
            [-3.806011, 40.609194],
            [-3.805981, 40.609234],
            [-3.805891, 40.609364],
            [-3.805891, 40.609374],
            [-3.805891, 40.609384],
            [-3.805901, 40.609394],
            [-3.806021, 40.609614],
            [-3.806031, 40.609614],
            [-3.806331, 40.609564],
            [-3.806531, 40.609534],
            [-3.806771, 40.609474],
            [-3.806791, 40.609464],
            [-3.807091, 40.609354],
            [-3.807211, 40.609314],
            [-3.807601, 40.609304],
            [-3.807811, 40.609294],
            [-3.807931, 40.609284],
            [-3.808051, 40.609274],
            [-3.808241, 40.609304],
            [-3.808481, 40.609344],
            [-3.808571, 40.609354],
            [-3.808841, 40.609394],
            [-3.808931, 40.609404],
            [-3.809001, 40.609414],
            [-3.809091, 40.609504],
            [-3.809171, 40.609604],
            [-3.809211, 40.609794],
            [-3.809241, 40.609974],
            [-3.809431, 40.609974],
            [-3.809511, 40.609944],
            [-3.809561, 40.609914],
            [-3.809621, 40.609824],
            [-3.809671, 40.609754],
            [-3.809761, 40.609624],
            [-3.809771, 40.609604],
            [-3.809781, 40.609544],
            [-3.809911, 40.609574],
            [-3.809971, 40.609584],
            [-3.810001, 40.609584],
            [-3.810071, 40.609584],
            [-3.810111, 40.609564],
            [-3.810111, 40.609564],
            [-3.810191, 40.609554],
            [-3.810321, 40.609544],
            [-3.810541, 40.609524],
            [-3.810621, 40.609504],
            [-3.810641, 40.609504],
            [-3.810771, 40.609404],
            [-3.810881, 40.609274],
            [-3.811011, 40.609124],
            [-3.811121, 40.609004],
            [-3.811191, 40.608924],
            [-3.811271, 40.608824],
            [-3.811371, 40.608804],
            [-3.811451, 40.608814],
            [-3.811611, 40.608834],
            [-3.811721, 40.608764],
            [-3.811761, 40.608754],
            [-3.811821, 40.608734],
            [-3.811911, 40.608704],
            [-3.812101, 40.608634],
            [-3.812161, 40.608614],
            [-3.812211, 40.608594],
            [-3.812271, 40.608544],
            [-3.812421, 40.608474],
            [-3.812571, 40.608424],
            [-3.812631, 40.608394],
            [-3.812601, 40.608274],
            [-3.812321, 40.607994],
            [-3.812111, 40.607874],
            [-3.811571, 40.607554],
            [-3.811271, 40.607374],
            [-3.811171, 40.607324],
            [-3.811101, 40.607304],
            [-3.810951, 40.607284],
            [-3.810861, 40.607264],
            [-3.810761, 40.607234],
            [-3.810701, 40.607214],
            [-3.810651, 40.607194],
            [-3.810591, 40.607174],
            [-3.810531, 40.607144],
            [-3.810471, 40.607114],
            [-3.810381, 40.607064],
            [-3.810341, 40.607044],
            [-3.810291, 40.607014],
            [-3.810181, 40.606954],
            [-3.810141, 40.606934],
            [-3.810121, 40.606924],
            [-3.810091, 40.606904],
            [-3.810061, 40.606874],
            [-3.810041, 40.606854],
            [-3.810021, 40.606824],
            [-3.809971, 40.606774],
            [-3.809951, 40.606744],
            [-3.809931, 40.606714],
            [-3.809911, 40.606674],
            [-3.809871, 40.606614],
            [-3.809851, 40.606584],
            [-3.809631, 40.606204],
            [-3.809581, 40.606124],
            [-3.809671, 40.606034],
            [-3.809611, 40.605914],
            [-3.809561, 40.605954],
            [-3.809511, 40.605984],
            [-3.809511, 40.605934],
            [-3.809511, 40.605914],
            [-3.809511, 40.605894],
            [-3.809511, 40.605854],
            [-3.809491, 40.605794],
            [-3.809491, 40.605784],
            [-3.809341, 40.605484],
            [-3.809221, 40.605214],
            [-3.809191, 40.605124],
            [-3.809051, 40.604914],
            [-3.808941, 40.604744],
            [-3.808681, 40.604374],
            [-3.808551, 40.604164],
            [-3.807531, 40.602614],
            [-3.806751, 40.601393],
            [-3.806131, 40.600443],
            [-3.805831, 40.599973],
            [-3.805971, 40.599903],
            [-3.806131, 40.599833],
            [-3.806951, 40.599443],
            [-3.807761, 40.599063],
            [-3.811161, 40.597473],
            [-3.812341, 40.597013],
            [-3.812441, 40.596953],
            [-3.813741, 40.596243],
            [-3.814251, 40.595523],
            [-3.815951, 40.595113],
            [-3.817201, 40.595123],
            [-3.818702, 40.595123],
            [-3.820102, 40.595113],
            [-3.820912, 40.594913],
            [-3.821492, 40.594763],
            [-3.821982, 40.594643],
            [-3.822562, 40.594493],
            [-3.823812, 40.594613],
            [-3.824762, 40.594703],
            [-3.826212, 40.594843],
            [-3.826952, 40.594813],
            [-3.827192, 40.594803],
            [-3.827362, 40.594793],
            [-3.827882, 40.594703],
            [-3.828452, 40.594553],
            [-3.828772, 40.594463],
            [-3.829372, 40.594303],
            [-3.829882, 40.594173],
            [-3.829982, 40.594143],
            [-3.830712, 40.594073],
            [-3.831282, 40.594013],
            [-3.831742, 40.593963],
            [-3.832062, 40.593883],
            [-3.832362, 40.593813],
            [-3.832552, 40.593763],
            [-3.833042, 40.593643],
            [-3.833082, 40.593633],
            [-3.833142, 40.593613],
            [-3.833202, 40.593583],
            [-3.833642, 40.593283],
            [-3.834202, 40.592903],
            [-3.834552, 40.592673],
            [-3.835212, 40.592223],
            [-3.835262, 40.592203],
            [-3.835612, 40.592053],
            [-3.835952, 40.591913],
            [-3.836502, 40.591683],
            [-3.836622, 40.591653],
            [-3.837512, 40.591463],
            [-3.838292, 40.591753],
            [-3.839532, 40.592213],
            [-3.840372, 40.592523],
            [-3.841222, 40.592723],
            [-3.841512, 40.592783],
            [-3.842262, 40.592653],
            [-3.842582, 40.592603],
            [-3.842902, 40.592543],
            [-3.843232, 40.592483],
            [-3.843472, 40.592393],
            [-3.844082, 40.592173],
            [-3.844452, 40.592043],
            [-3.845062, 40.591703],
            [-3.845472, 40.591473],
            [-3.846102, 40.591373],
            [-3.846542, 40.591303],
            [-3.847232, 40.591193],
            [-3.847432, 40.591163],
            [-3.847922, 40.591093],
            [-3.848072, 40.591073],
            [-3.848582, 40.591073],
            [-3.849192, 40.590873],
            [-3.850062, 40.590563],
            [-3.850282, 40.590453],
            [-3.850352, 40.590413],
            [-3.850782, 40.590203],
            [-3.851012, 40.590083],
            [-3.851232, 40.589983],
            [-3.851502, 40.589843],
            [-3.851972, 40.589603],
            [-3.852232, 40.589473],
            [-3.852432, 40.589373],
            [-3.852592, 40.589293],
            [-3.852752, 40.589213],
            [-3.852802, 40.589193],
            [-3.853292, 40.589033],
            [-3.853542, 40.588953],
            [-3.853922, 40.588653],
            [-3.854012, 40.588583],
            [-3.854082, 40.588543],
            [-3.854402, 40.588313],
            [-3.854632, 40.588163],
            [-3.854692, 40.588133],
            [-3.854822, 40.588113],
            [-3.855263, 40.588333],
            [-3.855853, 40.588253],
            [-3.856053, 40.588233],
            [-3.856993, 40.588133],
            [-3.857573, 40.588073],
            [-3.857893, 40.588043],
            [-3.858123, 40.588033],
            [-3.858363, 40.588023],
            [-3.858683, 40.588083],
            [-3.859153, 40.588173],
            [-3.859623, 40.588263],
            [-3.859793, 40.588293],
            [-3.859973, 40.588383],
            [-3.860413, 40.588613],
            [-3.860653, 40.588733],
            [-3.860943, 40.588883],
            [-3.861173, 40.589003],
            [-3.861783, 40.589173],
            [-3.862243, 40.589303],
            [-3.862643, 40.589413],
            [-3.863053, 40.589523],
            [-3.863403, 40.589613],
            [-3.863473, 40.589663],
            [-3.863803, 40.589883],
            [-3.864123, 40.590093],
            [-3.864443, 40.590303],
            [-3.864773, 40.590523],
            [-3.864893, 40.590703],
            [-3.865053, 40.590953],
            [-3.865243, 40.591253],
            [-3.865333, 40.591393],
            [-3.865403, 40.591473],
            [-3.865533, 40.591603],
            [-3.865663, 40.591733],
            [-3.865723, 40.591793],
            [-3.865823, 40.591903],
            [-3.866113, 40.591963],
            [-3.866403, 40.592023],
            [-3.866753, 40.592083],
            [-3.867163, 40.592253],
            [-3.867243, 40.592283],
            [-3.867473, 40.592263],
            [-3.867693, 40.592243],
            [-3.867943, 40.592223],
            [-3.868233, 40.592193],
            [-3.868523, 40.592173],
            [-3.868793, 40.592123],
            [-3.869103, 40.592063],
            [-3.869383, 40.592003],
            [-3.869613, 40.591953],
            [-3.869943, 40.591883],
            [-3.870643, 40.591733],
            [-3.870843, 40.591693],
            [-3.871073, 40.591643],
            [-3.871363, 40.591583],
            [-3.871583, 40.591533],
            [-3.871723, 40.591503],
            [-3.872333, 40.591423],
            [-3.872583, 40.591383],
            [-3.872723, 40.591363],
            [-3.872863, 40.591343],
            [-3.873203, 40.591323],
            [-3.873463, 40.591303],
            [-3.873783, 40.591273],
            [-3.873953, 40.591183],
            [-3.874163, 40.591063],
            [-3.874313, 40.590973],
            [-3.874473, 40.590873],
            [-3.874723, 40.590733],
            [-3.874883, 40.590663],
            [-3.875173, 40.590553],
            [-3.875463, 40.590433],
            [-3.875583, 40.590383],
            [-3.875783, 40.590293],
            [-3.876053, 40.590093],
            [-3.876063, 40.589943],
            [-3.876073, 40.589773],
            [-3.876043, 40.589643],
            [-3.875993, 40.589393],
            [-3.876313, 40.589113],
            [-3.876573, 40.588893],
            [-3.876733, 40.588753],
            [-3.877103, 40.588613],
            [-3.877513, 40.588453],
            [-3.877803, 40.588343],
            [-3.878023, 40.588253],
            [-3.878203, 40.588183],
            [-3.878503, 40.588003],
            [-3.878823, 40.587813],
            [-3.878943, 40.587743],
            [-3.879073, 40.587663],
            [-3.879153, 40.587623],
            [-3.879343, 40.587513],
            [-3.879583, 40.587373],
            [-3.879713, 40.587303],
            [-3.879903, 40.587193],
            [-3.879973, 40.587153],
            [-3.880233, 40.587003],
            [-3.880533, 40.586853],
            [-3.880833, 40.586703],
            [-3.881103, 40.586573],
            [-3.881313, 40.586463],
            [-3.881493, 40.586373],
            [-3.881753, 40.586243],
            [-3.881983, 40.586123],
            [-3.882343, 40.585943],
            [-3.882703, 40.585763],
            [-3.883063, 40.585583],
            [-3.883373, 40.585423],
            [-3.883573, 40.585433],
            [-3.883583, 40.585343],
            [-3.883583, 40.585263],
            [-3.883603, 40.584973],
            [-3.883613, 40.584783],
            [-3.883623, 40.584563],
            [-3.883633, 40.584363],
            [-3.883653, 40.584083],
            [-3.883673, 40.583813],
            [-3.883683, 40.583633],
            [-3.883693, 40.583553],
            [-3.883613, 40.583383],
            [-3.883493, 40.583103],
            [-3.883423, 40.582953],
            [-3.883373, 40.582833],
            [-3.883323, 40.582703],
            [-3.883363, 40.582643],
            [-3.883473, 40.582463],
            [-3.883583, 40.582273],
            [-3.883703, 40.582063],
            [-3.883793, 40.581903],
            [-3.883863, 40.581773],
            [-3.883953, 40.581623],
            [-3.883973, 40.581593],
            [-3.884053, 40.581463],
            [-3.884033, 40.581363],
            [-3.884023, 40.581273],
            [-3.884003, 40.581183],
            [-3.883843, 40.580763],
            [-3.883653, 40.580493],
            [-3.883653, 40.580423],
            [-3.883643, 40.580283],
            [-3.883633, 40.580123],
            [-3.883623, 40.579903],
            [-3.883613, 40.579703],
            [-3.883613, 40.579573],
            [-3.883603, 40.579273],
            [-3.883713, 40.579003],
            [-3.883803, 40.578753],
            [-3.883993, 40.578263],
            [-3.884133, 40.577893],
            [-3.884193, 40.577723],
            [-3.884223, 40.577633],
            [-3.884303, 40.577433],
            [-3.884413, 40.577133],
            [-3.884493, 40.576943],
            [-3.884613, 40.576613],
            [-3.884743, 40.576263],
            [-3.884913, 40.575823],
            [-3.885063, 40.575433],
            [-3.885143, 40.575223],
            [-3.885193, 40.575113],
            [-3.885363, 40.574773],
            [-3.885443, 40.574613],
            [-3.885523, 40.574463],
            [-3.885553, 40.574403],
            [-3.885613, 40.574283],
            [-3.885723, 40.574203],
            [-3.885903, 40.574073],
            [-3.886043, 40.573973],
            [-3.886303, 40.573783],
            [-3.886513, 40.573633],
            [-3.886713, 40.573493],
            [-3.886953, 40.573323],
            [-3.887103, 40.573223],
            [-3.887373, 40.573033],
            [-3.887573, 40.572893],
            [-3.887743, 40.572773],
            [-3.887933, 40.572643],
            [-3.888093, 40.572523],
            [-3.888283, 40.572393],
            [-3.888323, 40.572313],
            [-3.888423, 40.572113],
            [-3.888533, 40.571903],
            [-3.888763, 40.571253],
            [-3.888843, 40.571023],
            [-3.888733, 40.570773],
            [-3.888643, 40.570563],
            [-3.888543, 40.570343],
            [-3.888363, 40.569973],
            [-3.888223, 40.569683],
            [-3.888123, 40.569493],
            [-3.887993, 40.569293],
            [-3.887913, 40.569173],
            [-3.887823, 40.568813],
            [-3.887803, 40.568663],
            [-3.887783, 40.568452],
            [-3.887683, 40.568242],
            [-3.887583, 40.568022],
            [-3.887473, 40.567772],
            [-3.887443, 40.567712],
            [-3.887263, 40.567322],
            [-3.887183, 40.567142],
            [-3.887093, 40.566932],
            [-3.886973, 40.566632],
            [-3.886803, 40.566422],
            [-3.886693, 40.566292],
            [-3.886633, 40.566252],
            [-3.886453, 40.566142],
            [-3.886333, 40.566072],
            [-3.886043, 40.565892],
            [-3.885993, 40.565862],
            [-3.885963, 40.565842],
            [-3.885893, 40.565792],
            [-3.885833, 40.565752],
            [-3.885773, 40.565702],
            [-3.885633, 40.565602],
            [-3.885313, 40.565352],
            [-3.885153, 40.565222],
            [-3.884973, 40.565082],
            [-3.884783, 40.564932],
            [-3.884573, 40.564772],
            [-3.884353, 40.564592],
            [-3.884223, 40.564492],
            [-3.884133, 40.564412],
            [-3.884093, 40.564382],
            [-3.883973, 40.564272],
            [-3.883813, 40.564112],
            [-3.883723, 40.564022],
            [-3.883743, 40.563872],
            [-3.883753, 40.563762],
            [-3.883763, 40.563662],
            [-3.883783, 40.563462],
            [-3.883803, 40.563332],
            [-3.883913, 40.563182],
            [-3.884013, 40.563052],
            [-3.884043, 40.563012],
            [-3.884083, 40.562962],
            [-3.884183, 40.562822],
            [-3.884243, 40.562742],
            [-3.884363, 40.562592],
            [-3.884493, 40.562412],
            [-3.884593, 40.562272],
            [-3.884783, 40.562002],
            [-3.884833, 40.561922],
            [-3.884863, 40.561502],
            [-3.884883, 40.561202],
            [-3.884713, 40.561012],
            [-3.884533, 40.560902],
            [-3.884433, 40.560842],
            [-3.884293, 40.560752],
            [-3.884203, 40.560702],
            [-3.884103, 40.560632],
            [-3.883943, 40.560572],
            [-3.883693, 40.560472],
            [-3.883473, 40.560382],
            [-3.883123, 40.560252],
            [-3.882843, 40.560142],
            [-3.882583, 40.560042],
            [-3.882433, 40.559982],
            [-3.882273, 40.559922],
            [-3.882143, 40.559872],
            [-3.881983, 40.559802],
            [-3.881223, 40.559792],
            [-3.880493, 40.559772],
            [-3.880083, 40.559762],
            [-3.879623, 40.559752],
            [-3.879273, 40.559742],
            [-3.878843, 40.559742],
            [-3.878473, 40.559672],
            [-3.877693, 40.559532],
            [-3.877463, 40.559452],
            [-3.877193, 40.559362],
            [-3.877043, 40.559312],
            [-3.876573, 40.559202],
            [-3.876363, 40.559162],
            [-3.876073, 40.559102],
            [-3.875443, 40.558972],
            [-3.875333, 40.558952],
            [-3.875213, 40.558662],
            [-3.875113, 40.558452],
            [-3.875023, 40.558262],
            [-3.874333, 40.558032],
            [-3.874183, 40.557982],
            [-3.873933, 40.557902],
            [-3.873903, 40.557882],
            [-3.873873, 40.557832],
            [-3.873733, 40.557722],
            [-3.873713, 40.557662],
            [-3.873643, 40.557452],
            [-3.873603, 40.557342],
            [-3.873553, 40.557192],
            [-3.873503, 40.557052],
            [-3.873443, 40.556892],
            [-3.873353, 40.556702],
            [-3.873303, 40.556602],
            [-3.873223, 40.556422],
            [-3.873173, 40.556312],
            [-3.873093, 40.556142],
            [-3.873083, 40.556112],
            [-3.873063, 40.556012],
            [-3.873053, 40.555982],
            [-3.873043, 40.555922],
            [-3.872983, 40.555782],
            [-3.872943, 40.555692],
            [-3.872923, 40.555642],
            [-3.872863, 40.555482],
            [-3.872823, 40.555402],
            [-3.872823, 40.555392],
            [-3.872823, 40.555382],
            [-3.872823, 40.555352],
            [-3.872883, 40.555062],
            [-3.872933, 40.554852],
            [-3.872873, 40.554542],
            [-3.872803, 40.554222],
            [-3.872713, 40.553812],
            [-3.872663, 40.553572],
            [-3.872493, 40.553272],
            [-3.872283, 40.552892],
            [-3.872103, 40.552572],
            [-3.872033, 40.552432],
            [-3.871743, 40.552182],
            [-3.871483, 40.551962],
            [-3.871223, 40.551752],
            [-3.871043, 40.551612],
            [-3.870883, 40.551482],
            [-3.870723, 40.551352],
            [-3.870643, 40.551282],
            [-3.870543, 40.551102],
            [-3.870483, 40.551002],
            [-3.870403, 40.550872],
            [-3.870333, 40.550752],
            [-3.870273, 40.550652],
            [-3.870143, 40.550452],
            [-3.870023, 40.550262],
            [-3.869903, 40.550042],
            [-3.869783, 40.549832],
            [-3.869603, 40.549522],
            [-3.869383, 40.549112],
            [-3.869143, 40.548702],
            [-3.869013, 40.548472],
            [-3.868933, 40.548332],
            [-3.869063, 40.548072],
            [-3.869203, 40.547752],
            [-3.869303, 40.547542],
            [-3.869143, 40.547382],
            [-3.869003, 40.547242],
            [-3.868803, 40.547042],
            [-3.868563, 40.546832],
            [-3.868403, 40.546702],
            [-3.868193, 40.546522],
            [-3.867953, 40.546312],
            [-3.867773, 40.546162],
            [-3.867653, 40.546062],
            [-3.867503, 40.545932],
            [-3.867333, 40.545792],
            [-3.867193, 40.545662],
            [-3.867153, 40.545622],
            [-3.867053, 40.545502],
            [-3.866893, 40.545302],
            [-3.866843, 40.545242],
            [-3.866803, 40.545202],
            [-3.866713, 40.545092],
            [-3.866693, 40.545072],
            [-3.866613, 40.544972],
            [-3.866493, 40.544812],
            [-3.866253, 40.544512],
            [-3.866193, 40.544432],
            [-3.866053, 40.544252],
            [-3.865943, 40.544112],
            [-3.865733, 40.543832],
            [-3.865623, 40.543692],
            [-3.865553, 40.543602],
            [-3.865493, 40.543532],
            [-3.865463, 40.543412],
            [-3.865443, 40.543282],
            [-3.865413, 40.543092],
            [-3.865383, 40.542942],
            [-3.865383, 40.542902],
            [-3.865373, 40.542792],
            [-3.865333, 40.542512],
            [-3.864973, 40.542122],
            [-3.864843, 40.541952],
            [-3.864783, 40.541772],
            [-3.864703, 40.541542],
            [-3.864673, 40.541442],
            [-3.864603, 40.541232],
            [-3.864543, 40.541062],
            [-3.864483, 40.540882],
            [-3.864443, 40.540782],
            [-3.864393, 40.540622],
            [-3.864343, 40.540482],
            [-3.864293, 40.540342],
            [-3.864253, 40.540202],
            [-3.864223, 40.540092],
            [-3.864193, 40.539992],
            [-3.864163, 40.539902],
            [-3.864143, 40.539852],
            [-3.864103, 40.539742],
            [-3.864053, 40.539692],
            [-3.864003, 40.539642],
            [-3.863933, 40.539582],
            [-3.863893, 40.539542],
            [-3.863823, 40.539472],
            [-3.863713, 40.539362],
            [-3.863703, 40.539252],
            [-3.863693, 40.538842],
            [-3.863713, 40.538242],
            [-3.863723, 40.537872],
            [-3.863723, 40.537752],
            [-3.863713, 40.537662],
            [-3.863693, 40.537592],
            [-3.863503, 40.536962],
            [-3.863383, 40.536552],
            [-3.863313, 40.536312],
            [-3.863173, 40.535822],
            [-3.862983, 40.535201],
            [-3.862933, 40.535021],
            [-3.862873, 40.534831],
            [-3.862863, 40.534781],
            [-3.862593, 40.534601],
            [-3.862323, 40.534431],
            [-3.862183, 40.534341],
            [-3.862013, 40.534221],
            [-3.861813, 40.534031],
            [-3.861633, 40.533851],
            [-3.861563, 40.533781],
            [-3.861483, 40.533701],
            [-3.861283, 40.533511],
            [-3.861223, 40.533441],
            [-3.860963, 40.533261],
            [-3.860793, 40.533171],
            [-3.860483, 40.533011],
            [-3.860283, 40.532731],
            [-3.859833, 40.532071],
            [-3.859633, 40.531751],
            [-3.859483, 40.531511],
            [-3.859413, 40.531391],
            [-3.859333, 40.531311],
            [-3.859093, 40.531091],
            [-3.859023, 40.531031],
            [-3.858923, 40.530941],
            [-3.858743, 40.530781],
            [-3.858563, 40.530611],
            [-3.858463, 40.530511],
            [-3.858343, 40.530441],
            [-3.858123, 40.530311],
            [-3.858003, 40.530241],
            [-3.858063, 40.530141],
            [-3.858233, 40.529901],
            [-3.858203, 40.529761],
            [-3.858183, 40.529631],
            [-3.858153, 40.529461],
            [-3.858123, 40.529331],
            [-3.858113, 40.529281],
            [-3.858023, 40.529101],
            [-3.857953, 40.528981],
            [-3.857863, 40.528811],
            [-3.857783, 40.528661],
            [-3.857713, 40.528521],
            [-3.857683, 40.528451],
            [-3.857643, 40.528291],
            [-3.857613, 40.528141],
            [-3.857593, 40.528011],
            [-3.857323, 40.527851],
            [-3.857113, 40.527731],
            [-3.856833, 40.527561],
            [-3.856583, 40.527411],
            [-3.856003, 40.527061],
            [-3.854922, 40.525761],
            [-3.854642, 40.525651],
            [-3.854532, 40.525531],
            [-3.854342, 40.525341],
            [-3.853582, 40.524551],
            [-3.853642, 40.524411],
            [-3.853672, 40.524291],
            [-3.853712, 40.524231],
            [-3.853982, 40.523491],
            [-3.854092, 40.523161],
            [-3.854192, 40.522881],
            [-3.854252, 40.522711],
            [-3.854252, 40.521711],
            [-3.854262, 40.521521],
            [-3.854262, 40.521511],
            [-3.854262, 40.521501],
            [-3.854252, 40.521491],
            [-3.854142, 40.521291],
            [-3.854092, 40.521211],
            [-3.853792, 40.520711],
            [-3.853542, 40.520291],
            [-3.853202, 40.519661],
            [-3.851612, 40.518421],
            [-3.851162, 40.517791],
            [-3.851412, 40.517311],
            [-3.851422, 40.517281],
            [-3.851612, 40.517061],
            [-3.851752, 40.516881],
            [-3.852102, 40.515621],
            [-3.853232, 40.514681],
            [-3.853892, 40.512141],
            [-3.853772, 40.511941],
            [-3.853562, 40.511591],
            [-3.853382, 40.511331],
            [-3.853132, 40.511021],
            [-3.852802, 40.510621],
            [-3.852452, 40.510071],
            [-3.852412, 40.509921],
            [-3.852102, 40.509721],
            [-3.849602, 40.508961],
            [-3.849582, 40.508951],
            [-3.849032, 40.509161],
            [-3.844962, 40.508101],
            [-3.842082, 40.507361],
            [-3.840092, 40.506841],
            [-3.839052, 40.506571],
            [-3.838932, 40.506541],
            [-3.838462, 40.506421],
            [-3.836972, 40.506031],
            [-3.837232, 40.505321],
            [-3.837412, 40.504811],
            [-3.837502, 40.504571],
            [-3.837592, 40.504381],
            [-3.837732, 40.504111],
            [-3.837842, 40.503941],
            [-3.838122, 40.503531],
            [-3.838342, 40.503201],
            [-3.838502, 40.502961],
            [-3.839002, 40.50071],
            [-3.839092, 40.50029],
            [-3.839262, 40.49952],
            [-3.839112, 40.49937],
            [-3.838472, 40.49872],
            [-3.837552, 40.49778],
            [-3.837342, 40.49753],
            [-3.837042, 40.49717],
            [-3.836702, 40.49677],
            [-3.836242, 40.49624],
            [-3.835782, 40.49571],
            [-3.835532, 40.49541],
            [-3.835062, 40.495],
            [-3.834802, 40.49477],
            [-3.834552, 40.49455],
            [-3.834372, 40.49433],
            [-3.834272, 40.49419],
            [-3.834222, 40.49376],
            [-3.834112, 40.49278],
            [-3.834042, 40.49212],
            [-3.834032, 40.49207],
            [-3.833862, 40.49163],
            [-3.833742, 40.49132],
            [-3.833672, 40.49114],
            [-3.833622, 40.491],
            [-3.833572, 40.49084],
            [-3.833482, 40.49057],
            [-3.833422, 40.49039],
            [-3.833352, 40.4902],
            [-3.833272, 40.48996],
            [-3.833252, 40.48979],
            [-3.833012, 40.48796],
            [-3.833012, 40.4879],
            [-3.833032, 40.48768],
            [-3.833072, 40.48725],
            [-3.833112, 40.48685],
            [-3.833172, 40.48629],
            [-3.833142, 40.4861],
            [-3.833262, 40.48591],
            [-3.833442, 40.48561],
            [-3.833602, 40.48534],
            [-3.833622, 40.48528],
            [-3.833662, 40.48518],
            [-3.833712, 40.48506],
            [-3.833772, 40.4849],
            [-3.833832, 40.48474],
            [-3.834032, 40.48423],
            [-3.834062, 40.48416],
            [-3.834232, 40.48387],
            [-3.834252, 40.48384],
            [-3.834402, 40.48358],
            [-3.834592, 40.48324],
            [-3.834832, 40.48281],
            [-3.834902, 40.48267],
            [-3.834912, 40.48266],
            [-3.835112, 40.48255],
            [-3.835302, 40.48245],
            [-3.835462, 40.48236],
            [-3.835682, 40.48224],
            [-3.835822, 40.48216],
            [-3.836002, 40.48189],
            [-3.836062, 40.48181],
            [-3.836122, 40.48146],
            [-3.836132, 40.48142],
            [-3.836142, 40.48138],
            [-3.836142, 40.4813],
            [-3.836152, 40.48129],
            [-3.836272, 40.48117],
            [-3.836352, 40.48109],
            [-3.836482, 40.48096],
            [-3.836482, 40.48095],
            [-3.836332, 40.48077],
            [-3.836292, 40.48073],
            [-3.836272, 40.48069],
            [-3.836292, 40.48065],
            [-3.836362, 40.48019],
            [-3.836452, 40.47969],
            [-3.836452, 40.47969],
            [-3.836452, 40.47969],
            [-3.836652, 40.47958],
            [-3.836652, 40.47958],
            [-3.835742, 40.47932],
            [-3.835192, 40.47916],
            [-3.834892, 40.47907],
            [-3.834672, 40.47901],
            [-3.834222, 40.47888],
            [-3.834132, 40.47885],
            [-3.833612, 40.4787],
            [-3.833382, 40.47863],
            [-3.833092, 40.47855],
            [-3.832772, 40.47847],
            [-3.832742, 40.47846],
            [-3.832732, 40.47846],
            [-3.832682, 40.47845],
            [-3.832242, 40.47833],
            [-3.831852, 40.47821],
            [-3.831742, 40.47818],
            [-3.831272, 40.47805],
            [-3.830902, 40.47794],
            [-3.830712, 40.47789],
            [-3.830602, 40.47786],
            [-3.830282, 40.47777],
            [-3.829992, 40.47769],
            [-3.829812, 40.47764],
            [-3.829602, 40.47758],
            [-3.829302, 40.4775],
            [-3.829272, 40.47749],
            [-3.828892, 40.47738],
            [-3.828762, 40.47734],
            [-3.828732, 40.47733],
            [-3.828552, 40.47728],
            [-3.828512, 40.47727],
            [-3.828502, 40.47727],
            [-3.828232, 40.47719],
            [-3.827852, 40.47709],
            [-3.827772, 40.47707],
            [-3.827542, 40.47701],
            [-3.827142, 40.4769],
            [-3.826732, 40.47678],
            [-3.826622, 40.47675],
            [-3.826532, 40.47672],
            [-3.826152, 40.47661],
            [-3.825702, 40.47648],
            [-3.825212, 40.47634],
            [-3.824712, 40.4762],
            [-3.824592, 40.47617],
            [-3.823852, 40.47596],
            [-3.823532, 40.47587],
            [-3.823412, 40.47584],
            [-3.823352, 40.47582],
            [-3.822982, 40.47571],
            [-3.822722, 40.47564],
            [-3.822532, 40.47558],
            [-3.821962, 40.47542],
            [-3.821772, 40.47536],
            [-3.821282, 40.47522],
            [-3.820902, 40.47511],
            [-3.820602, 40.47502],
            [-3.820252, 40.47492],
            [-3.820252, 40.47492],
            [-3.820142, 40.47489],
            [-3.819752, 40.47478],
            [-3.819372, 40.47467],
            [-3.819292, 40.47465],
            [-3.819212, 40.47463],
            [-3.818952, 40.47455],
            [-3.818932, 40.47454],
            [-3.818762, 40.47449],
            [-3.818352, 40.47437],
            [-3.817891, 40.47424],
            [-3.817701, 40.47419],
            [-3.817651, 40.47418],
            [-3.817541, 40.47415],
            [-3.817371, 40.4741],
            [-3.816871, 40.47396],
            [-3.816521, 40.47386],
            [-3.816211, 40.47377],
            [-3.816041, 40.47372],
            [-3.815941, 40.47369],
            [-3.815701, 40.47362],
            [-3.814801, 40.47336],
            [-3.814631, 40.47331],
            [-3.814521, 40.47328],
            [-3.814211, 40.47319],
            [-3.813811, 40.47307],
            [-3.813711, 40.47304],
            [-3.813591, 40.47301],
            [-3.813321, 40.47293],
            [-3.813161, 40.47288],
            [-3.812991, 40.47283],
            [-3.812831, 40.47279],
            [-3.812721, 40.47276],
            [-3.812651, 40.47274],
            [-3.812611, 40.47273],
            [-3.812551, 40.47271],
            [-3.812451, 40.47268],
            [-3.812401, 40.47266],
            [-3.812011, 40.47255],
            [-3.810791, 40.4722],
            [-3.810321, 40.47207],
            [-3.806121, 40.47087],
            [-3.805611, 40.47072],
            [-3.805121, 40.47058],
            [-3.803861, 40.47022],
            [-3.803131, 40.47001],
            [-3.802931, 40.46995],
            [-3.802691, 40.46988],
            [-3.802421, 40.4698],
            [-3.802151, 40.46973],
            [-3.801881, 40.46965],
            [-3.801101, 40.46943],
            [-3.800241, 40.46918],
            [-3.800181, 40.4692],
            [-3.800141, 40.46921],
            [-3.800011, 40.46925],
            [-3.799411, 40.46936],
            [-3.799391, 40.46936],
            [-3.799371, 40.46936],
            [-3.799241, 40.46937],
            [-3.799171, 40.46937],
            [-3.798901, 40.46939],
            [-3.798351, 40.46942],
            [-3.797661, 40.46946],
            [-3.796831, 40.46961],
            [-3.796281, 40.46971],
            [-3.796121, 40.46974],
            [-3.795651, 40.46983],
            [-3.795641, 40.46983],
            [-3.795541, 40.46985],
            [-3.795521, 40.46985],
            [-3.795441, 40.46987],
            [-3.795281, 40.46991],
            [-3.795151, 40.46994],
            [-3.795001, 40.46997],
            [-3.794591, 40.47007],
            [-3.794461, 40.47011],
            [-3.794361, 40.47014],
            [-3.793401, 40.47045],
            [-3.793381, 40.47045],
            [-3.793321, 40.47047],
            [-3.792501, 40.47074],
            [-3.792441, 40.47076],
            [-3.792401, 40.47077],
            [-3.792341, 40.47079],
            [-3.792301, 40.47081],
            [-3.792261, 40.47082],
            [-3.792181, 40.47086],
            [-3.792161, 40.47087],
            [-3.792121, 40.47089],
            [-3.791891, 40.47099],
            [-3.791711, 40.47109],
            [-3.791491, 40.47121],
            [-3.791071, 40.47146],
            [-3.791001, 40.4715],
            [-3.790991, 40.4715],
            [-3.790941, 40.47153],
            [-3.789901, 40.47193],
            [-3.789291, 40.47213],
            [-3.788811, 40.47229],
            [-3.788491, 40.47239],
            [-3.788241, 40.47247],
            [-3.788101, 40.47251],
            [-3.787651, 40.47264],
            [-3.787531, 40.47267],
            [-3.787451, 40.47269],
            [-3.787441, 40.47269],
            [-3.787231, 40.47275],
            [-3.786741, 40.47288],
            [-3.786031, 40.47308],
            [-3.785861, 40.47312],
            [-3.785471, 40.47322],
            [-3.784001, 40.47359],
            [-3.783221, 40.47378],
            [-3.782861, 40.47392],
            [-3.782671, 40.47399],
            [-3.781941, 40.47428],
            [-3.780961, 40.4746],
            [-3.78026, 40.47459],
            [-3.7799, 40.47458],
            [-3.77911, 40.47457],
            [-3.77895, 40.47457],
            [-3.77884, 40.47457],
            [-3.77874, 40.47457],
            [-3.7784, 40.47457],
            [-3.77822, 40.47457],
            [-3.77813, 40.47457],
            [-3.77788, 40.47457],
            [-3.77775, 40.47457],
            [-3.77734, 40.47456],
            [-3.777, 40.47456],
            [-3.77687, 40.47456],
            [-3.77679, 40.47456],
            [-3.77674, 40.47456],
            [-3.77569, 40.47454],
            [-3.77275, 40.4745],
            [-3.77248, 40.4745],
            [-3.77236, 40.4745],
            [-3.77226, 40.4745],
            [-3.77204, 40.4745],
            [-3.77173, 40.4745],
            [-3.77157, 40.4745],
            [-3.77149, 40.4745],
            [-3.77108, 40.47449],
            [-3.77087, 40.47447],
            [-3.77034, 40.47442],
            [-3.76959, 40.47436],
            [-3.76945, 40.47434],
            [-3.76935, 40.47433],
            [-3.76906, 40.47432],
            [-3.76893, 40.47431],
            [-3.76875, 40.47429],
            [-3.76857, 40.47428],
            [-3.76834, 40.47426],
            [-3.76812, 40.47424],
            [-3.76811, 40.47424],
            [-3.76764, 40.4742],
            [-3.76688, 40.47413],
            [-3.76649, 40.4741],
            [-3.76648, 40.4741],
            [-3.76647, 40.4741],
            [-3.76645, 40.47408],
            [-3.76593, 40.47396],
            [-3.76588, 40.47395],
            [-3.76587, 40.47393],
            [-3.76363, 40.4734],
            [-3.76355, 40.47339],
            [-3.7636, 40.47252],
            [-3.76348, 40.47244],
            [-3.76342, 40.47242],
            [-3.76337, 40.47242],
            [-3.76322, 40.47242],
            [-3.76314, 40.47242],
            [-3.76304, 40.47241],
            [-3.76278, 40.47235],
            [-3.7626, 40.47231],
            [-3.76252, 40.4723],
            [-3.76242, 40.47228],
            [-3.76228, 40.47228],
            [-3.76198, 40.47229],
            [-3.76157, 40.4723],
            [-3.76107, 40.47231],
            [-3.76081, 40.47231],
            [-3.76048, 40.47233],
            [-3.76039, 40.47233],
            [-3.76025, 40.47231],
            [-3.76024, 40.47231],
            [-3.76021, 40.47231],
            [-3.76009, 40.4723],
            [-3.75996, 40.47228],
            [-3.7599, 40.47228],
            [-3.75987, 40.47228],
            [-3.75984, 40.47229],
            [-3.75973, 40.47231],
            [-3.75967, 40.47234],
            [-3.75961, 40.47237],
            [-3.75951, 40.47245],
            [-3.7595, 40.47246],
            [-3.75948, 40.47247],
            [-3.75944, 40.47249],
            [-3.75934, 40.4725],
            [-3.75924, 40.47255],
            [-3.75918, 40.47257],
            [-3.7591, 40.4726],
            [-3.75905, 40.47262],
            [-3.75901, 40.47263],
            [-3.75889, 40.47265],
            [-3.75886, 40.47265],
            [-3.7588, 40.47265],
            [-3.75877, 40.47264],
            [-3.75871, 40.47262],
            [-3.75861, 40.47258],
            [-3.75842, 40.47257],
            [-3.75839, 40.47257],
            [-3.75829, 40.47258],
            [-3.75826, 40.47336],
            [-3.75829, 40.47354],
            [-3.75837, 40.47368],
            [-3.75845, 40.47376],
            [-3.75859, 40.47384],
            [-3.7591, 40.47407],
            [-3.75918, 40.47411],
            [-3.75916, 40.47411],
            [-3.75897, 40.47409],
            [-3.75883, 40.47409],
            [-3.75867, 40.47411],
            [-3.75855, 40.47415],
            [-3.75854, 40.47416],
            [-3.75843, 40.47421],
            [-3.75837, 40.47425],
            [-3.75834, 40.47427],
            [-3.75828, 40.47434],
            [-3.75825, 40.47437],
            [-3.75823, 40.4744],
            [-3.75818, 40.4745],
            [-3.75816, 40.47456],
            [-3.75813, 40.47465],
            [-3.75778, 40.47837],
            [-3.75774, 40.47854],
            [-3.75774, 40.47856],
            [-3.75771, 40.47863],
            [-3.75767, 40.47871],
            [-3.75757, 40.47887],
            [-3.75748, 40.47901],
            [-3.75747, 40.47905],
            [-3.75744, 40.47914],
            [-3.75742, 40.47931],
            [-3.75754, 40.47972],
            [-3.75739, 40.47976],
            [-3.75732, 40.47978],
            [-3.75731, 40.47978],
            [-3.75715, 40.4798],
            [-3.7571, 40.47979],
            [-3.75708, 40.47979],
            [-3.75704, 40.47978],
            [-3.75702, 40.47977],
            [-3.75702, 40.47977],
            [-3.757, 40.47975],
            [-3.75691, 40.47973],
            [-3.75684, 40.47973],
            [-3.75681, 40.47973],
            [-3.75674, 40.47973],
            [-3.75672, 40.47973],
            [-3.75663, 40.47974],
            [-3.75654, 40.47974],
            [-3.75649, 40.47973],
            [-3.75635, 40.47961],
            [-3.75622, 40.4795],
            [-3.75621, 40.47949],
            [-3.75618, 40.47948],
            [-3.75612, 40.47946],
            [-3.75609, 40.47946],
            [-3.75604, 40.47946],
            [-3.75603, 40.47946],
            [-3.75595, 40.47948],
            [-3.75589, 40.47952],
            [-3.75589, 40.47953],
            [-3.75589, 40.47961],
            [-3.75589, 40.47964],
            [-3.75586, 40.47967],
            [-3.75584, 40.47968],
            [-3.75582, 40.47969],
            [-3.75576, 40.4797],
            [-3.75575, 40.4797],
            [-3.75565, 40.47971],
            [-3.7556, 40.47972],
            [-3.75559, 40.47972],
            [-3.75558, 40.47972],
            [-3.75554, 40.47972],
            [-3.75552, 40.47972],
            [-3.75551, 40.47972],
            [-3.75548, 40.47972],
            [-3.75546, 40.47972],
            [-3.7554, 40.4797],
            [-3.75534, 40.47968],
            [-3.7553, 40.47968],
            [-3.75515, 40.47969],
            [-3.7551, 40.47968],
            [-3.75506, 40.47967],
            [-3.75503, 40.47966],
            [-3.75493, 40.47962],
            [-3.75487, 40.47959],
            [-3.75478, 40.47955],
            [-3.75461, 40.47951],
            [-3.75457, 40.4795],
            [-3.75451, 40.47948],
            [-3.75449, 40.47947],
            [-3.75447, 40.47946],
            [-3.75445, 40.47944],
            [-3.75445, 40.47943],
            [-3.75443, 40.47942],
            [-3.7544, 40.47941],
            [-3.75437, 40.47941],
            [-3.75434, 40.47941],
            [-3.75432, 40.47941],
            [-3.75428, 40.4794],
            [-3.75423, 40.47938],
            [-3.75422, 40.47937],
            [-3.75422, 40.47925],
            [-3.75426, 40.47908],
            [-3.7543, 40.4789],
            [-3.75431, 40.47885],
            [-3.75438, 40.47865],
            [-3.75445, 40.47851],
            [-3.75445, 40.47831],
            [-3.75445, 40.4783],
            [-3.75446, 40.47818],
            [-3.75441, 40.47805],
            [-3.75433, 40.47806],
            [-3.75405, 40.47809],
            [-3.75351, 40.47814],
            [-3.75352, 40.4782],
            [-3.75353, 40.47823],
            [-3.75148, 40.47845],
            [-3.75148, 40.47841],
            [-3.75151, 40.47842],
            [-3.74978, 40.47843],
            [-3.74909, 40.47843],
            [-3.74857, 40.47841],
            [-3.74825, 40.47838],
            [-3.7481, 40.47836],
            [-3.74797, 40.47833],
            [-3.74779, 40.47829],
            [-3.74774, 40.47827],
            [-3.74766, 40.47824],
            [-3.7474, 40.47814],
            [-3.74732, 40.4781],
            [-3.74729, 40.47808],
            [-3.74725, 40.47806],
            [-3.74714, 40.478],
            [-3.74704, 40.47794],
            [-3.74694, 40.47787],
            [-3.74693, 40.47786],
            [-3.74678, 40.47774],
            [-3.74669, 40.4778],
            [-3.74662, 40.47785],
            [-3.74654, 40.4779],
            [-3.74649, 40.47793],
            [-3.74646, 40.47795],
            [-3.74641, 40.47798],
            [-3.74636, 40.47801],
            [-3.74633, 40.47803],
            [-3.74618, 40.47812],
            [-3.74605, 40.4782],
            [-3.74592, 40.47828],
            [-3.74586, 40.47832],
            [-3.74576, 40.47839],
            [-3.74561, 40.47848],
            [-3.7455, 40.47855],
            [-3.7453, 40.47867],
            [-3.74516, 40.47876],
            [-3.74512, 40.47878],
            [-3.74478, 40.479],
            [-3.74475, 40.47902],
            [-3.74471, 40.47905],
            [-3.74469, 40.47906],
            [-3.74468, 40.47907],
            [-3.74468, 40.47907],
            [-3.74466, 40.47908],
            [-3.74452, 40.47916],
            [-3.74449, 40.47918],
            [-3.74438, 40.47925],
            [-3.74426, 40.47933],
            [-3.74416, 40.47939],
            [-3.74391, 40.47955],
            [-3.74381, 40.47962],
            [-3.743609, 40.47975],
            [-3.743529, 40.4798],
            [-3.743399, 40.47988],
            [-3.742949, 40.48015],
            [-3.742859, 40.48021],
            [-3.742769, 40.48027],
            [-3.742639, 40.48035],
            [-3.742529, 40.48042],
            [-3.742229, 40.48061],
            [-3.742029, 40.48073],
            [-3.741919, 40.4808],
            [-3.741809, 40.48087],
            [-3.741759, 40.4809],
            [-3.741619, 40.48099],
            [-3.741939, 40.48114],
            [-3.742829, 40.48155],
            [-3.743699, 40.482],
            [-3.74433, 40.48234],
            [-3.74449, 40.48242],
            [-3.74495, 40.48266],
            [-3.74505, 40.48279],
            [-3.74508, 40.48284],
            [-3.74552, 40.48357],
            [-3.74442, 40.48547],
            [-3.74421, 40.48567],
            [-3.743729, 40.48613],
            [-3.742579, 40.48787],
            [-3.742429, 40.4885],
            [-3.741949, 40.48873],
            [-3.741669, 40.48899],
            [-3.741499, 40.48915],
            [-3.741319, 40.48932],
            [-3.741199, 40.48943],
            [-3.741169, 40.48946],
            [-3.741159, 40.48946],
            [-3.741099, 40.48952],
            [-3.741099, 40.48952],
            [-3.740409, 40.49017],
            [-3.739999, 40.49055],
            [-3.739979, 40.49055],
            [-3.739379, 40.4911],
            [-3.739039, 40.49178],
            [-3.738739, 40.49239],
            [-3.738589, 40.49269],
            [-3.738409, 40.49305],
            [-3.738349, 40.49317],
            [-3.738209, 40.49346],
            [-3.738199, 40.49348],
            [-3.738049, 40.49377],
            [-3.738029, 40.4938],
            [-3.738019, 40.49381],
            [-3.738009, 40.49382],
            [-3.737999, 40.49383],
            [-3.737979, 40.49388],
            [-3.737909, 40.49403],
            [-3.737909, 40.49403],
            [-3.737859, 40.49412],
            [-3.737809, 40.49423],
            [-3.737759, 40.49433],
            [-3.737709, 40.49443],
            [-3.737639, 40.49456],
            [-3.737569, 40.49471],
            [-3.737499, 40.49484],
            [-3.737449, 40.49495],
            [-3.737399, 40.49506],
            [-3.737349, 40.49517],
            [-3.737229, 40.49542],
            [-3.737169, 40.49555],
            [-3.737119, 40.49565],
            [-3.736929, 40.49601],
            [-3.736849, 40.49616],
            [-3.736749, 40.49635],
            [-3.736649, 40.49656],
            [-3.736559, 40.49674],
            [-3.736509, 40.49684],
            [-3.736449, 40.49697],
            [-3.736429, 40.49701],
            [-3.736319, 40.49725],
            [-3.736209, 40.49754],
            [-3.736169, 40.49764],
            [-3.736159, 40.49768],
            [-3.735869, 40.49845],
            [-3.735399, 40.49972],
            [-3.734849, 40.50119],
            [-3.734509, 40.5021],
            [-3.733969, 40.502491],
            [-3.733649, 40.502721],
            [-3.733059, 40.503151],
            [-3.732699, 40.503411],
            [-3.732309, 40.503841],
            [-3.732359, 40.504201],
            [-3.732369, 40.504251],
            [-3.732379, 40.504301],
            [-3.732389, 40.504341],
            [-3.732389, 40.504381],
            [-3.732389, 40.504411],
            [-3.732389, 40.504441],
            [-3.732389, 40.504471],
            [-3.732399, 40.504511],
            [-3.732399, 40.504541],
            [-3.732399, 40.504571],
            [-3.732399, 40.504601],
            [-3.732409, 40.504641],
            [-3.732409, 40.504671],
            [-3.732419, 40.504721],
            [-3.732429, 40.504771],
            [-3.732439, 40.504821],
            [-3.732439, 40.504831],
            [-3.732449, 40.504881],
            [-3.732459, 40.504921],
            [-3.732469, 40.504951],
            [-3.732479, 40.504981],
            [-3.732489, 40.505011],
            [-3.732499, 40.505051],
            [-3.732509, 40.505091],
            [-3.732519, 40.505131],
            [-3.732519, 40.505141],
            [-3.732529, 40.505171],
            [-3.732539, 40.505221],
            [-3.732549, 40.505261],
            [-3.732549, 40.505271],
            [-3.732719, 40.505721],
            [-3.732719, 40.505731],
            [-3.732729, 40.505781],
            [-3.732739, 40.505831],
            [-3.732739, 40.505851],
            [-3.732809, 40.506271],
            [-3.733099, 40.506341],
            [-3.732999, 40.506951],
            [-3.732899, 40.507081],
            [-3.732929, 40.507131],
            [-3.732999, 40.507251],
            [-3.733279, 40.507361],
            [-3.733429, 40.507381],
            [-3.733469, 40.507391],
            [-3.733599, 40.507431],
            [-3.733699, 40.507461],
            [-3.733879, 40.507521],
            [-3.733919, 40.507531],
            [-3.734029, 40.507571],
            [-3.734099, 40.507591],
            [-3.734409, 40.507691],
            [-3.734449, 40.507631],
            [-3.734489, 40.507571],
            [-3.734519, 40.507521],
            [-3.734559, 40.507461],
            [-3.734579, 40.507421],
            [-3.734619, 40.507361],
            [-3.734649, 40.507311],
            [-3.734689, 40.507241],
            [-3.734709, 40.507201],
            [-3.734739, 40.507161],
            [-3.734769, 40.507121],
            [-3.734799, 40.507081],
            [-3.734829, 40.507031],
            [-3.734969, 40.506811],
            [-3.735109, 40.506851],
            [-3.735249, 40.506891],
            [-3.735339, 40.506921],
            [-3.735509, 40.506971],
            [-3.735709, 40.507021],
            [-3.735889, 40.507071],
            [-3.736129, 40.507141],
            [-3.736379, 40.507211],
            [-3.736489, 40.507241],
            [-3.736629, 40.507281],
            [-3.736779, 40.507321],
            [-3.736849, 40.507341],
            [-3.736989, 40.507381],
            [-3.737089, 40.507411],
            [-3.737139, 40.507421],
            [-3.737289, 40.507471],
            [-3.737419, 40.507511],
            [-3.737599, 40.507561],
            [-3.737769, 40.507611],
            [-3.737829, 40.507631],
            [-3.737959, 40.507671],
            [-3.738089, 40.507711],
            [-3.738209, 40.507741],
            [-3.738289, 40.507761],
            [-3.738389, 40.507791],
            [-3.738549, 40.507841],
            [-3.738669, 40.507881],
            [-3.738799, 40.507921],
            [-3.738959, 40.507961],
            [-3.739069, 40.507991],
            [-3.739209, 40.508031],
            [-3.739499, 40.508121],
            [-3.739729, 40.508191],
            [-3.739939, 40.508251],
            [-3.740939, 40.508551],
            [-3.741139, 40.508611],
            [-3.741289, 40.508651],
            [-3.741379, 40.508681],
            [-3.742039, 40.508881],
            [-3.741989, 40.508951],
            [-3.741969, 40.508991],
            [-3.741949, 40.509021],
            [-3.741929, 40.509051],
            [-3.741909, 40.509091],
            [-3.741879, 40.509131],
            [-3.741859, 40.509161],
            [-3.741839, 40.509191],
            [-3.741819, 40.509221],
            [-3.741799, 40.509251],
            [-3.741769, 40.509301],
            [-3.741759, 40.509321],
            [-3.741749, 40.509341],
            [-3.741729, 40.509371],
            [-3.741699, 40.509411],
            [-3.741679, 40.509451],
            [-3.741649, 40.509491],
            [-3.741629, 40.509531],
            [-3.741549, 40.509661],
            [-3.741529, 40.509701],
            [-3.741509, 40.509741],
            [-3.741489, 40.509781],
            [-3.741419, 40.509901],
            [-3.741399, 40.509931],
            [-3.741379, 40.509971],
            [-3.741359, 40.510001],
            [-3.741349, 40.510021],
            [-3.741339, 40.510031],
            [-3.741299, 40.510101],
            [-3.741279, 40.510141],
            [-3.741259, 40.510171],
            [-3.741199, 40.510271],
            [-3.741169, 40.510311],
            [-3.741149, 40.510351],
            [-3.741119, 40.510401],
            [-3.741089, 40.510451],
            [-3.741069, 40.510481],
            [-3.741059, 40.510501],
            [-3.741029, 40.510551],
            [-3.741009, 40.510591],
            [-3.740989, 40.510631],
            [-3.740969, 40.510671],
            [-3.740959, 40.510681],
            [-3.740949, 40.510691],
            [-3.740919, 40.510731],
            [-3.740879, 40.510801],
            [-3.740859, 40.510831],
            [-3.740839, 40.510871],
            [-3.740799, 40.510931],
            [-3.740769, 40.510991],
            [-3.740739, 40.511031],
            [-3.740649, 40.511181],
            [-3.739689, 40.512801],
            [-3.739419, 40.513241],
            [-3.739419, 40.513311],
            [-3.739379, 40.513371],
            [-3.739289, 40.513531],
            [-3.739149, 40.513761],
            [-3.739079, 40.513881],
            [-3.738959, 40.514071],
            [-3.738909, 40.514151],
            [-3.738869, 40.514221],
            [-3.738829, 40.514281],
            [-3.738829, 40.514281],
            [-3.738709, 40.514451],
            [-3.738259, 40.515061],
            [-3.738039, 40.515351],
            [-3.737829, 40.515631],
            [-3.737479, 40.516111],
            [-3.737389, 40.516241],
            [-3.737219, 40.516481],
            [-3.736979, 40.516811],
            [-3.736739, 40.517131],
            [-3.736489, 40.517481],
            [-3.736419, 40.517581],
            [-3.736279, 40.517771],
            [-3.736209, 40.517861],
            [-3.736119, 40.517991],
            [-3.736029, 40.518121],
            [-3.735909, 40.518301],
            [-3.735829, 40.518401],
            [-3.735709, 40.518561],
            [-3.735659, 40.518631],
            [-3.735539, 40.518801],
            [-3.735489, 40.518881],
            [-3.735419, 40.518981],
            [-3.735349, 40.519071],
            [-3.735259, 40.519201],
            [-3.735169, 40.519331],
            [-3.735059, 40.519481],
            [-3.734969, 40.519611],
            [-3.734919, 40.519681],
            [-3.734719, 40.519971],
            [-3.734629, 40.520101],
            [-3.734549, 40.520211],
            [-3.734499, 40.520271],
            [-3.734379, 40.520451],
            [-3.734349, 40.520491],
            [-3.734339, 40.520511],
            [-3.734239, 40.520651],
            [-3.734169, 40.520741],
            [-3.734109, 40.520821],
            [-3.734049, 40.520901],
            [-3.733999, 40.520981],
            [-3.733969, 40.521021],
            [-3.733949, 40.521041],
            [-3.733899, 40.521111],
            [-3.733679, 40.521431],
            [-3.733629, 40.521501],
            [-3.733579, 40.521571],
            [-3.733529, 40.521651],
            [-3.733449, 40.521771],
            [-3.733399, 40.521841],
            [-3.733369, 40.521891],
            [-3.733249, 40.522071],
            [-3.733059, 40.522331],
            [-3.732979, 40.522451],
            [-3.732939, 40.522501],
            [-3.732869, 40.522601],
            [-3.732809, 40.522681],
            [-3.732799, 40.522701],
            [-3.732779, 40.522721],
            [-3.732759, 40.522751],
            [-3.732729, 40.522791],
            [-3.732709, 40.522821],
            [-3.732699, 40.522831],
            [-3.732689, 40.522841],
            [-3.732669, 40.522871],
            [-3.732569, 40.522891],
            [-3.732449, 40.522921],
            [-3.732399, 40.522931],
            [-3.732249, 40.522961],
            [-3.732109, 40.522991],
            [-3.731959, 40.523021],
            [-3.731909, 40.523031],
            [-3.731799, 40.523041],
            [-3.731589, 40.523061],
            [-3.731419, 40.523081],
            [-3.731239, 40.523091],
            [-3.730669, 40.523141],
            [-3.730399, 40.523161],
            [-3.730129, 40.523181],
            [-3.730059, 40.523181],
            [-3.729989, 40.523181],
            [-3.729689, 40.523581],
            [-3.729659, 40.523621],
            [-3.729459, 40.523981],
            [-3.729039, 40.524731],
            [-3.728939, 40.524901],
            [-3.728739, 40.525251],
            [-3.728639, 40.525421],
            [-3.728539, 40.525601],
            [-3.728439, 40.525781],
            [-3.728289, 40.526041],
            [-3.728099, 40.526371],
            [-3.728079, 40.526411],
            [-3.727979, 40.526601],
            [-3.727899, 40.526751],
            [-3.727839, 40.526851],
            [-3.727739, 40.527021],
            [-3.727149, 40.527271],
            [-3.726419, 40.527581],
            [-3.725569, 40.527941],
            [-3.725039, 40.528171],
            [-3.724569, 40.528371],
            [-3.723919, 40.528641],
            [-3.723309, 40.528891],
            [-3.722599, 40.529191],
            [-3.722169, 40.529371],
            [-3.720989, 40.529861],
            [-3.720569, 40.529951],
            [-3.719519, 40.530171],
            [-3.718729, 40.530441],
            [-3.717399, 40.530901],
            [-3.716169, 40.531321],
            [-3.715319, 40.531611],
            [-3.715169, 40.531661],
            [-3.715009, 40.531721],
            [-3.714829, 40.531781],
            [-3.714669, 40.531841],
            [-3.714469, 40.531911],
            [-3.714399, 40.531931],
            [-3.714239, 40.531981],
            [-3.714069, 40.532041],
            [-3.713899, 40.532101],
            [-3.713719, 40.532161],
            [-3.713529, 40.532221],
            [-3.713299, 40.532301],
            [-3.713199, 40.532331],
            [-3.713069, 40.532381],
            [-3.712899, 40.532441],
            [-3.712739, 40.532501],
            [-3.712579, 40.532561],
            [-3.712409, 40.532621],
            [-3.712239, 40.532681],
            [-3.712119, 40.532721],
            [-3.712059, 40.532741],
            [-3.712029, 40.532751],
            [-3.711959, 40.532781],
            [-3.711869, 40.532811],
            [-3.711759, 40.532851],
            [-3.711739, 40.532861],
            [-3.711719, 40.532881],
            [-3.711619, 40.532981],
            [-3.711539, 40.533051],
            [-3.711359, 40.533211],
            [-3.711269, 40.533291],
            [-3.710849, 40.533681],
            [-3.710349, 40.534141],
            [-3.710129, 40.534351],
            [-3.709969, 40.534511],
            [-3.709759, 40.534701],
            [-3.709439, 40.535001],
            [-3.709139, 40.535281],
            [-3.708749, 40.535642],
            [-3.707789, 40.536532],
            [-3.707609, 40.536702],
            [-3.707509, 40.536812],
            [-3.707379, 40.536982],
            [-3.707159, 40.537252],
            [-3.707089, 40.537342],
            [-3.706999, 40.537462],
            [-3.706889, 40.537602],
            [-3.706498, 40.538102],
            [-3.706278, 40.538372],
            [-3.706028, 40.538692],
            [-3.705868, 40.538882],
            [-3.705748, 40.539042],
            [-3.705578, 40.539252],
            [-3.705468, 40.539402],
            [-3.705668, 40.539542],
            [-3.706088, 40.539842],
            [-3.706278, 40.539982],
            [-3.706418, 40.540082],
            [-3.706528, 40.540162],
            [-3.706669, 40.540282],
            [-3.706779, 40.540382],
            [-3.706839, 40.540432],
            [-3.706879, 40.540462],
            [-3.706999, 40.540572],
            [-3.707049, 40.540612],
            [-3.707089, 40.540652],
            [-3.707149, 40.540712],
            [-3.707199, 40.540762],
            [-3.707309, 40.540882],
            [-3.707349, 40.540922],
            [-3.707689, 40.541372],
            [-3.707819, 40.541542],
            [-3.707909, 40.541672],
            [-3.707919, 40.541682],
            [-3.707949, 40.541732],
            [-3.707989, 40.541802],
            [-3.708039, 40.541892],
            [-3.708149, 40.542092],
            [-3.708259, 40.542292],
            [-3.708329, 40.542412],
            [-3.708379, 40.542492],
            [-3.708489, 40.542692],
            [-3.708559, 40.542802],
            [-3.708589, 40.542862],
            [-3.708649, 40.542962],
            [-3.708979, 40.543582],
            [-3.709109, 40.543822],
            [-3.709159, 40.543912],
            [-3.709229, 40.544052],
            [-3.709349, 40.544272],
            [-3.709359, 40.544302],
            [-3.709419, 40.544422],
            [-3.709539, 40.544632],
            [-3.709579, 40.544712],
            [-3.709699, 40.544952],
            [-3.709839, 40.545202],
            [-3.709909, 40.545332],
            [-3.710029, 40.545552],
            [-3.710189, 40.545852],
            [-3.710299, 40.546062],
            [-3.710329, 40.546112],
            [-3.710499, 40.546432],
            [-3.710629, 40.546722],
            [-3.710719, 40.546912],
            [-3.710749, 40.547002],
            [-3.710809, 40.547162],
            [-3.710849, 40.547282],
            [-3.711109, 40.548082],
            [-3.711239, 40.548452],
            [-3.711309, 40.548692],
            [-3.711409, 40.548972],
            [-3.711699, 40.549842],
            [-3.712029, 40.550852],
            [-3.712619, 40.552672],
            [-3.712959, 40.553712],
            [-3.713149, 40.554312],
            [-3.713359, 40.554942],
            [-3.713579, 40.555622],
            [-3.713649, 40.555822],
            [-3.713669, 40.555882],
            [-3.713969, 40.556752],
            [-3.714149, 40.556902],
            [-3.714649, 40.557332],
            [-3.715039, 40.557652],
            [-3.715269, 40.557842],
            [-3.715229, 40.557912],
            [-3.715079, 40.558162],
            [-3.714889, 40.558462],
            [-3.714699, 40.558782],
            [-3.715029, 40.559822],
            [-3.715139, 40.560142],
            [-3.715199, 40.560322],
            [-3.715289, 40.560572],
            [-3.715339, 40.560752],
            [-3.715399, 40.560882],
            [-3.715469, 40.561122],
            [-3.715489, 40.561182],
            [-3.715509, 40.561222],
            [-3.715589, 40.561462],
            [-3.715709, 40.561822],
            [-3.715779, 40.562052],
            [-3.715789, 40.562082],
            [-3.715859, 40.562272],
            [-3.715889, 40.562372],
            [-3.715969, 40.562602],
            [-3.715999, 40.562672],
            [-3.716039, 40.562792],
            [-3.716069, 40.562892],
            [-3.716129, 40.563072],
            [-3.716139, 40.563102],
            [-3.716239, 40.563782],
            [-3.716319, 40.564322],
            [-3.716329, 40.564432],
            [-3.716349, 40.564582],
            [-3.716359, 40.564702],
            [-3.716369, 40.564782],
            [-3.716399, 40.564992],
            [-3.716409, 40.565052],
            [-3.716419, 40.565152],
            [-3.716419, 40.565172],
            [-3.716349, 40.565492],
            [-3.716269, 40.565832],
            [-3.716159, 40.566292],
            [-3.716099, 40.566552],
            [-3.716119, 40.566572],
            [-3.716089, 40.566612],
            [-3.715989, 40.566762],
            [-3.715179, 40.567962],
            [-3.714939, 40.568292],
            [-3.714549, 40.568823],
            [-3.714099, 40.569413],
            [-3.713759, 40.569883],
            [-3.713349, 40.570393],
            [-3.713189, 40.570603],
            [-3.712789, 40.571093],
            [-3.712619, 40.571333],
            [-3.712589, 40.571393],
            [-3.712379, 40.571713],
            [-3.712289, 40.571913],
            [-3.712239, 40.572073],
            [-3.712129, 40.572373],
            [-3.711799, 40.572843],
            [-3.711659, 40.573463],
            [-3.711509, 40.574093],
            [-3.711379, 40.574623],
            [-3.711319, 40.574913],
            [-3.711199, 40.575513],
            [-3.711139, 40.575753],
            [-3.711049, 40.576163],
            [-3.711009, 40.576313],
            [-3.710979, 40.576493],
            [-3.710919, 40.576753],
            [-3.710799, 40.577353],
            [-3.710759, 40.577593],
            [-3.710689, 40.577873],
            [-3.710649, 40.578023],
            [-3.710629, 40.578113],
            [-3.710599, 40.578253],
            [-3.710549, 40.578443],
            [-3.710539, 40.578513],
            [-3.710309, 40.578513],
            [-3.703718, 40.578563],
            [-3.701648, 40.578533],
            [-3.701648, 40.578533],
            [-3.701588, 40.578533]
          ]
        ]
      }
    },
    {
      "type": "Feature",
      "properties": {
        "id": "el-plantio",
        "name": "El Plantío",
        "cityId": "madrid"
      },
      "geometry": {
        "type": "Polygon",
        "coordinates": [
          [
            [-3.799001, 40.459069],
            [-3.798981, 40.459209],
            [-3.798981, 40.459219],
            [-3.798971, 40.459279],
            [-3.798961, 40.459479],
            [-3.798961, 40.459619],
            [-3.798961, 40.459669],
            [-3.798971, 40.459949],
            [-3.798981, 40.460079],
            [-3.798991, 40.460209],
            [-3.799031, 40.460449],
            [-3.799081, 40.460679],
            [-3.799141, 40.460889],
            [-3.799161, 40.460959],
            [-3.799221, 40.461139],
            [-3.799321, 40.461409],
            [-3.799411, 40.461589],
            [-3.799441, 40.461649],
            [-3.799501, 40.461769],
            [-3.799671, 40.462059],
            [-3.799871, 40.462349],
            [-3.800011, 40.462539],
            [-3.800171, 40.462729],
            [-3.800211, 40.462769],
            [-3.800291, 40.462859],
            [-3.800461, 40.463039],
            [-3.800681, 40.463249],
            [-3.800731, 40.463299],
            [-3.800851, 40.463399],
            [-3.800971, 40.463499],
            [-3.801121, 40.463609],
            [-3.801231, 40.463699],
            [-3.801471, 40.463849],
            [-3.801101, 40.465629],
            [-3.800571, 40.465569],
            [-3.800241, 40.465529],
            [-3.800211, 40.465489],
            [-3.800091, 40.466059],
            [-3.800031, 40.466359],
            [-3.800031, 40.466419],
            [-3.800031, 40.466479],
            [-3.800081, 40.466549],
            [-3.800111, 40.466599],
            [-3.800251, 40.466739],
            [-3.800411, 40.466899],
            [-3.800981, 40.467459],
            [-3.801231, 40.467699],
            [-3.802081, 40.468519],
            [-3.801941, 40.468589],
            [-3.801821, 40.468649],
            [-3.801721, 40.468699],
            [-3.801511, 40.468769],
            [-3.801451, 40.468789],
            [-3.801101, 40.468899],
            [-3.800371, 40.469099],
            [-3.800211, 40.469139],
            [-3.800181, 40.4692],
            [-3.800241, 40.46918],
            [-3.801101, 40.46943],
            [-3.801881, 40.46965],
            [-3.802151, 40.46973],
            [-3.802421, 40.4698],
            [-3.802691, 40.46988],
            [-3.802931, 40.46995],
            [-3.803131, 40.47001],
            [-3.803861, 40.47022],
            [-3.805121, 40.47058],
            [-3.805611, 40.47072],
            [-3.806121, 40.47087],
            [-3.810321, 40.47207],
            [-3.810791, 40.4722],
            [-3.812011, 40.47255],
            [-3.812401, 40.47266],
            [-3.812451, 40.47268],
            [-3.812551, 40.47271],
            [-3.812611, 40.47273],
            [-3.812651, 40.47274],
            [-3.812721, 40.47276],
            [-3.812831, 40.47279],
            [-3.812991, 40.47283],
            [-3.813161, 40.47288],
            [-3.813321, 40.47293],
            [-3.813591, 40.47301],
            [-3.813711, 40.47304],
            [-3.813811, 40.47307],
            [-3.814211, 40.47319],
            [-3.814521, 40.47328],
            [-3.814631, 40.47331],
            [-3.814801, 40.47336],
            [-3.815701, 40.47362],
            [-3.815941, 40.47369],
            [-3.816041, 40.47372],
            [-3.816211, 40.47377],
            [-3.816521, 40.47386],
            [-3.816871, 40.47396],
            [-3.817371, 40.4741],
            [-3.817541, 40.47415],
            [-3.817651, 40.47418],
            [-3.817701, 40.47419],
            [-3.817891, 40.47424],
            [-3.818352, 40.47437],
            [-3.818762, 40.47449],
            [-3.818932, 40.47454],
            [-3.818952, 40.47455],
            [-3.819212, 40.47463],
            [-3.819292, 40.47465],
            [-3.819372, 40.47467],
            [-3.819752, 40.47478],
            [-3.820142, 40.47489],
            [-3.820252, 40.47492],
            [-3.820252, 40.47492],
            [-3.820602, 40.47502],
            [-3.820902, 40.47511],
            [-3.821282, 40.47522],
            [-3.821772, 40.47536],
            [-3.821962, 40.47542],
            [-3.822532, 40.47558],
            [-3.822722, 40.47564],
            [-3.822982, 40.47571],
            [-3.823352, 40.47582],
            [-3.823412, 40.47584],
            [-3.823532, 40.47587],
            [-3.823852, 40.47596],
            [-3.824592, 40.47617],
            [-3.824712, 40.4762],
            [-3.825212, 40.47634],
            [-3.825702, 40.47648],
            [-3.826152, 40.47661],
            [-3.826532, 40.47672],
            [-3.826622, 40.47675],
            [-3.826732, 40.47678],
            [-3.827142, 40.4769],
            [-3.827542, 40.47701],
            [-3.827772, 40.47707],
            [-3.827852, 40.47709],
            [-3.828232, 40.47719],
            [-3.828502, 40.47727],
            [-3.828512, 40.47727],
            [-3.828552, 40.47728],
            [-3.828732, 40.47733],
            [-3.828762, 40.47734],
            [-3.828892, 40.47738],
            [-3.829272, 40.47749],
            [-3.829302, 40.4775],
            [-3.829602, 40.47758],
            [-3.829812, 40.47764],
            [-3.829992, 40.47769],
            [-3.830282, 40.47777],
            [-3.830602, 40.47786],
            [-3.830712, 40.47789],
            [-3.830902, 40.47794],
            [-3.831272, 40.47805],
            [-3.831742, 40.47818],
            [-3.831852, 40.47821],
            [-3.832242, 40.47833],
            [-3.832682, 40.47845],
            [-3.832732, 40.47846],
            [-3.832742, 40.47846],
            [-3.832772, 40.47847],
            [-3.833092, 40.47855],
            [-3.833382, 40.47863],
            [-3.833612, 40.4787],
            [-3.834132, 40.47885],
            [-3.834222, 40.47888],
            [-3.834672, 40.47901],
            [-3.834892, 40.47907],
            [-3.835192, 40.47916],
            [-3.835742, 40.47932],
            [-3.836652, 40.47958],
            [-3.836652, 40.47958],
            [-3.836752, 40.47909],
            [-3.836782, 40.47893],
            [-3.836812, 40.47876],
            [-3.836862, 40.47852],
            [-3.836932, 40.47819],
            [-3.836962, 40.478],
            [-3.837002, 40.47775],
            [-3.837072, 40.47738],
            [-3.837152, 40.47706],
            [-3.837182, 40.47694],
            [-3.837212, 40.47682],
            [-3.837232, 40.47671],
            [-3.837242, 40.47665],
            [-3.837262, 40.47654],
            [-3.837312, 40.47629],
            [-3.837322, 40.47623],
            [-3.837322, 40.47622],
            [-3.837332, 40.47618],
            [-3.837352, 40.47607],
            [-3.837362, 40.47599],
            [-3.837402, 40.47579],
            [-3.837412, 40.47575],
            [-3.836742, 40.47513],
            [-3.836132, 40.4749],
            [-3.836252, 40.47472],
            [-3.836612, 40.47417],
            [-3.836892, 40.47375],
            [-3.837402, 40.47297],
            [-3.837362, 40.47296],
            [-3.837542, 40.4726],
            [-3.838152, 40.47094],
            [-3.838272, 40.467779],
            [-3.836932, 40.466989],
            [-3.835652, 40.465849],
            [-3.834372, 40.464429],
            [-3.830802, 40.465899],
            [-3.828942, 40.466359],
            [-3.827142, 40.466089],
            [-3.825842, 40.465349],
            [-3.824872, 40.464799],
            [-3.823682, 40.464609],
            [-3.822252, 40.464699],
            [-3.820962, 40.464389],
            [-3.819862, 40.464319],
            [-3.818802, 40.464369],
            [-3.817471, 40.464289],
            [-3.815231, 40.463629],
            [-3.812891, 40.463629],
            [-3.810151, 40.464219],
            [-3.807411, 40.463449],
            [-3.804231, 40.462969],
            [-3.802571, 40.462069],
            [-3.800611, 40.460269],
            [-3.799021, 40.459059],
            [-3.799001, 40.459069]
          ]
        ]
      }
    },
    {
      "type": "Feature",
      "properties": {
        "id": "el-salvador",
        "name": "El Salvador",
        "cityId": "madrid"
      },
      "geometry": {
        "type": "Polygon",
        "coordinates": [
          [
            [-3.626286, 40.449509],
            [-3.627666, 40.449469],
            [-3.628416, 40.449449],
            [-3.629446, 40.449409],
            [-3.630686, 40.449369],
            [-3.631966, 40.449229],
            [-3.633497, 40.448989],
            [-3.634397, 40.448849],
            [-3.635107, 40.448729],
            [-3.635737, 40.448639],
            [-3.636097, 40.448599],
            [-3.636657, 40.448559],
            [-3.637307, 40.448559],
            [-3.637997, 40.448589],
            [-3.639837, 40.448849],
            [-3.642757, 40.449319],
            [-3.643837, 40.449499],
            [-3.645077, 40.449699],
            [-3.646057, 40.449809],
            [-3.646697, 40.449789],
            [-3.647277, 40.449679],
            [-3.647827, 40.449529],
            [-3.647827, 40.449529],
            [-3.648117, 40.449449],
            [-3.647447, 40.448569],
            [-3.646477, 40.447689],
            [-3.644907, 40.446909],
            [-3.644897, 40.446929],
            [-3.643117, 40.446089],
            [-3.640467, 40.444799],
            [-3.640217, 40.444639],
            [-3.640007, 40.444469],
            [-3.639717, 40.444219],
            [-3.639447, 40.443949],
            [-3.639167, 40.443679],
            [-3.638987, 40.443439],
            [-3.638357, 40.442589],
            [-3.638367, 40.442589],
            [-3.637527, 40.441419],
            [-3.637317, 40.441129],
            [-3.636587, 40.440129],
            [-3.635467, 40.438579],
            [-3.635477, 40.438559],
            [-3.634047, 40.438949],
            [-3.632847, 40.439279],
            [-3.632106, 40.439479],
            [-3.630646, 40.439869],
            [-3.628106, 40.440569],
            [-3.625636, 40.441249],
            [-3.623496, 40.441839],
            [-3.620136, 40.442749],
            [-3.617676, 40.443429],
            [-3.616896, 40.443699],
            [-3.616906, 40.443699],
            [-3.616796, 40.443759],
            [-3.616126, 40.444129],
            [-3.616646, 40.444569],
            [-3.616996, 40.444709],
            [-3.617376, 40.444909],
            [-3.618026, 40.445019],
            [-3.618516, 40.446259],
            [-3.619206, 40.446939],
            [-3.619316, 40.447179],
            [-3.619566, 40.447749],
            [-3.619546, 40.447839],
            [-3.619936, 40.449679],
            [-3.619936, 40.449689],
            [-3.622306, 40.449679],
            [-3.626286, 40.449529],
            [-3.626286, 40.449509]
          ]
        ]
      }
    },
    {
      "type": "Feature",
      "properties": {
        "id": "el-viso",
        "name": "El Viso",
        "cityId": "madrid"
      },
      "geometry": {
        "type": "Polygon",
        "coordinates": [
          [
            [-3.679128, 40.437449],
            [-3.679008, 40.438939],
            [-3.678808, 40.440739],
            [-3.678698, 40.441719],
            [-3.678698, 40.441709],
            [-3.678418, 40.444239],
            [-3.678148, 40.446659],
            [-3.677918, 40.448719],
            [-3.677578, 40.451679],
            [-3.677568, 40.451679],
            [-3.678768, 40.451679],
            [-3.681408, 40.451679],
            [-3.685908, 40.451839],
            [-3.689248, 40.452039],
            [-3.690698, 40.452129],
            [-3.691148, 40.447469],
            [-3.691268, 40.446209],
            [-3.691258, 40.446219],
            [-3.691788, 40.441259],
            [-3.691118, 40.439209],
            [-3.690718, 40.437979],
            [-3.686258, 40.437799],
            [-3.685198, 40.437749],
            [-3.684198, 40.437699],
            [-3.683118, 40.437649],
            [-3.681768, 40.437589],
            [-3.680498, 40.437519],
            [-3.679128, 40.437449]
          ]
        ]
      }
    },
    {
      "type": "Feature",
      "properties": {
        "id": "embajadores",
        "name": "Embajadores",
        "cityId": "madrid"
      },
      "geometry": {
        "type": "Polygon",
        "coordinates": [
          [
            [-3.703928, 40.414308],
            [-3.704618, 40.413988],
            [-3.704728, 40.413948],
            [-3.704818, 40.413938],
            [-3.704928, 40.413938],
            [-3.705558, 40.413978],
            [-3.706078, 40.413998],
            [-3.706338, 40.413968],
            [-3.707389, 40.413638],
            [-3.707479, 40.413528],
            [-3.707429, 40.413348],
            [-3.707539, 40.412798],
            [-3.708229, 40.411448],
            [-3.708429, 40.411268],
            [-3.708479, 40.411178],
            [-3.709149, 40.410388],
            [-3.710099, 40.409178],
            [-3.710229, 40.409028],
            [-3.711049, 40.408008],
            [-3.711679, 40.406668],
            [-3.711289, 40.406568],
            [-3.709919, 40.406338],
            [-3.709539, 40.406288],
            [-3.708409, 40.406078],
            [-3.707099, 40.405808],
            [-3.706508, 40.405688],
            [-3.703888, 40.405208],
            [-3.702978, 40.405078],
            [-3.702558, 40.405088],
            [-3.702548, 40.405068],
            [-3.700998, 40.405498],
            [-3.700978, 40.405498],
            [-3.700078, 40.405728],
            [-3.699378, 40.405918],
            [-3.697948, 40.406318],
            [-3.697878, 40.406338],
            [-3.695418, 40.406988],
            [-3.695298, 40.406948],
            [-3.694118, 40.407268],
            [-3.693978, 40.407288],
            [-3.693918, 40.407278],
            [-3.693868, 40.407248],
            [-3.693698, 40.407118],
            [-3.693248, 40.406978],
            [-3.693218, 40.407188],
            [-3.693178, 40.407338],
            [-3.693028, 40.407558],
            [-3.693008, 40.407568],
            [-3.692968, 40.407618],
            [-3.692968, 40.407618],
            [-3.692838, 40.407778],
            [-3.692568, 40.408008],
            [-3.691858, 40.408438],
            [-3.692028, 40.408698],
            [-3.691938, 40.409088],
            [-3.691938, 40.409078],
            [-3.694058, 40.409938],
            [-3.695748, 40.410668],
            [-3.696798, 40.411188],
            [-3.698618, 40.412128],
            [-3.699018, 40.412318],
            [-3.700008, 40.412828],
            [-3.701518, 40.413448],
            [-3.702848, 40.413918],
            [-3.703918, 40.414298],
            [-3.703928, 40.414308]
          ]
        ]
      }
    },
    {
      "type": "Feature",
      "properties": {
        "id": "ensanche-de-vallecas",
        "name": "Ensanche de Vallecas",
        "cityId": "madrid"
      },
      "geometry": {
        "type": "Polygon",
        "coordinates": [
          [
            [-3.600686, 40.376727],
            [-3.600996, 40.376577],
            [-3.601226, 40.376477],
            [-3.601366, 40.376417],
            [-3.601536, 40.376367],
            [-3.601646, 40.376337],
            [-3.601776, 40.376317],
            [-3.601906, 40.376307],
            [-3.602276, 40.376287],
            [-3.602426, 40.376267],
            [-3.602566, 40.376247],
            [-3.602776, 40.376197],
            [-3.603066, 40.376107],
            [-3.603466, 40.375947],
            [-3.603916, 40.376127],
            [-3.605776, 40.376857],
            [-3.607876, 40.377687],
            [-3.609366, 40.378267],
            [-3.610026, 40.378527],
            [-3.610646, 40.378757],
            [-3.611076, 40.378887],
            [-3.611516, 40.378997],
            [-3.611856, 40.379057],
            [-3.612146, 40.379107],
            [-3.612686, 40.379167],
            [-3.613656, 40.379247],
            [-3.613666, 40.379247],
            [-3.613606, 40.379217],
            [-3.613706, 40.378927],
            [-3.613826, 40.378617],
            [-3.614156, 40.377787],
            [-3.614976, 40.375657],
            [-3.615116, 40.375297],
            [-3.615246, 40.374967],
            [-3.615456, 40.374427],
            [-3.615536, 40.374207],
            [-3.615586, 40.374027],
            [-3.615646, 40.373747],
            [-3.615666, 40.373507],
            [-3.615666, 40.373277],
            [-3.615656, 40.373117],
            [-3.615596, 40.372797],
            [-3.615496, 40.372487],
            [-3.615326, 40.372147],
            [-3.615216, 40.371987],
            [-3.616086, 40.371597],
            [-3.615406, 40.370647],
            [-3.617126, 40.369877],
            [-3.617606, 40.369716],
            [-3.618986, 40.369466],
            [-3.620886, 40.369186],
            [-3.621536, 40.369086],
            [-3.623766, 40.368696],
            [-3.623746, 40.368946],
            [-3.623816, 40.369056],
            [-3.624116, 40.369656],
            [-3.624306, 40.370047],
            [-3.624596, 40.370647],
            [-3.624966, 40.371427],
            [-3.625076, 40.371637],
            [-3.625116, 40.371697],
            [-3.625136, 40.371717],
            [-3.625176, 40.371767],
            [-3.625216, 40.371807],
            [-3.625386, 40.371947],
            [-3.625476, 40.372027],
            [-3.625656, 40.372187],
            [-3.625716, 40.372237],
            [-3.624766, 40.373027],
            [-3.626506, 40.374257],
            [-3.626506, 40.374257],
            [-3.625796, 40.374837],
            [-3.624996, 40.375487],
            [-3.624696, 40.375777],
            [-3.624646, 40.375887],
            [-3.624756, 40.375937],
            [-3.625006, 40.376017],
            [-3.625206, 40.376117],
            [-3.625656, 40.376507],
            [-3.626186, 40.376957],
            [-3.626566, 40.377317],
            [-3.626786, 40.377277],
            [-3.627076, 40.377257],
            [-3.627266, 40.377247],
            [-3.627836, 40.377207],
            [-3.628136, 40.377187],
            [-3.628286, 40.377187],
            [-3.628346, 40.377187],
            [-3.628776, 40.377167],
            [-3.629106, 40.377157],
            [-3.629376, 40.377147],
            [-3.629656, 40.377137],
            [-3.629746, 40.377137],
            [-3.629956, 40.377087],
            [-3.630246, 40.376877],
            [-3.630516, 40.376667],
            [-3.631146, 40.376227],
            [-3.631336, 40.376097],
            [-3.631516, 40.375977],
            [-3.631706, 40.375847],
            [-3.631916, 40.375707],
            [-3.632146, 40.375557],
            [-3.632386, 40.375427],
            [-3.632527, 40.375357],
            [-3.632527, 40.374767],
            [-3.632517, 40.373907],
            [-3.632507, 40.373027],
            [-3.632507, 40.372787],
            [-3.632497, 40.371667],
            [-3.632486, 40.371037],
            [-3.632476, 40.370227],
            [-3.631636, 40.369817],
            [-3.629426, 40.368726],
            [-3.625756, 40.366916],
            [-3.625506, 40.366776],
            [-3.622546, 40.365326],
            [-3.619426, 40.363796],
            [-3.615346, 40.361766],
            [-3.612426, 40.360316],
            [-3.608996, 40.363856],
            [-3.606066, 40.362416],
            [-3.604146, 40.361476],
            [-3.603826, 40.361316],
            [-3.603456, 40.361036],
            [-3.603246, 40.360806],
            [-3.602996, 40.360476],
            [-3.602736, 40.360146],
            [-3.602416, 40.359806],
            [-3.601976, 40.359346],
            [-3.601536, 40.358986],
            [-3.601076, 40.358616],
            [-3.600676, 40.358356],
            [-3.600166, 40.358066],
            [-3.599686, 40.357806],
            [-3.599156, 40.357566],
            [-3.598656, 40.357356],
            [-3.598076, 40.357156],
            [-3.597526, 40.357016],
            [-3.594825, 40.356296],
            [-3.592105, 40.355606],
            [-3.592095, 40.355606],
            [-3.592375, 40.355266],
            [-3.592485, 40.355086],
            [-3.592525, 40.354946],
            [-3.592545, 40.354776],
            [-3.592515, 40.354616],
            [-3.592475, 40.354496],
            [-3.592425, 40.354406],
            [-3.592365, 40.354336],
            [-3.592265, 40.354236],
            [-3.592175, 40.354156],
            [-3.592035, 40.354076],
            [-3.591885, 40.354016],
            [-3.591685, 40.353956],
            [-3.590635, 40.353686],
            [-3.589645, 40.353426],
            [-3.589325, 40.353326],
            [-3.589225, 40.353276],
            [-3.589145, 40.353236],
            [-3.588835, 40.353056],
            [-3.588475, 40.352826],
            [-3.588335, 40.352746],
            [-3.588245, 40.352706],
            [-3.588175, 40.352666],
            [-3.588045, 40.352626],
            [-3.587785, 40.352566],
            [-3.586925, 40.352426],
            [-3.585655, 40.352206],
            [-3.583695, 40.352006],
            [-3.583485, 40.352626],
            [-3.583365, 40.352946],
            [-3.583105, 40.353556],
            [-3.582845, 40.354246],
            [-3.582635, 40.354816],
            [-3.582465, 40.355306],
            [-3.582275, 40.355906],
            [-3.582105, 40.356386],
            [-3.581885, 40.356996],
            [-3.581835, 40.357156],
            [-3.581725, 40.357476],
            [-3.581645, 40.357716],
            [-3.581525, 40.358026],
            [-3.581415, 40.358306],
            [-3.581375, 40.358456],
            [-3.581275, 40.358656],
            [-3.581175, 40.358856],
            [-3.581075, 40.359176],
            [-3.581005, 40.359276],
            [-3.580875, 40.359456],
            [-3.580755, 40.359656],
            [-3.580705, 40.359756],
            [-3.580675, 40.359866],
            [-3.580615, 40.360086],
            [-3.580575, 40.360176],
            [-3.580515, 40.360306],
            [-3.580385, 40.360436],
            [-3.580285, 40.360576],
            [-3.580205, 40.360736],
            [-3.580175, 40.360796],
            [-3.580135, 40.360836],
            [-3.579985, 40.360976],
            [-3.579845, 40.361136],
            [-3.579805, 40.361206],
            [-3.579785, 40.361256],
            [-3.579775, 40.361316],
            [-3.579765, 40.361376],
            [-3.579755, 40.361446],
            [-3.579755, 40.361486],
            [-3.579755, 40.361526],
            [-3.579755, 40.361576],
            [-3.579755, 40.361636],
            [-3.579755, 40.361706],
            [-3.579745, 40.361766],
            [-3.579735, 40.361796],
            [-3.579725, 40.361836],
            [-3.579655, 40.361926],
            [-3.579615, 40.361966],
            [-3.579685, 40.362026],
            [-3.579895, 40.362186],
            [-3.580165, 40.362396],
            [-3.580325, 40.362526],
            [-3.580425, 40.362636],
            [-3.580495, 40.362726],
            [-3.580525, 40.362816],
            [-3.580535, 40.362896],
            [-3.580525, 40.362966],
            [-3.580515, 40.362986],
            [-3.580485, 40.363016],
            [-3.580465, 40.363026],
            [-3.580195, 40.363136],
            [-3.579455, 40.363406],
            [-3.578855, 40.363636],
            [-3.578625, 40.363726],
            [-3.578485, 40.363816],
            [-3.578235, 40.364006],
            [-3.577975, 40.364206],
            [-3.577625, 40.364476],
            [-3.577325, 40.364706],
            [-3.577045, 40.364896],
            [-3.576755, 40.365146],
            [-3.576225, 40.365736],
            [-3.576745, 40.366086],
            [-3.577005, 40.366246],
            [-3.577405, 40.366466],
            [-3.577675, 40.366596],
            [-3.577945, 40.366706],
            [-3.578265, 40.366826],
            [-3.578545, 40.366916],
            [-3.578915, 40.367006],
            [-3.579285, 40.367076],
            [-3.579645, 40.367126],
            [-3.580105, 40.367156],
            [-3.581595, 40.367216],
            [-3.582515, 40.367246],
            [-3.583325, 40.367286],
            [-3.583805, 40.367336],
            [-3.584325, 40.367436],
            [-3.584895, 40.367586],
            [-3.585255, 40.367726],
            [-3.585595, 40.367866],
            [-3.585945, 40.368036],
            [-3.587725, 40.368976],
            [-3.589395, 40.369817],
            [-3.590755, 40.370447],
            [-3.592255, 40.371167],
            [-3.595666, 40.372807],
            [-3.597426, 40.373657],
            [-3.598406, 40.374147],
            [-3.598666, 40.374307],
            [-3.598826, 40.374407],
            [-3.599016, 40.374537],
            [-3.599236, 40.374697],
            [-3.599516, 40.374937],
            [-3.599776, 40.375217],
            [-3.600006, 40.375507],
            [-3.600206, 40.375807],
            [-3.600696, 40.376697],
            [-3.600686, 40.376727]
          ]
        ]
      }
    },
    {
      "type": "Feature",
      "properties": {
        "id": "entrevias",
        "name": "Entrevías",
        "cityId": "madrid"
      },
      "geometry": {
        "type": "Polygon",
        "coordinates": [
          [
            [-3.654387, 40.376027],
            [-3.654757, 40.376027],
            [-3.655707, 40.376107],
            [-3.655827, 40.376117],
            [-3.656387, 40.376187],
            [-3.656677, 40.376227],
            [-3.656887, 40.376257],
            [-3.658157, 40.376457],
            [-3.658697, 40.376607],
            [-3.659007, 40.376697],
            [-3.659327, 40.376787],
            [-3.659967, 40.376957],
            [-3.660377, 40.377067],
            [-3.661257, 40.377347],
            [-3.661547, 40.377457],
            [-3.661857, 40.377587],
            [-3.662167, 40.377717],
            [-3.662447, 40.377837],
            [-3.663067, 40.378117],
            [-3.663687, 40.378437],
            [-3.664317, 40.378787],
            [-3.665087, 40.379267],
            [-3.665267, 40.379387],
            [-3.665477, 40.379527],
            [-3.665637, 40.379627],
            [-3.666357, 40.380177],
            [-3.666397, 40.380207],
            [-3.666977, 40.380657],
            [-3.666957, 40.380647],
            [-3.667247, 40.380937],
            [-3.667717, 40.381407],
            [-3.667997, 40.381687],
            [-3.668227, 40.381957],
            [-3.668307, 40.382047],
            [-3.668647, 40.382437],
            [-3.668707, 40.382507],
            [-3.668777, 40.382587],
            [-3.668897, 40.382737],
            [-3.669077, 40.382987],
            [-3.669377, 40.383397],
            [-3.669708, 40.383897],
            [-3.670078, 40.384457],
            [-3.670288, 40.384847],
            [-3.670408, 40.385077],
            [-3.670788, 40.385827],
            [-3.671098, 40.386717],
            [-3.671238, 40.387117],
            [-3.671418, 40.387707],
            [-3.671658, 40.388487],
            [-3.671978, 40.389617],
            [-3.672028, 40.389777],
            [-3.672078, 40.389947],
            [-3.672138, 40.390157],
            [-3.672158, 40.390247],
            [-3.672218, 40.390447],
            [-3.672448, 40.391457],
            [-3.672508, 40.391767],
            [-3.673158, 40.393577],
            [-3.673528, 40.394337],
            [-3.673518, 40.394307],
            [-3.674538, 40.393747],
            [-3.675258, 40.393257],
            [-3.676448, 40.392327],
            [-3.676438, 40.392327],
            [-3.677558, 40.391477],
            [-3.678278, 40.390907],
            [-3.678708, 40.390497],
            [-3.679138, 40.389987],
            [-3.682338, 40.385117],
            [-3.682718, 40.384647],
            [-3.682938, 40.384437],
            [-3.683148, 40.384277],
            [-3.683348, 40.384137],
            [-3.683598, 40.383997],
            [-3.683968, 40.383877],
            [-3.684308, 40.383787],
            [-3.684858, 40.383677],
            [-3.686968, 40.383277],
            [-3.687448, 40.383167],
            [-3.688218, 40.382977],
            [-3.688748, 40.382797],
            [-3.689108, 40.382657],
            [-3.689478, 40.382487],
            [-3.689748, 40.382327],
            [-3.689748, 40.382317],
            [-3.689548, 40.382057],
            [-3.689438, 40.381857],
            [-3.689328, 40.381637],
            [-3.689188, 40.381347],
            [-3.689018, 40.380727],
            [-3.688958, 40.380437],
            [-3.688908, 40.380187],
            [-3.688898, 40.380017],
            [-3.688878, 40.379817],
            [-3.688838, 40.379687],
            [-3.688768, 40.379577],
            [-3.688658, 40.379397],
            [-3.688548, 40.379187],
            [-3.688378, 40.378977],
            [-3.688208, 40.378847],
            [-3.687978, 40.378687],
            [-3.687888, 40.378567],
            [-3.687858, 40.378397],
            [-3.687878, 40.378217],
            [-3.687838, 40.378057],
            [-3.687358, 40.377007],
            [-3.687278, 40.376777],
            [-3.687248, 40.376617],
            [-3.687268, 40.376427],
            [-3.687318, 40.376137],
            [-3.687608, 40.375287],
            [-3.687728, 40.374837],
            [-3.687758, 40.374597],
            [-3.687738, 40.374387],
            [-3.687678, 40.374157],
            [-3.687608, 40.374077],
            [-3.687598, 40.374067],
            [-3.687598, 40.374067],
            [-3.687348, 40.373877],
            [-3.687138, 40.373667],
            [-3.687058, 40.373597],
            [-3.686988, 40.373517],
            [-3.686898, 40.373337],
            [-3.686808, 40.373017],
            [-3.686638, 40.372567],
            [-3.686518, 40.372327],
            [-3.686428, 40.372167],
            [-3.686338, 40.372057],
            [-3.686238, 40.371947],
            [-3.686168, 40.371887],
            [-3.686058, 40.371807],
            [-3.685888, 40.371737],
            [-3.685748, 40.371687],
            [-3.685558, 40.371637],
            [-3.685318, 40.371587],
            [-3.684908, 40.371477],
            [-3.684268, 40.371287],
            [-3.683518, 40.371017],
            [-3.683038, 40.370787],
            [-3.682768, 40.370587],
            [-3.682578, 40.370417],
            [-3.682458, 40.370267],
            [-3.682338, 40.370027],
            [-3.682278, 40.369837],
            [-3.682268, 40.369666],
            [-3.682288, 40.369496],
            [-3.682338, 40.369336],
            [-3.682348, 40.369156],
            [-3.682338, 40.368986],
            [-3.682258, 40.368646],
            [-3.681848, 40.367516],
            [-3.681778, 40.367356],
            [-3.681738, 40.367066],
            [-3.681718, 40.366806],
            [-3.681738, 40.366626],
            [-3.681798, 40.366406],
            [-3.681988, 40.366166],
            [-3.682248, 40.365986],
            [-3.682528, 40.365826],
            [-3.682688, 40.365676],
            [-3.682778, 40.365556],
            [-3.682868, 40.365446],
            [-3.683008, 40.365166],
            [-3.683108, 40.364916],
            [-3.683148, 40.364736],
            [-3.683148, 40.364486],
            [-3.683088, 40.364176],
            [-3.682758, 40.363356],
            [-3.681928, 40.361296],
            [-3.681208, 40.361046],
            [-3.680778, 40.360926],
            [-3.680328, 40.360826],
            [-3.679798, 40.360756],
            [-3.679348, 40.360706],
            [-3.678748, 40.360686],
            [-3.678068, 40.360696],
            [-3.677568, 40.360716],
            [-3.677018, 40.360736],
            [-3.676668, 40.360756],
            [-3.675928, 40.360806],
            [-3.675158, 40.360876],
            [-3.674458, 40.360946],
            [-3.673698, 40.361026],
            [-3.673018, 40.361126],
            [-3.672148, 40.361266],
            [-3.671508, 40.361376],
            [-3.671168, 40.361446],
            [-3.670808, 40.361516],
            [-3.670118, 40.361666],
            [-3.669537, 40.361826],
            [-3.669437, 40.361856],
            [-3.668867, 40.362026],
            [-3.668237, 40.362246],
            [-3.667877, 40.362386],
            [-3.667547, 40.362516],
            [-3.667227, 40.362656],
            [-3.667157, 40.362686],
            [-3.666677, 40.362916],
            [-3.666487, 40.363016],
            [-3.666007, 40.363266],
            [-3.664427, 40.364126],
            [-3.657047, 40.368756],
            [-3.655977, 40.369356],
            [-3.655587, 40.369576],
            [-3.654697, 40.370347],
            [-3.654387, 40.370877],
            [-3.653567, 40.373617],
            [-3.653287, 40.374317],
            [-3.652747, 40.375637],
            [-3.652347, 40.376037],
            [-3.652357, 40.376047],
            [-3.652807, 40.376017],
            [-3.654377, 40.376027],
            [-3.654387, 40.376027]
          ]
        ]
      }
    },
    {
      "type": "Feature",
      "properties": {
        "id": "estrella",
        "name": "Estrella",
        "cityId": "madrid"
      },
      "geometry": {
        "type": "Polygon",
        "coordinates": [
          [
            [-3.665207, 40.406338],
            [-3.665147, 40.406458],
            [-3.664087, 40.408528],
            [-3.664097, 40.408528],
            [-3.663767, 40.409178],
            [-3.663397, 40.409908],
            [-3.662927, 40.410968],
            [-3.662927, 40.410968],
            [-3.662547, 40.411578],
            [-3.662497, 40.411648],
            [-3.661487, 40.413248],
            [-3.661167, 40.413768],
            [-3.661057, 40.413938],
            [-3.660587, 40.414698],
            [-3.659447, 40.416548],
            [-3.658977, 40.417448],
            [-3.658697, 40.418678],
            [-3.662917, 40.419668],
            [-3.665027, 40.420218],
            [-3.668997, 40.421198],
            [-3.668997, 40.421188],
            [-3.669037, 40.420738],
            [-3.669247, 40.417948],
            [-3.669367, 40.416568],
            [-3.669387, 40.416368],
            [-3.669397, 40.416298],
            [-3.669557, 40.414518],
            [-3.669708, 40.412918],
            [-3.669748, 40.412428],
            [-3.669828, 40.411388],
            [-3.669948, 40.409818],
            [-3.670048, 40.408488],
            [-3.670228, 40.406658],
            [-3.670218, 40.406658],
            [-3.668977, 40.406618],
            [-3.665207, 40.406338]
          ]
        ]
      }
    },
    {
      "type": "Feature",
      "properties": {
        "id": "fontarron",
        "name": "Fontarrón",
        "cityId": "madrid"
      },
      "geometry": {
        "type": "Polygon",
        "coordinates": [
          [
            [-3.651047, 40.405728],
            [-3.651257, 40.405668],
            [-3.651347, 40.405648],
            [-3.651607, 40.405628],
            [-3.651827, 40.405618],
            [-3.651857, 40.405618],
            [-3.651977, 40.405618],
            [-3.652467, 40.405618],
            [-3.652597, 40.405638],
            [-3.653137, 40.405708],
            [-3.653657, 40.405798],
            [-3.653887, 40.405858],
            [-3.654107, 40.405908],
            [-3.654697, 40.406058],
            [-3.655067, 40.406178],
            [-3.655137, 40.406198],
            [-3.655187, 40.406218],
            [-3.655357, 40.406278],
            [-3.655707, 40.406388],
            [-3.656307, 40.406568],
            [-3.656707, 40.406648],
            [-3.656987, 40.406708],
            [-3.657677, 40.406828],
            [-3.658437, 40.407018],
            [-3.659007, 40.407188],
            [-3.659447, 40.407298],
            [-3.660507, 40.407558],
            [-3.661997, 40.407958],
            [-3.664097, 40.408528],
            [-3.664087, 40.408528],
            [-3.665147, 40.406458],
            [-3.665207, 40.406338],
            [-3.665217, 40.406318],
            [-3.658887, 40.405878],
            [-3.658677, 40.405868],
            [-3.658557, 40.405858],
            [-3.657777, 40.405788],
            [-3.657377, 40.405758],
            [-3.656717, 40.405678],
            [-3.656427, 40.405618],
            [-3.656117, 40.405528],
            [-3.655967, 40.405468],
            [-3.655817, 40.405408],
            [-3.655327, 40.405208],
            [-3.654857, 40.405018],
            [-3.654427, 40.404778],
            [-3.654017, 40.404538],
            [-3.652967, 40.403698],
            [-3.652967, 40.403698],
            [-3.651327, 40.402377],
            [-3.648917, 40.400297],
            [-3.647057, 40.398537],
            [-3.645437, 40.397077],
            [-3.645437, 40.397077],
            [-3.644907, 40.396627],
            [-3.644907, 40.396627],
            [-3.644287, 40.396207],
            [-3.643757, 40.395937],
            [-3.643407, 40.395767],
            [-3.643097, 40.395627],
            [-3.642627, 40.395447],
            [-3.642277, 40.395347],
            [-3.639977, 40.394797],
            [-3.639687, 40.395607],
            [-3.638517, 40.397437],
            [-3.637957, 40.398277],
            [-3.636167, 40.400957],
            [-3.636477, 40.401057],
            [-3.637787, 40.401597],
            [-3.638477, 40.401877],
            [-3.638937, 40.402077],
            [-3.639597, 40.402347],
            [-3.639597, 40.402347],
            [-3.639997, 40.402477],
            [-3.640097, 40.402497],
            [-3.640247, 40.402527],
            [-3.640517, 40.402557],
            [-3.640877, 40.402557],
            [-3.641267, 40.402547],
            [-3.641777, 40.402577],
            [-3.642227, 40.402657],
            [-3.642807, 40.402857],
            [-3.643167, 40.403008],
            [-3.643847, 40.403268],
            [-3.644227, 40.403418],
            [-3.644347, 40.403508],
            [-3.644407, 40.403568],
            [-3.646327, 40.403628],
            [-3.646667, 40.403658],
            [-3.647087, 40.403738],
            [-3.647477, 40.403858],
            [-3.647537, 40.403878],
            [-3.647747, 40.403948],
            [-3.647797, 40.403968],
            [-3.648057, 40.404088],
            [-3.648127, 40.404118],
            [-3.648257, 40.404168],
            [-3.648317, 40.404198],
            [-3.649157, 40.404578],
            [-3.649507, 40.404738],
            [-3.650567, 40.405218],
            [-3.650827, 40.405358],
            [-3.651027, 40.405718],
            [-3.651047, 40.405728]
          ]
        ]
      }
    },
    {
      "type": "Feature",
      "properties": {
        "id": "fuente-del-berro",
        "name": "Fuente del Berro",
        "cityId": "madrid"
      },
      "geometry": {
        "type": "Polygon",
        "coordinates": [
          [
            [-3.658697, 40.418678],
            [-3.659157, 40.421468],
            [-3.659547, 40.423838],
            [-3.659657, 40.424518],
            [-3.660117, 40.426948],
            [-3.660597, 40.429468],
            [-3.660817, 40.431428],
            [-3.660807, 40.431418],
            [-3.661847, 40.431298],
            [-3.662057, 40.431258],
            [-3.662167, 40.431238],
            [-3.662247, 40.431218],
            [-3.662467, 40.431168],
            [-3.663917, 40.430468],
            [-3.665017, 40.429908],
            [-3.665147, 40.429848],
            [-3.667267, 40.428818],
            [-3.668697, 40.428128],
            [-3.668687, 40.428128],
            [-3.668487, 40.426978],
            [-3.668617, 40.425588],
            [-3.668687, 40.424688],
            [-3.668707, 40.424468],
            [-3.668777, 40.423828],
            [-3.668787, 40.423718],
            [-3.668827, 40.423058],
            [-3.668837, 40.422948],
            [-3.668997, 40.421188],
            [-3.668997, 40.421198],
            [-3.665027, 40.420218],
            [-3.662917, 40.419668],
            [-3.658697, 40.418678]
          ]
        ]
      }
    },
    {
      "type": "Feature",
      "properties": {
        "id": "fuentelarreina",
        "name": "Fuentelarreina",
        "cityId": "madrid"
      },
      "geometry": {
        "type": "Polygon",
        "coordinates": [
          [
            [-3.732039, 40.48697],
            [-3.732139, 40.48695],
            [-3.732249, 40.48694],
            [-3.732329, 40.48694],
            [-3.732399, 40.48696],
            [-3.732429, 40.48699],
            [-3.732509, 40.48705],
            [-3.732549, 40.48708],
            [-3.732619, 40.48715],
            [-3.732619, 40.48715],
            [-3.732729, 40.48723],
            [-3.732819, 40.48729],
            [-3.732999, 40.48737],
            [-3.733289, 40.48748],
            [-3.733549, 40.48761],
            [-3.733819, 40.48776],
            [-3.734229, 40.48789],
            [-3.734449, 40.48805],
            [-3.734689, 40.48837],
            [-3.734909, 40.48861],
            [-3.735059, 40.48871],
            [-3.735299, 40.4888],
            [-3.735599, 40.48895],
            [-3.735889, 40.48901],
            [-3.736169, 40.48908],
            [-3.736399, 40.48914],
            [-3.736579, 40.4892],
            [-3.736719, 40.48927],
            [-3.736829, 40.48932],
            [-3.737149, 40.48943],
            [-3.737499, 40.48954],
            [-3.737679, 40.48962],
            [-3.737969, 40.48984],
            [-3.738069, 40.48988],
            [-3.739979, 40.49052],
            [-3.739999, 40.49055],
            [-3.740409, 40.49017],
            [-3.741099, 40.48952],
            [-3.741099, 40.48952],
            [-3.741159, 40.48946],
            [-3.741169, 40.48946],
            [-3.741199, 40.48943],
            [-3.741319, 40.48932],
            [-3.741499, 40.48915],
            [-3.741669, 40.48899],
            [-3.741949, 40.48873],
            [-3.742429, 40.4885],
            [-3.742579, 40.48787],
            [-3.743729, 40.48613],
            [-3.74421, 40.48567],
            [-3.74442, 40.48547],
            [-3.74552, 40.48357],
            [-3.74508, 40.48284],
            [-3.74505, 40.48279],
            [-3.74495, 40.48266],
            [-3.74449, 40.48242],
            [-3.74433, 40.48234],
            [-3.743699, 40.482],
            [-3.742829, 40.48155],
            [-3.741939, 40.48114],
            [-3.741619, 40.48099],
            [-3.741759, 40.4809],
            [-3.741809, 40.48087],
            [-3.741919, 40.4808],
            [-3.742029, 40.48073],
            [-3.742229, 40.48061],
            [-3.742529, 40.48042],
            [-3.742639, 40.48035],
            [-3.742769, 40.48027],
            [-3.742859, 40.48021],
            [-3.742949, 40.48015],
            [-3.743399, 40.47988],
            [-3.743529, 40.4798],
            [-3.743609, 40.47975],
            [-3.74381, 40.47962],
            [-3.74391, 40.47955],
            [-3.74416, 40.47939],
            [-3.74426, 40.47933],
            [-3.74438, 40.47925],
            [-3.74449, 40.47918],
            [-3.74452, 40.47916],
            [-3.74466, 40.47908],
            [-3.74468, 40.47907],
            [-3.74468, 40.47907],
            [-3.74469, 40.47906],
            [-3.74471, 40.47905],
            [-3.74475, 40.47902],
            [-3.74478, 40.479],
            [-3.74512, 40.47878],
            [-3.74516, 40.47876],
            [-3.7453, 40.47867],
            [-3.7455, 40.47855],
            [-3.74561, 40.47848],
            [-3.74576, 40.47839],
            [-3.74586, 40.47832],
            [-3.74592, 40.47828],
            [-3.74605, 40.4782],
            [-3.74618, 40.47812],
            [-3.74633, 40.47803],
            [-3.74636, 40.47801],
            [-3.74641, 40.47798],
            [-3.74646, 40.47795],
            [-3.74649, 40.47793],
            [-3.74654, 40.4779],
            [-3.74662, 40.47785],
            [-3.74669, 40.4778],
            [-3.74678, 40.47774],
            [-3.74693, 40.47786],
            [-3.74694, 40.47787],
            [-3.74704, 40.47794],
            [-3.74714, 40.478],
            [-3.74725, 40.47806],
            [-3.74729, 40.47808],
            [-3.74732, 40.4781],
            [-3.7474, 40.47814],
            [-3.74766, 40.47824],
            [-3.74774, 40.47827],
            [-3.74779, 40.47829],
            [-3.74797, 40.47833],
            [-3.7481, 40.47836],
            [-3.74825, 40.47838],
            [-3.74857, 40.47841],
            [-3.74909, 40.47843],
            [-3.74978, 40.47843],
            [-3.75151, 40.47842],
            [-3.75172, 40.47686],
            [-3.75175, 40.4766],
            [-3.75178, 40.47617],
            [-3.75174, 40.47561],
            [-3.75162, 40.47454],
            [-3.75155, 40.47414],
            [-3.75151, 40.47393],
            [-3.75149, 40.47381],
            [-3.75146, 40.47366],
            [-3.75134, 40.47314],
            [-3.75071, 40.47108],
            [-3.75058, 40.47065],
            [-3.75031, 40.47012],
            [-3.75036, 40.47031],
            [-3.75042, 40.47058],
            [-3.75065, 40.47155],
            [-3.75068, 40.47184],
            [-3.75068, 40.47207],
            [-3.75065, 40.47231],
            [-3.75055, 40.47261],
            [-3.75045, 40.47283],
            [-3.75036, 40.47299],
            [-3.75025, 40.47314],
            [-3.75017, 40.47325],
            [-3.75004, 40.4734],
            [-3.74995, 40.47349],
            [-3.74984, 40.47359],
            [-3.74971, 40.47369],
            [-3.74956, 40.4738],
            [-3.74943, 40.47388],
            [-3.74931, 40.47395],
            [-3.74918, 40.47402],
            [-3.74899, 40.47411],
            [-3.74884, 40.47417],
            [-3.74859, 40.47426],
            [-3.74834, 40.47432],
            [-3.74812, 40.47436],
            [-3.74787, 40.4744],
            [-3.74745, 40.47446],
            [-3.74728, 40.47447],
            [-3.7466, 40.47447],
            [-3.74624, 40.47446],
            [-3.74568, 40.47445],
            [-3.74466, 40.47444],
            [-3.743619, 40.47442],
            [-3.743199, 40.47441],
            [-3.742229, 40.47439],
            [-3.741439, 40.47435],
            [-3.741389, 40.47435],
            [-3.741279, 40.47434],
            [-3.740809, 40.47428],
            [-3.740259, 40.47417],
            [-3.739349, 40.47396],
            [-3.737539, 40.47354],
            [-3.735929, 40.47316],
            [-3.735639, 40.47309],
            [-3.735669, 40.47311],
            [-3.735729, 40.47323],
            [-3.736159, 40.47403],
            [-3.736179, 40.47407],
            [-3.736209, 40.4741],
            [-3.736269, 40.47416],
            [-3.736309, 40.47419],
            [-3.736359, 40.47422],
            [-3.736439, 40.47425],
            [-3.736519, 40.47428],
            [-3.736619, 40.4743],
            [-3.737579, 40.4744],
            [-3.738399, 40.4761],
            [-3.738329, 40.47612],
            [-3.738729, 40.47707],
            [-3.738809, 40.47715],
            [-3.739159, 40.47822],
            [-3.739189, 40.47831],
            [-3.739289, 40.4785],
            [-3.738939, 40.47886],
            [-3.738029, 40.47981],
            [-3.737909, 40.47981],
            [-3.737799, 40.47983],
            [-3.737699, 40.47987],
            [-3.737629, 40.47991],
            [-3.737489, 40.48005],
            [-3.737409, 40.48015],
            [-3.737249, 40.48037],
            [-3.737139, 40.48052],
            [-3.737049, 40.48066],
            [-3.736939, 40.48083],
            [-3.736889, 40.48091],
            [-3.736829, 40.48101],
            [-3.736759, 40.48116],
            [-3.736709, 40.48125],
            [-3.736689, 40.4813],
            [-3.736629, 40.48143],
            [-3.736539, 40.48168],
            [-3.736439, 40.48201],
            [-3.736379, 40.4822],
            [-3.736329, 40.48236],
            [-3.736259, 40.48266],
            [-3.736199, 40.48288],
            [-3.736119, 40.48316],
            [-3.736069, 40.48336],
            [-3.736049, 40.48344],
            [-3.735999, 40.48362],
            [-3.735989, 40.48369],
            [-3.735949, 40.48391],
            [-3.735929, 40.48492],
            [-3.732019, 40.48697],
            [-3.732039, 40.48697]
          ]
        ]
      }
    },
    {
      "type": "Feature",
      "properties": {
        "id": "gaztambide",
        "name": "Gaztambide",
        "cityId": "madrid"
      },
      "geometry": {
        "type": "Polygon",
        "coordinates": [
          [
            [-3.711859, 40.430198],
            [-3.711719, 40.431748],
            [-3.711619, 40.432968],
            [-3.711509, 40.434158],
            [-3.711429, 40.435258],
            [-3.711339, 40.436329],
            [-3.711229, 40.437569],
            [-3.711129, 40.438919],
            [-3.711129, 40.438909],
            [-3.712849, 40.438999],
            [-3.714109, 40.439059],
            [-3.715209, 40.439109],
            [-3.716379, 40.439169],
            [-3.717629, 40.439229],
            [-3.717639, 40.439229],
            [-3.718079, 40.436639],
            [-3.718129, 40.436369],
            [-3.718279, 40.435538],
            [-3.718269, 40.435538],
            [-3.718409, 40.434778],
            [-3.717239, 40.433098],
            [-3.717279, 40.433098],
            [-3.717619, 40.433088],
            [-3.717969, 40.432998],
            [-3.717619, 40.432518],
            [-3.717489, 40.432338],
            [-3.717179, 40.431918],
            [-3.716999, 40.431678],
            [-3.716239, 40.430648],
            [-3.716229, 40.430658],
            [-3.714629, 40.430488],
            [-3.713519, 40.430368],
            [-3.711859, 40.430198]
          ]
        ]
      }
    },
    {
      "type": "Feature",
      "properties": {
        "id": "goya",
        "name": "Goya",
        "cityId": "madrid"
      },
      "geometry": {
        "type": "Polygon",
        "coordinates": [
          [
            [-3.668997, 40.421188],
            [-3.668837, 40.422948],
            [-3.668827, 40.423058],
            [-3.668787, 40.423718],
            [-3.668777, 40.423828],
            [-3.668707, 40.424468],
            [-3.668687, 40.424688],
            [-3.668617, 40.425588],
            [-3.668487, 40.426978],
            [-3.668687, 40.428128],
            [-3.669107, 40.428368],
            [-3.671698, 40.428508],
            [-3.672288, 40.428538],
            [-3.673798, 40.428628],
            [-3.675398, 40.428698],
            [-3.676918, 40.428768],
            [-3.678338, 40.428828],
            [-3.679838, 40.428918],
            [-3.679848, 40.428918],
            [-3.679948, 40.427518],
            [-3.680078, 40.426128],
            [-3.680178, 40.424998],
            [-3.680198, 40.424698],
            [-3.680348, 40.422728],
            [-3.679958, 40.421658],
            [-3.679428, 40.421678],
            [-3.678968, 40.421668],
            [-3.678928, 40.421668],
            [-3.677518, 40.421608],
            [-3.675998, 40.421538],
            [-3.674388, 40.421458],
            [-3.672838, 40.421388],
            [-3.668997, 40.421188]
          ]
        ]
      }
    },
    {
      "type": "Feature",
      "properties": {
        "id": "guindalera",
        "name": "Guindalera",
        "cityId": "madrid"
      },
      "geometry": {
        "type": "Polygon",
        "coordinates": [
          [
            [-3.668697, 40.428128],
            [-3.667267, 40.428818],
            [-3.665147, 40.429848],
            [-3.665017, 40.429908],
            [-3.663917, 40.430468],
            [-3.662467, 40.431168],
            [-3.662247, 40.431218],
            [-3.662167, 40.431238],
            [-3.662057, 40.431258],
            [-3.661847, 40.431298],
            [-3.660807, 40.431418],
            [-3.660187, 40.433938],
            [-3.660017, 40.434658],
            [-3.659907, 40.435118],
            [-3.659827, 40.435588],
            [-3.659717, 40.436249],
            [-3.659697, 40.436399],
            [-3.659687, 40.436389],
            [-3.659597, 40.436919],
            [-3.659587, 40.436979],
            [-3.659397, 40.438269],
            [-3.659297, 40.438929],
            [-3.659287, 40.439239],
            [-3.659227, 40.440499],
            [-3.659237, 40.440679],
            [-3.659247, 40.440829],
            [-3.659317, 40.441739],
            [-3.659357, 40.442139],
            [-3.659487, 40.442629],
            [-3.659757, 40.443289],
            [-3.660127, 40.443949],
            [-3.660607, 40.444609],
            [-3.660597, 40.444609],
            [-3.662657, 40.443899],
            [-3.664257, 40.443319],
            [-3.664287, 40.443309],
            [-3.665257, 40.442849],
            [-3.666097, 40.442379],
            [-3.666797, 40.441959],
            [-3.668427, 40.441009],
            [-3.669768, 40.440229],
            [-3.670088, 40.440059],
            [-3.670468, 40.439869],
            [-3.670908, 40.439689],
            [-3.671298, 40.439549],
            [-3.671808, 40.439399],
            [-3.672328, 40.439269],
            [-3.673318, 40.439089],
            [-3.674438, 40.438889],
            [-3.674708, 40.438829],
            [-3.674888, 40.438779],
            [-3.675108, 40.438699],
            [-3.675278, 40.438629],
            [-3.675908, 40.438249],
            [-3.677008, 40.437569],
            [-3.677398, 40.437409],
            [-3.677428, 40.437409],
            [-3.676668, 40.436669],
            [-3.675768, 40.435788],
            [-3.674828, 40.434858],
            [-3.673388, 40.433438],
            [-3.673148, 40.433148],
            [-3.671998, 40.431758],
            [-3.670858, 40.430448],
            [-3.670178, 40.429668],
            [-3.669117, 40.428368],
            [-3.669107, 40.428368],
            [-3.668687, 40.428128],
            [-3.668697, 40.428128]
          ]
        ]
      }
    },
    {
      "type": "Feature",
      "properties": {
        "id": "hellin",
        "name": "Hellín",
        "cityId": "madrid"
      },
      "geometry": {
        "type": "Polygon",
        "coordinates": [
          [
            [-3.610986, 40.429008],
            [-3.611036, 40.429528],
            [-3.611046, 40.429638],
            [-3.611726, 40.432648],
            [-3.612026, 40.433958],
            [-3.612176, 40.434598],
            [-3.613636, 40.434268],
            [-3.614816, 40.433998],
            [-3.615396, 40.433868],
            [-3.616096, 40.433768],
            [-3.616876, 40.433768],
            [-3.617746, 40.433778],
            [-3.618846, 40.433788],
            [-3.619566, 40.433758],
            [-3.620376, 40.433578],
            [-3.620966, 40.433338],
            [-3.621636, 40.433078],
            [-3.622576, 40.429228],
            [-3.623096, 40.428468],
            [-3.623116, 40.428428],
            [-3.623386, 40.428208],
            [-3.623866, 40.427818],
            [-3.625206, 40.426798],
            [-3.625726, 40.426418],
            [-3.625236, 40.425768],
            [-3.624766, 40.425978],
            [-3.624576, 40.426078],
            [-3.624436, 40.426168],
            [-3.624356, 40.426228],
            [-3.623666, 40.426968],
            [-3.622876, 40.427828],
            [-3.622656, 40.427978],
            [-3.622646, 40.427988],
            [-3.621256, 40.428628],
            [-3.620506, 40.428988],
            [-3.620376, 40.429028],
            [-3.620346, 40.429048],
            [-3.620226, 40.429088],
            [-3.620016, 40.429118],
            [-3.619506, 40.429178],
            [-3.617846, 40.429328],
            [-3.615606, 40.429538],
            [-3.615056, 40.428008],
            [-3.615066, 40.427998],
            [-3.613456, 40.427988],
            [-3.613416, 40.427978],
            [-3.613226, 40.427938],
            [-3.612486, 40.427478],
            [-3.611216, 40.428638],
            [-3.610986, 40.429018],
            [-3.610986, 40.429008]
          ]
        ]
      }
    },
    {
      "type": "Feature",
      "properties": {
        "id": "hispanoamerica",
        "name": "Hispanoamérica",
        "cityId": "madrid"
      },
      "geometry": {
        "type": "Polygon",
        "coordinates": [
          [
            [-3.663127, 40.453159],
            [-3.663297, 40.454299],
            [-3.663417, 40.455079],
            [-3.663807, 40.456809],
            [-3.664357, 40.458529],
            [-3.664857, 40.459819],
            [-3.664947, 40.460029],
            [-3.664937, 40.460029],
            [-3.668287, 40.459069],
            [-3.669838, 40.458649],
            [-3.670288, 40.458539],
            [-3.670828, 40.458459],
            [-3.671208, 40.458439],
            [-3.671708, 40.458449],
            [-3.671958, 40.458449],
            [-3.675718, 40.458539],
            [-3.676818, 40.458589],
            [-3.677778, 40.458639],
            [-3.680548, 40.458619],
            [-3.681968, 40.458579],
            [-3.682908, 40.458609],
            [-3.682958, 40.458609],
            [-3.685178, 40.458749],
            [-3.685578, 40.458779],
            [-3.686778, 40.458839],
            [-3.688078, 40.458909],
            [-3.690038, 40.459019],
            [-3.690028, 40.459049],
            [-3.690308, 40.456139],
            [-3.690698, 40.452129],
            [-3.689248, 40.452039],
            [-3.685908, 40.451839],
            [-3.681408, 40.451679],
            [-3.678768, 40.451679],
            [-3.677568, 40.451679],
            [-3.674628, 40.451649],
            [-3.673858, 40.451629],
            [-3.671118, 40.452239],
            [-3.670728, 40.452329],
            [-3.670248, 40.452429],
            [-3.669988, 40.452459],
            [-3.669487, 40.452469],
            [-3.668957, 40.452459],
            [-3.668497, 40.452419],
            [-3.668077, 40.452379],
            [-3.667457, 40.452339],
            [-3.667337, 40.452289],
            [-3.666547, 40.452319],
            [-3.666337, 40.452349],
            [-3.666077, 40.452389],
            [-3.665647, 40.452479],
            [-3.665647, 40.452469],
            [-3.663127, 40.453159]
          ]
        ]
      }
    },
    {
      "type": "Feature",
      "properties": {
        "id": "horcajo",
        "name": "Horcajo",
        "cityId": "madrid"
      },
      "geometry": {
        "type": "Polygon",
        "coordinates": [
          [
            [-3.620366, 40.413088],
            [-3.621376, 40.413068],
            [-3.621816, 40.413078],
            [-3.622166, 40.413088],
            [-3.622486, 40.413108],
            [-3.623316, 40.413188],
            [-3.624246, 40.413348],
            [-3.625086, 40.413538],
            [-3.625656, 40.413708],
            [-3.626706, 40.414068],
            [-3.627596, 40.414378],
            [-3.627586, 40.414378],
            [-3.629696, 40.410518],
            [-3.630426, 40.409178],
            [-3.631266, 40.407628],
            [-3.631706, 40.407038],
            [-3.632176, 40.406438],
            [-3.632476, 40.406068],
            [-3.632827, 40.405688],
            [-3.633087, 40.405418],
            [-3.633267, 40.405218],
            [-3.633477, 40.404958],
            [-3.633657, 40.404718],
            [-3.633897, 40.404368],
            [-3.634287, 40.403758],
            [-3.634297, 40.403778],
            [-3.632266, 40.403818],
            [-3.631586, 40.403828],
            [-3.629246, 40.403848],
            [-3.628206, 40.403858],
            [-3.628116, 40.403848],
            [-3.628026, 40.403828],
            [-3.628016, 40.403828],
            [-3.627926, 40.403798],
            [-3.627876, 40.403768],
            [-3.627876, 40.403768],
            [-3.627636, 40.403968],
            [-3.627266, 40.404238],
            [-3.626996, 40.404398],
            [-3.626956, 40.404368],
            [-3.626886, 40.404328],
            [-3.626736, 40.404228],
            [-3.626226, 40.403978],
            [-3.625276, 40.403658],
            [-3.623956, 40.406178],
            [-3.623946, 40.406178],
            [-3.623926, 40.406208],
            [-3.620356, 40.413078],
            [-3.620366, 40.413088]
          ]
        ]
      }
    },
    {
      "type": "Feature",
      "properties": {
        "id": "ibiza",
        "name": "Ibiza",
        "cityId": "madrid"
      },
      "geometry": {
        "type": "Polygon",
        "coordinates": [
          [
            [-3.669367, 40.416568],
            [-3.669247, 40.417948],
            [-3.669037, 40.420738],
            [-3.668997, 40.421188],
            [-3.672838, 40.421388],
            [-3.674388, 40.421458],
            [-3.675998, 40.421538],
            [-3.677518, 40.421608],
            [-3.678928, 40.421668],
            [-3.678968, 40.421668],
            [-3.679428, 40.421678],
            [-3.679958, 40.421658],
            [-3.679758, 40.421048],
            [-3.679588, 40.420528],
            [-3.679248, 40.419568],
            [-3.678438, 40.417328],
            [-3.678348, 40.417058],
            [-3.677768, 40.415458],
            [-3.677768, 40.415468],
            [-3.676418, 40.415718],
            [-3.674978, 40.415928],
            [-3.674958, 40.415928],
            [-3.674788, 40.415948],
            [-3.671588, 40.416388],
            [-3.671558, 40.416688],
            [-3.669357, 40.416578],
            [-3.669367, 40.416568]
          ]
        ]
      }
    },
    {
      "type": "Feature",
      "properties": {
        "id": "imperial",
        "name": "Imperial",
        "cityId": "madrid"
      },
      "geometry": {
        "type": "Polygon",
        "coordinates": [
          [
            [-3.714899, 40.399667],
            [-3.714369, 40.400887],
            [-3.713219, 40.403318],
            [-3.712549, 40.404748],
            [-3.711679, 40.406668],
            [-3.711669, 40.406668],
            [-3.712039, 40.406748],
            [-3.713679, 40.407448],
            [-3.715219, 40.408088],
            [-3.716759, 40.408708],
            [-3.718329, 40.411118],
            [-3.717839, 40.412078],
            [-3.716929, 40.413918],
            [-3.719419, 40.413938],
            [-3.719629, 40.413938],
            [-3.720489, 40.413948],
            [-3.722949, 40.413988],
            [-3.722919, 40.412378],
            [-3.722919, 40.412368],
            [-3.722909, 40.412018],
            [-3.722889, 40.411978],
            [-3.722859, 40.411908],
            [-3.722749, 40.411718],
            [-3.722599, 40.411388],
            [-3.721809, 40.408518],
            [-3.721819, 40.408508],
            [-3.722219, 40.407178],
            [-3.722259, 40.407058],
            [-3.722369, 40.406748],
            [-3.722649, 40.405828],
            [-3.722739, 40.405218],
            [-3.722719, 40.404548],
            [-3.722659, 40.404188],
            [-3.722579, 40.403788],
            [-3.722399, 40.402567],
            [-3.722249, 40.402077],
            [-3.722219, 40.401967],
            [-3.721949, 40.401337],
            [-3.721839, 40.401157],
            [-3.721709, 40.400957],
            [-3.721129, 40.400527],
            [-3.720349, 40.400097],
            [-3.719989, 40.399957],
            [-3.719739, 40.399907],
            [-3.719319, 40.399847],
            [-3.719009, 40.399837],
            [-3.718969, 40.399837],
            [-3.717319, 40.399967],
            [-3.717079, 40.399987],
            [-3.716779, 40.400007],
            [-3.716429, 40.399997],
            [-3.715909, 40.399927],
            [-3.714909, 40.399677],
            [-3.714899, 40.399667]
          ]
        ]
      }
    },
    {
      "type": "Feature",
      "properties": {
        "id": "justicia",
        "name": "Justicia",
        "cityId": "madrid"
      },
      "geometry": {
        "type": "Polygon",
        "coordinates": [
          [
            [-3.699668, 40.419758],
            [-3.698048, 40.419278],
            [-3.696538, 40.418738],
            [-3.695548, 40.418968],
            [-3.694298, 40.419198],
            [-3.693088, 40.419338],
            [-3.691308, 40.423148],
            [-3.690718, 40.424468],
            [-3.690448, 40.425268],
            [-3.690458, 40.425258],
            [-3.691398, 40.425478],
            [-3.693858, 40.426698],
            [-3.695128, 40.427338],
            [-3.695768, 40.427638],
            [-3.695758, 40.427638],
            [-3.697128, 40.427938],
            [-3.699408, 40.428418],
            [-3.701948, 40.428968],
            [-3.702408, 40.429048],
            [-3.702408, 40.429058],
            [-3.701668, 40.427248],
            [-3.701168, 40.426048],
            [-3.700898, 40.425368],
            [-3.700748, 40.424908],
            [-3.700748, 40.424898],
            [-3.700668, 40.424178],
            [-3.700658, 40.423928],
            [-3.700658, 40.423798],
            [-3.700648, 40.423608],
            [-3.700688, 40.423128],
            [-3.700698, 40.423048],
            [-3.700808, 40.422558],
            [-3.700928, 40.422048],
            [-3.700978, 40.421888],
            [-3.701178, 40.421328],
            [-3.701648, 40.420098],
            [-3.701598, 40.420008],
            [-3.701588, 40.420018],
            [-3.701238, 40.420008],
            [-3.700798, 40.419988],
            [-3.700358, 40.419918],
            [-3.699678, 40.419758],
            [-3.699678, 40.419758],
            [-3.699668, 40.419758]
          ]
        ]
      }
    },
    {
      "type": "Feature",
      "properties": {
        "id": "la-concepcion",
        "name": "La Concepción",
        "cityId": "madrid"
      },
      "geometry": {
        "type": "Polygon",
        "coordinates": [
          [
            [-3.655367, 40.432118],
            [-3.655437, 40.432418],
            [-3.655637, 40.433248],
            [-3.655887, 40.434238],
            [-3.655877, 40.434258],
            [-3.655807, 40.434558],
            [-3.654937, 40.434488],
            [-3.653407, 40.434688],
            [-3.652027, 40.435368],
            [-3.650817, 40.435968],
            [-3.649687, 40.436509],
            [-3.648437, 40.437109],
            [-3.646547, 40.438019],
            [-3.645987, 40.439369],
            [-3.644657, 40.439929],
            [-3.644427, 40.440029],
            [-3.643377, 40.440469],
            [-3.643177, 40.440559],
            [-3.640697, 40.441629],
            [-3.639937, 40.441939],
            [-3.638357, 40.442589],
            [-3.638987, 40.443439],
            [-3.639167, 40.443679],
            [-3.639447, 40.443949],
            [-3.639717, 40.444219],
            [-3.640007, 40.444469],
            [-3.640217, 40.444639],
            [-3.640467, 40.444799],
            [-3.643117, 40.446089],
            [-3.644897, 40.446929],
            [-3.644907, 40.446909],
            [-3.647107, 40.444189],
            [-3.647747, 40.443419],
            [-3.648507, 40.442439],
            [-3.649447, 40.441409],
            [-3.649797, 40.440399],
            [-3.649907, 40.440079],
            [-3.649987, 40.440039],
            [-3.650027, 40.440019],
            [-3.650447, 40.439769],
            [-3.650717, 40.439609],
            [-3.651137, 40.439409],
            [-3.651847, 40.439059],
            [-3.653867, 40.438079],
            [-3.654017, 40.437989],
            [-3.654347, 40.437099],
            [-3.654527, 40.436609],
            [-3.654997, 40.436809],
            [-3.656417, 40.435978],
            [-3.657727, 40.436149],
            [-3.659707, 40.436389],
            [-3.659697, 40.436399],
            [-3.659717, 40.436249],
            [-3.659827, 40.435588],
            [-3.659907, 40.435118],
            [-3.660017, 40.434658],
            [-3.660187, 40.433938],
            [-3.660807, 40.431418],
            [-3.660827, 40.431428],
            [-3.659757, 40.431548],
            [-3.657097, 40.431898],
            [-3.656937, 40.431918],
            [-3.655377, 40.432118],
            [-3.655367, 40.432118]
          ]
        ]
      }
    },
    {
      "type": "Feature",
      "properties": {
        "id": "la-paz",
        "name": "La Paz",
        "cityId": "madrid"
      },
      "geometry": {
        "type": "Polygon",
        "coordinates": [
          [
            [-3.687128, 40.47415],
            [-3.687098, 40.47425],
            [-3.686398, 40.47669],
            [-3.685618, 40.47959],
            [-3.685318, 40.48052],
            [-3.685258, 40.48076],
            [-3.685138, 40.48124],
            [-3.685108, 40.48143],
            [-3.685078, 40.4817],
            [-3.685098, 40.48195],
            [-3.685108, 40.48199],
            [-3.685148, 40.48215],
            [-3.685228, 40.48229],
            [-3.685368, 40.48246],
            [-3.685588, 40.48263],
            [-3.685798, 40.48275],
            [-3.686058, 40.48285],
            [-3.686448, 40.48295],
            [-3.687398, 40.48317],
            [-3.688388, 40.48344],
            [-3.689198, 40.48376],
            [-3.689428, 40.48385],
            [-3.689878, 40.48403],
            [-3.689978, 40.48407],
            [-3.690018, 40.48409],
            [-3.690518, 40.48429],
            [-3.690838, 40.48442],
            [-3.691338, 40.48462],
            [-3.691798, 40.48481],
            [-3.692558, 40.48511],
            [-3.692818, 40.48521],
            [-3.693168, 40.48535],
            [-3.693288, 40.4854],
            [-3.693548, 40.4855],
            [-3.693748, 40.48558],
            [-3.694158, 40.48574],
            [-3.694458, 40.48586],
            [-3.694848, 40.48601],
            [-3.695108, 40.48613],
            [-3.695308, 40.48623],
            [-3.695798, 40.4865],
            [-3.696278, 40.48683],
            [-3.696628, 40.48712],
            [-3.697018, 40.4875],
            [-3.697138, 40.48763],
            [-3.697358, 40.48789],
            [-3.697498, 40.48811],
            [-3.697628, 40.48832],
            [-3.697768, 40.4886],
            [-3.697868, 40.48882],
            [-3.697978, 40.48911],
            [-3.698098, 40.48948],
            [-3.698248, 40.49009],
            [-3.698818, 40.48993],
            [-3.700938, 40.4893],
            [-3.701168, 40.4892],
            [-3.701348, 40.48912],
            [-3.701538, 40.48903],
            [-3.701658, 40.48896],
            [-3.701828, 40.48885],
            [-3.701978, 40.48876],
            [-3.702428, 40.48847],
            [-3.702708, 40.48828],
            [-3.702888, 40.48818],
            [-3.703198, 40.48803],
            [-3.703378, 40.48795],
            [-3.703588, 40.48787],
            [-3.704188, 40.48769],
            [-3.704278, 40.48766],
            [-3.704708, 40.48753],
            [-3.707389, 40.48675],
            [-3.707719, 40.48664],
            [-3.707999, 40.48651],
            [-3.708159, 40.48642],
            [-3.708289, 40.48634],
            [-3.708429, 40.48626],
            [-3.708559, 40.48617],
            [-3.708669, 40.48609],
            [-3.708719, 40.48605],
            [-3.708939, 40.48586],
            [-3.709319, 40.48557],
            [-3.709309, 40.4856],
            [-3.708879, 40.48534],
            [-3.708249, 40.48493],
            [-3.707819, 40.48463],
            [-3.707589, 40.48447],
            [-3.707259, 40.48424],
            [-3.706849, 40.48396],
            [-3.706558, 40.48377],
            [-3.706418, 40.48368],
            [-3.706228, 40.48355],
            [-3.706068, 40.48342],
            [-3.705968, 40.48333],
            [-3.705908, 40.48326],
            [-3.705888, 40.48324],
            [-3.705818, 40.48317],
            [-3.705708, 40.48305],
            [-3.705628, 40.48295],
            [-3.705568, 40.48287],
            [-3.705518, 40.4828],
            [-3.705478, 40.48273],
            [-3.705438, 40.48265],
            [-3.705398, 40.48257],
            [-3.705128, 40.48194],
            [-3.704718, 40.48081],
            [-3.704208, 40.47941],
            [-3.703688, 40.47786],
            [-3.703348, 40.47695],
            [-3.702838, 40.4755],
            [-3.702538, 40.47466],
            [-3.702308, 40.47405],
            [-3.702248, 40.47397],
            [-3.702088, 40.47377],
            [-3.702078, 40.47378],
            [-3.701808, 40.47402],
            [-3.701808, 40.47402],
            [-3.701618, 40.47419],
            [-3.701468, 40.47433],
            [-3.701378, 40.4744],
            [-3.701328, 40.47445],
            [-3.701238, 40.47451],
            [-3.701138, 40.47458],
            [-3.701048, 40.47464],
            [-3.700888, 40.47474],
            [-3.700698, 40.47482],
            [-3.700648, 40.47484],
            [-3.700488, 40.4749],
            [-3.700258, 40.47496],
            [-3.699968, 40.47499],
            [-3.699688, 40.47499],
            [-3.699518, 40.47498],
            [-3.699518, 40.47498],
            [-3.699418, 40.47498],
            [-3.699208, 40.47495],
            [-3.699018, 40.47492],
            [-3.698968, 40.4749],
            [-3.698858, 40.47486],
            [-3.698698, 40.47479],
            [-3.698488, 40.4747],
            [-3.698348, 40.47466],
            [-3.698148, 40.4746],
            [-3.697978, 40.47457],
            [-3.697858, 40.47456],
            [-3.697798, 40.47455],
            [-3.697618, 40.47455],
            [-3.697478, 40.47455],
            [-3.697238, 40.47456],
            [-3.697018, 40.47459],
            [-3.696828, 40.47463],
            [-3.696678, 40.47467],
            [-3.696518, 40.47472],
            [-3.696358, 40.47476],
            [-3.696178, 40.47479],
            [-3.695978, 40.4748],
            [-3.695678, 40.47479],
            [-3.695348, 40.47473],
            [-3.695008, 40.47465],
            [-3.694658, 40.47459],
            [-3.694328, 40.47457],
            [-3.694008, 40.47456],
            [-3.693718, 40.47458],
            [-3.693448, 40.47462],
            [-3.693128, 40.47468],
            [-3.692818, 40.47473],
            [-3.692568, 40.47474],
            [-3.692318, 40.47473],
            [-3.692008, 40.47467],
            [-3.691748, 40.4746],
            [-3.691508, 40.47454],
            [-3.691258, 40.47448],
            [-3.690978, 40.47445],
            [-3.690708, 40.47448],
            [-3.690228, 40.47456],
            [-3.689788, 40.47464],
            [-3.689438, 40.47469],
            [-3.689228, 40.47469],
            [-3.689078, 40.47461],
            [-3.688948, 40.4745],
            [-3.688858, 40.47443],
            [-3.687118, 40.47415],
            [-3.687128, 40.47415]
          ]
        ]
      }
    },
    {
      "type": "Feature",
      "properties": {
        "id": "legazpi",
        "name": "Legazpi",
        "cityId": "madrid"
      },
      "geometry": {
        "type": "Polygon",
        "coordinates": [
          [
            [-3.679658, 40.395147],
            [-3.679928, 40.395047],
            [-3.679978, 40.395027],
            [-3.680158, 40.394957],
            [-3.680648, 40.394777],
            [-3.681158, 40.394567],
            [-3.681218, 40.394537],
            [-3.681288, 40.394497],
            [-3.681848, 40.394197],
            [-3.682408, 40.393897],
            [-3.683518, 40.393277],
            [-3.683968, 40.393027],
            [-3.684498, 40.393837],
            [-3.684698, 40.394147],
            [-3.684698, 40.394147],
            [-3.686048, 40.393367],
            [-3.686368, 40.393197],
            [-3.687148, 40.392767],
            [-3.687788, 40.393867],
            [-3.687878, 40.393777],
            [-3.687978, 40.393707],
            [-3.688078, 40.393657],
            [-3.688978, 40.393347],
            [-3.688898, 40.393187],
            [-3.690818, 40.392547],
            [-3.690828, 40.392547],
            [-3.693068, 40.391807],
            [-3.693248, 40.391747],
            [-3.694808, 40.391237],
            [-3.695128, 40.391147],
            [-3.695108, 40.391147],
            [-3.698088, 40.389097],
            [-3.695618, 40.386987],
            [-3.694638, 40.386177],
            [-3.692148, 40.384117],
            [-3.692148, 40.384107],
            [-3.689738, 40.382337],
            [-3.689748, 40.382327],
            [-3.689478, 40.382487],
            [-3.689108, 40.382657],
            [-3.688748, 40.382797],
            [-3.688218, 40.382977],
            [-3.687448, 40.383167],
            [-3.686968, 40.383277],
            [-3.684858, 40.383677],
            [-3.684308, 40.383787],
            [-3.683968, 40.383877],
            [-3.683598, 40.383997],
            [-3.683348, 40.384137],
            [-3.683148, 40.384277],
            [-3.682938, 40.384437],
            [-3.682718, 40.384647],
            [-3.682338, 40.385117],
            [-3.679138, 40.389987],
            [-3.678708, 40.390497],
            [-3.678278, 40.390907],
            [-3.677558, 40.391477],
            [-3.676438, 40.392327],
            [-3.676448, 40.392327],
            [-3.679658, 40.395137],
            [-3.679658, 40.395147]
          ]
        ]
      }
    },
    {
      "type": "Feature",
      "properties": {
        "id": "lista",
        "name": "Lista",
        "cityId": "madrid"
      },
      "geometry": {
        "type": "Polygon",
        "coordinates": [
          [
            [-3.679128, 40.437449],
            [-3.679258, 40.435948],
            [-3.679358, 40.434778],
            [-3.679438, 40.433708],
            [-3.679518, 40.432648],
            [-3.679628, 40.431378],
            [-3.679838, 40.428928],
            [-3.679838, 40.428918],
            [-3.678338, 40.428828],
            [-3.676918, 40.428768],
            [-3.675398, 40.428698],
            [-3.673798, 40.428628],
            [-3.672288, 40.428538],
            [-3.671698, 40.428508],
            [-3.669107, 40.428368],
            [-3.669117, 40.428368],
            [-3.670178, 40.429668],
            [-3.670858, 40.430448],
            [-3.671998, 40.431758],
            [-3.673148, 40.433148],
            [-3.673388, 40.433438],
            [-3.674828, 40.434858],
            [-3.675768, 40.435788],
            [-3.676668, 40.436669],
            [-3.677428, 40.437409],
            [-3.677608, 40.437399],
            [-3.677618, 40.437399],
            [-3.678008, 40.437389],
            [-3.679128, 40.437439],
            [-3.679128, 40.437449]
          ]
        ]
      }
    },
    {
      "type": "Feature",
      "properties": {
        "id": "los-carmenes",
        "name": "Los Cármenes",
        "cityId": "madrid"
      },
      "geometry": {
        "type": "Polygon",
        "coordinates": [
          [
            [-3.722719, 40.404548],
            [-3.722739, 40.405218],
            [-3.722649, 40.405828],
            [-3.722369, 40.406748],
            [-3.722259, 40.407058],
            [-3.722219, 40.407178],
            [-3.721819, 40.408508],
            [-3.722219, 40.408538],
            [-3.722539, 40.408558],
            [-3.723479, 40.408718],
            [-3.723749, 40.408738],
            [-3.723869, 40.408748],
            [-3.724169, 40.408748],
            [-3.724499, 40.408748],
            [-3.724679, 40.408738],
            [-3.724989, 40.408688],
            [-3.725219, 40.408658],
            [-3.725899, 40.407748],
            [-3.726129, 40.407538],
            [-3.726459, 40.407338],
            [-3.726749, 40.407208],
            [-3.727139, 40.407088],
            [-3.728669, 40.406788],
            [-3.730189, 40.406478],
            [-3.730489, 40.406408],
            [-3.730599, 40.406368],
            [-3.731969, 40.405588],
            [-3.732829, 40.405088],
            [-3.732909, 40.405048],
            [-3.733129, 40.404928],
            [-3.734359, 40.404308],
            [-3.734649, 40.404178],
            [-3.734959, 40.404068],
            [-3.735419, 40.403948],
            [-3.735869, 40.403868],
            [-3.736199, 40.403838],
            [-3.736449, 40.403828],
            [-3.736839, 40.403848],
            [-3.737149, 40.403878],
            [-3.737959, 40.404028],
            [-3.739099, 40.404248],
            [-3.739729, 40.404348],
            [-3.740339, 40.404408],
            [-3.741049, 40.404458],
            [-3.742319, 40.404498],
            [-3.742309, 40.404508],
            [-3.742859, 40.404528],
            [-3.743039, 40.404528],
            [-3.74409, 40.404528],
            [-3.74418, 40.404168],
            [-3.74444, 40.403768],
            [-3.74483, 40.403098],
            [-3.74485, 40.403038],
            [-3.74486, 40.402897],
            [-3.74485, 40.402277],
            [-3.74472, 40.401127],
            [-3.74467, 40.400707],
            [-3.74466, 40.400587],
            [-3.74446, 40.399597],
            [-3.74436, 40.399137],
            [-3.74424, 40.398557],
            [-3.74398, 40.397297],
            [-3.74381, 40.396477],
            [-3.74376, 40.396247],
            [-3.743729, 40.396097],
            [-3.743609, 40.395527],
            [-3.743599, 40.395517],
            [-3.743569, 40.395317],
            [-3.743509, 40.395087],
            [-3.743429, 40.395007],
            [-3.743269, 40.394847],
            [-3.741129, 40.393207],
            [-3.740869, 40.393007],
            [-3.740879, 40.392997],
            [-3.740839, 40.393027],
            [-3.739759, 40.393857],
            [-3.739159, 40.394297],
            [-3.739149, 40.394307],
            [-3.738979, 40.394437],
            [-3.738709, 40.394727],
            [-3.738629, 40.394807],
            [-3.738559, 40.394907],
            [-3.738429, 40.395107],
            [-3.738319, 40.395277],
            [-3.737859, 40.395967],
            [-3.737589, 40.396247],
            [-3.737499, 40.396337],
            [-3.737099, 40.396747],
            [-3.734749, 40.398557],
            [-3.734099, 40.399047],
            [-3.733489, 40.399507],
            [-3.732109, 40.400547],
            [-3.730889, 40.401467],
            [-3.730299, 40.401917],
            [-3.730289, 40.401917],
            [-3.729569, 40.402457],
            [-3.728599, 40.402918],
            [-3.728309, 40.403218],
            [-3.728309, 40.403218],
            [-3.728139, 40.403398],
            [-3.727769, 40.403718],
            [-3.727569, 40.403898],
            [-3.727059, 40.404158],
            [-3.726799, 40.404368],
            [-3.726609, 40.404518],
            [-3.726319, 40.404848],
            [-3.726169, 40.404968],
            [-3.725979, 40.405118],
            [-3.725639, 40.405328],
            [-3.725499, 40.405418],
            [-3.725159, 40.405508],
            [-3.725049, 40.405538],
            [-3.724629, 40.405508],
            [-3.724749, 40.405058],
            [-3.724739, 40.404568],
            [-3.723579, 40.404578],
            [-3.722699, 40.404568],
            [-3.722719, 40.404548]
          ]
        ]
      }
    },
    {
      "type": "Feature",
      "properties": {
        "id": "los-jeronimos",
        "name": "Los Jerónimos",
        "cityId": "madrid"
      },
      "geometry": {
        "type": "Polygon",
        "coordinates": [
          [
            [-3.678828, 40.407498],
            [-3.678408, 40.408198],
            [-3.676898, 40.410288],
            [-3.676328, 40.411328],
            [-3.676288, 40.411398],
            [-3.676858, 40.412928],
            [-3.677768, 40.415468],
            [-3.677768, 40.415458],
            [-3.678348, 40.417058],
            [-3.678438, 40.417328],
            [-3.679248, 40.419568],
            [-3.679588, 40.420528],
            [-3.679758, 40.421048],
            [-3.679958, 40.421658],
            [-3.681208, 40.421418],
            [-3.682438, 40.421158],
            [-3.683088, 40.421048],
            [-3.684448, 40.420828],
            [-3.684568, 40.420808],
            [-3.684738, 40.420778],
            [-3.685178, 40.420698],
            [-3.685858, 40.420578],
            [-3.685908, 40.420568],
            [-3.688698, 40.419988],
            [-3.692178, 40.419508],
            [-3.693078, 40.419328],
            [-3.693098, 40.419338],
            [-3.692978, 40.418888],
            [-3.693168, 40.418488],
            [-3.693478, 40.416948],
            [-3.693598, 40.416348],
            [-3.693638, 40.415888],
            [-3.693438, 40.415138],
            [-3.693198, 40.414038],
            [-3.692898, 40.412638],
            [-3.692648, 40.411468],
            [-3.692368, 40.410198],
            [-3.692218, 40.409708],
            [-3.691938, 40.409078],
            [-3.691938, 40.409088],
            [-3.692028, 40.408698],
            [-3.691858, 40.408438],
            [-3.691848, 40.408438],
            [-3.691498, 40.408148],
            [-3.691388, 40.408108],
            [-3.691168, 40.407988],
            [-3.690818, 40.407758],
            [-3.690248, 40.407328],
            [-3.690208, 40.407358],
            [-3.689878, 40.407118],
            [-3.689158, 40.406718],
            [-3.688868, 40.406538],
            [-3.688858, 40.406538],
            [-3.688778, 40.406668],
            [-3.688608, 40.406988],
            [-3.687258, 40.406578],
            [-3.686498, 40.406428],
            [-3.686218, 40.406388],
            [-3.685938, 40.406378],
            [-3.685598, 40.406398],
            [-3.685308, 40.406438],
            [-3.683418, 40.406738],
            [-3.682008, 40.406958],
            [-3.680018, 40.407308],
            [-3.678828, 40.407498]
          ]
        ]
      }
    },
    {
      "type": "Feature",
      "properties": {
        "id": "los-rosales",
        "name": "Los Rosales",
        "cityId": "madrid"
      },
      "geometry": {
        "type": "Polygon",
        "coordinates": [
          [
            [-3.683788, 40.350236],
            [-3.683668, 40.351326],
            [-3.683568, 40.351496],
            [-3.683578, 40.352756],
            [-3.683588, 40.353626],
            [-3.683628, 40.353756],
            [-3.683638, 40.353886],
            [-3.683648, 40.354586],
            [-3.683848, 40.354846],
            [-3.683818, 40.355166],
            [-3.683768, 40.355516],
            [-3.683688, 40.355856],
            [-3.683578, 40.356226],
            [-3.683448, 40.356556],
            [-3.683318, 40.356826],
            [-3.683208, 40.357026],
            [-3.683018, 40.357346],
            [-3.682818, 40.357626],
            [-3.682608, 40.357896],
            [-3.682368, 40.358176],
            [-3.682068, 40.358496],
            [-3.681798, 40.358806],
            [-3.681348, 40.359326],
            [-3.680948, 40.359746],
            [-3.681318, 40.359916],
            [-3.681468, 40.360086],
            [-3.681508, 40.360186],
            [-3.681518, 40.360216],
            [-3.681918, 40.361296],
            [-3.683138, 40.361726],
            [-3.685398, 40.362536],
            [-3.687238, 40.363196],
            [-3.689028, 40.363786],
            [-3.689448, 40.363906],
            [-3.690048, 40.364056],
            [-3.690618, 40.364166],
            [-3.691248, 40.364266],
            [-3.691648, 40.364316],
            [-3.692228, 40.364386],
            [-3.693248, 40.364466],
            [-3.693878, 40.364516],
            [-3.694008, 40.364526],
            [-3.693628, 40.361726],
            [-3.693518, 40.360876],
            [-3.693418, 40.360036],
            [-3.693318, 40.358986],
            [-3.693238, 40.357816],
            [-3.693168, 40.356556],
            [-3.693128, 40.355066],
            [-3.693088, 40.353886],
            [-3.693058, 40.352776],
            [-3.693048, 40.352216],
            [-3.693058, 40.351686],
            [-3.693078, 40.350936],
            [-3.693088, 40.349576],
            [-3.692978, 40.345836],
            [-3.692968, 40.345856],
            [-3.692468, 40.345926],
            [-3.690328, 40.346466],
            [-3.688008, 40.347076],
            [-3.687228, 40.347356],
            [-3.687118, 40.347406],
            [-3.686658, 40.347616],
            [-3.686268, 40.347806],
            [-3.686098, 40.347906],
            [-3.685928, 40.348006],
            [-3.685718, 40.348136],
            [-3.685558, 40.348246],
            [-3.685298, 40.348446],
            [-3.685088, 40.348626],
            [-3.684838, 40.348866],
            [-3.684768, 40.348946],
            [-3.684718, 40.349006],
            [-3.684668, 40.349056],
            [-3.684498, 40.349266],
            [-3.684458, 40.349326],
            [-3.684428, 40.349376],
            [-3.684338, 40.349526],
            [-3.684268, 40.349636],
            [-3.684178, 40.349816],
            [-3.684098, 40.349996],
            [-3.684008, 40.350236],
            [-3.683788, 40.350216],
            [-3.683788, 40.350236]
          ]
        ]
      }
    },
    {
      "type": "Feature",
      "properties": {
        "id": "lucero",
        "name": "Lucero",
        "cityId": "madrid"
      },
      "geometry": {
        "type": "Polygon",
        "coordinates": [
          [
            [-3.742299, 40.404488],
            [-3.742289, 40.404688],
            [-3.742269, 40.405088],
            [-3.742259, 40.405368],
            [-3.742259, 40.405408],
            [-3.742209, 40.405518],
            [-3.742169, 40.405608],
            [-3.742159, 40.405618],
            [-3.742079, 40.405728],
            [-3.741969, 40.405878],
            [-3.741929, 40.405988],
            [-3.741839, 40.406268],
            [-3.741749, 40.406918],
            [-3.741649, 40.407528],
            [-3.741409, 40.408468],
            [-3.741319, 40.408618],
            [-3.741069, 40.408938],
            [-3.741849, 40.409208],
            [-3.741849, 40.409198],
            [-3.741979, 40.409248],
            [-3.742069, 40.409278],
            [-3.742229, 40.409338],
            [-3.742359, 40.409378],
            [-3.742449, 40.409408],
            [-3.742539, 40.409438],
            [-3.742879, 40.409528],
            [-3.743049, 40.409558],
            [-3.743139, 40.409568],
            [-3.743189, 40.409568],
            [-3.743209, 40.409568],
            [-3.743259, 40.409568],
            [-3.743329, 40.409558],
            [-3.743559, 40.409508],
            [-3.74386, 40.409438],
            [-3.74394, 40.409418],
            [-3.74441, 40.409308],
            [-3.74447, 40.409288],
            [-3.7445, 40.409278],
            [-3.74458, 40.409248],
            [-3.74461, 40.409218],
            [-3.74467, 40.409138],
            [-3.74748, 40.408768],
            [-3.74789, 40.408718],
            [-3.74987, 40.408448],
            [-3.75055, 40.408358],
            [-3.75065, 40.408348],
            [-3.75076, 40.408328],
            [-3.75089, 40.408308],
            [-3.75207, 40.407738],
            [-3.75266, 40.407458],
            [-3.75492, 40.406308],
            [-3.7557, 40.405898],
            [-3.75596, 40.405808],
            [-3.75612, 40.405768],
            [-3.75628, 40.405748],
            [-3.7565, 40.405738],
            [-3.75672, 40.405708],
            [-3.75688, 40.405678],
            [-3.75706, 40.405618],
            [-3.75736, 40.405448],
            [-3.75766, 40.405278],
            [-3.75976, 40.404058],
            [-3.75986, 40.403958],
            [-3.76023, 40.403638],
            [-3.76045, 40.403358],
            [-3.76081, 40.402877],
            [-3.76022, 40.401937],
            [-3.75899, 40.400007],
            [-3.75846, 40.399277],
            [-3.7582, 40.399027],
            [-3.75774, 40.398707],
            [-3.75702, 40.398357],
            [-3.75642, 40.398077],
            [-3.75596, 40.397867],
            [-3.75555, 40.397617],
            [-3.75516, 40.397397],
            [-3.7548, 40.397157],
            [-3.75451, 40.396917],
            [-3.75419, 40.396457],
            [-3.75378, 40.395847],
            [-3.75366, 40.395887],
            [-3.7535, 40.395937],
            [-3.75323, 40.395997],
            [-3.75258, 40.395967],
            [-3.7525, 40.395957],
            [-3.75184, 40.395877],
            [-3.74741, 40.395347],
            [-3.7472, 40.395317],
            [-3.74666, 40.395257],
            [-3.74608, 40.395197],
            [-3.74477, 40.395067],
            [-3.74462, 40.395087],
            [-3.74458, 40.395097],
            [-3.743609, 40.395497],
            [-3.743609, 40.395527],
            [-3.743729, 40.396097],
            [-3.74376, 40.396247],
            [-3.74381, 40.396477],
            [-3.74398, 40.397297],
            [-3.74424, 40.398557],
            [-3.74436, 40.399137],
            [-3.74446, 40.399597],
            [-3.74466, 40.400587],
            [-3.74467, 40.400707],
            [-3.74472, 40.401127],
            [-3.74485, 40.402277],
            [-3.74486, 40.402897],
            [-3.74485, 40.403038],
            [-3.74483, 40.403098],
            [-3.74444, 40.403768],
            [-3.74418, 40.404168],
            [-3.74409, 40.404528],
            [-3.743039, 40.404528],
            [-3.742859, 40.404528],
            [-3.742309, 40.404508],
            [-3.742299, 40.404488]
          ]
        ]
      }
    },
    {
      "type": "Feature",
      "properties": {
        "id": "marroquina",
        "name": "Marroquina",
        "cityId": "madrid"
      },
      "geometry": {
        "type": "Polygon",
        "coordinates": [
          [
            [-3.627586, 40.414378],
            [-3.628046, 40.414528],
            [-3.628606, 40.414688],
            [-3.629026, 40.414808],
            [-3.629926, 40.414998],
            [-3.630656, 40.415098],
            [-3.631436, 40.415168],
            [-3.631886, 40.415178],
            [-3.631886, 40.415178],
            [-3.632476, 40.415188],
            [-3.633427, 40.415138],
            [-3.633797, 40.415118],
            [-3.634497, 40.415018],
            [-3.634897, 40.414958],
            [-3.637527, 40.414588],
            [-3.639077, 40.414458],
            [-3.640937, 40.414418],
            [-3.642877, 40.414508],
            [-3.644097, 40.414648],
            [-3.645407, 40.414858],
            [-3.646077, 40.414988],
            [-3.646467, 40.415058],
            [-3.647717, 40.415368],
            [-3.650127, 40.416098],
            [-3.650137, 40.416088],
            [-3.650267, 40.415828],
            [-3.650397, 40.415678],
            [-3.651567, 40.414558],
            [-3.652787, 40.413408],
            [-3.652877, 40.413318],
            [-3.653947, 40.412348],
            [-3.653807, 40.412318],
            [-3.653677, 40.412288],
            [-3.653577, 40.412268],
            [-3.653547, 40.412258],
            [-3.653387, 40.412238],
            [-3.653177, 40.412228],
            [-3.653067, 40.412228],
            [-3.652977, 40.412228],
            [-3.652317, 40.412238],
            [-3.651687, 40.412268],
            [-3.652387, 40.410588],
            [-3.652487, 40.410368],
            [-3.652557, 40.410218],
            [-3.652567, 40.410198],
            [-3.653047, 40.409018],
            [-3.653087, 40.408888],
            [-3.653087, 40.408818],
            [-3.653067, 40.408738],
            [-3.653037, 40.408668],
            [-3.652787, 40.408208],
            [-3.652527, 40.407778],
            [-3.652097, 40.407178],
            [-3.651607, 40.406538],
            [-3.651577, 40.406488],
            [-3.651287, 40.406068],
            [-3.651037, 40.405708],
            [-3.651037, 40.405728],
            [-3.649067, 40.406548],
            [-3.647827, 40.407068],
            [-3.647747, 40.407098],
            [-3.645837, 40.407908],
            [-3.643717, 40.408768],
            [-3.643247, 40.408958],
            [-3.641707, 40.409578],
            [-3.641237, 40.409828],
            [-3.641157, 40.409738],
            [-3.640917, 40.409488],
            [-3.640637, 40.409128],
            [-3.640627, 40.409118],
            [-3.640247, 40.408528],
            [-3.640217, 40.408468],
            [-3.640077, 40.408168],
            [-3.639777, 40.407528],
            [-3.639537, 40.407028],
            [-3.639437, 40.406208],
            [-3.639397, 40.405878],
            [-3.639277, 40.405918],
            [-3.639027, 40.405998],
            [-3.638707, 40.405588],
            [-3.638497, 40.405328],
            [-3.638197, 40.404998],
            [-3.637637, 40.404528],
            [-3.637187, 40.404238],
            [-3.636647, 40.403998],
            [-3.636387, 40.403918],
            [-3.636147, 40.403858],
            [-3.635827, 40.403798],
            [-3.635497, 40.403768],
            [-3.635167, 40.403758],
            [-3.634717, 40.403758],
            [-3.634287, 40.403758],
            [-3.633897, 40.404368],
            [-3.633657, 40.404718],
            [-3.633477, 40.404958],
            [-3.633267, 40.405218],
            [-3.633087, 40.405418],
            [-3.632827, 40.405688],
            [-3.632476, 40.406068],
            [-3.632176, 40.406438],
            [-3.631706, 40.407038],
            [-3.631266, 40.407628],
            [-3.630426, 40.409178],
            [-3.629696, 40.410518],
            [-3.627586, 40.414378]
          ]
        ]
      }
    },
    {
      "type": "Feature",
      "properties": {
        "id": "media-legua",
        "name": "Media Legua",
        "cityId": "madrid"
      },
      "geometry": {
        "type": "Polygon",
        "coordinates": [
          [
            [-3.651037, 40.405708],
            [-3.651287, 40.406068],
            [-3.651577, 40.406488],
            [-3.651607, 40.406538],
            [-3.652097, 40.407178],
            [-3.652527, 40.407778],
            [-3.652787, 40.408208],
            [-3.653037, 40.408668],
            [-3.653067, 40.408738],
            [-3.653087, 40.408818],
            [-3.653087, 40.408888],
            [-3.653047, 40.409018],
            [-3.652567, 40.410198],
            [-3.652557, 40.410218],
            [-3.652487, 40.410368],
            [-3.652387, 40.410588],
            [-3.651687, 40.412268],
            [-3.652317, 40.412238],
            [-3.652977, 40.412228],
            [-3.653067, 40.412228],
            [-3.653177, 40.412228],
            [-3.653387, 40.412238],
            [-3.653547, 40.412258],
            [-3.653577, 40.412268],
            [-3.653677, 40.412288],
            [-3.653807, 40.412318],
            [-3.653947, 40.412348],
            [-3.652877, 40.413318],
            [-3.652787, 40.413408],
            [-3.651567, 40.414558],
            [-3.650397, 40.415678],
            [-3.650267, 40.415828],
            [-3.650137, 40.416088],
            [-3.654017, 40.417448],
            [-3.656297, 40.418048],
            [-3.658697, 40.418668],
            [-3.658697, 40.418678],
            [-3.658977, 40.417448],
            [-3.659447, 40.416548],
            [-3.660587, 40.414698],
            [-3.661057, 40.413938],
            [-3.661167, 40.413768],
            [-3.661487, 40.413248],
            [-3.662497, 40.411648],
            [-3.662547, 40.411578],
            [-3.662927, 40.410968],
            [-3.662927, 40.410968],
            [-3.663397, 40.409908],
            [-3.663767, 40.409178],
            [-3.664097, 40.408528],
            [-3.661997, 40.407958],
            [-3.660507, 40.407558],
            [-3.659447, 40.407298],
            [-3.659007, 40.407188],
            [-3.658437, 40.407018],
            [-3.657677, 40.406828],
            [-3.656987, 40.406708],
            [-3.656707, 40.406648],
            [-3.656307, 40.406568],
            [-3.655707, 40.406388],
            [-3.655357, 40.406278],
            [-3.655187, 40.406218],
            [-3.655137, 40.406198],
            [-3.655067, 40.406178],
            [-3.654697, 40.406058],
            [-3.654107, 40.405908],
            [-3.653887, 40.405858],
            [-3.653657, 40.405798],
            [-3.653137, 40.405708],
            [-3.652597, 40.405638],
            [-3.652467, 40.405618],
            [-3.651977, 40.405618],
            [-3.651857, 40.405618],
            [-3.651827, 40.405618],
            [-3.651607, 40.405628],
            [-3.651347, 40.405648],
            [-3.651257, 40.405668],
            [-3.651047, 40.405728],
            [-3.651037, 40.405708]
          ]
        ]
      }
    },
    {
      "type": "Feature",
      "properties": {
        "id": "mirasierra",
        "name": "Mirasierra",
        "cityId": "madrid"
      },
      "geometry": {
        "type": "Polygon",
        "coordinates": [
          [
            [-3.696188, 40.50151],
            [-3.697028, 40.50208],
            [-3.697388, 40.502361],
            [-3.697658, 40.502651],
            [-3.697668, 40.502671],
            [-3.698248, 40.503671],
            [-3.699088, 40.503411],
            [-3.699868, 40.503281],
            [-3.700488, 40.503251],
            [-3.701338, 40.503251],
            [-3.702478, 40.503301],
            [-3.704708, 40.503431],
            [-3.704718, 40.503431],
            [-3.706859, 40.503541],
            [-3.706879, 40.503541],
            [-3.709689, 40.503691],
            [-3.710899, 40.503761],
            [-3.711169, 40.503771],
            [-3.711399, 40.503751],
            [-3.711649, 40.503721],
            [-3.711929, 40.503651],
            [-3.712199, 40.503551],
            [-3.712669, 40.503301],
            [-3.713169, 40.503221],
            [-3.713669, 40.503271],
            [-3.713809, 40.503301],
            [-3.714149, 40.503391],
            [-3.714499, 40.503531],
            [-3.714889, 40.503671],
            [-3.715129, 40.503761],
            [-3.715459, 40.503871],
            [-3.717059, 40.504371],
            [-3.717559, 40.504551],
            [-3.718129, 40.504781],
            [-3.719069, 40.505171],
            [-3.719909, 40.505591],
            [-3.720489, 40.505901],
            [-3.720889, 40.506091],
            [-3.721119, 40.506181],
            [-3.721329, 40.506241],
            [-3.721639, 40.506311],
            [-3.721959, 40.506381],
            [-3.722759, 40.506541],
            [-3.723069, 40.506591],
            [-3.723389, 40.506621],
            [-3.724129, 40.506681],
            [-3.724269, 40.506691],
            [-3.724389, 40.506721],
            [-3.724499, 40.506761],
            [-3.724619, 40.506811],
            [-3.725889, 40.507551],
            [-3.725969, 40.507601],
            [-3.726099, 40.507701],
            [-3.726549, 40.508101],
            [-3.726639, 40.508161],
            [-3.726739, 40.508221],
            [-3.726899, 40.508281],
            [-3.727089, 40.508331],
            [-3.728359, 40.508581],
            [-3.730059, 40.508911],
            [-3.731069, 40.509111],
            [-3.731829, 40.509261],
            [-3.731959, 40.509291],
            [-3.732079, 40.509331],
            [-3.732289, 40.509401],
            [-3.732429, 40.509461],
            [-3.732629, 40.509581],
            [-3.736469, 40.512171],
            [-3.736639, 40.512271],
            [-3.736919, 40.512391],
            [-3.737969, 40.512771],
            [-3.739129, 40.513181],
            [-3.739409, 40.513261],
            [-3.739419, 40.513241],
            [-3.739689, 40.512801],
            [-3.740649, 40.511181],
            [-3.740739, 40.511031],
            [-3.740769, 40.510991],
            [-3.740799, 40.510931],
            [-3.740839, 40.510871],
            [-3.740859, 40.510831],
            [-3.740879, 40.510801],
            [-3.740919, 40.510731],
            [-3.740949, 40.510691],
            [-3.740959, 40.510681],
            [-3.740969, 40.510671],
            [-3.740989, 40.510631],
            [-3.741009, 40.510591],
            [-3.741029, 40.510551],
            [-3.741059, 40.510501],
            [-3.741069, 40.510481],
            [-3.741089, 40.510451],
            [-3.741119, 40.510401],
            [-3.741149, 40.510351],
            [-3.741169, 40.510311],
            [-3.741199, 40.510271],
            [-3.741259, 40.510171],
            [-3.741279, 40.510141],
            [-3.741299, 40.510101],
            [-3.741339, 40.510031],
            [-3.741349, 40.510021],
            [-3.741359, 40.510001],
            [-3.741379, 40.509971],
            [-3.741399, 40.509931],
            [-3.741419, 40.509901],
            [-3.741489, 40.509781],
            [-3.741509, 40.509741],
            [-3.741529, 40.509701],
            [-3.741549, 40.509661],
            [-3.741629, 40.509531],
            [-3.741649, 40.509491],
            [-3.741679, 40.509451],
            [-3.741699, 40.509411],
            [-3.741729, 40.509371],
            [-3.741749, 40.509341],
            [-3.741759, 40.509321],
            [-3.741769, 40.509301],
            [-3.741799, 40.509251],
            [-3.741819, 40.509221],
            [-3.741839, 40.509191],
            [-3.741859, 40.509161],
            [-3.741879, 40.509131],
            [-3.741909, 40.509091],
            [-3.741929, 40.509051],
            [-3.741949, 40.509021],
            [-3.741969, 40.508991],
            [-3.741989, 40.508951],
            [-3.742039, 40.508881],
            [-3.741379, 40.508681],
            [-3.741289, 40.508651],
            [-3.741139, 40.508611],
            [-3.740939, 40.508551],
            [-3.739939, 40.508251],
            [-3.739729, 40.508191],
            [-3.739499, 40.508121],
            [-3.739209, 40.508031],
            [-3.739069, 40.507991],
            [-3.738959, 40.507961],
            [-3.738799, 40.507921],
            [-3.738669, 40.507881],
            [-3.738549, 40.507841],
            [-3.738389, 40.507791],
            [-3.738289, 40.507761],
            [-3.738209, 40.507741],
            [-3.738089, 40.507711],
            [-3.737959, 40.507671],
            [-3.737829, 40.507631],
            [-3.737769, 40.507611],
            [-3.737599, 40.507561],
            [-3.737419, 40.507511],
            [-3.737289, 40.507471],
            [-3.737139, 40.507421],
            [-3.737089, 40.507411],
            [-3.736989, 40.507381],
            [-3.736849, 40.507341],
            [-3.736779, 40.507321],
            [-3.736629, 40.507281],
            [-3.736489, 40.507241],
            [-3.736379, 40.507211],
            [-3.736129, 40.507141],
            [-3.735889, 40.507071],
            [-3.735709, 40.507021],
            [-3.735509, 40.506971],
            [-3.735339, 40.506921],
            [-3.735249, 40.506891],
            [-3.735109, 40.506851],
            [-3.734969, 40.506811],
            [-3.734829, 40.507031],
            [-3.734799, 40.507081],
            [-3.734769, 40.507121],
            [-3.734739, 40.507161],
            [-3.734709, 40.507201],
            [-3.734689, 40.507241],
            [-3.734649, 40.507311],
            [-3.734619, 40.507361],
            [-3.734579, 40.507421],
            [-3.734559, 40.507461],
            [-3.734519, 40.507521],
            [-3.734489, 40.507571],
            [-3.734449, 40.507631],
            [-3.734409, 40.507691],
            [-3.734099, 40.507591],
            [-3.734029, 40.507571],
            [-3.733919, 40.507531],
            [-3.733879, 40.507521],
            [-3.733699, 40.507461],
            [-3.733599, 40.507431],
            [-3.733469, 40.507391],
            [-3.733429, 40.507381],
            [-3.733279, 40.507361],
            [-3.732999, 40.507251],
            [-3.732929, 40.507131],
            [-3.732899, 40.507081],
            [-3.732999, 40.506951],
            [-3.733099, 40.506341],
            [-3.732809, 40.506271],
            [-3.732739, 40.505851],
            [-3.732739, 40.505831],
            [-3.732729, 40.505781],
            [-3.732719, 40.505731],
            [-3.732719, 40.505721],
            [-3.732549, 40.505271],
            [-3.732549, 40.505261],
            [-3.732539, 40.505221],
            [-3.732529, 40.505171],
            [-3.732519, 40.505141],
            [-3.732519, 40.505131],
            [-3.732509, 40.505091],
            [-3.732499, 40.505051],
            [-3.732489, 40.505011],
            [-3.732479, 40.504981],
            [-3.732469, 40.504951],
            [-3.732459, 40.504921],
            [-3.732449, 40.504881],
            [-3.732439, 40.504831],
            [-3.732439, 40.504821],
            [-3.732429, 40.504771],
            [-3.732419, 40.504721],
            [-3.732409, 40.504671],
            [-3.732409, 40.504641],
            [-3.732399, 40.504601],
            [-3.732399, 40.504571],
            [-3.732399, 40.504541],
            [-3.732399, 40.504511],
            [-3.732389, 40.504471],
            [-3.732389, 40.504441],
            [-3.732389, 40.504411],
            [-3.732389, 40.504381],
            [-3.732389, 40.504341],
            [-3.732379, 40.504301],
            [-3.732369, 40.504251],
            [-3.732359, 40.504201],
            [-3.732309, 40.503841],
            [-3.732699, 40.503411],
            [-3.733059, 40.503151],
            [-3.733649, 40.502721],
            [-3.733969, 40.502491],
            [-3.734509, 40.5021],
            [-3.734849, 40.50119],
            [-3.735399, 40.49972],
            [-3.735869, 40.49845],
            [-3.736159, 40.49768],
            [-3.736169, 40.49764],
            [-3.736209, 40.49754],
            [-3.736319, 40.49725],
            [-3.736429, 40.49701],
            [-3.736449, 40.49697],
            [-3.736509, 40.49684],
            [-3.736559, 40.49674],
            [-3.736649, 40.49656],
            [-3.736749, 40.49635],
            [-3.736849, 40.49616],
            [-3.736929, 40.49601],
            [-3.737119, 40.49565],
            [-3.737169, 40.49555],
            [-3.737229, 40.49542],
            [-3.737349, 40.49517],
            [-3.737399, 40.49506],
            [-3.737449, 40.49495],
            [-3.737499, 40.49484],
            [-3.737569, 40.49471],
            [-3.737639, 40.49456],
            [-3.737709, 40.49443],
            [-3.737759, 40.49433],
            [-3.737809, 40.49423],
            [-3.737859, 40.49412],
            [-3.737909, 40.49403],
            [-3.737909, 40.49403],
            [-3.737979, 40.49388],
            [-3.737999, 40.49383],
            [-3.738009, 40.49382],
            [-3.738019, 40.49381],
            [-3.738029, 40.4938],
            [-3.738049, 40.49377],
            [-3.738199, 40.49348],
            [-3.738209, 40.49346],
            [-3.738349, 40.49317],
            [-3.738409, 40.49305],
            [-3.738589, 40.49269],
            [-3.738739, 40.49239],
            [-3.739039, 40.49178],
            [-3.739379, 40.4911],
            [-3.739979, 40.49055],
            [-3.739979, 40.49052],
            [-3.738069, 40.48988],
            [-3.737969, 40.48984],
            [-3.737679, 40.48962],
            [-3.737499, 40.48954],
            [-3.737149, 40.48943],
            [-3.736829, 40.48932],
            [-3.736719, 40.48927],
            [-3.736579, 40.4892],
            [-3.736399, 40.48914],
            [-3.736169, 40.48908],
            [-3.735889, 40.48901],
            [-3.735599, 40.48895],
            [-3.735299, 40.4888],
            [-3.735059, 40.48871],
            [-3.734909, 40.48861],
            [-3.734689, 40.48837],
            [-3.734449, 40.48805],
            [-3.734229, 40.48789],
            [-3.733819, 40.48776],
            [-3.733549, 40.48761],
            [-3.733289, 40.48748],
            [-3.732999, 40.48737],
            [-3.732819, 40.48729],
            [-3.732729, 40.48723],
            [-3.732619, 40.48715],
            [-3.732619, 40.48715],
            [-3.732549, 40.48708],
            [-3.732509, 40.48705],
            [-3.732429, 40.48699],
            [-3.732399, 40.48696],
            [-3.732329, 40.48694],
            [-3.732249, 40.48694],
            [-3.732139, 40.48695],
            [-3.732039, 40.48697],
            [-3.732019, 40.48698],
            [-3.731749, 40.48689],
            [-3.728969, 40.486],
            [-3.727829, 40.48562],
            [-3.727749, 40.48559],
            [-3.727559, 40.48556],
            [-3.725269, 40.48555],
            [-3.722689, 40.48554],
            [-3.720109, 40.48562],
            [-3.719829, 40.48563],
            [-3.718969, 40.48566],
            [-3.716579, 40.48576],
            [-3.716529, 40.48551],
            [-3.716499, 40.48539],
            [-3.716459, 40.48525],
            [-3.716409, 40.48512],
            [-3.716339, 40.48497],
            [-3.716319, 40.48494],
            [-3.716259, 40.48482],
            [-3.716239, 40.48478],
            [-3.716199, 40.48471],
            [-3.716109, 40.48459],
            [-3.715989, 40.48444],
            [-3.715819, 40.48425],
            [-3.715759, 40.48419],
            [-3.715709, 40.48414],
            [-3.715629, 40.48406],
            [-3.715579, 40.48402],
            [-3.715389, 40.48384],
            [-3.715269, 40.48375],
            [-3.715229, 40.48372],
            [-3.714959, 40.48351],
            [-3.714409, 40.48308],
            [-3.714229, 40.48311],
            [-3.714259, 40.48311],
            [-3.714179, 40.48313],
            [-3.714079, 40.48315],
            [-3.713939, 40.48318],
            [-3.713829, 40.4832],
            [-3.713699, 40.48323],
            [-3.713579, 40.48326],
            [-3.713459, 40.48329],
            [-3.713299, 40.48333],
            [-3.713179, 40.48336],
            [-3.713119, 40.48338],
            [-3.712999, 40.48342],
            [-3.712979, 40.48343],
            [-3.712909, 40.48345],
            [-3.712849, 40.48347],
            [-3.712809, 40.48348],
            [-3.712649, 40.48354],
            [-3.712619, 40.48355],
            [-3.712589, 40.48356],
            [-3.712529, 40.48359],
            [-3.712419, 40.48364],
            [-3.712299, 40.4837],
            [-3.712199, 40.48376],
            [-3.712159, 40.48378],
            [-3.712099, 40.48381],
            [-3.712029, 40.48385],
            [-3.711999, 40.48387],
            [-3.710219, 40.48506],
            [-3.709799, 40.48528],
            [-3.709659, 40.48536],
            [-3.709539, 40.48543],
            [-3.709419, 40.48551],
            [-3.709309, 40.48558],
            [-3.709319, 40.48557],
            [-3.708939, 40.48586],
            [-3.708719, 40.48605],
            [-3.708669, 40.48609],
            [-3.708559, 40.48617],
            [-3.708429, 40.48626],
            [-3.708289, 40.48634],
            [-3.708159, 40.48642],
            [-3.707999, 40.48651],
            [-3.707719, 40.48664],
            [-3.707389, 40.48675],
            [-3.704708, 40.48753],
            [-3.704278, 40.48766],
            [-3.704188, 40.48769],
            [-3.703588, 40.48787],
            [-3.703378, 40.48795],
            [-3.703198, 40.48803],
            [-3.702888, 40.48818],
            [-3.702708, 40.48828],
            [-3.702428, 40.48847],
            [-3.701978, 40.48876],
            [-3.701828, 40.48885],
            [-3.701658, 40.48896],
            [-3.701538, 40.48903],
            [-3.701348, 40.48912],
            [-3.701168, 40.4892],
            [-3.700938, 40.4893],
            [-3.698818, 40.48993],
            [-3.698248, 40.49009],
            [-3.698258, 40.49006],
            [-3.698398, 40.49081],
            [-3.698468, 40.49119],
            [-3.698558, 40.49176],
            [-3.698608, 40.49198],
            [-3.698668, 40.49218],
            [-3.698778, 40.49244],
            [-3.698878, 40.49264],
            [-3.699018, 40.49288],
            [-3.699218, 40.49315],
            [-3.699448, 40.49342],
            [-3.699838, 40.49385],
            [-3.700058, 40.49409],
            [-3.700288, 40.49434],
            [-3.700428, 40.49452],
            [-3.700588, 40.49478],
            [-3.700698, 40.49498],
            [-3.700778, 40.49516],
            [-3.700818, 40.49529],
            [-3.700868, 40.49547],
            [-3.700908, 40.4957],
            [-3.700928, 40.49597],
            [-3.700928, 40.49619],
            [-3.700898, 40.49642],
            [-3.700858, 40.49663],
            [-3.700778, 40.49688],
            [-3.700688, 40.4971],
            [-3.700538, 40.49736],
            [-3.700358, 40.49763],
            [-3.700158, 40.49792],
            [-3.699928, 40.49823],
            [-3.699688, 40.4985],
            [-3.699458, 40.49872],
            [-3.699238, 40.4989],
            [-3.698808, 40.49919],
            [-3.698438, 40.49943],
            [-3.698078, 40.49966],
            [-3.697658, 40.49996],
            [-3.697348, 40.50021],
            [-3.697148, 40.5004],
            [-3.696918, 40.50064],
            [-3.696528, 40.50109],
            [-3.696188, 40.50151]
          ]
        ]
      }
    },
    {
      "type": "Feature",
      "properties": {
        "id": "moscardo",
        "name": "Moscardó",
        "cityId": "madrid"
      },
      "geometry": {
        "type": "Polygon",
        "coordinates": [
          [
            [-3.711839, 40.385137],
            [-3.710769, 40.385287],
            [-3.708799, 40.385507],
            [-3.708219, 40.385577],
            [-3.705758, 40.385857],
            [-3.705748, 40.385847],
            [-3.703358, 40.386097],
            [-3.702498, 40.386207],
            [-3.702328, 40.386267],
            [-3.700518, 40.387467],
            [-3.699398, 40.388177],
            [-3.699398, 40.388177],
            [-3.698088, 40.389097],
            [-3.699558, 40.390647],
            [-3.702398, 40.393647],
            [-3.703378, 40.394457],
            [-3.704398, 40.395087],
            [-3.704638, 40.395237],
            [-3.704648, 40.395237],
            [-3.706308, 40.393267],
            [-3.706789, 40.392757],
            [-3.707239, 40.392297],
            [-3.707549, 40.392027],
            [-3.707949, 40.391717],
            [-3.708149, 40.391587],
            [-3.708299, 40.391497],
            [-3.708469, 40.391407],
            [-3.708709, 40.391287],
            [-3.708799, 40.391247],
            [-3.708819, 40.391237],
            [-3.709029, 40.391147],
            [-3.709129, 40.391107],
            [-3.709509, 40.390957],
            [-3.709509, 40.390957],
            [-3.710269, 40.390657],
            [-3.711899, 40.390007],
            [-3.712029, 40.389957],
            [-3.712899, 40.389537],
            [-3.713029, 40.389437],
            [-3.713369, 40.389187],
            [-3.713699, 40.388917],
            [-3.713699, 40.388917],
            [-3.713909, 40.388717],
            [-3.714239, 40.388407],
            [-3.714599, 40.388047],
            [-3.715029, 40.387647],
            [-3.715439, 40.387267],
            [-3.716399, 40.386367],
            [-3.716879, 40.385917],
            [-3.717559, 40.385277],
            [-3.716969, 40.385197],
            [-3.716299, 40.385187],
            [-3.716029, 40.385187],
            [-3.714729, 40.385167],
            [-3.711849, 40.385127],
            [-3.711839, 40.385137]
          ]
        ]
      }
    },
    {
      "type": "Feature",
      "properties": {
        "id": "nino-jesus",
        "name": "Niño Jesús",
        "cityId": "madrid"
      },
      "geometry": {
        "type": "Polygon",
        "coordinates": [
          [
            [-3.670228, 40.406658],
            [-3.670048, 40.408488],
            [-3.669948, 40.409818],
            [-3.669828, 40.411388],
            [-3.669748, 40.412428],
            [-3.669708, 40.412918],
            [-3.669557, 40.414518],
            [-3.669397, 40.416298],
            [-3.669387, 40.416368],
            [-3.669367, 40.416568],
            [-3.669357, 40.416578],
            [-3.671558, 40.416688],
            [-3.671588, 40.416388],
            [-3.674788, 40.415948],
            [-3.674958, 40.415928],
            [-3.674978, 40.415928],
            [-3.676418, 40.415718],
            [-3.677768, 40.415468],
            [-3.676858, 40.412928],
            [-3.676288, 40.411398],
            [-3.676328, 40.411328],
            [-3.676898, 40.410288],
            [-3.678408, 40.408198],
            [-3.678828, 40.407498],
            [-3.678818, 40.407498],
            [-3.677548, 40.407418],
            [-3.675278, 40.407208],
            [-3.675078, 40.407188],
            [-3.673818, 40.407068],
            [-3.672268, 40.406908],
            [-3.670218, 40.406658],
            [-3.670228, 40.406658]
          ]
        ]
      }
    },
    {
      "type": "Feature",
      "properties": {
        "id": "nueva-espana",
        "name": "Nueva España",
        "cityId": "madrid"
      },
      "geometry": {
        "type": "Polygon",
        "coordinates": [
          [
            [-3.668407, 40.466699],
            [-3.671628, 40.466189],
            [-3.674178, 40.467149],
            [-3.674768, 40.467249],
            [-3.676268, 40.467699],
            [-3.676458, 40.467739],
            [-3.676598, 40.467749],
            [-3.676948, 40.467769],
            [-3.677268, 40.467749],
            [-3.678288, 40.467519],
            [-3.679028, 40.467489],
            [-3.679048, 40.467639],
            [-3.679208, 40.467639],
            [-3.683008, 40.467339],
            [-3.683558, 40.467229],
            [-3.683938, 40.467149],
            [-3.684488, 40.467039],
            [-3.689328, 40.466049],
            [-3.689348, 40.466039],
            [-3.689588, 40.463419],
            [-3.689748, 40.461989],
            [-3.689888, 40.460579],
            [-3.690028, 40.459049],
            [-3.690038, 40.459019],
            [-3.688078, 40.458909],
            [-3.686778, 40.458839],
            [-3.685578, 40.458779],
            [-3.685178, 40.458749],
            [-3.682958, 40.458609],
            [-3.682908, 40.458609],
            [-3.681968, 40.458579],
            [-3.680548, 40.458619],
            [-3.677778, 40.458639],
            [-3.676818, 40.458589],
            [-3.675718, 40.458539],
            [-3.671958, 40.458449],
            [-3.671708, 40.458449],
            [-3.671208, 40.458439],
            [-3.670828, 40.458459],
            [-3.670288, 40.458539],
            [-3.669838, 40.458649],
            [-3.668287, 40.459069],
            [-3.664937, 40.460029],
            [-3.667717, 40.465379],
            [-3.668227, 40.466359],
            [-3.668407, 40.466699]
          ]
        ]
      }
    },
    {
      "type": "Feature",
      "properties": {
        "id": "numancia",
        "name": "Numancia",
        "cityId": "madrid"
      },
      "geometry": {
        "type": "Polygon",
        "coordinates": [
          [
            [-3.654047, 40.391587],
            [-3.653827, 40.393137],
            [-3.653797, 40.393247],
            [-3.653757, 40.393377],
            [-3.653677, 40.393507],
            [-3.653467, 40.393847],
            [-3.653457, 40.393857],
            [-3.653447, 40.393867],
            [-3.653337, 40.393997],
            [-3.653067, 40.394297],
            [-3.652607, 40.394707],
            [-3.652257, 40.395047],
            [-3.651697, 40.395477],
            [-3.649177, 40.397137],
            [-3.648707, 40.397447],
            [-3.648327, 40.397697],
            [-3.647057, 40.398537],
            [-3.648917, 40.400297],
            [-3.651327, 40.402377],
            [-3.652967, 40.403698],
            [-3.652967, 40.403698],
            [-3.654017, 40.404538],
            [-3.654427, 40.404778],
            [-3.654857, 40.405018],
            [-3.655327, 40.405208],
            [-3.655817, 40.405408],
            [-3.655967, 40.405468],
            [-3.656117, 40.405528],
            [-3.656427, 40.405618],
            [-3.656717, 40.405678],
            [-3.657377, 40.405758],
            [-3.657777, 40.405788],
            [-3.658557, 40.405858],
            [-3.658677, 40.405868],
            [-3.658887, 40.405878],
            [-3.665217, 40.406318],
            [-3.665217, 40.406338],
            [-3.665567, 40.405558],
            [-3.666337, 40.403868],
            [-3.666697, 40.402897],
            [-3.666787, 40.402627],
            [-3.668277, 40.399637],
            [-3.669257, 40.398327],
            [-3.667487, 40.397417],
            [-3.665347, 40.396287],
            [-3.665277, 40.396247],
            [-3.664097, 40.395617],
            [-3.663587, 40.395347],
            [-3.662917, 40.394997],
            [-3.662387, 40.394717],
            [-3.662387, 40.394727],
            [-3.660027, 40.393487],
            [-3.658867, 40.392847],
            [-3.658237, 40.392527],
            [-3.657237, 40.392007],
            [-3.657207, 40.391987],
            [-3.656997, 40.391887],
            [-3.656957, 40.391877],
            [-3.656927, 40.391867],
            [-3.656807, 40.391847],
            [-3.655257, 40.391677],
            [-3.654367, 40.391607],
            [-3.654067, 40.391587],
            [-3.654047, 40.391587]
          ]
        ]
      }
    },
    {
      "type": "Feature",
      "properties": {
        "id": "opanel",
        "name": "Opañel",
        "cityId": "madrid"
      },
      "geometry": {
        "type": "Polygon",
        "coordinates": [
          [
            [-3.717589, 40.385277],
            [-3.717439, 40.385687],
            [-3.717089, 40.386657],
            [-3.716699, 40.387747],
            [-3.716549, 40.388157],
            [-3.716459, 40.388327],
            [-3.716229, 40.389077],
            [-3.716229, 40.389087],
            [-3.716209, 40.389147],
            [-3.716199, 40.389167],
            [-3.715939, 40.389967],
            [-3.715829, 40.390327],
            [-3.715629, 40.390977],
            [-3.715369, 40.391807],
            [-3.715289, 40.392017],
            [-3.715229, 40.392647],
            [-3.715239, 40.392957],
            [-3.715239, 40.392957],
            [-3.715579, 40.394157],
            [-3.715629, 40.394337],
            [-3.715619, 40.394447],
            [-3.715299, 40.395267],
            [-3.715099, 40.395997],
            [-3.715799, 40.397717],
            [-3.716789, 40.397217],
            [-3.717219, 40.396997],
            [-3.717929, 40.396607],
            [-3.718339, 40.396377],
            [-3.720429, 40.395257],
            [-3.720949, 40.394977],
            [-3.721439, 40.394697],
            [-3.722709, 40.393977],
            [-3.724029, 40.393247],
            [-3.724709, 40.392877],
            [-3.726719, 40.391787],
            [-3.727529, 40.391267],
            [-3.728689, 40.390527],
            [-3.730099, 40.389607],
            [-3.731779, 40.388507],
            [-3.731769, 40.388527],
            [-3.732229, 40.388217],
            [-3.732239, 40.388217],
            [-3.729619, 40.387087],
            [-3.727709, 40.386267],
            [-3.727699, 40.386267],
            [-3.726889, 40.385967],
            [-3.726009, 40.385767],
            [-3.725039, 40.385637],
            [-3.723599, 40.385427],
            [-3.723119, 40.385357],
            [-3.722749, 40.385307],
            [-3.722299, 40.385267],
            [-3.721939, 40.385247],
            [-3.721819, 40.385247],
            [-3.721129, 40.385237],
            [-3.717549, 40.385287],
            [-3.717589, 40.385277]
          ]
        ]
      }
    },
    {
      "type": "Feature",
      "properties": {
        "id": "orcasitas",
        "name": "Orcasitas",
        "cityId": "madrid"
      },
      "geometry": {
        "type": "Polygon",
        "coordinates": [
          [
            [-3.712319, 40.373347],
            [-3.712629, 40.373407],
            [-3.713289, 40.373547],
            [-3.714489, 40.373797],
            [-3.716689, 40.373827],
            [-3.716889, 40.373827],
            [-3.718499, 40.373837],
            [-3.719769, 40.373817],
            [-3.719769, 40.373807],
            [-3.720199, 40.370687],
            [-3.720439, 40.367866],
            [-3.720719, 40.366436],
            [-3.720889, 40.365546],
            [-3.720889, 40.365546],
            [-3.720889, 40.365546],
            [-3.720979, 40.364786],
            [-3.720989, 40.364786],
            [-3.720989, 40.364786],
            [-3.720989, 40.364786],
            [-3.714159, 40.364356],
            [-3.709769, 40.364016],
            [-3.708099, 40.363936],
            [-3.707989, 40.363936],
            [-3.707099, 40.363876],
            [-3.707099, 40.363876],
            [-3.706368, 40.363816],
            [-3.705148, 40.363676],
            [-3.704908, 40.363646],
            [-3.704898, 40.363656],
            [-3.704368, 40.365536],
            [-3.704138, 40.366416],
            [-3.703848, 40.367646],
            [-3.703458, 40.369286],
            [-3.703398, 40.369516],
            [-3.703108, 40.370577],
            [-3.703448, 40.371167],
            [-3.703448, 40.371157],
            [-3.704158, 40.371197],
            [-3.704908, 40.371357],
            [-3.706809, 40.371867],
            [-3.708789, 40.372397],
            [-3.710779, 40.372927],
            [-3.712329, 40.373337],
            [-3.712319, 40.373347]
          ]
        ]
      }
    },
    {
      "type": "Feature",
      "properties": {
        "id": "orcasur",
        "name": "Orcasur",
        "cityId": "madrid"
      },
      "geometry": {
        "type": "Polygon",
        "coordinates": [
          [
            [-3.704898, 40.363656],
            [-3.704498, 40.363616],
            [-3.704278, 40.363596],
            [-3.704078, 40.363576],
            [-3.704008, 40.363576],
            [-3.704008, 40.363576],
            [-3.703648, 40.363556],
            [-3.703228, 40.363546],
            [-3.702608, 40.363566],
            [-3.702098, 40.363606],
            [-3.701648, 40.363656],
            [-3.701118, 40.363736],
            [-3.701068, 40.363746],
            [-3.700788, 40.363796],
            [-3.700698, 40.363816],
            [-3.700048, 40.363956],
            [-3.699338, 40.364116],
            [-3.699118, 40.364156],
            [-3.698748, 40.364226],
            [-3.698158, 40.364316],
            [-3.697448, 40.364406],
            [-3.697138, 40.364426],
            [-3.696908, 40.364446],
            [-3.696768, 40.364456],
            [-3.696608, 40.364466],
            [-3.696238, 40.364486],
            [-3.695538, 40.364506],
            [-3.694018, 40.364516],
            [-3.694008, 40.364526],
            [-3.694018, 40.364576],
            [-3.694158, 40.367056],
            [-3.694278, 40.368746],
            [-3.694358, 40.369326],
            [-3.694448, 40.370097],
            [-3.694568, 40.370837],
            [-3.694608, 40.371147],
            [-3.694828, 40.373477],
            [-3.694938, 40.374677],
            [-3.694948, 40.374847],
            [-3.694948, 40.375017],
            [-3.694928, 40.375187],
            [-3.694878, 40.375437],
            [-3.694818, 40.375657],
            [-3.694768, 40.375797],
            [-3.694708, 40.375937],
            [-3.694608, 40.376127],
            [-3.694528, 40.376267],
            [-3.694238, 40.376727],
            [-3.693548, 40.377747],
            [-3.692888, 40.378737],
            [-3.692068, 40.379947],
            [-3.691518, 40.380757],
            [-3.691308, 40.381047],
            [-3.691148, 40.381237],
            [-3.690908, 40.381467],
            [-3.690608, 40.381747],
            [-3.690308, 40.381987],
            [-3.689748, 40.382337],
            [-3.689738, 40.382337],
            [-3.692148, 40.384107],
            [-3.693308, 40.382947],
            [-3.694018, 40.382227],
            [-3.695138, 40.381097],
            [-3.695568, 40.380707],
            [-3.695538, 40.380367],
            [-3.696798, 40.379887],
            [-3.700088, 40.378527],
            [-3.700088, 40.378537],
            [-3.700958, 40.377847],
            [-3.701678, 40.376877],
            [-3.702538, 40.375047],
            [-3.702638, 40.374097],
            [-3.702738, 40.373137],
            [-3.702858, 40.372687],
            [-3.703208, 40.371737],
            [-3.703468, 40.371167],
            [-3.703448, 40.371167],
            [-3.703108, 40.370577],
            [-3.703398, 40.369516],
            [-3.703458, 40.369286],
            [-3.703848, 40.367646],
            [-3.704138, 40.366416],
            [-3.704368, 40.365536],
            [-3.704898, 40.363656]
          ]
        ]
      }
    },
    {
      "type": "Feature",
      "properties": {
        "id": "pacifico",
        "name": "Pacífico",
        "cityId": "madrid"
      },
      "geometry": {
        "type": "Polygon",
        "coordinates": [
          [
            [-3.676798, 40.398957],
            [-3.675928, 40.400007],
            [-3.674838, 40.401307],
            [-3.673918, 40.402287],
            [-3.673048, 40.403218],
            [-3.672448, 40.403898],
            [-3.672168, 40.404208],
            [-3.671008, 40.405488],
            [-3.670898, 40.405618],
            [-3.670798, 40.405728],
            [-3.670698, 40.405828],
            [-3.670548, 40.405998],
            [-3.670438, 40.406128],
            [-3.670338, 40.406278],
            [-3.670268, 40.406398],
            [-3.670238, 40.406538],
            [-3.670218, 40.406668],
            [-3.670218, 40.406658],
            [-3.672268, 40.406908],
            [-3.673818, 40.407068],
            [-3.675078, 40.407188],
            [-3.675278, 40.407208],
            [-3.677548, 40.407418],
            [-3.678818, 40.407498],
            [-3.678828, 40.407498],
            [-3.680018, 40.407308],
            [-3.682008, 40.406958],
            [-3.683418, 40.406738],
            [-3.685308, 40.406438],
            [-3.685598, 40.406398],
            [-3.685938, 40.406378],
            [-3.686218, 40.406388],
            [-3.686498, 40.406428],
            [-3.687258, 40.406578],
            [-3.688608, 40.406988],
            [-3.688778, 40.406668],
            [-3.688858, 40.406538],
            [-3.688868, 40.406548],
            [-3.688618, 40.406388],
            [-3.687788, 40.405628],
            [-3.686698, 40.404638],
            [-3.684668, 40.403228],
            [-3.684638, 40.403218],
            [-3.682598, 40.402387],
            [-3.682518, 40.402357],
            [-3.682508, 40.402357],
            [-3.682458, 40.402347],
            [-3.682368, 40.402347],
            [-3.682288, 40.402367],
            [-3.682068, 40.402267],
            [-3.681208, 40.401867],
            [-3.680608, 40.401587],
            [-3.680078, 40.401337],
            [-3.679638, 40.401057],
            [-3.679608, 40.401037],
            [-3.679048, 40.400797],
            [-3.676798, 40.398957]
          ]
        ]
      }
    },
    {
      "type": "Feature",
      "properties": {
        "id": "palacio",
        "name": "Palacio",
        "cityId": "madrid"
      },
      "geometry": {
        "type": "Polygon",
        "coordinates": [
          [
            [-3.705928, 40.420288],
            [-3.707929, 40.421548],
            [-3.710169, 40.422958],
            [-3.710889, 40.423438],
            [-3.710899, 40.423438],
            [-3.710919, 40.423428],
            [-3.711169, 40.423298],
            [-3.711729, 40.422968],
            [-3.713049, 40.422188],
            [-3.713179, 40.422058],
            [-3.713339, 40.421908],
            [-3.713389, 40.421828],
            [-3.713899, 40.421488],
            [-3.715509, 40.420418],
            [-3.715509, 40.420418],
            [-3.715979, 40.420368],
            [-3.716799, 40.420358],
            [-3.718059, 40.420298],
            [-3.718059, 40.420288],
            [-3.720189, 40.420258],
            [-3.720199, 40.420248],
            [-3.720299, 40.420068],
            [-3.720399, 40.419898],
            [-3.720699, 40.419468],
            [-3.721069, 40.419118],
            [-3.721509, 40.418768],
            [-3.721839, 40.418578],
            [-3.722049, 40.418458],
            [-3.722159, 40.418038],
            [-3.722379, 40.417178],
            [-3.722849, 40.415338],
            [-3.722949, 40.413998],
            [-3.722949, 40.413988],
            [-3.720489, 40.413948],
            [-3.719629, 40.413938],
            [-3.719419, 40.413938],
            [-3.716929, 40.413918],
            [-3.717839, 40.412078],
            [-3.718329, 40.411118],
            [-3.716759, 40.408708],
            [-3.715219, 40.408088],
            [-3.713679, 40.407448],
            [-3.712039, 40.406748],
            [-3.711669, 40.406668],
            [-3.711679, 40.406668],
            [-3.711049, 40.408008],
            [-3.710229, 40.409028],
            [-3.710099, 40.409178],
            [-3.709149, 40.410388],
            [-3.708479, 40.411178],
            [-3.708429, 40.411268],
            [-3.708229, 40.411448],
            [-3.707539, 40.412798],
            [-3.707429, 40.413348],
            [-3.707479, 40.413528],
            [-3.707479, 40.413518],
            [-3.707729, 40.413578],
            [-3.708259, 40.413718],
            [-3.708119, 40.414108],
            [-3.708039, 40.414518],
            [-3.708199, 40.414738],
            [-3.708439, 40.415278],
            [-3.708489, 40.415308],
            [-3.708559, 40.415308],
            [-3.708619, 40.415318],
            [-3.708819, 40.415568],
            [-3.708689, 40.415958],
            [-3.708759, 40.416318],
            [-3.708639, 40.416358],
            [-3.708689, 40.416748],
            [-3.708689, 40.416768],
            [-3.708729, 40.417008],
            [-3.708709, 40.417098],
            [-3.708679, 40.417198],
            [-3.708589, 40.417778],
            [-3.708789, 40.417808],
            [-3.708529, 40.418258],
            [-3.708479, 40.418348],
            [-3.708459, 40.418388],
            [-3.708199, 40.418878],
            [-3.708149, 40.419158],
            [-3.708009, 40.419618],
            [-3.707919, 40.419858],
            [-3.708119, 40.420228],
            [-3.706338, 40.420168],
            [-3.705928, 40.420278],
            [-3.705928, 40.420288]
          ]
        ]
      }
    },
    {
      "type": "Feature",
      "properties": {
        "id": "palomas",
        "name": "Palomas",
        "cityId": "madrid"
      },
      "geometry": {
        "type": "Polygon",
        "coordinates": [
          [
            [-3.605416, 40.452779],
            [-3.605436, 40.452759],
            [-3.605706, 40.452979],
            [-3.606186, 40.453279],
            [-3.606626, 40.453499],
            [-3.607716, 40.453879],
            [-3.608976, 40.454219],
            [-3.612336, 40.455289],
            [-3.613896, 40.456159],
            [-3.617386, 40.458149],
            [-3.617666, 40.457799],
            [-3.618036, 40.457339],
            [-3.618476, 40.456789],
            [-3.618516, 40.456739],
            [-3.618806, 40.456379],
            [-3.619296, 40.455929],
            [-3.619496, 40.455789],
            [-3.619756, 40.455619],
            [-3.620146, 40.455399],
            [-3.620456, 40.455259],
            [-3.621456, 40.454889],
            [-3.622396, 40.454549],
            [-3.622676, 40.454449],
            [-3.625526, 40.453409],
            [-3.625836, 40.453239],
            [-3.626206, 40.452969],
            [-3.626436, 40.452699],
            [-3.626576, 40.452399],
            [-3.626646, 40.451939],
            [-3.626306, 40.449599],
            [-3.626296, 40.449539],
            [-3.626286, 40.449529],
            [-3.622306, 40.449679],
            [-3.619936, 40.449689],
            [-3.619936, 40.449679],
            [-3.616676, 40.449689],
            [-3.614796, 40.449699],
            [-3.609086, 40.449679],
            [-3.607766, 40.449659],
            [-3.607756, 40.449669],
            [-3.607026, 40.450109],
            [-3.606976, 40.450139],
            [-3.606856, 40.450209],
            [-3.606226, 40.450619],
            [-3.605296, 40.451229],
            [-3.604486, 40.451759],
            [-3.604526, 40.451829],
            [-3.604586, 40.451919],
            [-3.604666, 40.452039],
            [-3.604766, 40.452169],
            [-3.604876, 40.452289],
            [-3.604966, 40.452379],
            [-3.605076, 40.452489],
            [-3.605176, 40.452589],
            [-3.605256, 40.452659],
            [-3.605396, 40.452769],
            [-3.605406, 40.452779],
            [-3.605416, 40.452779]
          ]
        ]
      }
    },
    {
      "type": "Feature",
      "properties": {
        "id": "palomeras-bajas",
        "name": "Palomeras Bajas",
        "cityId": "madrid"
      },
      "geometry": {
        "type": "Polygon",
        "coordinates": [
          [
            [-3.652887, 40.381427],
            [-3.652967, 40.382287],
            [-3.653087, 40.383617],
            [-3.653087, 40.384057],
            [-3.653087, 40.384057],
            [-3.653087, 40.384927],
            [-3.653077, 40.386907],
            [-3.652997, 40.388267],
            [-3.652937, 40.389357],
            [-3.653737, 40.391547],
            [-3.654077, 40.391577],
            [-3.654067, 40.391587],
            [-3.654367, 40.391607],
            [-3.655257, 40.391677],
            [-3.656807, 40.391847],
            [-3.656927, 40.391867],
            [-3.656957, 40.391877],
            [-3.656997, 40.391887],
            [-3.657207, 40.391987],
            [-3.657237, 40.392007],
            [-3.658237, 40.392527],
            [-3.658867, 40.392847],
            [-3.660027, 40.393487],
            [-3.662387, 40.394727],
            [-3.662367, 40.394727],
            [-3.663817, 40.393097],
            [-3.663817, 40.393017],
            [-3.663827, 40.392957],
            [-3.664147, 40.392097],
            [-3.664407, 40.391467],
            [-3.664537, 40.391247],
            [-3.665107, 40.390337],
            [-3.664737, 40.389267],
            [-3.664657, 40.389027],
            [-3.664247, 40.387497],
            [-3.664247, 40.387477],
            [-3.664307, 40.387407],
            [-3.664187, 40.386777],
            [-3.664117, 40.386367],
            [-3.663967, 40.385517],
            [-3.663707, 40.384307],
            [-3.663447, 40.383077],
            [-3.663937, 40.382467],
            [-3.664187, 40.382687],
            [-3.666597, 40.380847],
            [-3.666957, 40.380647],
            [-3.666977, 40.380657],
            [-3.666397, 40.380207],
            [-3.666357, 40.380177],
            [-3.665637, 40.379627],
            [-3.665477, 40.379527],
            [-3.665267, 40.379387],
            [-3.665087, 40.379267],
            [-3.664317, 40.378787],
            [-3.663687, 40.378437],
            [-3.663067, 40.378117],
            [-3.662447, 40.377837],
            [-3.662167, 40.377717],
            [-3.661857, 40.377587],
            [-3.661547, 40.377457],
            [-3.661257, 40.377347],
            [-3.660377, 40.377067],
            [-3.659967, 40.376957],
            [-3.659327, 40.376787],
            [-3.659007, 40.376697],
            [-3.658697, 40.376607],
            [-3.658157, 40.376457],
            [-3.656887, 40.376257],
            [-3.656677, 40.376227],
            [-3.656387, 40.376187],
            [-3.655827, 40.376117],
            [-3.655707, 40.376107],
            [-3.654757, 40.376027],
            [-3.654387, 40.376027],
            [-3.654317, 40.376447],
            [-3.654117, 40.376477],
            [-3.653937, 40.376527],
            [-3.653727, 40.376617],
            [-3.653497, 40.376757],
            [-3.653307, 40.376917],
            [-3.653117, 40.377127],
            [-3.652997, 40.377367],
            [-3.652837, 40.377867],
            [-3.652867, 40.379657],
            [-3.652887, 40.381417],
            [-3.652887, 40.381427]
          ]
        ]
      }
    },
    {
      "type": "Feature",
      "properties": {
        "id": "palomeras-sureste",
        "name": "Palomeras Sureste",
        "cityId": "madrid"
      },
      "geometry": {
        "type": "Polygon",
        "coordinates": [
          [
            [-3.652357, 40.376047],
            [-3.651497, 40.376097],
            [-3.649897, 40.376307],
            [-3.648567, 40.376517],
            [-3.645057, 40.377227],
            [-3.641497, 40.377947],
            [-3.634367, 40.379767],
            [-3.633017, 40.380097],
            [-3.632577, 40.380207],
            [-3.630186, 40.380777],
            [-3.627156, 40.381507],
            [-3.625896, 40.381797],
            [-3.624576, 40.382097],
            [-3.624586, 40.382097],
            [-3.625326, 40.383237],
            [-3.624766, 40.384167],
            [-3.624326, 40.385017],
            [-3.623696, 40.386437],
            [-3.621886, 40.390847],
            [-3.621886, 40.390837],
            [-3.623016, 40.391087],
            [-3.625116, 40.391547],
            [-3.627466, 40.392057],
            [-3.629796, 40.392567],
            [-3.632617, 40.393257],
            [-3.639017, 40.394607],
            [-3.639467, 40.394697],
            [-3.639977, 40.394797],
            [-3.640427, 40.393727],
            [-3.641007, 40.392927],
            [-3.641947, 40.391717],
            [-3.642747, 40.390577],
            [-3.643307, 40.389887],
            [-3.643927, 40.389057],
            [-3.644987, 40.387667],
            [-3.645907, 40.386477],
            [-3.646507, 40.385707],
            [-3.647027, 40.385047],
            [-3.647877, 40.383977],
            [-3.648147, 40.383637],
            [-3.648597, 40.383227],
            [-3.649217, 40.382757],
            [-3.649677, 40.382467],
            [-3.650187, 40.382207],
            [-3.650567, 40.382037],
            [-3.650817, 40.381937],
            [-3.651697, 40.381657],
            [-3.652437, 40.381487],
            [-3.652877, 40.381437],
            [-3.652887, 40.381417],
            [-3.652867, 40.379657],
            [-3.652837, 40.377867],
            [-3.652997, 40.377367],
            [-3.653117, 40.377127],
            [-3.653307, 40.376917],
            [-3.653497, 40.376757],
            [-3.653727, 40.376617],
            [-3.653937, 40.376527],
            [-3.654117, 40.376477],
            [-3.654317, 40.376447],
            [-3.654387, 40.376027],
            [-3.654377, 40.376027],
            [-3.652807, 40.376017],
            [-3.652357, 40.376047]
          ]
        ]
      }
    },
    {
      "type": "Feature",
      "properties": {
        "id": "palos-de-la-frontera",
        "name": "Palos de la Frontera",
        "cityId": "madrid"
      },
      "geometry": {
        "type": "Polygon",
        "coordinates": [
          [
            [-3.685488, 40.400397],
            [-3.686718, 40.401507],
            [-3.690588, 40.404978],
            [-3.690698, 40.405078],
            [-3.691248, 40.405598],
            [-3.692958, 40.407198],
            [-3.692968, 40.407218],
            [-3.692978, 40.407238],
            [-3.692998, 40.407278],
            [-3.693008, 40.407448],
            [-3.693008, 40.407548],
            [-3.693008, 40.407578],
            [-3.693028, 40.407558],
            [-3.693178, 40.407338],
            [-3.693218, 40.407188],
            [-3.693248, 40.406978],
            [-3.693698, 40.407118],
            [-3.693868, 40.407248],
            [-3.693918, 40.407278],
            [-3.693978, 40.407288],
            [-3.694118, 40.407268],
            [-3.695298, 40.406948],
            [-3.695418, 40.406988],
            [-3.697878, 40.406338],
            [-3.697948, 40.406318],
            [-3.699378, 40.405918],
            [-3.700078, 40.405728],
            [-3.700978, 40.405498],
            [-3.700998, 40.405498],
            [-3.702548, 40.405068],
            [-3.702558, 40.405068],
            [-3.701708, 40.403948],
            [-3.700618, 40.402577],
            [-3.699618, 40.401297],
            [-3.699338, 40.401037],
            [-3.699348, 40.401027],
            [-3.696178, 40.400917],
            [-3.693988, 40.400767],
            [-3.693838, 40.400847],
            [-3.692688, 40.400797],
            [-3.692458, 40.400787],
            [-3.692348, 40.400777],
            [-3.690978, 40.400697],
            [-3.685488, 40.400397]
          ]
        ]
      }
    },
    {
      "type": "Feature",
      "properties": {
        "id": "pavones",
        "name": "Pavones",
        "cityId": "madrid"
      },
      "geometry": {
        "type": "Polygon",
        "coordinates": [
          [
            [-3.625276, 40.403658],
            [-3.626226, 40.403978],
            [-3.626736, 40.404228],
            [-3.626886, 40.404328],
            [-3.626956, 40.404368],
            [-3.626996, 40.404398],
            [-3.627266, 40.404238],
            [-3.627636, 40.403968],
            [-3.627876, 40.403768],
            [-3.627876, 40.403768],
            [-3.627926, 40.403798],
            [-3.628016, 40.403828],
            [-3.628026, 40.403828],
            [-3.628116, 40.403848],
            [-3.628206, 40.403858],
            [-3.629246, 40.403848],
            [-3.631586, 40.403828],
            [-3.632266, 40.403818],
            [-3.634297, 40.403778],
            [-3.634287, 40.403758],
            [-3.634847, 40.402897],
            [-3.636157, 40.400967],
            [-3.636167, 40.400957],
            [-3.637957, 40.398277],
            [-3.638517, 40.397437],
            [-3.639687, 40.395607],
            [-3.639977, 40.394797],
            [-3.639467, 40.394697],
            [-3.639017, 40.394607],
            [-3.632617, 40.393257],
            [-3.629796, 40.392567],
            [-3.627986, 40.395807],
            [-3.627726, 40.396337],
            [-3.627506, 40.396827],
            [-3.627306, 40.397307],
            [-3.627086, 40.397947],
            [-3.626896, 40.398597],
            [-3.626806, 40.399027],
            [-3.626616, 40.399877],
            [-3.626416, 40.400747],
            [-3.626256, 40.401317],
            [-3.626116, 40.401767],
            [-3.625926, 40.402277],
            [-3.625676, 40.402867],
            [-3.625456, 40.403318],
            [-3.625286, 40.403658],
            [-3.625276, 40.403658]
          ]
        ]
      }
    },
    {
      "type": "Feature",
      "properties": {
        "id": "penagrande",
        "name": "Peñagrande",
        "cityId": "madrid"
      },
      "geometry": {
        "type": "Polygon",
        "coordinates": [
          [
            [-3.714229, 40.48311],
            [-3.714409, 40.48308],
            [-3.714959, 40.48351],
            [-3.715229, 40.48372],
            [-3.715269, 40.48375],
            [-3.715389, 40.48384],
            [-3.715579, 40.48402],
            [-3.715629, 40.48406],
            [-3.715709, 40.48414],
            [-3.715759, 40.48419],
            [-3.715819, 40.48425],
            [-3.715989, 40.48444],
            [-3.716109, 40.48459],
            [-3.716199, 40.48471],
            [-3.716239, 40.48478],
            [-3.716259, 40.48482],
            [-3.716319, 40.48494],
            [-3.716339, 40.48497],
            [-3.716409, 40.48512],
            [-3.716459, 40.48525],
            [-3.716499, 40.48539],
            [-3.716529, 40.48551],
            [-3.716579, 40.48576],
            [-3.718969, 40.48566],
            [-3.719829, 40.48563],
            [-3.720109, 40.48562],
            [-3.722689, 40.48554],
            [-3.725269, 40.48555],
            [-3.727559, 40.48556],
            [-3.727749, 40.48559],
            [-3.727829, 40.48562],
            [-3.728969, 40.486],
            [-3.731749, 40.48689],
            [-3.732019, 40.48698],
            [-3.732019, 40.48697],
            [-3.735929, 40.48492],
            [-3.735949, 40.48391],
            [-3.735989, 40.48369],
            [-3.735999, 40.48362],
            [-3.736049, 40.48344],
            [-3.736069, 40.48336],
            [-3.736119, 40.48316],
            [-3.736199, 40.48288],
            [-3.736259, 40.48266],
            [-3.736329, 40.48236],
            [-3.736379, 40.4822],
            [-3.736439, 40.48201],
            [-3.736539, 40.48168],
            [-3.736629, 40.48143],
            [-3.736689, 40.4813],
            [-3.736709, 40.48125],
            [-3.736759, 40.48116],
            [-3.736829, 40.48101],
            [-3.736889, 40.48091],
            [-3.736939, 40.48083],
            [-3.737049, 40.48066],
            [-3.737139, 40.48052],
            [-3.737249, 40.48037],
            [-3.737409, 40.48015],
            [-3.737489, 40.48005],
            [-3.737629, 40.47991],
            [-3.737699, 40.47987],
            [-3.737799, 40.47983],
            [-3.737909, 40.47981],
            [-3.738029, 40.47981],
            [-3.738939, 40.47886],
            [-3.739289, 40.4785],
            [-3.739189, 40.47831],
            [-3.739159, 40.47822],
            [-3.738809, 40.47715],
            [-3.738729, 40.47707],
            [-3.738329, 40.47612],
            [-3.738399, 40.4761],
            [-3.737579, 40.4744],
            [-3.736619, 40.4743],
            [-3.736519, 40.47428],
            [-3.736439, 40.47425],
            [-3.736359, 40.47422],
            [-3.736309, 40.47419],
            [-3.736269, 40.47416],
            [-3.736209, 40.4741],
            [-3.736179, 40.47407],
            [-3.736159, 40.47403],
            [-3.735729, 40.47323],
            [-3.735669, 40.47311],
            [-3.734899, 40.47295],
            [-3.734639, 40.4729],
            [-3.734369, 40.47286],
            [-3.733949, 40.47279],
            [-3.733569, 40.47274],
            [-3.733419, 40.47272],
            [-3.733209, 40.4727],
            [-3.732419, 40.47265],
            [-3.732229, 40.47264],
            [-3.731929, 40.47263],
            [-3.731389, 40.47262],
            [-3.730389, 40.47265],
            [-3.729589, 40.47272],
            [-3.729249, 40.47277],
            [-3.728529, 40.47287],
            [-3.728529, 40.47288],
            [-3.727999, 40.47296],
            [-3.720429, 40.47111],
            [-3.720069, 40.47102],
            [-3.719699, 40.47093],
            [-3.717639, 40.47041],
            [-3.715699, 40.46992],
            [-3.714539, 40.46963],
            [-3.714429, 40.46985],
            [-3.714509, 40.47015],
            [-3.714699, 40.47127],
            [-3.714869, 40.47228],
            [-3.714919, 40.47257],
            [-3.715009, 40.47302],
            [-3.715059, 40.47321],
            [-3.715069, 40.47325],
            [-3.715099, 40.47337],
            [-3.715109, 40.47339],
            [-3.715419, 40.47432],
            [-3.715529, 40.47465],
            [-3.715889, 40.47582],
            [-3.716259, 40.47688],
            [-3.716309, 40.47707],
            [-3.716409, 40.47882],
            [-3.716479, 40.47889],
            [-3.716069, 40.47911],
            [-3.715709, 40.47927],
            [-3.715319, 40.47943],
            [-3.715229, 40.47947],
            [-3.715169, 40.47949],
            [-3.714509, 40.47971],
            [-3.713829, 40.47997],
            [-3.713219, 40.48021],
            [-3.712639, 40.48038],
            [-3.713349, 40.48192],
            [-3.713419, 40.4819],
            [-3.713669, 40.48244],
            [-3.713729, 40.48256],
            [-3.713749, 40.48256],
            [-3.713909, 40.48252],
            [-3.714009, 40.48271],
            [-3.714229, 40.48315],
            [-3.714229, 40.48311]
          ]
        ]
      }
    },
    {
      "type": "Feature",
      "properties": {
        "id": "pilar",
        "name": "Pilar",
        "cityId": "madrid"
      },
      "geometry": {
        "type": "Polygon",
        "coordinates": [
          [
            [-3.702088, 40.47377],
            [-3.702248, 40.47397],
            [-3.702308, 40.47405],
            [-3.702538, 40.47466],
            [-3.702838, 40.4755],
            [-3.703348, 40.47695],
            [-3.703688, 40.47786],
            [-3.704208, 40.47941],
            [-3.704718, 40.48081],
            [-3.705128, 40.48194],
            [-3.705398, 40.48257],
            [-3.705438, 40.48265],
            [-3.705478, 40.48273],
            [-3.705518, 40.4828],
            [-3.705568, 40.48287],
            [-3.705628, 40.48295],
            [-3.705708, 40.48305],
            [-3.705818, 40.48317],
            [-3.705888, 40.48324],
            [-3.705908, 40.48326],
            [-3.705968, 40.48333],
            [-3.706068, 40.48342],
            [-3.706228, 40.48355],
            [-3.706418, 40.48368],
            [-3.706558, 40.48377],
            [-3.706849, 40.48396],
            [-3.707259, 40.48424],
            [-3.707589, 40.48447],
            [-3.707819, 40.48463],
            [-3.708249, 40.48493],
            [-3.708879, 40.48534],
            [-3.709309, 40.4856],
            [-3.709309, 40.48558],
            [-3.709419, 40.48551],
            [-3.709539, 40.48543],
            [-3.709659, 40.48536],
            [-3.709799, 40.48528],
            [-3.710219, 40.48506],
            [-3.711999, 40.48387],
            [-3.712029, 40.48385],
            [-3.712099, 40.48381],
            [-3.712159, 40.48378],
            [-3.712199, 40.48376],
            [-3.712299, 40.4837],
            [-3.712419, 40.48364],
            [-3.712529, 40.48359],
            [-3.712589, 40.48356],
            [-3.712619, 40.48355],
            [-3.712649, 40.48354],
            [-3.712809, 40.48348],
            [-3.712849, 40.48347],
            [-3.712909, 40.48345],
            [-3.712979, 40.48343],
            [-3.712999, 40.48342],
            [-3.713119, 40.48338],
            [-3.713179, 40.48336],
            [-3.713299, 40.48333],
            [-3.713459, 40.48329],
            [-3.713579, 40.48326],
            [-3.713699, 40.48323],
            [-3.713829, 40.4832],
            [-3.713939, 40.48318],
            [-3.714079, 40.48315],
            [-3.714179, 40.48313],
            [-3.714259, 40.48311],
            [-3.714229, 40.48315],
            [-3.714009, 40.48271],
            [-3.713909, 40.48252],
            [-3.713749, 40.48256],
            [-3.713729, 40.48256],
            [-3.713669, 40.48244],
            [-3.713419, 40.4819],
            [-3.713349, 40.48192],
            [-3.712639, 40.48038],
            [-3.713219, 40.48021],
            [-3.713829, 40.47997],
            [-3.714509, 40.47971],
            [-3.715169, 40.47949],
            [-3.715229, 40.47947],
            [-3.715319, 40.47943],
            [-3.715709, 40.47927],
            [-3.716069, 40.47911],
            [-3.716479, 40.47889],
            [-3.716409, 40.47882],
            [-3.716309, 40.47707],
            [-3.716259, 40.47688],
            [-3.715889, 40.47582],
            [-3.715529, 40.47465],
            [-3.715419, 40.47432],
            [-3.715109, 40.47339],
            [-3.715099, 40.47337],
            [-3.715069, 40.47325],
            [-3.715059, 40.47321],
            [-3.715009, 40.47302],
            [-3.714919, 40.47257],
            [-3.714869, 40.47228],
            [-3.714699, 40.47127],
            [-3.714509, 40.47015],
            [-3.714429, 40.46985],
            [-3.714539, 40.46963],
            [-3.714209, 40.46948],
            [-3.714039, 40.46932],
            [-3.713799, 40.469039],
            [-3.713649, 40.468889],
            [-3.713519, 40.468759],
            [-3.713369, 40.468599],
            [-3.713279, 40.468509],
            [-3.713279, 40.468529],
            [-3.713209, 40.468619],
            [-3.713169, 40.468679],
            [-3.713059, 40.468849],
            [-3.713039, 40.468879],
            [-3.712959, 40.468999],
            [-3.712879, 40.46918],
            [-3.712809, 40.46934],
            [-3.712789, 40.46938],
            [-3.712739, 40.46948],
            [-3.712719, 40.46957],
            [-3.712719, 40.46957],
            [-3.712699, 40.46964],
            [-3.712669, 40.46974],
            [-3.712629, 40.46989],
            [-3.712589, 40.47001],
            [-3.712489, 40.47022],
            [-3.712399, 40.47035],
            [-3.712349, 40.47043],
            [-3.712149, 40.47066],
            [-3.712069, 40.47073],
            [-3.711929, 40.47084],
            [-3.711649, 40.47102],
            [-3.711609, 40.47104],
            [-3.711379, 40.47114],
            [-3.711119, 40.47122],
            [-3.710699, 40.47131],
            [-3.708529, 40.4715],
            [-3.707409, 40.4716],
            [-3.707309, 40.47161],
            [-3.705198, 40.47181],
            [-3.704858, 40.47184],
            [-3.704638, 40.47187],
            [-3.704588, 40.47188],
            [-3.704368, 40.47194],
            [-3.703978, 40.4721],
            [-3.703738, 40.47225],
            [-3.703458, 40.47248],
            [-3.703428, 40.47251],
            [-3.703188, 40.47274],
            [-3.703178, 40.47275],
            [-3.702088, 40.47377]
          ]
        ]
      }
    },
    {
      "type": "Feature",
      "properties": {
        "id": "pinar-del-rey",
        "name": "Pinar del Rey",
        "cityId": "madrid"
      },
      "geometry": {
        "type": "Polygon",
        "coordinates": [
          [
            [-3.627966, 40.468479],
            [-3.628676, 40.46929],
            [-3.629346, 40.46999],
            [-3.630526, 40.4711],
            [-3.632136, 40.47248],
            [-3.634017, 40.47402],
            [-3.637347, 40.47639],
            [-3.637947, 40.47682],
            [-3.639917, 40.47824],
            [-3.641407, 40.47931],
            [-3.641997, 40.47975],
            [-3.642697, 40.47988],
            [-3.643987, 40.48012],
            [-3.644967, 40.48031],
            [-3.646787, 40.48065],
            [-3.648547, 40.48098],
            [-3.650017, 40.48126],
            [-3.650037, 40.48124],
            [-3.653707, 40.47749],
            [-3.654147, 40.47702],
            [-3.654337, 40.47682],
            [-3.655137, 40.47555],
            [-3.655407, 40.47512],
            [-3.655417, 40.4751],
            [-3.655517, 40.47487],
            [-3.655567, 40.47476],
            [-3.655827, 40.47405],
            [-3.656037, 40.47361],
            [-3.656357, 40.47309],
            [-3.656567, 40.47279],
            [-3.657727, 40.47103],
            [-3.657967, 40.47101],
            [-3.658357, 40.47103],
            [-3.658477, 40.47106],
            [-3.661297, 40.468669],
            [-3.662127, 40.467969],
            [-3.662477, 40.467779],
            [-3.662897, 40.467609],
            [-3.663447, 40.467479],
            [-3.663447, 40.467489],
            [-3.662937, 40.465679],
            [-3.662487, 40.464069],
            [-3.662037, 40.463379],
            [-3.662037, 40.463369],
            [-3.660427, 40.462249],
            [-3.660337, 40.462189],
            [-3.660327, 40.462209],
            [-3.659157, 40.463229],
            [-3.659157, 40.463439],
            [-3.659177, 40.463599],
            [-3.659217, 40.463729],
            [-3.659307, 40.463899],
            [-3.659437, 40.464139],
            [-3.659527, 40.464269],
            [-3.657797, 40.465729],
            [-3.657547, 40.465899],
            [-3.657387, 40.465989],
            [-3.656977, 40.466199],
            [-3.656547, 40.466399],
            [-3.656137, 40.466539],
            [-3.655737, 40.466659],
            [-3.655327, 40.466749],
            [-3.654807, 40.466839],
            [-3.654087, 40.466919],
            [-3.652787, 40.467069],
            [-3.652367, 40.467109],
            [-3.651797, 40.467179],
            [-3.651277, 40.467249],
            [-3.650837, 40.467309],
            [-3.650577, 40.467359],
            [-3.650187, 40.467459],
            [-3.648707, 40.467849],
            [-3.645777, 40.468619],
            [-3.644087, 40.469069],
            [-3.642507, 40.46949],
            [-3.641847, 40.469039],
            [-3.638807, 40.469009],
            [-3.638197, 40.468999],
            [-3.637957, 40.468979],
            [-3.636927, 40.468879],
            [-3.634107, 40.468599],
            [-3.633907, 40.468609],
            [-3.633707, 40.468639],
            [-3.633567, 40.468669],
            [-3.633347, 40.468729],
            [-3.633187, 40.468779],
            [-3.633047, 40.468809],
            [-3.632977, 40.468819],
            [-3.632927, 40.468909],
            [-3.631206, 40.468739],
            [-3.630116, 40.468629],
            [-3.629426, 40.468519],
            [-3.628636, 40.468369],
            [-3.627966, 40.468479]
          ]
        ]
      }
    },
    {
      "type": "Feature",
      "properties": {
        "id": "piovera",
        "name": "Piovera",
        "cityId": "madrid"
      },
      "geometry": {
        "type": "Polygon",
        "coordinates": [
          [
            [-3.623426, 40.462669],
            [-3.624596, 40.462579],
            [-3.629656, 40.462639],
            [-3.633267, 40.462669],
            [-3.635377, 40.462689],
            [-3.636237, 40.462689],
            [-3.637267, 40.462689],
            [-3.637587, 40.462659],
            [-3.637887, 40.462609],
            [-3.638137, 40.462549],
            [-3.638437, 40.462469],
            [-3.638747, 40.462359],
            [-3.638907, 40.462279],
            [-3.639157, 40.462119],
            [-3.639647, 40.461779],
            [-3.641477, 40.460569],
            [-3.641687, 40.460399],
            [-3.641877, 40.460209],
            [-3.642097, 40.459969],
            [-3.642557, 40.459469],
            [-3.643257, 40.458649],
            [-3.643777, 40.457969],
            [-3.644027, 40.457619],
            [-3.644227, 40.457449],
            [-3.644497, 40.457219],
            [-3.647697, 40.457089],
            [-3.649207, 40.457119],
            [-3.652517, 40.457129],
            [-3.653247, 40.457089],
            [-3.653617, 40.457049],
            [-3.653917, 40.456979],
            [-3.654217, 40.456899],
            [-3.654217, 40.456909],
            [-3.652877, 40.455439],
            [-3.651317, 40.453699],
            [-3.650087, 40.452069],
            [-3.649997, 40.452029],
            [-3.649937, 40.451939],
            [-3.649667, 40.451589],
            [-3.649667, 40.451589],
            [-3.649327, 40.451139],
            [-3.648117, 40.449449],
            [-3.647827, 40.449529],
            [-3.647827, 40.449529],
            [-3.647277, 40.449679],
            [-3.646697, 40.449789],
            [-3.646057, 40.449809],
            [-3.645077, 40.449699],
            [-3.643837, 40.449499],
            [-3.642757, 40.449319],
            [-3.639837, 40.448849],
            [-3.637997, 40.448589],
            [-3.637307, 40.448559],
            [-3.636657, 40.448559],
            [-3.636097, 40.448599],
            [-3.635737, 40.448639],
            [-3.635107, 40.448729],
            [-3.634397, 40.448849],
            [-3.633497, 40.448989],
            [-3.631966, 40.449229],
            [-3.630686, 40.449369],
            [-3.629446, 40.449409],
            [-3.628416, 40.449449],
            [-3.627666, 40.449469],
            [-3.626286, 40.449509],
            [-3.626296, 40.449539],
            [-3.626306, 40.449599],
            [-3.626646, 40.451939],
            [-3.626576, 40.452399],
            [-3.626436, 40.452699],
            [-3.626206, 40.452969],
            [-3.625836, 40.453239],
            [-3.625526, 40.453409],
            [-3.622676, 40.454449],
            [-3.622396, 40.454549],
            [-3.621456, 40.454889],
            [-3.620456, 40.455259],
            [-3.620146, 40.455399],
            [-3.619756, 40.455619],
            [-3.619496, 40.455789],
            [-3.619296, 40.455929],
            [-3.618806, 40.456379],
            [-3.618516, 40.456739],
            [-3.618476, 40.456789],
            [-3.618036, 40.457339],
            [-3.617666, 40.457799],
            [-3.617386, 40.458149],
            [-3.620246, 40.459739],
            [-3.620926, 40.460139],
            [-3.621516, 40.460579],
            [-3.622176, 40.461209],
            [-3.622756, 40.461839],
            [-3.623426, 40.462659],
            [-3.623426, 40.462669]
          ]
        ]
      }
    },
    {
      "type": "Feature",
      "properties": {
        "id": "portazgo",
        "name": "Portazgo",
        "cityId": "madrid"
      },
      "geometry": {
        "type": "Polygon",
        "coordinates": [
          [
            [-3.652877, 40.381437],
            [-3.652437, 40.381487],
            [-3.651697, 40.381657],
            [-3.650817, 40.381937],
            [-3.650567, 40.382037],
            [-3.650187, 40.382207],
            [-3.649677, 40.382467],
            [-3.649217, 40.382757],
            [-3.648597, 40.383227],
            [-3.648147, 40.383637],
            [-3.647877, 40.383977],
            [-3.647027, 40.385047],
            [-3.646507, 40.385707],
            [-3.645907, 40.386477],
            [-3.644987, 40.387667],
            [-3.643927, 40.389057],
            [-3.643307, 40.389887],
            [-3.642747, 40.390577],
            [-3.641947, 40.391717],
            [-3.641007, 40.392927],
            [-3.640427, 40.393727],
            [-3.639977, 40.394797],
            [-3.642277, 40.395347],
            [-3.642627, 40.395447],
            [-3.643097, 40.395627],
            [-3.643407, 40.395767],
            [-3.643757, 40.395937],
            [-3.644287, 40.396207],
            [-3.644907, 40.396627],
            [-3.644907, 40.396627],
            [-3.645437, 40.397077],
            [-3.645437, 40.397077],
            [-3.647057, 40.398537],
            [-3.648327, 40.397697],
            [-3.648707, 40.397447],
            [-3.649177, 40.397137],
            [-3.651697, 40.395477],
            [-3.652257, 40.395047],
            [-3.652607, 40.394707],
            [-3.653067, 40.394297],
            [-3.653337, 40.393997],
            [-3.653447, 40.393867],
            [-3.653457, 40.393857],
            [-3.653467, 40.393847],
            [-3.653677, 40.393507],
            [-3.653757, 40.393377],
            [-3.653797, 40.393247],
            [-3.653827, 40.393137],
            [-3.654047, 40.391587],
            [-3.654077, 40.391577],
            [-3.653737, 40.391547],
            [-3.652937, 40.389357],
            [-3.652997, 40.388267],
            [-3.653077, 40.386907],
            [-3.653087, 40.384927],
            [-3.653087, 40.384057],
            [-3.653087, 40.384057],
            [-3.653087, 40.383617],
            [-3.652967, 40.382287],
            [-3.652887, 40.381427],
            [-3.652877, 40.381437]
          ]
        ]
      }
    },
    {
      "type": "Feature",
      "properties": {
        "id": "pradolongo",
        "name": "Pradolongo",
        "cityId": "madrid"
      },
      "geometry": {
        "type": "Polygon",
        "coordinates": [
          [
            [-3.700078, 40.378507],
            [-3.700218, 40.378657],
            [-3.700268, 40.379417],
            [-3.701598, 40.379427],
            [-3.702218, 40.380247],
            [-3.702758, 40.380807],
            [-3.703078, 40.381157],
            [-3.704748, 40.380197],
            [-3.704888, 40.381087],
            [-3.704958, 40.381457],
            [-3.705068, 40.382047],
            [-3.705298, 40.383327],
            [-3.705568, 40.384797],
            [-3.705758, 40.385847],
            [-3.705758, 40.385857],
            [-3.708219, 40.385577],
            [-3.708799, 40.385507],
            [-3.710769, 40.385287],
            [-3.711839, 40.385137],
            [-3.711829, 40.385157],
            [-3.711669, 40.385007],
            [-3.711639, 40.384977],
            [-3.711419, 40.384497],
            [-3.711329, 40.384157],
            [-3.711319, 40.384007],
            [-3.711289, 40.383717],
            [-3.711289, 40.383707],
            [-3.711259, 40.383297],
            [-3.711249, 40.383187],
            [-3.711249, 40.382837],
            [-3.711249, 40.382827],
            [-3.711239, 40.382697],
            [-3.711239, 40.381917],
            [-3.711239, 40.381817],
            [-3.711239, 40.380997],
            [-3.711309, 40.380567],
            [-3.711629, 40.379277],
            [-3.711839, 40.378707],
            [-3.712109, 40.377967],
            [-3.712109, 40.377807],
            [-3.712319, 40.373347],
            [-3.712329, 40.373337],
            [-3.710779, 40.372927],
            [-3.708789, 40.372397],
            [-3.706809, 40.371867],
            [-3.704908, 40.371357],
            [-3.704158, 40.371197],
            [-3.703448, 40.371157],
            [-3.703468, 40.371167],
            [-3.703208, 40.371737],
            [-3.702858, 40.372687],
            [-3.702738, 40.373137],
            [-3.702638, 40.374097],
            [-3.702538, 40.375047],
            [-3.701678, 40.376877],
            [-3.700958, 40.377847],
            [-3.700088, 40.378537],
            [-3.700078, 40.378507]
          ]
        ]
      }
    },
    {
      "type": "Feature",
      "properties": {
        "id": "prosperidad",
        "name": "Prosperidad",
        "cityId": "madrid"
      },
      "geometry": {
        "type": "Polygon",
        "coordinates": [
          [
            [-3.677398, 40.437409],
            [-3.677008, 40.437569],
            [-3.675908, 40.438249],
            [-3.675278, 40.438629],
            [-3.675108, 40.438699],
            [-3.674888, 40.438779],
            [-3.674708, 40.438829],
            [-3.674438, 40.438889],
            [-3.673318, 40.439089],
            [-3.672328, 40.439269],
            [-3.671808, 40.439399],
            [-3.671298, 40.439549],
            [-3.670908, 40.439689],
            [-3.670468, 40.439869],
            [-3.670088, 40.440059],
            [-3.669768, 40.440229],
            [-3.668427, 40.441009],
            [-3.666797, 40.441959],
            [-3.666097, 40.442379],
            [-3.665257, 40.442849],
            [-3.664287, 40.443309],
            [-3.664257, 40.443319],
            [-3.662657, 40.443899],
            [-3.660597, 40.444609],
            [-3.661187, 40.445669],
            [-3.661467, 40.446379],
            [-3.661677, 40.446979],
            [-3.661877, 40.447669],
            [-3.662147, 40.448459],
            [-3.662287, 40.448939],
            [-3.662327, 40.449089],
            [-3.662567, 40.450129],
            [-3.662827, 40.451359],
            [-3.662887, 40.451719],
            [-3.663117, 40.453159],
            [-3.663127, 40.453159],
            [-3.665647, 40.452469],
            [-3.665647, 40.452479],
            [-3.665627, 40.452099],
            [-3.665537, 40.451719],
            [-3.665367, 40.451339],
            [-3.665047, 40.450589],
            [-3.664917, 40.450429],
            [-3.666287, 40.449259],
            [-3.666417, 40.449149],
            [-3.667857, 40.448369],
            [-3.668197, 40.448199],
            [-3.668517, 40.447999],
            [-3.669638, 40.447129],
            [-3.670538, 40.446489],
            [-3.670668, 40.446399],
            [-3.671458, 40.445899],
            [-3.672558, 40.445209],
            [-3.673838, 40.444419],
            [-3.673908, 40.444379],
            [-3.674438, 40.443969],
            [-3.675878, 40.442859],
            [-3.675978, 40.442769],
            [-3.677048, 40.442139],
            [-3.677088, 40.442109],
            [-3.678018, 40.441699],
            [-3.678668, 40.441729],
            [-3.678698, 40.441719],
            [-3.678808, 40.440739],
            [-3.679008, 40.438939],
            [-3.679128, 40.437449],
            [-3.679128, 40.437439],
            [-3.678008, 40.437389],
            [-3.677618, 40.437399],
            [-3.677608, 40.437399],
            [-3.677428, 40.437409],
            [-3.677398, 40.437409]
          ]
        ]
      }
    },
    {
      "type": "Feature",
      "properties": {
        "id": "pueblo-nuevo",
        "name": "Pueblo Nuevo",
        "cityId": "madrid"
      },
      "geometry": {
        "type": "Polygon",
        "coordinates": [
          [
            [-3.620366, 40.413088],
            [-3.621366, 40.414788],
            [-3.621626, 40.415158],
            [-3.621896, 40.415528],
            [-3.622106, 40.415848],
            [-3.622326, 40.416148],
            [-3.622826, 40.416868],
            [-3.623846, 40.418228],
            [-3.624106, 40.418668],
            [-3.624166, 40.418758],
            [-3.624296, 40.418948],
            [-3.624456, 40.419158],
            [-3.624566, 40.419318],
            [-3.625396, 40.420448],
            [-3.626156, 40.421508],
            [-3.626586, 40.422108],
            [-3.626596, 40.422118],
            [-3.627416, 40.423248],
            [-3.628406, 40.424478],
            [-3.629396, 40.425988],
            [-3.629516, 40.426168],
            [-3.630056, 40.426878],
            [-3.630696, 40.427768],
            [-3.631266, 40.428568],
            [-3.631636, 40.429088],
            [-3.632016, 40.429608],
            [-3.632096, 40.429718],
            [-3.632356, 40.430068],
            [-3.633067, 40.431038],
            [-3.633697, 40.431928],
            [-3.633827, 40.432118],
            [-3.633907, 40.432228],
            [-3.634427, 40.432948],
            [-3.634837, 40.433528],
            [-3.635147, 40.433968],
            [-3.635667, 40.434658],
            [-3.636547, 40.435878],
            [-3.638007, 40.437899],
            [-3.638027, 40.437889],
            [-3.639477, 40.437309],
            [-3.639947, 40.437069],
            [-3.640247, 40.436919],
            [-3.641277, 40.436419],
            [-3.642777, 40.435688],
            [-3.644177, 40.435008],
            [-3.644937, 40.434638],
            [-3.645427, 40.434408],
            [-3.645567, 40.434338],
            [-3.646337, 40.433968],
            [-3.647197, 40.433538],
            [-3.647697, 40.433318],
            [-3.648237, 40.433118],
            [-3.648217, 40.433118],
            [-3.646137, 40.430408],
            [-3.646097, 40.430208],
            [-3.645757, 40.428518],
            [-3.645537, 40.427408],
            [-3.645557, 40.427278],
            [-3.645667, 40.426568],
            [-3.639557, 40.423248],
            [-3.638917, 40.422898],
            [-3.635687, 40.421168],
            [-3.634677, 40.420618],
            [-3.630796, 40.418518],
            [-3.629906, 40.418018],
            [-3.628106, 40.416768],
            [-3.627746, 40.416548],
            [-3.626776, 40.415858],
            [-3.627586, 40.414378],
            [-3.627596, 40.414378],
            [-3.626706, 40.414068],
            [-3.625656, 40.413708],
            [-3.625086, 40.413538],
            [-3.624246, 40.413348],
            [-3.623316, 40.413188],
            [-3.622486, 40.413108],
            [-3.622166, 40.413088],
            [-3.621816, 40.413078],
            [-3.621376, 40.413068],
            [-3.620366, 40.413088]
          ]
        ]
      }
    },
    {
      "type": "Feature",
      "properties": {
        "id": "puerta-bonita",
        "name": "Puerta Bonita",
        "cityId": "madrid"
      },
      "geometry": {
        "type": "Polygon",
        "coordinates": [
          [
            [-3.736439, 40.373857],
            [-3.736429, 40.373867],
            [-3.735759, 40.374757],
            [-3.734399, 40.375887],
            [-3.737169, 40.377817],
            [-3.735229, 40.378437],
            [-3.732699, 40.379247],
            [-3.732309, 40.379747],
            [-3.731299, 40.381047],
            [-3.730369, 40.382147],
            [-3.730309, 40.382217],
            [-3.729789, 40.382837],
            [-3.729589, 40.383137],
            [-3.729269, 40.383607],
            [-3.728709, 40.384447],
            [-3.728559, 40.384677],
            [-3.728269, 40.385097],
            [-3.728149, 40.385297],
            [-3.727939, 40.385627],
            [-3.727699, 40.386267],
            [-3.727709, 40.386267],
            [-3.729619, 40.387087],
            [-3.732239, 40.388217],
            [-3.732239, 40.388247],
            [-3.733559, 40.387367],
            [-3.733719, 40.387257],
            [-3.734509, 40.386737],
            [-3.734869, 40.386497],
            [-3.735769, 40.385907],
            [-3.736589, 40.385417],
            [-3.736979, 40.385307],
            [-3.739479, 40.384677],
            [-3.740999, 40.383617],
            [-3.741819, 40.382997],
            [-3.741379, 40.382397],
            [-3.741949, 40.382247],
            [-3.742559, 40.382107],
            [-3.742729, 40.382057],
            [-3.742899, 40.381977],
            [-3.743169, 40.381837],
            [-3.743569, 40.381597],
            [-3.743739, 40.381487],
            [-3.74403, 40.381217],
            [-3.74452, 40.380907],
            [-3.74525, 40.380567],
            [-3.74582, 40.380347],
            [-3.74656, 40.379677],
            [-3.74709, 40.379197],
            [-3.74845, 40.377947],
            [-3.74858, 40.377827],
            [-3.7486, 40.377797],
            [-3.74862, 40.377777],
            [-3.74948, 40.376987],
            [-3.74953, 40.376917],
            [-3.74971, 40.376737],
            [-3.74993, 40.376397],
            [-3.74999, 40.376367],
            [-3.7503, 40.376217],
            [-3.75063, 40.375867],
            [-3.75079, 40.375827],
            [-3.75077, 40.375497],
            [-3.75033, 40.374917],
            [-3.75025, 40.374817],
            [-3.75018, 40.374707],
            [-3.75018, 40.374687],
            [-3.75021, 40.374537],
            [-3.75026, 40.374377],
            [-3.75027, 40.374337],
            [-3.7503, 40.374257],
            [-3.75035, 40.374137],
            [-3.75036, 40.374117],
            [-3.74977, 40.374137],
            [-3.74975, 40.374107],
            [-3.74965, 40.373967],
            [-3.74964, 40.373957],
            [-3.74964, 40.373957],
            [-3.74952, 40.373887],
            [-3.74944, 40.373837],
            [-3.74918, 40.373677],
            [-3.74899, 40.373587],
            [-3.74891, 40.373557],
            [-3.74824, 40.373377],
            [-3.74773, 40.373237],
            [-3.74715, 40.372987],
            [-3.74701, 40.372927],
            [-3.74677, 40.372887],
            [-3.74665, 40.372867],
            [-3.74559, 40.372917],
            [-3.74497, 40.372907],
            [-3.74479, 40.372897],
            [-3.74471, 40.372887],
            [-3.74458, 40.372877],
            [-3.74433, 40.372857],
            [-3.74393, 40.372837],
            [-3.743379, 40.372957],
            [-3.742669, 40.373127],
            [-3.742049, 40.373277],
            [-3.741449, 40.373397],
            [-3.741299, 40.373427],
            [-3.740749, 40.373557],
            [-3.740609, 40.373587],
            [-3.740479, 40.373617],
            [-3.739649, 40.373727],
            [-3.739189, 40.373767],
            [-3.738729, 40.373777],
            [-3.738389, 40.373787],
            [-3.738309, 40.373787],
            [-3.737559, 40.373817],
            [-3.737329, 40.373827],
            [-3.736799, 40.373847],
            [-3.736699, 40.373847],
            [-3.736439, 40.373847],
            [-3.736439, 40.373857]
          ]
        ]
      }
    },
    {
      "type": "Feature",
      "properties": {
        "id": "puerta-del-angel",
        "name": "Puerta del Ángel",
        "cityId": "madrid"
      },
      "geometry": {
        "type": "Polygon",
        "coordinates": [
          [
            [-3.721809, 40.408518],
            [-3.722599, 40.411388],
            [-3.722749, 40.411718],
            [-3.722859, 40.411908],
            [-3.722889, 40.411978],
            [-3.722909, 40.412018],
            [-3.722919, 40.412368],
            [-3.722919, 40.412378],
            [-3.722949, 40.413988],
            [-3.722949, 40.413998],
            [-3.722849, 40.415338],
            [-3.722379, 40.417178],
            [-3.722369, 40.417178],
            [-3.724849, 40.416168],
            [-3.726209, 40.415668],
            [-3.729569, 40.414438],
            [-3.732789, 40.413288],
            [-3.734169, 40.412798],
            [-3.737909, 40.411468],
            [-3.738519, 40.411058],
            [-3.741849, 40.409208],
            [-3.741069, 40.408938],
            [-3.741319, 40.408618],
            [-3.741409, 40.408468],
            [-3.741649, 40.407528],
            [-3.741749, 40.406918],
            [-3.741839, 40.406268],
            [-3.741929, 40.405988],
            [-3.741969, 40.405878],
            [-3.742079, 40.405728],
            [-3.742159, 40.405618],
            [-3.742169, 40.405608],
            [-3.742209, 40.405518],
            [-3.742259, 40.405408],
            [-3.742259, 40.405368],
            [-3.742269, 40.405088],
            [-3.742289, 40.404688],
            [-3.742299, 40.404488],
            [-3.742319, 40.404498],
            [-3.741049, 40.404458],
            [-3.740339, 40.404408],
            [-3.739729, 40.404348],
            [-3.739099, 40.404248],
            [-3.737959, 40.404028],
            [-3.737149, 40.403878],
            [-3.736839, 40.403848],
            [-3.736449, 40.403828],
            [-3.736199, 40.403838],
            [-3.735869, 40.403868],
            [-3.735419, 40.403948],
            [-3.734959, 40.404068],
            [-3.734649, 40.404178],
            [-3.734359, 40.404308],
            [-3.733129, 40.404928],
            [-3.732909, 40.405048],
            [-3.732829, 40.405088],
            [-3.731969, 40.405588],
            [-3.730599, 40.406368],
            [-3.730489, 40.406408],
            [-3.730189, 40.406478],
            [-3.728669, 40.406788],
            [-3.727139, 40.407088],
            [-3.726749, 40.407208],
            [-3.726459, 40.407338],
            [-3.726129, 40.407538],
            [-3.725899, 40.407748],
            [-3.725219, 40.408658],
            [-3.724989, 40.408688],
            [-3.724679, 40.408738],
            [-3.724499, 40.408748],
            [-3.724169, 40.408748],
            [-3.723869, 40.408748],
            [-3.723749, 40.408738],
            [-3.723479, 40.408718],
            [-3.722539, 40.408558],
            [-3.722219, 40.408538],
            [-3.721819, 40.408508],
            [-3.721809, 40.408518]
          ]
        ]
      }
    },
    {
      "type": "Feature",
      "properties": {
        "id": "quintana",
        "name": "Quintana",
        "cityId": "madrid"
      },
      "geometry": {
        "type": "Polygon",
        "coordinates": [
          [
            [-3.648237, 40.433118],
            [-3.647697, 40.433318],
            [-3.647197, 40.433538],
            [-3.646337, 40.433968],
            [-3.645567, 40.434338],
            [-3.645427, 40.434408],
            [-3.644937, 40.434638],
            [-3.644177, 40.435008],
            [-3.642777, 40.435688],
            [-3.641277, 40.436419],
            [-3.640247, 40.436919],
            [-3.639947, 40.437069],
            [-3.639477, 40.437309],
            [-3.638027, 40.437889],
            [-3.635467, 40.438579],
            [-3.636587, 40.440129],
            [-3.637317, 40.441129],
            [-3.637527, 40.441419],
            [-3.638367, 40.442589],
            [-3.638357, 40.442589],
            [-3.639937, 40.441939],
            [-3.640697, 40.441629],
            [-3.643177, 40.440559],
            [-3.643377, 40.440469],
            [-3.644427, 40.440029],
            [-3.644657, 40.439929],
            [-3.645987, 40.439369],
            [-3.646547, 40.438019],
            [-3.648437, 40.437109],
            [-3.649687, 40.436509],
            [-3.650817, 40.435968],
            [-3.652027, 40.435368],
            [-3.653407, 40.434688],
            [-3.654937, 40.434488],
            [-3.655807, 40.434558],
            [-3.655877, 40.434258],
            [-3.655887, 40.434238],
            [-3.655637, 40.433248],
            [-3.655437, 40.432418],
            [-3.655367, 40.432118],
            [-3.655387, 40.432108],
            [-3.655027, 40.432158],
            [-3.654167, 40.432268],
            [-3.653287, 40.432388],
            [-3.652417, 40.432508],
            [-3.652237, 40.432538],
            [-3.650317, 40.432818],
            [-3.648817, 40.433028],
            [-3.648657, 40.433048],
            [-3.648237, 40.433118]
          ]
        ]
      }
    },
    {
      "type": "Feature",
      "properties": {
        "id": "recoletos",
        "name": "Recoletos",
        "cityId": "madrid"
      },
      "geometry": {
        "type": "Polygon",
        "coordinates": [
          [
            [-3.693078, 40.419328],
            [-3.692178, 40.419508],
            [-3.688698, 40.419988],
            [-3.685908, 40.420568],
            [-3.685858, 40.420578],
            [-3.685178, 40.420698],
            [-3.684738, 40.420778],
            [-3.684568, 40.420808],
            [-3.684448, 40.420828],
            [-3.683088, 40.421048],
            [-3.682438, 40.421158],
            [-3.681208, 40.421418],
            [-3.679958, 40.421658],
            [-3.680348, 40.422728],
            [-3.680198, 40.424698],
            [-3.680178, 40.424998],
            [-3.680078, 40.426128],
            [-3.679948, 40.427518],
            [-3.679848, 40.428918],
            [-3.679838, 40.428928],
            [-3.683828, 40.429118],
            [-3.684938, 40.429178],
            [-3.685998, 40.429238],
            [-3.689358, 40.429388],
            [-3.689348, 40.429388],
            [-3.689708, 40.427998],
            [-3.690068, 40.426628],
            [-3.690458, 40.425268],
            [-3.690448, 40.425268],
            [-3.690718, 40.424468],
            [-3.691308, 40.423148],
            [-3.693088, 40.419338],
            [-3.693078, 40.419328]
          ]
        ]
      }
    },
    {
      "type": "Feature",
      "properties": {
        "id": "rejas",
        "name": "Rejas",
        "cityId": "madrid"
      },
      "geometry": {
        "type": "Polygon",
        "coordinates": [
          [
            [-3.531344, 40.447079],
            [-3.531684, 40.446989],
            [-3.531694, 40.446989],
            [-3.533094, 40.446639],
            [-3.533664, 40.446569],
            [-3.533964, 40.446549],
            [-3.534204, 40.446549],
            [-3.534434, 40.446559],
            [-3.534724, 40.446589],
            [-3.535044, 40.446649],
            [-3.535344, 40.446719],
            [-3.536474, 40.447029],
            [-3.537064, 40.447169],
            [-3.537644, 40.447279],
            [-3.539704, 40.447529],
            [-3.542744, 40.447869],
            [-3.547344, 40.448399],
            [-3.550964, 40.448799],
            [-3.553494, 40.449089],
            [-3.555654, 40.449309],
            [-3.557064, 40.449399],
            [-3.558345, 40.449469],
            [-3.561805, 40.449549],
            [-3.565045, 40.449629],
            [-3.565735, 40.449649],
            [-3.570605, 40.449739],
            [-3.573775, 40.449779],
            [-3.575175, 40.449809],
            [-3.577185, 40.449859],
            [-3.579925, 40.449919],
            [-3.581415, 40.449899],
            [-3.582315, 40.449889],
            [-3.583455, 40.449889],
            [-3.587485, 40.449939],
            [-3.593285, 40.450039],
            [-3.593245, 40.450049],
            [-3.593245, 40.450049],
            [-3.593285, 40.450049],
            [-3.595586, 40.450119],
            [-3.597086, 40.450159],
            [-3.599586, 40.450169],
            [-3.601016, 40.450129],
            [-3.603386, 40.449889],
            [-3.603376, 40.449889],
            [-3.603286, 40.449419],
            [-3.603206, 40.449069],
            [-3.603116, 40.448769],
            [-3.602946, 40.448379],
            [-3.602926, 40.448339],
            [-3.602786, 40.448069],
            [-3.602566, 40.447749],
            [-3.602356, 40.447489],
            [-3.602026, 40.447169],
            [-3.601896, 40.447049],
            [-3.601656, 40.446859],
            [-3.601056, 40.446439],
            [-3.600846, 40.446299],
            [-3.600346, 40.445979],
            [-3.599456, 40.445409],
            [-3.598516, 40.444809],
            [-3.597716, 40.444299],
            [-3.596826, 40.443729],
            [-3.596416, 40.443479],
            [-3.596206, 40.443349],
            [-3.595996, 40.443239],
            [-3.595726, 40.443109],
            [-3.595395, 40.442979],
            [-3.594995, 40.442859],
            [-3.594625, 40.442779],
            [-3.594105, 40.442699],
            [-3.593535, 40.442639],
            [-3.593125, 40.442599],
            [-3.592105, 40.442509],
            [-3.591855, 40.442489],
            [-3.591335, 40.442459],
            [-3.585395, 40.441909],
            [-3.585085, 40.441879],
            [-3.583375, 40.441729],
            [-3.582415, 40.441639],
            [-3.581545, 40.441559],
            [-3.581355, 40.441539],
            [-3.580895, 40.441499],
            [-3.580455, 40.441439],
            [-3.580075, 40.441359],
            [-3.579825, 40.441299],
            [-3.579455, 40.441189],
            [-3.579085, 40.441039],
            [-3.578385, 40.440709],
            [-3.577335, 40.440099],
            [-3.576985, 40.439879],
            [-3.576465, 40.439559],
            [-3.576125, 40.439359],
            [-3.575815, 40.439189],
            [-3.575395, 40.438999],
            [-3.575045, 40.438869],
            [-3.574595, 40.438739],
            [-3.573965, 40.438629],
            [-3.573595, 40.438589],
            [-3.572975, 40.438549],
            [-3.570225, 40.438409],
            [-3.569045, 40.438349],
            [-3.566875, 40.438219],
            [-3.564185, 40.438059],
            [-3.564125, 40.438059],
            [-3.563985, 40.438039],
            [-3.563425, 40.437999],
            [-3.562865, 40.437939],
            [-3.562285, 40.437939],
            [-3.561665, 40.437939],
            [-3.561065, 40.437959],
            [-3.560615, 40.438029],
            [-3.560275, 40.438089],
            [-3.559985, 40.438169],
            [-3.559495, 40.438349],
            [-3.559095, 40.438439],
            [-3.558735, 40.438679],
            [-3.558355, 40.438839],
            [-3.557474, 40.439259],
            [-3.556344, 40.439769],
            [-3.555284, 40.440269],
            [-3.554914, 40.440429],
            [-3.554104, 40.440799],
            [-3.553144, 40.441249],
            [-3.552284, 40.441529],
            [-3.551754, 40.441679],
            [-3.551004, 40.441849],
            [-3.550404, 40.441969],
            [-3.550034, 40.442009],
            [-3.549704, 40.442039],
            [-3.545184, 40.442599],
            [-3.541334, 40.443609],
            [-3.540804, 40.444619],
            [-3.537954, 40.444299],
            [-3.538384, 40.444999],
            [-3.535564, 40.444699],
            [-3.534974, 40.444949],
            [-3.535474, 40.446469],
            [-3.535124, 40.446359],
            [-3.534814, 40.446329],
            [-3.534424, 40.446279],
            [-3.534024, 40.446239],
            [-3.533804, 40.446249],
            [-3.533594, 40.446279],
            [-3.533324, 40.446319],
            [-3.533124, 40.446349],
            [-3.532814, 40.446429],
            [-3.531254, 40.446819],
            [-3.531114, 40.446879],
            [-3.531304, 40.447089],
            [-3.531344, 40.447079]
          ]
        ]
      }
    },
    {
      "type": "Feature",
      "properties": {
        "id": "rios-rosas",
        "name": "Ríos Rosas",
        "cityId": "madrid"
      },
      "geometry": {
        "type": "Polygon",
        "coordinates": [
          [
            [-3.690718, 40.437979],
            [-3.691118, 40.439209],
            [-3.691788, 40.441259],
            [-3.691258, 40.446219],
            [-3.691268, 40.446209],
            [-3.695018, 40.446409],
            [-3.695578, 40.446439],
            [-3.697138, 40.446509],
            [-3.698668, 40.446589],
            [-3.699338, 40.446619],
            [-3.700338, 40.446669],
            [-3.700938, 40.446699],
            [-3.703948, 40.446859],
            [-3.703988, 40.445439],
            [-3.704058, 40.443269],
            [-3.704098, 40.442119],
            [-3.704238, 40.438669],
            [-3.704238, 40.438679],
            [-3.701078, 40.438539],
            [-3.700268, 40.438489],
            [-3.700258, 40.438489],
            [-3.699318, 40.438439],
            [-3.698528, 40.438399],
            [-3.697778, 40.438359],
            [-3.696288, 40.438289],
            [-3.692898, 40.438129],
            [-3.690718, 40.437989],
            [-3.690718, 40.437979]
          ]
        ]
      }
    },
    {
      "type": "Feature",
      "properties": {
        "id": "rosas",
        "name": "Rosas",
        "cityId": "madrid"
      },
      "geometry": {
        "type": "Polygon",
        "coordinates": [
          [
            [-3.564125, 40.438059],
            [-3.564185, 40.438059],
            [-3.566875, 40.438219],
            [-3.569045, 40.438349],
            [-3.570225, 40.438409],
            [-3.572975, 40.438549],
            [-3.573595, 40.438589],
            [-3.573965, 40.438629],
            [-3.574595, 40.438739],
            [-3.575045, 40.438869],
            [-3.575395, 40.438999],
            [-3.575815, 40.439189],
            [-3.576125, 40.439359],
            [-3.576465, 40.439559],
            [-3.576985, 40.439879],
            [-3.577335, 40.440099],
            [-3.578385, 40.440709],
            [-3.579085, 40.441039],
            [-3.579455, 40.441189],
            [-3.579825, 40.441299],
            [-3.580075, 40.441359],
            [-3.580455, 40.441439],
            [-3.580895, 40.441499],
            [-3.581355, 40.441539],
            [-3.581545, 40.441559],
            [-3.582415, 40.441639],
            [-3.583375, 40.441729],
            [-3.585085, 40.441879],
            [-3.585395, 40.441909],
            [-3.591335, 40.442459],
            [-3.591855, 40.442489],
            [-3.592105, 40.442509],
            [-3.593125, 40.442599],
            [-3.593535, 40.442639],
            [-3.594105, 40.442699],
            [-3.594625, 40.442779],
            [-3.594995, 40.442859],
            [-3.595395, 40.442979],
            [-3.595726, 40.443109],
            [-3.595996, 40.443239],
            [-3.596206, 40.443349],
            [-3.596416, 40.443479],
            [-3.596826, 40.443729],
            [-3.597716, 40.444299],
            [-3.598516, 40.444809],
            [-3.599456, 40.445409],
            [-3.600346, 40.445979],
            [-3.600846, 40.446299],
            [-3.601056, 40.446439],
            [-3.601656, 40.446859],
            [-3.601896, 40.447049],
            [-3.602026, 40.447169],
            [-3.602356, 40.447489],
            [-3.602566, 40.447749],
            [-3.602786, 40.448069],
            [-3.602926, 40.448339],
            [-3.602946, 40.448379],
            [-3.603116, 40.448769],
            [-3.603206, 40.449069],
            [-3.603286, 40.449419],
            [-3.603376, 40.449889],
            [-3.603396, 40.449889],
            [-3.604746, 40.449739],
            [-3.605456, 40.449679],
            [-3.605846, 40.449659],
            [-3.605146, 40.448069],
            [-3.605126, 40.447959],
            [-3.605856, 40.447119],
            [-3.602886, 40.441819],
            [-3.602506, 40.441039],
            [-3.602406, 40.440459],
            [-3.602516, 40.439799],
            [-3.602746, 40.439389],
            [-3.604676, 40.437039],
            [-3.605156, 40.436489],
            [-3.605386, 40.436329],
            [-3.605826, 40.436999],
            [-3.608666, 40.435698],
            [-3.609396, 40.435298],
            [-3.609626, 40.435218],
            [-3.610036, 40.435128],
            [-3.612186, 40.434588],
            [-3.612176, 40.434598],
            [-3.612026, 40.433958],
            [-3.611726, 40.432648],
            [-3.611046, 40.429638],
            [-3.611036, 40.429528],
            [-3.610986, 40.429008],
            [-3.610986, 40.429018],
            [-3.611026, 40.428578],
            [-3.611086, 40.428208],
            [-3.611206, 40.427598],
            [-3.611536, 40.426008],
            [-3.611576, 40.425688],
            [-3.611636, 40.425218],
            [-3.611396, 40.422818],
            [-3.611386, 40.422778],
            [-3.611196, 40.421238],
            [-3.610806, 40.417948],
            [-3.610786, 40.417888],
            [-3.610276, 40.413108],
            [-3.608476, 40.412668],
            [-3.607926, 40.412548],
            [-3.607296, 40.412428],
            [-3.606676, 40.412328],
            [-3.605836, 40.412208],
            [-3.603416, 40.411888],
            [-3.601926, 40.411678],
            [-3.599606, 40.411278],
            [-3.598176, 40.411008],
            [-3.595856, 40.410508],
            [-3.594885, 40.410268],
            [-3.593485, 40.409898],
            [-3.592335, 40.409568],
            [-3.591305, 40.409268],
            [-3.589515, 40.408688],
            [-3.588625, 40.408378],
            [-3.588425, 40.408868],
            [-3.588315, 40.409128],
            [-3.588185, 40.409338],
            [-3.588005, 40.409588],
            [-3.587095, 40.410648],
            [-3.586235, 40.411628],
            [-3.585035, 40.412998],
            [-3.584455, 40.413648],
            [-3.584195, 40.413968],
            [-3.584015, 40.414208],
            [-3.583795, 40.414558],
            [-3.583625, 40.414838],
            [-3.583475, 40.415098],
            [-3.583335, 40.415338],
            [-3.583205, 40.415588],
            [-3.583135, 40.415748],
            [-3.583095, 40.415868],
            [-3.583055, 40.415988],
            [-3.583035, 40.416098],
            [-3.583015, 40.416238],
            [-3.583005, 40.416398],
            [-3.582995, 40.416538],
            [-3.582975, 40.417038],
            [-3.582955, 40.417538],
            [-3.582945, 40.417688],
            [-3.582925, 40.417828],
            [-3.582905, 40.417988],
            [-3.582885, 40.418098],
            [-3.582845, 40.418248],
            [-3.582795, 40.418408],
            [-3.582735, 40.418578],
            [-3.582655, 40.418758],
            [-3.582555, 40.418938],
            [-3.582185, 40.419618],
            [-3.581925, 40.420078],
            [-3.581715, 40.420448],
            [-3.581605, 40.420628],
            [-3.581165, 40.421268],
            [-3.580735, 40.421898],
            [-3.580295, 40.422528],
            [-3.579745, 40.423308],
            [-3.579415, 40.423758],
            [-3.578685, 40.424598],
            [-3.578345, 40.424978],
            [-3.578115, 40.425248],
            [-3.577955, 40.425458],
            [-3.577825, 40.425678],
            [-3.577725, 40.425878],
            [-3.577655, 40.426038],
            [-3.577485, 40.426008],
            [-3.577295, 40.426548],
            [-3.577205, 40.426818],
            [-3.576935, 40.427578],
            [-3.576775, 40.428038],
            [-3.576535, 40.428698],
            [-3.576505, 40.428808],
            [-3.576335, 40.429668],
            [-3.576985, 40.429818],
            [-3.577115, 40.430218],
            [-3.577275, 40.430498],
            [-3.577865, 40.431298],
            [-3.579145, 40.433138],
            [-3.579135, 40.433608],
            [-3.575125, 40.434088],
            [-3.575195, 40.434638],
            [-3.575275, 40.435008],
            [-3.575375, 40.435308],
            [-3.575455, 40.435568],
            [-3.575555, 40.435848],
            [-3.575715, 40.436189],
            [-3.575965, 40.436739],
            [-3.573825, 40.437669],
            [-3.568575, 40.436209],
            [-3.567655, 40.436719],
            [-3.567205, 40.437019],
            [-3.566815, 40.437219],
            [-3.566355, 40.437429],
            [-3.566225, 40.437469],
            [-3.565825, 40.437599],
            [-3.565525, 40.437679],
            [-3.565255, 40.437749],
            [-3.564795, 40.437899],
            [-3.564145, 40.438059],
            [-3.564125, 40.438059]
          ]
        ]
      }
    },
    {
      "type": "Feature",
      "properties": {
        "id": "san-cristobal",
        "name": "San Cristóbal",
        "cityId": "madrid"
      },
      "geometry": {
        "type": "Polygon",
        "coordinates": [
          [
            [-3.692548, 40.332735],
            [-3.691928, 40.332805],
            [-3.691488, 40.332875],
            [-3.691118, 40.332955],
            [-3.690688, 40.333055],
            [-3.690328, 40.333155],
            [-3.689968, 40.333275],
            [-3.689488, 40.333425],
            [-3.688988, 40.333615],
            [-3.688608, 40.333785],
            [-3.688138, 40.334015],
            [-3.687698, 40.334255],
            [-3.687328, 40.334485],
            [-3.686938, 40.334755],
            [-3.686518, 40.335065],
            [-3.686188, 40.335355],
            [-3.685728, 40.335785],
            [-3.685338, 40.336215],
            [-3.684968, 40.336706],
            [-3.684758, 40.337006],
            [-3.684528, 40.337406],
            [-3.684298, 40.337876],
            [-3.684158, 40.338226],
            [-3.684068, 40.338476],
            [-3.683978, 40.338756],
            [-3.683928, 40.338976],
            [-3.683848, 40.339326],
            [-3.683788, 40.339696],
            [-3.683748, 40.340276],
            [-3.683748, 40.340276],
            [-3.683748, 40.341496],
            [-3.683758, 40.342626],
            [-3.683768, 40.342736],
            [-3.683768, 40.343546],
            [-3.683778, 40.344316],
            [-3.683788, 40.345026],
            [-3.683788, 40.346116],
            [-3.683788, 40.347206],
            [-3.683788, 40.348876],
            [-3.683788, 40.350216],
            [-3.684008, 40.350236],
            [-3.684098, 40.349996],
            [-3.684178, 40.349816],
            [-3.684268, 40.349636],
            [-3.684338, 40.349526],
            [-3.684428, 40.349376],
            [-3.684458, 40.349326],
            [-3.684498, 40.349266],
            [-3.684668, 40.349056],
            [-3.684718, 40.349006],
            [-3.684768, 40.348946],
            [-3.684838, 40.348866],
            [-3.685088, 40.348626],
            [-3.685298, 40.348446],
            [-3.685558, 40.348246],
            [-3.685718, 40.348136],
            [-3.685928, 40.348006],
            [-3.686098, 40.347906],
            [-3.686268, 40.347806],
            [-3.686658, 40.347616],
            [-3.687118, 40.347406],
            [-3.687228, 40.347356],
            [-3.688008, 40.347076],
            [-3.690328, 40.346466],
            [-3.692468, 40.345926],
            [-3.692968, 40.345856],
            [-3.692948, 40.345836],
            [-3.692928, 40.345116],
            [-3.692908, 40.344186],
            [-3.692808, 40.341876],
            [-3.692738, 40.339586],
            [-3.692648, 40.336325],
            [-3.692648, 40.336285],
            [-3.692648, 40.336145],
            [-3.692588, 40.334075],
            [-3.692548, 40.332735]
          ]
        ]
      }
    },
    {
      "type": "Feature",
      "properties": {
        "id": "san-diego",
        "name": "San Diego",
        "cityId": "madrid"
      },
      "geometry": {
        "type": "Polygon",
        "coordinates": [
          [
            [-3.666957, 40.380647],
            [-3.666597, 40.380847],
            [-3.664187, 40.382687],
            [-3.663937, 40.382467],
            [-3.663447, 40.383077],
            [-3.663707, 40.384307],
            [-3.663967, 40.385517],
            [-3.664117, 40.386367],
            [-3.664187, 40.386777],
            [-3.664307, 40.387407],
            [-3.664247, 40.387477],
            [-3.664247, 40.387497],
            [-3.664657, 40.389027],
            [-3.664737, 40.389267],
            [-3.665107, 40.390337],
            [-3.664537, 40.391247],
            [-3.664407, 40.391467],
            [-3.664147, 40.392097],
            [-3.663827, 40.392957],
            [-3.663817, 40.393017],
            [-3.663817, 40.393097],
            [-3.662367, 40.394727],
            [-3.662387, 40.394717],
            [-3.662917, 40.394997],
            [-3.663587, 40.395347],
            [-3.664097, 40.395617],
            [-3.665277, 40.396247],
            [-3.665347, 40.396287],
            [-3.667487, 40.397417],
            [-3.669257, 40.398327],
            [-3.669247, 40.398337],
            [-3.669618, 40.397847],
            [-3.670048, 40.397407],
            [-3.670388, 40.397087],
            [-3.670958, 40.396587],
            [-3.671078, 40.396447],
            [-3.672038, 40.395317],
            [-3.672918, 40.394677],
            [-3.673518, 40.394317],
            [-3.673528, 40.394337],
            [-3.673158, 40.393577],
            [-3.672508, 40.391767],
            [-3.672448, 40.391457],
            [-3.672218, 40.390447],
            [-3.672158, 40.390247],
            [-3.672138, 40.390157],
            [-3.672078, 40.389947],
            [-3.672028, 40.389777],
            [-3.671978, 40.389617],
            [-3.671658, 40.388487],
            [-3.671418, 40.387707],
            [-3.671238, 40.387117],
            [-3.671098, 40.386717],
            [-3.670788, 40.385827],
            [-3.670408, 40.385077],
            [-3.670288, 40.384847],
            [-3.670078, 40.384457],
            [-3.669708, 40.383897],
            [-3.669377, 40.383397],
            [-3.669077, 40.382987],
            [-3.668897, 40.382737],
            [-3.668777, 40.382587],
            [-3.668707, 40.382507],
            [-3.668647, 40.382437],
            [-3.668307, 40.382047],
            [-3.668227, 40.381957],
            [-3.667997, 40.381687],
            [-3.667717, 40.381407],
            [-3.667247, 40.380937],
            [-3.666957, 40.380647]
          ]
        ]
      }
    },
    {
      "type": "Feature",
      "properties": {
        "id": "san-fermin",
        "name": "San Fermín",
        "cityId": "madrid"
      },
      "geometry": {
        "type": "Polygon",
        "coordinates": [
          [
            [-3.681928, 40.361296],
            [-3.682758, 40.363356],
            [-3.683088, 40.364176],
            [-3.683148, 40.364486],
            [-3.683148, 40.364736],
            [-3.683108, 40.364916],
            [-3.683008, 40.365166],
            [-3.682868, 40.365446],
            [-3.682778, 40.365556],
            [-3.682688, 40.365676],
            [-3.682528, 40.365826],
            [-3.682248, 40.365986],
            [-3.681988, 40.366166],
            [-3.681798, 40.366406],
            [-3.681738, 40.366626],
            [-3.681718, 40.366806],
            [-3.681738, 40.367066],
            [-3.681778, 40.367356],
            [-3.681848, 40.367516],
            [-3.682258, 40.368646],
            [-3.682338, 40.368986],
            [-3.682348, 40.369156],
            [-3.682338, 40.369336],
            [-3.682288, 40.369496],
            [-3.682268, 40.369666],
            [-3.682278, 40.369837],
            [-3.682338, 40.370027],
            [-3.682458, 40.370267],
            [-3.682578, 40.370417],
            [-3.682768, 40.370587],
            [-3.683038, 40.370787],
            [-3.683518, 40.371017],
            [-3.684268, 40.371287],
            [-3.684908, 40.371477],
            [-3.685318, 40.371587],
            [-3.685558, 40.371637],
            [-3.685748, 40.371687],
            [-3.685888, 40.371737],
            [-3.686058, 40.371807],
            [-3.686168, 40.371887],
            [-3.686238, 40.371947],
            [-3.686338, 40.372057],
            [-3.686428, 40.372167],
            [-3.686518, 40.372327],
            [-3.686638, 40.372567],
            [-3.686808, 40.373017],
            [-3.686898, 40.373337],
            [-3.686988, 40.373517],
            [-3.687058, 40.373597],
            [-3.687138, 40.373667],
            [-3.687348, 40.373877],
            [-3.687598, 40.374067],
            [-3.687598, 40.374067],
            [-3.687608, 40.374077],
            [-3.687678, 40.374157],
            [-3.687738, 40.374387],
            [-3.687758, 40.374597],
            [-3.687728, 40.374837],
            [-3.687608, 40.375287],
            [-3.687318, 40.376137],
            [-3.687268, 40.376427],
            [-3.687248, 40.376617],
            [-3.687278, 40.376777],
            [-3.687358, 40.377007],
            [-3.687838, 40.378057],
            [-3.687878, 40.378217],
            [-3.687858, 40.378397],
            [-3.687888, 40.378567],
            [-3.687978, 40.378687],
            [-3.688208, 40.378847],
            [-3.688378, 40.378977],
            [-3.688548, 40.379187],
            [-3.688658, 40.379397],
            [-3.688768, 40.379577],
            [-3.688838, 40.379687],
            [-3.688878, 40.379817],
            [-3.688898, 40.380017],
            [-3.688908, 40.380187],
            [-3.688958, 40.380437],
            [-3.689018, 40.380727],
            [-3.689188, 40.381347],
            [-3.689328, 40.381637],
            [-3.689438, 40.381857],
            [-3.689548, 40.382057],
            [-3.689748, 40.382317],
            [-3.689748, 40.382337],
            [-3.690308, 40.381987],
            [-3.690608, 40.381747],
            [-3.690908, 40.381467],
            [-3.691148, 40.381237],
            [-3.691308, 40.381047],
            [-3.691518, 40.380757],
            [-3.692068, 40.379947],
            [-3.692888, 40.378737],
            [-3.693548, 40.377747],
            [-3.694238, 40.376727],
            [-3.694528, 40.376267],
            [-3.694608, 40.376127],
            [-3.694708, 40.375937],
            [-3.694768, 40.375797],
            [-3.694818, 40.375657],
            [-3.694878, 40.375437],
            [-3.694928, 40.375187],
            [-3.694948, 40.375017],
            [-3.694948, 40.374847],
            [-3.694938, 40.374677],
            [-3.694828, 40.373477],
            [-3.694608, 40.371147],
            [-3.694568, 40.370837],
            [-3.694448, 40.370097],
            [-3.694358, 40.369326],
            [-3.694278, 40.368746],
            [-3.694158, 40.367056],
            [-3.694018, 40.364576],
            [-3.694008, 40.364526],
            [-3.693878, 40.364516],
            [-3.693248, 40.364466],
            [-3.692228, 40.364386],
            [-3.691648, 40.364316],
            [-3.691248, 40.364266],
            [-3.690618, 40.364166],
            [-3.690048, 40.364056],
            [-3.689448, 40.363906],
            [-3.689028, 40.363786],
            [-3.687238, 40.363196],
            [-3.685398, 40.362536],
            [-3.683138, 40.361726],
            [-3.681918, 40.361296],
            [-3.681928, 40.361296]
          ]
        ]
      }
    },
    {
      "type": "Feature",
      "properties": {
        "id": "san-isidro",
        "name": "San Isidro",
        "cityId": "madrid"
      },
      "geometry": {
        "type": "Polygon",
        "coordinates": [
          [
            [-3.714909, 40.399677],
            [-3.715909, 40.399927],
            [-3.716429, 40.399997],
            [-3.716779, 40.400007],
            [-3.717079, 40.399987],
            [-3.717319, 40.399967],
            [-3.718969, 40.399837],
            [-3.719009, 40.399837],
            [-3.719319, 40.399847],
            [-3.719739, 40.399907],
            [-3.719989, 40.399957],
            [-3.720349, 40.400097],
            [-3.721129, 40.400527],
            [-3.721709, 40.400957],
            [-3.721839, 40.401157],
            [-3.721949, 40.401337],
            [-3.722219, 40.401967],
            [-3.722249, 40.402077],
            [-3.722399, 40.402567],
            [-3.722579, 40.403788],
            [-3.722659, 40.404188],
            [-3.722719, 40.404548],
            [-3.722699, 40.404568],
            [-3.723579, 40.404578],
            [-3.724739, 40.404568],
            [-3.724749, 40.405058],
            [-3.724629, 40.405508],
            [-3.725049, 40.405538],
            [-3.725159, 40.405508],
            [-3.725499, 40.405418],
            [-3.725639, 40.405328],
            [-3.725979, 40.405118],
            [-3.726169, 40.404968],
            [-3.726319, 40.404848],
            [-3.726609, 40.404518],
            [-3.726799, 40.404368],
            [-3.727059, 40.404158],
            [-3.727569, 40.403898],
            [-3.727769, 40.403718],
            [-3.728139, 40.403398],
            [-3.728309, 40.403218],
            [-3.728309, 40.403218],
            [-3.728599, 40.402918],
            [-3.729569, 40.402457],
            [-3.730289, 40.401917],
            [-3.730299, 40.401917],
            [-3.730889, 40.401467],
            [-3.732109, 40.400547],
            [-3.733489, 40.399507],
            [-3.734099, 40.399047],
            [-3.734749, 40.398557],
            [-3.737099, 40.396747],
            [-3.737499, 40.396337],
            [-3.737589, 40.396247],
            [-3.737859, 40.395967],
            [-3.738319, 40.395277],
            [-3.738429, 40.395107],
            [-3.738559, 40.394907],
            [-3.738629, 40.394807],
            [-3.738709, 40.394727],
            [-3.738979, 40.394437],
            [-3.739149, 40.394307],
            [-3.739159, 40.394297],
            [-3.739759, 40.393857],
            [-3.740839, 40.393027],
            [-3.740879, 40.392997],
            [-3.740239, 40.392517],
            [-3.738529, 40.391677],
            [-3.737369, 40.391087],
            [-3.736099, 40.390467],
            [-3.734969, 40.389877],
            [-3.731779, 40.388517],
            [-3.731779, 40.388507],
            [-3.730099, 40.389607],
            [-3.728689, 40.390527],
            [-3.727529, 40.391267],
            [-3.726719, 40.391787],
            [-3.724709, 40.392877],
            [-3.724029, 40.393247],
            [-3.722709, 40.393977],
            [-3.721439, 40.394697],
            [-3.720949, 40.394977],
            [-3.720429, 40.395257],
            [-3.718339, 40.396377],
            [-3.717929, 40.396607],
            [-3.717219, 40.396997],
            [-3.716789, 40.397217],
            [-3.715799, 40.397717],
            [-3.714899, 40.399667],
            [-3.714909, 40.399677]
          ]
        ]
      }
    },
    {
      "type": "Feature",
      "properties": {
        "id": "san-juan-bautista",
        "name": "San Juan Bautista",
        "cityId": "madrid"
      },
      "geometry": {
        "type": "Polygon",
        "coordinates": [
          [
            [-3.660607, 40.444599],
            [-3.656827, 40.445909],
            [-3.655867, 40.446239],
            [-3.652857, 40.447449],
            [-3.648117, 40.449449],
            [-3.649327, 40.451139],
            [-3.649667, 40.451589],
            [-3.649667, 40.451589],
            [-3.649937, 40.451939],
            [-3.649997, 40.452029],
            [-3.650087, 40.452069],
            [-3.651317, 40.453699],
            [-3.652877, 40.455439],
            [-3.654217, 40.456909],
            [-3.654207, 40.456919],
            [-3.656427, 40.455849],
            [-3.658667, 40.454729],
            [-3.660697, 40.453799],
            [-3.663127, 40.453169],
            [-3.663117, 40.453159],
            [-3.662887, 40.451719],
            [-3.662827, 40.451359],
            [-3.662567, 40.450129],
            [-3.662327, 40.449089],
            [-3.662287, 40.448939],
            [-3.662147, 40.448459],
            [-3.661877, 40.447669],
            [-3.661677, 40.446979],
            [-3.661467, 40.446379],
            [-3.661187, 40.445669],
            [-3.660597, 40.444609],
            [-3.660607, 40.444599]
          ]
        ]
      }
    },
    {
      "type": "Feature",
      "properties": {
        "id": "san-pascual",
        "name": "San Pascual",
        "cityId": "madrid"
      },
      "geometry": {
        "type": "Polygon",
        "coordinates": [
          [
            [-3.659707, 40.436389],
            [-3.657727, 40.436149],
            [-3.656417, 40.435978],
            [-3.654997, 40.436809],
            [-3.654527, 40.436609],
            [-3.654347, 40.437099],
            [-3.654017, 40.437989],
            [-3.653867, 40.438079],
            [-3.651847, 40.439059],
            [-3.651137, 40.439409],
            [-3.650717, 40.439609],
            [-3.650447, 40.439769],
            [-3.650027, 40.440019],
            [-3.649987, 40.440039],
            [-3.649907, 40.440079],
            [-3.649797, 40.440399],
            [-3.649447, 40.441409],
            [-3.648507, 40.442439],
            [-3.647747, 40.443419],
            [-3.647107, 40.444189],
            [-3.644907, 40.446909],
            [-3.646477, 40.447689],
            [-3.647447, 40.448569],
            [-3.648117, 40.449449],
            [-3.652857, 40.447449],
            [-3.655867, 40.446239],
            [-3.656827, 40.445909],
            [-3.660607, 40.444599],
            [-3.660607, 40.444609],
            [-3.660127, 40.443949],
            [-3.659757, 40.443289],
            [-3.659487, 40.442629],
            [-3.659357, 40.442139],
            [-3.659317, 40.441739],
            [-3.659247, 40.440829],
            [-3.659237, 40.440679],
            [-3.659227, 40.440499],
            [-3.659287, 40.439239],
            [-3.659297, 40.438929],
            [-3.659397, 40.438269],
            [-3.659587, 40.436979],
            [-3.659597, 40.436919],
            [-3.659687, 40.436389],
            [-3.659707, 40.436389]
          ]
        ]
      }
    },
    {
      "type": "Feature",
      "properties": {
        "id": "santa-eugenia",
        "name": "Santa Eugenia",
        "cityId": "madrid"
      },
      "geometry": {
        "type": "Polygon",
        "coordinates": [
          [
            [-3.600706, 40.376717],
            [-3.600516, 40.376817],
            [-3.600326, 40.376937],
            [-3.600166, 40.377057],
            [-3.599986, 40.377237],
            [-3.599686, 40.377617],
            [-3.599526, 40.377927],
            [-3.599426, 40.378177],
            [-3.599336, 40.378367],
            [-3.599266, 40.378507],
            [-3.599186, 40.378647],
            [-3.599106, 40.378757],
            [-3.599026, 40.378847],
            [-3.598936, 40.378937],
            [-3.598776, 40.379057],
            [-3.598616, 40.379167],
            [-3.597826, 40.379657],
            [-3.599516, 40.382327],
            [-3.599596, 40.382357],
            [-3.600156, 40.382397],
            [-3.600566, 40.382527],
            [-3.600846, 40.382667],
            [-3.601056, 40.382877],
            [-3.601166, 40.383127],
            [-3.601136, 40.383407],
            [-3.600836, 40.383927],
            [-3.600876, 40.384157],
            [-3.601076, 40.384647],
            [-3.601386, 40.385117],
            [-3.601726, 40.385577],
            [-3.602356, 40.386197],
            [-3.602886, 40.386457],
            [-3.603046, 40.386537],
            [-3.603496, 40.386667],
            [-3.603756, 40.386677],
            [-3.603926, 40.386677],
            [-3.604156, 40.386637],
            [-3.605276, 40.385987],
            [-3.605576, 40.386257],
            [-3.605676, 40.386437],
            [-3.605786, 40.386497],
            [-3.605896, 40.386517],
            [-3.606016, 40.386497],
            [-3.606186, 40.386437],
            [-3.606386, 40.386337],
            [-3.606506, 40.386247],
            [-3.607076, 40.386657],
            [-3.607636, 40.387017],
            [-3.608136, 40.387297],
            [-3.608616, 40.387537],
            [-3.608586, 40.387547],
            [-3.608656, 40.387587],
            [-3.608656, 40.387587],
            [-3.609176, 40.387817],
            [-3.609876, 40.388107],
            [-3.610306, 40.388247],
            [-3.610896, 40.388427],
            [-3.611456, 40.388577],
            [-3.612086, 40.388717],
            [-3.615736, 40.389507],
            [-3.618566, 40.390127],
            [-3.619386, 40.390307],
            [-3.621886, 40.390857],
            [-3.621886, 40.390847],
            [-3.623696, 40.386437],
            [-3.624326, 40.385017],
            [-3.624766, 40.384167],
            [-3.625326, 40.383237],
            [-3.624586, 40.382097],
            [-3.624576, 40.382077],
            [-3.621386, 40.382767],
            [-3.620676, 40.382957],
            [-3.619136, 40.383307],
            [-3.618946, 40.382727],
            [-3.617366, 40.381427],
            [-3.617666, 40.381207],
            [-3.617896, 40.381077],
            [-3.618196, 40.380917],
            [-3.618396, 40.380797],
            [-3.618366, 40.380787],
            [-3.618266, 40.380737],
            [-3.617566, 40.380867],
            [-3.617366, 40.380327],
            [-3.617306, 40.380157],
            [-3.617286, 40.379707],
            [-3.617276, 40.379497],
            [-3.617246, 40.379497],
            [-3.617106, 40.379477],
            [-3.616726, 40.379467],
            [-3.616406, 40.379457],
            [-3.615816, 40.379427],
            [-3.615216, 40.379397],
            [-3.614096, 40.379297],
            [-3.613666, 40.379247],
            [-3.613656, 40.379247],
            [-3.612686, 40.379167],
            [-3.612146, 40.379107],
            [-3.611856, 40.379057],
            [-3.611516, 40.378997],
            [-3.611076, 40.378887],
            [-3.610646, 40.378757],
            [-3.610026, 40.378527],
            [-3.609366, 40.378267],
            [-3.607876, 40.377687],
            [-3.605776, 40.376857],
            [-3.603916, 40.376127],
            [-3.603466, 40.375947],
            [-3.603066, 40.376107],
            [-3.602776, 40.376197],
            [-3.602566, 40.376247],
            [-3.602426, 40.376267],
            [-3.602276, 40.376287],
            [-3.601906, 40.376307],
            [-3.601776, 40.376317],
            [-3.601646, 40.376337],
            [-3.601536, 40.376367],
            [-3.601366, 40.376417],
            [-3.601226, 40.376477],
            [-3.600996, 40.376577],
            [-3.600686, 40.376727],
            [-3.600706, 40.376717]
          ]
        ]
      }
    },
    {
      "type": "Feature",
      "properties": {
        "id": "simancas",
        "name": "Simancas",
        "cityId": "madrid"
      },
      "geometry": {
        "type": "Polygon",
        "coordinates": [
          [
            [-3.625726, 40.426418],
            [-3.625206, 40.426798],
            [-3.623866, 40.427818],
            [-3.623386, 40.428208],
            [-3.623116, 40.428428],
            [-3.623096, 40.428468],
            [-3.622576, 40.429228],
            [-3.621636, 40.433078],
            [-3.620966, 40.433338],
            [-3.620376, 40.433578],
            [-3.619566, 40.433758],
            [-3.618846, 40.433788],
            [-3.617746, 40.433778],
            [-3.616876, 40.433768],
            [-3.616096, 40.433768],
            [-3.615396, 40.433868],
            [-3.614816, 40.433998],
            [-3.613636, 40.434268],
            [-3.612176, 40.434598],
            [-3.612186, 40.434608],
            [-3.612366, 40.435388],
            [-3.612396, 40.435528],
            [-3.612476, 40.435688],
            [-3.613266, 40.437169],
            [-3.613846, 40.438209],
            [-3.614286, 40.438999],
            [-3.614566, 40.439479],
            [-3.615106, 40.440489],
            [-3.615596, 40.441359],
            [-3.616906, 40.443699],
            [-3.616896, 40.443699],
            [-3.617676, 40.443429],
            [-3.620136, 40.442749],
            [-3.623496, 40.441839],
            [-3.625636, 40.441249],
            [-3.628106, 40.440569],
            [-3.630646, 40.439869],
            [-3.632106, 40.439479],
            [-3.632847, 40.439279],
            [-3.634047, 40.438949],
            [-3.635477, 40.438559],
            [-3.635467, 40.438579],
            [-3.638027, 40.437889],
            [-3.638007, 40.437899],
            [-3.636547, 40.435878],
            [-3.635667, 40.434658],
            [-3.635147, 40.433968],
            [-3.634837, 40.433528],
            [-3.634427, 40.432948],
            [-3.633907, 40.432228],
            [-3.633827, 40.432118],
            [-3.633697, 40.431928],
            [-3.633067, 40.431038],
            [-3.632356, 40.430068],
            [-3.632096, 40.429718],
            [-3.632016, 40.429608],
            [-3.631636, 40.429088],
            [-3.631266, 40.428568],
            [-3.630696, 40.427768],
            [-3.630056, 40.426878],
            [-3.629516, 40.426168],
            [-3.629396, 40.425988],
            [-3.628406, 40.424478],
            [-3.625726, 40.426418]
          ]
        ]
      }
    },
    {
      "type": "Feature",
      "properties": {
        "id": "sol",
        "name": "Sol",
        "cityId": "madrid"
      },
      "geometry": {
        "type": "Polygon",
        "coordinates": [
          [
            [-3.701588, 40.420018],
            [-3.704838, 40.420268],
            [-3.705258, 40.420298],
            [-3.705568, 40.420298],
            [-3.705928, 40.420288],
            [-3.705928, 40.420278],
            [-3.706338, 40.420168],
            [-3.708119, 40.420228],
            [-3.707919, 40.419858],
            [-3.708009, 40.419618],
            [-3.708149, 40.419158],
            [-3.708199, 40.418878],
            [-3.708459, 40.418388],
            [-3.708479, 40.418348],
            [-3.708529, 40.418258],
            [-3.708789, 40.417808],
            [-3.708589, 40.417778],
            [-3.708679, 40.417198],
            [-3.708709, 40.417098],
            [-3.708729, 40.417008],
            [-3.708689, 40.416768],
            [-3.708689, 40.416748],
            [-3.708639, 40.416358],
            [-3.708759, 40.416318],
            [-3.708689, 40.415958],
            [-3.708819, 40.415568],
            [-3.708619, 40.415318],
            [-3.708559, 40.415308],
            [-3.708489, 40.415308],
            [-3.708439, 40.415278],
            [-3.708199, 40.414738],
            [-3.708039, 40.414518],
            [-3.708119, 40.414108],
            [-3.708259, 40.413718],
            [-3.707729, 40.413578],
            [-3.707479, 40.413518],
            [-3.707479, 40.413528],
            [-3.707389, 40.413638],
            [-3.706338, 40.413968],
            [-3.706078, 40.413998],
            [-3.705558, 40.413978],
            [-3.704928, 40.413938],
            [-3.704818, 40.413938],
            [-3.704728, 40.413948],
            [-3.704618, 40.413988],
            [-3.703928, 40.414308],
            [-3.703918, 40.414288],
            [-3.703428, 40.414688],
            [-3.703358, 40.414588],
            [-3.703268, 40.414538],
            [-3.703118, 40.414508],
            [-3.702548, 40.414958],
            [-3.702018, 40.415368],
            [-3.701358, 40.415838],
            [-3.701208, 40.415938],
            [-3.700958, 40.416108],
            [-3.700758, 40.416258],
            [-3.700558, 40.416428],
            [-3.700418, 40.416598],
            [-3.699878, 40.417408],
            [-3.699548, 40.417798],
            [-3.699298, 40.417898],
            [-3.699568, 40.418528],
            [-3.699728, 40.419288],
            [-3.699668, 40.419758],
            [-3.699678, 40.419758],
            [-3.699678, 40.419758],
            [-3.700358, 40.419918],
            [-3.700798, 40.419988],
            [-3.701238, 40.420008],
            [-3.701588, 40.420018]
          ]
        ]
      }
    },
    {
      "type": "Feature",
      "properties": {
        "id": "timon",
        "name": "Timón",
        "cityId": "madrid"
      },
      "geometry": {
        "type": "Polygon",
        "coordinates": [
          [
            [-3.582245, 40.467689],
            [-3.581565, 40.468789],
            [-3.581395, 40.46926],
            [-3.581415, 40.46949],
            [-3.581455, 40.46966],
            [-3.581495, 40.47065],
            [-3.581845, 40.4725],
            [-3.582055, 40.47336],
            [-3.582125, 40.47365],
            [-3.582135, 40.4737],
            [-3.582295, 40.47437],
            [-3.582345, 40.47478],
            [-3.582365, 40.47494],
            [-3.582365, 40.47495],
            [-3.582365, 40.47495],
            [-3.582365, 40.47496],
            [-3.582365, 40.4751],
            [-3.582365, 40.47524],
            [-3.582355, 40.47551],
            [-3.582305, 40.47574],
            [-3.582265, 40.47591],
            [-3.582235, 40.47604],
            [-3.582215, 40.47612],
            [-3.582105, 40.4765],
            [-3.582085, 40.47658],
            [-3.582025, 40.47672],
            [-3.581895, 40.47707],
            [-3.581385, 40.47853],
            [-3.580865, 40.47883],
            [-3.580555, 40.47919],
            [-3.580545, 40.47959],
            [-3.580965, 40.47968],
            [-3.581445, 40.47976],
            [-3.581895, 40.4798],
            [-3.582885, 40.47985],
            [-3.584065, 40.47987],
            [-3.586205, 40.47987],
            [-3.591615, 40.47985],
            [-3.597226, 40.47983],
            [-3.601766, 40.47983],
            [-3.601786, 40.48105],
            [-3.601756, 40.48258],
            [-3.601706, 40.48436],
            [-3.601716, 40.48502],
            [-3.601716, 40.48503],
            [-3.604466, 40.48502],
            [-3.611546, 40.48498],
            [-3.614896, 40.48496],
            [-3.615546, 40.48496],
            [-3.615546, 40.48496],
            [-3.616476, 40.484],
            [-3.616616, 40.48388],
            [-3.616756, 40.48377],
            [-3.616896, 40.48364],
            [-3.617646, 40.48285],
            [-3.618206, 40.48228],
            [-3.625836, 40.48224],
            [-3.625656, 40.48158],
            [-3.625746, 40.47723],
            [-3.625746, 40.47707],
            [-3.625756, 40.47697],
            [-3.625876, 40.47658],
            [-3.625776, 40.4765],
            [-3.625706, 40.47643],
            [-3.625676, 40.47634],
            [-3.625706, 40.47625],
            [-3.625776, 40.47618],
            [-3.625896, 40.4761],
            [-3.625796, 40.47555],
            [-3.625796, 40.47546],
            [-3.625796, 40.47535],
            [-3.625796, 40.47526],
            [-3.625776, 40.47518],
            [-3.625716, 40.47509],
            [-3.625626, 40.47501],
            [-3.625486, 40.47492],
            [-3.625366, 40.47484],
            [-3.625336, 40.47474],
            [-3.625336, 40.4747],
            [-3.625306, 40.47465],
            [-3.625256, 40.4746],
            [-3.625216, 40.47458],
            [-3.625146, 40.47456],
            [-3.625106, 40.47453],
            [-3.624886, 40.47379],
            [-3.624826, 40.47362],
            [-3.624736, 40.47341],
            [-3.624696, 40.47336],
            [-3.624606, 40.47329],
            [-3.624576, 40.47324],
            [-3.624586, 40.47316],
            [-3.624566, 40.47308],
            [-3.624516, 40.47301],
            [-3.624446, 40.47296],
            [-3.624366, 40.47294],
            [-3.624276, 40.4729],
            [-3.624126, 40.47253],
            [-3.623706, 40.47246],
            [-3.623656, 40.47245],
            [-3.623576, 40.47244],
            [-3.623056, 40.47236],
            [-3.622926, 40.47234],
            [-3.621806, 40.47229],
            [-3.620946, 40.47225],
            [-3.620726, 40.47224],
            [-3.620376, 40.47222],
            [-3.619746, 40.47219],
            [-3.617466, 40.47212],
            [-3.616116, 40.47208],
            [-3.615396, 40.47206],
            [-3.609166, 40.47188],
            [-3.608516, 40.47184],
            [-3.607926, 40.47177],
            [-3.607356, 40.4717],
            [-3.606816, 40.47157],
            [-3.606006, 40.47135],
            [-3.602636, 40.47023],
            [-3.601436, 40.46987],
            [-3.600326, 40.46962],
            [-3.599646, 40.46947],
            [-3.599066, 40.46936],
            [-3.598096, 40.4692],
            [-3.596576, 40.468999],
            [-3.594465, 40.468849],
            [-3.593335, 40.468809],
            [-3.592345, 40.468789],
            [-3.591375, 40.468769],
            [-3.590015, 40.468719],
            [-3.588765, 40.468669],
            [-3.585315, 40.468549],
            [-3.585205, 40.468539],
            [-3.584755, 40.468519],
            [-3.584415, 40.468479],
            [-3.584175, 40.468429],
            [-3.583905, 40.468329],
            [-3.583335, 40.468119],
            [-3.582265, 40.467679],
            [-3.582245, 40.467689]
          ]
        ]
      }
    },
    {
      "type": "Feature",
      "properties": {
        "id": "trafalgar",
        "name": "Trafalgar",
        "cityId": "madrid"
      },
      "geometry": {
        "type": "Polygon",
        "coordinates": [
          [
            [-3.695758, 40.427638],
            [-3.695788, 40.428098],
            [-3.696478, 40.429708],
            [-3.696968, 40.430858],
            [-3.697348, 40.431718],
            [-3.697598, 40.432288],
            [-3.697698, 40.432508],
            [-3.698118, 40.433498],
            [-3.698718, 40.434938],
            [-3.699078, 40.435778],
            [-3.699478, 40.436719],
            [-3.700238, 40.438489],
            [-3.700268, 40.438489],
            [-3.701078, 40.438539],
            [-3.704238, 40.438679],
            [-3.704248, 40.437179],
            [-3.704258, 40.436759],
            [-3.704278, 40.436039],
            [-3.704318, 40.434898],
            [-3.704378, 40.433568],
            [-3.704548, 40.433108],
            [-3.705158, 40.431438],
            [-3.705558, 40.430318],
            [-3.705808, 40.429608],
            [-3.705808, 40.429598],
            [-3.703648, 40.429238],
            [-3.702408, 40.429058],
            [-3.702408, 40.429048],
            [-3.701948, 40.428968],
            [-3.699408, 40.428418],
            [-3.697128, 40.427938],
            [-3.695758, 40.427638]
          ]
        ]
      }
    },
    {
      "type": "Feature",
      "properties": {
        "id": "universidad",
        "name": "Universidad",
        "cityId": "madrid"
      },
      "geometry": {
        "type": "Polygon",
        "coordinates": [
          [
            [-3.701598, 40.420008],
            [-3.701648, 40.420098],
            [-3.701178, 40.421328],
            [-3.700978, 40.421888],
            [-3.700928, 40.422048],
            [-3.700808, 40.422558],
            [-3.700698, 40.423048],
            [-3.700688, 40.423128],
            [-3.700648, 40.423608],
            [-3.700658, 40.423798],
            [-3.700658, 40.423928],
            [-3.700668, 40.424178],
            [-3.700748, 40.424898],
            [-3.700748, 40.424908],
            [-3.700898, 40.425368],
            [-3.701168, 40.426048],
            [-3.701668, 40.427248],
            [-3.702408, 40.429058],
            [-3.703648, 40.429238],
            [-3.705808, 40.429598],
            [-3.705808, 40.429608],
            [-3.707419, 40.429758],
            [-3.707719, 40.429788],
            [-3.708829, 40.429888],
            [-3.710509, 40.430058],
            [-3.711869, 40.430198],
            [-3.711859, 40.430198],
            [-3.713519, 40.430368],
            [-3.714629, 40.430488],
            [-3.716229, 40.430658],
            [-3.716229, 40.430648],
            [-3.716199, 40.430598],
            [-3.715599, 40.429768],
            [-3.714529, 40.428318],
            [-3.714129, 40.427778],
            [-3.713889, 40.427458],
            [-3.713169, 40.426398],
            [-3.712449, 40.425348],
            [-3.711699, 40.424288],
            [-3.710889, 40.423418],
            [-3.710889, 40.423438],
            [-3.710169, 40.422958],
            [-3.707929, 40.421548],
            [-3.705928, 40.420288],
            [-3.705568, 40.420298],
            [-3.705258, 40.420298],
            [-3.704838, 40.420268],
            [-3.701588, 40.420018],
            [-3.701598, 40.420008]
          ]
        ]
      }
    },
    {
      "type": "Feature",
      "properties": {
        "id": "valdeacederas",
        "name": "Valdeacederas",
        "cityId": "madrid"
      },
      "geometry": {
        "type": "Polygon",
        "coordinates": [
          [
            [-3.698398, 40.460629],
            [-3.698108, 40.461279],
            [-3.697818, 40.461909],
            [-3.697638, 40.462209],
            [-3.697348, 40.462549],
            [-3.697078, 40.462849],
            [-3.697048, 40.462889],
            [-3.696388, 40.463609],
            [-3.696038, 40.463989],
            [-3.695918, 40.464119],
            [-3.695808, 40.464199],
            [-3.695678, 40.464279],
            [-3.695528, 40.464339],
            [-3.695448, 40.464369],
            [-3.694448, 40.464719],
            [-3.694458, 40.464729],
            [-3.695408, 40.465379],
            [-3.695608, 40.465509],
            [-3.695668, 40.465559],
            [-3.695668, 40.465559],
            [-3.695978, 40.465939],
            [-3.696398, 40.466449],
            [-3.697318, 40.467379],
            [-3.697708, 40.467779],
            [-3.697728, 40.467799],
            [-3.698128, 40.468109],
            [-3.698208, 40.468169],
            [-3.698568, 40.468429],
            [-3.699228, 40.46928],
            [-3.699578, 40.46973],
            [-3.700148, 40.47004],
            [-3.702138, 40.47112],
            [-3.702088, 40.47377],
            [-3.703178, 40.47275],
            [-3.703188, 40.47274],
            [-3.703428, 40.47251],
            [-3.703458, 40.47248],
            [-3.703738, 40.47225],
            [-3.703978, 40.4721],
            [-3.704368, 40.47194],
            [-3.704588, 40.47188],
            [-3.704638, 40.47187],
            [-3.704858, 40.47184],
            [-3.705198, 40.47181],
            [-3.707309, 40.47161],
            [-3.707409, 40.4716],
            [-3.708529, 40.4715],
            [-3.710699, 40.47131],
            [-3.711119, 40.47122],
            [-3.711379, 40.47114],
            [-3.711609, 40.47104],
            [-3.711649, 40.47102],
            [-3.711929, 40.47084],
            [-3.712069, 40.47073],
            [-3.712149, 40.47066],
            [-3.712349, 40.47043],
            [-3.712399, 40.47035],
            [-3.712489, 40.47022],
            [-3.712589, 40.47001],
            [-3.712629, 40.46989],
            [-3.712669, 40.46974],
            [-3.712699, 40.46964],
            [-3.712719, 40.46957],
            [-3.712719, 40.46957],
            [-3.712739, 40.46948],
            [-3.712789, 40.46938],
            [-3.712809, 40.46934],
            [-3.712879, 40.46918],
            [-3.712959, 40.468999],
            [-3.713039, 40.468879],
            [-3.713059, 40.468849],
            [-3.713169, 40.468679],
            [-3.713209, 40.468619],
            [-3.713279, 40.468529],
            [-3.713279, 40.468509],
            [-3.712769, 40.468009],
            [-3.711389, 40.466259],
            [-3.711169, 40.466139],
            [-3.711009, 40.466069],
            [-3.710919, 40.466009],
            [-3.709799, 40.464829],
            [-3.709419, 40.464279],
            [-3.709339, 40.464159],
            [-3.709259, 40.464039],
            [-3.709099, 40.463489],
            [-3.708519, 40.462599],
            [-3.708509, 40.462569],
            [-3.708489, 40.462519],
            [-3.708469, 40.462419],
            [-3.708479, 40.462309],
            [-3.708519, 40.462229],
            [-3.708539, 40.462179],
            [-3.708599, 40.462069],
            [-3.708599, 40.462059],
            [-3.708449, 40.462029],
            [-3.707809, 40.462749],
            [-3.707129, 40.463519],
            [-3.706979, 40.463579],
            [-3.706839, 40.463629],
            [-3.706689, 40.463659],
            [-3.706528, 40.463679],
            [-3.706348, 40.463669],
            [-3.706208, 40.463639],
            [-3.706048, 40.463599],
            [-3.705938, 40.463589],
            [-3.705848, 40.463589],
            [-3.705738, 40.463589],
            [-3.705658, 40.463609],
            [-3.705598, 40.463659],
            [-3.705538, 40.463719],
            [-3.705478, 40.463789],
            [-3.705398, 40.463909],
            [-3.705378, 40.463999],
            [-3.704728, 40.463799],
            [-3.704638, 40.463779],
            [-3.704518, 40.463749],
            [-3.704298, 40.463669],
            [-3.704178, 40.463619],
            [-3.704168, 40.463609],
            [-3.703858, 40.463459],
            [-3.703128, 40.463089],
            [-3.702538, 40.462769],
            [-3.702248, 40.462609],
            [-3.701948, 40.462449],
            [-3.700638, 40.461719],
            [-3.700008, 40.461369],
            [-3.699578, 40.461129],
            [-3.699178, 40.460929],
            [-3.698408, 40.460599],
            [-3.698398, 40.460629]
          ]
        ]
      }
    },
    {
      "type": "Feature",
      "properties": {
        "id": "valdebernardo",
        "name": "Valdebernardo",
        "cityId": "madrid"
      },
      "geometry": {
        "type": "Polygon",
        "coordinates": [
          [
            [-3.608586, 40.387557],
            [-3.608396, 40.387797],
            [-3.607766, 40.388547],
            [-3.607336, 40.389147],
            [-3.606936, 40.389767],
            [-3.606466, 40.390667],
            [-3.605736, 40.392087],
            [-3.605556, 40.392517],
            [-3.606316, 40.392767],
            [-3.606786, 40.393007],
            [-3.607366, 40.393337],
            [-3.608486, 40.393927],
            [-3.608736, 40.394037],
            [-3.608716, 40.394077],
            [-3.608626, 40.394187],
            [-3.608376, 40.394407],
            [-3.609656, 40.395247],
            [-3.608786, 40.396087],
            [-3.609876, 40.396817],
            [-3.608926, 40.397677],
            [-3.608816, 40.397777],
            [-3.607906, 40.398597],
            [-3.606806, 40.399577],
            [-3.606666, 40.399777],
            [-3.607186, 40.399947],
            [-3.607866, 40.400217],
            [-3.608856, 40.400637],
            [-3.611746, 40.401827],
            [-3.611826, 40.401857],
            [-3.611856, 40.401867],
            [-3.612296, 40.402027],
            [-3.613656, 40.402407],
            [-3.614486, 40.402677],
            [-3.614926, 40.402827],
            [-3.615366, 40.402918],
            [-3.615876, 40.402958],
            [-3.616536, 40.402978],
            [-3.616756, 40.403408],
            [-3.616816, 40.403528],
            [-3.616866, 40.403658],
            [-3.616986, 40.403948],
            [-3.617066, 40.404188],
            [-3.617146, 40.404538],
            [-3.617176, 40.404968],
            [-3.617146, 40.405278],
            [-3.617046, 40.405608],
            [-3.617916, 40.405648],
            [-3.618666, 40.405678],
            [-3.619576, 40.405778],
            [-3.620576, 40.405878],
            [-3.623936, 40.406178],
            [-3.623946, 40.406178],
            [-3.623956, 40.406178],
            [-3.625276, 40.403658],
            [-3.625286, 40.403658],
            [-3.625456, 40.403318],
            [-3.625676, 40.402867],
            [-3.625926, 40.402277],
            [-3.626116, 40.401767],
            [-3.626256, 40.401317],
            [-3.626416, 40.400747],
            [-3.626616, 40.399877],
            [-3.626806, 40.399027],
            [-3.626896, 40.398597],
            [-3.627086, 40.397947],
            [-3.627306, 40.397307],
            [-3.627506, 40.396827],
            [-3.627726, 40.396337],
            [-3.627986, 40.395807],
            [-3.629796, 40.392567],
            [-3.627466, 40.392057],
            [-3.625116, 40.391547],
            [-3.623016, 40.391087],
            [-3.621886, 40.390837],
            [-3.621886, 40.390857],
            [-3.619386, 40.390307],
            [-3.618566, 40.390127],
            [-3.615736, 40.389507],
            [-3.612086, 40.388717],
            [-3.611456, 40.388577],
            [-3.610896, 40.388427],
            [-3.610306, 40.388247],
            [-3.609876, 40.388107],
            [-3.609176, 40.387817],
            [-3.608656, 40.387587],
            [-3.608656, 40.387587],
            [-3.608586, 40.387547],
            [-3.608586, 40.387557]
          ]
        ]
      }
    },
    {
      "type": "Feature",
      "properties": {
        "id": "valdefuentes",
        "name": "Valdefuentes",
        "cityId": "madrid"
      },
      "geometry": {
        "type": "Polygon",
        "coordinates": [
          [
            [-3.601906, 40.50146],
            [-3.601946, 40.50147],
            [-3.602006, 40.50148],
            [-3.602036, 40.50148],
            [-3.602056, 40.50148],
            [-3.602076, 40.50147],
            [-3.602096, 40.50146],
            [-3.602116, 40.50145],
            [-3.602136, 40.50143],
            [-3.602146, 40.50142],
            [-3.602166, 40.50139],
            [-3.602176, 40.50136],
            [-3.602186, 40.50133],
            [-3.602206, 40.50128],
            [-3.602206, 40.50127],
            [-3.602216, 40.50126],
            [-3.602226, 40.50125],
            [-3.602236, 40.50125],
            [-3.602246, 40.50125],
            [-3.602256, 40.50125],
            [-3.602266, 40.50125],
            [-3.602276, 40.50125],
            [-3.602286, 40.50125],
            [-3.602306, 40.50125],
            [-3.602346, 40.50125],
            [-3.602416, 40.50126],
            [-3.602836, 40.50132],
            [-3.602806, 40.50143],
            [-3.603356, 40.50174],
            [-3.604666, 40.503001],
            [-3.604656, 40.503011],
            [-3.604806, 40.503101],
            [-3.604966, 40.503231],
            [-3.605266, 40.503461],
            [-3.605426, 40.503601],
            [-3.605566, 40.503751],
            [-3.605666, 40.503861],
            [-3.605786, 40.503991],
            [-3.605876, 40.504091],
            [-3.605946, 40.504191],
            [-3.605986, 40.504301],
            [-3.606036, 40.504471],
            [-3.606066, 40.504621],
            [-3.606096, 40.504791],
            [-3.606136, 40.505021],
            [-3.606206, 40.505281],
            [-3.606256, 40.505461],
            [-3.606296, 40.505521],
            [-3.606356, 40.505591],
            [-3.606446, 40.505681],
            [-3.606536, 40.505771],
            [-3.606646, 40.505861],
            [-3.606806, 40.505981],
            [-3.606976, 40.506081],
            [-3.607156, 40.506151],
            [-3.607556, 40.506301],
            [-3.607826, 40.506421],
            [-3.608026, 40.506521],
            [-3.608246, 40.506641],
            [-3.608536, 40.506811],
            [-3.608816, 40.506991],
            [-3.609136, 40.507211],
            [-3.609386, 40.507371],
            [-3.609606, 40.507541],
            [-3.609936, 40.507801],
            [-3.610126, 40.507981],
            [-3.610276, 40.508141],
            [-3.610446, 40.508291],
            [-3.610656, 40.508481],
            [-3.610836, 40.508651],
            [-3.611016, 40.508781],
            [-3.611086, 40.508831],
            [-3.611206, 40.508901],
            [-3.611306, 40.508931],
            [-3.611396, 40.508931],
            [-3.611456, 40.508931],
            [-3.611536, 40.508941],
            [-3.611706, 40.508961],
            [-3.611826, 40.508971],
            [-3.612096, 40.509021],
            [-3.612266, 40.509051],
            [-3.612406, 40.509081],
            [-3.612526, 40.509121],
            [-3.612666, 40.509181],
            [-3.612856, 40.509261],
            [-3.612976, 40.509311],
            [-3.613126, 40.509391],
            [-3.613296, 40.509491],
            [-3.613446, 40.509571],
            [-3.613606, 40.509681],
            [-3.613756, 40.509781],
            [-3.613936, 40.509911],
            [-3.614026, 40.509981],
            [-3.614116, 40.510061],
            [-3.614166, 40.510111],
            [-3.614196, 40.510161],
            [-3.614226, 40.510211],
            [-3.614256, 40.510281],
            [-3.614276, 40.510361],
            [-3.614276, 40.510441],
            [-3.614236, 40.510621],
            [-3.614236, 40.510661],
            [-3.614246, 40.510681],
            [-3.614286, 40.510711],
            [-3.614376, 40.510751],
            [-3.614466, 40.510771],
            [-3.614546, 40.510781],
            [-3.614776, 40.510841],
            [-3.614946, 40.510891],
            [-3.615106, 40.510931],
            [-3.615226, 40.510941],
            [-3.615386, 40.510951],
            [-3.615506, 40.510941],
            [-3.615606, 40.510931],
            [-3.615786, 40.510901],
            [-3.615946, 40.510871],
            [-3.616076, 40.510831],
            [-3.616296, 40.510771],
            [-3.616366, 40.510751],
            [-3.616486, 40.510711],
            [-3.616676, 40.510651],
            [-3.616846, 40.510591],
            [-3.616956, 40.510561],
            [-3.617046, 40.510541],
            [-3.617146, 40.510521],
            [-3.617246, 40.510491],
            [-3.617346, 40.510461],
            [-3.617456, 40.510411],
            [-3.617576, 40.510351],
            [-3.617706, 40.510291],
            [-3.617876, 40.510211],
            [-3.618016, 40.510131],
            [-3.618126, 40.510091],
            [-3.618226, 40.510071],
            [-3.618356, 40.510061],
            [-3.618456, 40.510061],
            [-3.618576, 40.510071],
            [-3.618706, 40.510081],
            [-3.618796, 40.510091],
            [-3.618946, 40.510121],
            [-3.619146, 40.510151],
            [-3.619346, 40.510181],
            [-3.619486, 40.510201],
            [-3.619616, 40.510211],
            [-3.619746, 40.510211],
            [-3.619916, 40.510211],
            [-3.620126, 40.510201],
            [-3.620306, 40.510181],
            [-3.620506, 40.510161],
            [-3.620666, 40.510141],
            [-3.620776, 40.510131],
            [-3.620876, 40.510121],
            [-3.620986, 40.510101],
            [-3.621136, 40.510061],
            [-3.621196, 40.510041],
            [-3.621276, 40.510021],
            [-3.621336, 40.509991],
            [-3.621376, 40.509971],
            [-3.621426, 40.509941],
            [-3.621556, 40.509851],
            [-3.621596, 40.509831],
            [-3.621656, 40.509781],
            [-3.621736, 40.509701],
            [-3.621856, 40.509601],
            [-3.621966, 40.509501],
            [-3.622086, 40.509371],
            [-3.622176, 40.509301],
            [-3.622296, 40.509221],
            [-3.622386, 40.509181],
            [-3.622496, 40.509131],
            [-3.622576, 40.509101],
            [-3.622736, 40.509051],
            [-3.622846, 40.509011],
            [-3.622956, 40.508981],
            [-3.623056, 40.508971],
            [-3.623176, 40.508961],
            [-3.623296, 40.508961],
            [-3.623416, 40.508971],
            [-3.623546, 40.508991],
            [-3.623666, 40.509021],
            [-3.623816, 40.509081],
            [-3.623946, 40.509131],
            [-3.624006, 40.509161],
            [-3.624176, 40.509221],
            [-3.624286, 40.509261],
            [-3.624426, 40.509291],
            [-3.624526, 40.509301],
            [-3.624626, 40.509311],
            [-3.624766, 40.509321],
            [-3.624876, 40.509351],
            [-3.624946, 40.509371],
            [-3.625056, 40.509411],
            [-3.625106, 40.509401],
            [-3.625226, 40.509391],
            [-3.625376, 40.509361],
            [-3.625536, 40.509341],
            [-3.625666, 40.509331],
            [-3.625836, 40.509321],
            [-3.625956, 40.509281],
            [-3.626236, 40.509201],
            [-3.626366, 40.509161],
            [-3.626526, 40.509101],
            [-3.626686, 40.509031],
            [-3.626986, 40.508901],
            [-3.627156, 40.508831],
            [-3.627356, 40.508751],
            [-3.627486, 40.508721],
            [-3.627566, 40.508681],
            [-3.627786, 40.508551],
            [-3.627906, 40.508491],
            [-3.628026, 40.508451],
            [-3.628146, 40.508411],
            [-3.628266, 40.508381],
            [-3.628366, 40.508371],
            [-3.628446, 40.508371],
            [-3.628606, 40.508361],
            [-3.628736, 40.508351],
            [-3.628846, 40.508351],
            [-3.629016, 40.508341],
            [-3.629126, 40.508341],
            [-3.629246, 40.508351],
            [-3.629416, 40.508371],
            [-3.629666, 40.508401],
            [-3.629806, 40.508421],
            [-3.629936, 40.508431],
            [-3.630366, 40.508431],
            [-3.630776, 40.508431],
            [-3.630936, 40.508431],
            [-3.631106, 40.508431],
            [-3.631306, 40.508391],
            [-3.631596, 40.508361],
            [-3.631956, 40.508211],
            [-3.632096, 40.508171],
            [-3.632176, 40.508141],
            [-3.632306, 40.508081],
            [-3.632406, 40.508011],
            [-3.632527, 40.507931],
            [-3.632747, 40.507821],
            [-3.632937, 40.507731],
            [-3.633077, 40.507681],
            [-3.633147, 40.507671],
            [-3.633207, 40.507671],
            [-3.633267, 40.507681],
            [-3.633277, 40.507661],
            [-3.633647, 40.507831],
            [-3.639557, 40.507891],
            [-3.641107, 40.508011],
            [-3.641087, 40.508061],
            [-3.641197, 40.508091],
            [-3.641287, 40.508121],
            [-3.641357, 40.508141],
            [-3.641467, 40.508151],
            [-3.641617, 40.508161],
            [-3.641757, 40.508171],
            [-3.641917, 40.508191],
            [-3.642027, 40.508201],
            [-3.642107, 40.508211],
            [-3.642187, 40.508211],
            [-3.642257, 40.508201],
            [-3.642337, 40.508191],
            [-3.642407, 40.508181],
            [-3.642497, 40.508161],
            [-3.642707, 40.508111],
            [-3.643067, 40.508011],
            [-3.643267, 40.507951],
            [-3.643377, 40.507941],
            [-3.643467, 40.507951],
            [-3.643637, 40.507981],
            [-3.643887, 40.508021],
            [-3.644157, 40.508071],
            [-3.644357, 40.508131],
            [-3.644387, 40.508071],
            [-3.644857, 40.507901],
            [-3.645017, 40.507981],
            [-3.645547, 40.508241],
            [-3.645627, 40.508281],
            [-3.645717, 40.508341],
            [-3.645787, 40.508381],
            [-3.645867, 40.508441],
            [-3.645957, 40.508521],
            [-3.646047, 40.508601],
            [-3.646267, 40.508801],
            [-3.646397, 40.508921],
            [-3.646647, 40.509161],
            [-3.646847, 40.509351],
            [-3.647167, 40.509661],
            [-3.647507, 40.510051],
            [-3.647747, 40.510261],
            [-3.647787, 40.510291],
            [-3.647837, 40.510331],
            [-3.647907, 40.510381],
            [-3.647957, 40.510411],
            [-3.648027, 40.510441],
            [-3.648117, 40.510481],
            [-3.648227, 40.510521],
            [-3.648477, 40.510621],
            [-3.648647, 40.510691],
            [-3.648787, 40.510741],
            [-3.648897, 40.510771],
            [-3.648987, 40.510791],
            [-3.649047, 40.510801],
            [-3.649117, 40.510811],
            [-3.649227, 40.510821],
            [-3.649587, 40.510851],
            [-3.649877, 40.510881],
            [-3.650397, 40.510931],
            [-3.650867, 40.510981],
            [-3.651597, 40.511051],
            [-3.651697, 40.511061],
            [-3.651797, 40.511081],
            [-3.651997, 40.511111],
            [-3.652117, 40.511121],
            [-3.652207, 40.511121],
            [-3.652277, 40.511121],
            [-3.652347, 40.511121],
            [-3.652457, 40.511111],
            [-3.652387, 40.511431],
            [-3.654537, 40.512781],
            [-3.656177, 40.513091],
            [-3.657617, 40.511711],
            [-3.657617, 40.511711],
            [-3.657617, 40.511721],
            [-3.657617, 40.511721],
            [-3.657607, 40.511781],
            [-3.657747, 40.511531],
            [-3.657857, 40.511291],
            [-3.657947, 40.511081],
            [-3.658007, 40.510931],
            [-3.658067, 40.510741],
            [-3.658137, 40.510511],
            [-3.658167, 40.510371],
            [-3.658207, 40.510161],
            [-3.658237, 40.509981],
            [-3.658257, 40.509821],
            [-3.658277, 40.509661],
            [-3.658287, 40.509521],
            [-3.658287, 40.509441],
            [-3.658287, 40.509381],
            [-3.658287, 40.509191],
            [-3.658287, 40.509051],
            [-3.658277, 40.508831],
            [-3.658277, 40.508651],
            [-3.658267, 40.508451],
            [-3.658257, 40.508251],
            [-3.658247, 40.508061],
            [-3.658227, 40.507831],
            [-3.658217, 40.507641],
            [-3.658207, 40.507471],
            [-3.658187, 40.507061],
            [-3.658157, 40.506651],
            [-3.658147, 40.506251],
            [-3.658137, 40.505891],
            [-3.658147, 40.505561],
            [-3.658177, 40.505281],
            [-3.658217, 40.505021],
            [-3.658307, 40.504671],
            [-3.658367, 40.504461],
            [-3.658437, 40.504281],
            [-3.658537, 40.504081],
            [-3.658617, 40.503911],
            [-3.658707, 40.503731],
            [-3.658797, 40.503571],
            [-3.658907, 40.503401],
            [-3.659087, 40.503141],
            [-3.659177, 40.503011],
            [-3.659547, 40.502531],
            [-3.660017, 40.50195],
            [-3.660377, 40.50151],
            [-3.661037, 40.50073],
            [-3.661487, 40.50022],
            [-3.661737, 40.49994],
            [-3.662227, 40.49941],
            [-3.662847, 40.49882],
            [-3.663427, 40.49832],
            [-3.664077, 40.49778],
            [-3.664827, 40.49716],
            [-3.665977, 40.49623],
            [-3.666467, 40.49584],
            [-3.666957, 40.49545],
            [-3.667087, 40.49535],
            [-3.667557, 40.49498],
            [-3.667867, 40.49473],
            [-3.668517, 40.49422],
            [-3.669227, 40.49367],
            [-3.669998, 40.49305],
            [-3.670168, 40.49292],
            [-3.670448, 40.49268],
            [-3.670628, 40.49253],
            [-3.670968, 40.49222],
            [-3.671168, 40.49202],
            [-3.671428, 40.49174],
            [-3.671618, 40.4915],
            [-3.671788, 40.49127],
            [-3.671938, 40.49104],
            [-3.672088, 40.4908],
            [-3.672198, 40.49059],
            [-3.672328, 40.49033],
            [-3.672448, 40.49008],
            [-3.672588, 40.48974],
            [-3.672698, 40.48943],
            [-3.672788, 40.48915],
            [-3.672828, 40.48901],
            [-3.672888, 40.48878],
            [-3.672978, 40.48839],
            [-3.673058, 40.48796],
            [-3.673138, 40.48744],
            [-3.673168, 40.48722],
            [-3.673218, 40.48675],
            [-3.673328, 40.48562],
            [-3.673358, 40.48526],
            [-3.673418, 40.48456],
            [-3.673458, 40.48406],
            [-3.673458, 40.48405],
            [-3.671338, 40.48413],
            [-3.671078, 40.48414],
            [-3.670258, 40.48418],
            [-3.669037, 40.48418],
            [-3.667207, 40.4841],
            [-3.666267, 40.48399],
            [-3.666117, 40.48397],
            [-3.664727, 40.48376],
            [-3.664697, 40.48376],
            [-3.664007, 40.48366],
            [-3.663727, 40.48362],
            [-3.659347, 40.48291],
            [-3.659347, 40.48292],
            [-3.657847, 40.48269],
            [-3.655877, 40.48233],
            [-3.655217, 40.48221],
            [-3.650447, 40.48134],
            [-3.650017, 40.48126],
            [-3.648547, 40.48098],
            [-3.646787, 40.48065],
            [-3.644967, 40.48031],
            [-3.643987, 40.48012],
            [-3.642697, 40.47988],
            [-3.641997, 40.47975],
            [-3.641407, 40.47931],
            [-3.639917, 40.47824],
            [-3.637947, 40.47682],
            [-3.637347, 40.47639],
            [-3.634017, 40.47402],
            [-3.632136, 40.47248],
            [-3.630526, 40.4711],
            [-3.629346, 40.46999],
            [-3.628676, 40.46929],
            [-3.627966, 40.468479],
            [-3.624416, 40.468699],
            [-3.624496, 40.469019],
            [-3.624546, 40.46915],
            [-3.624586, 40.46927],
            [-3.624626, 40.46942],
            [-3.624646, 40.46954],
            [-3.624666, 40.46969],
            [-3.624676, 40.46981],
            [-3.624676, 40.46992],
            [-3.624676, 40.47004],
            [-3.624666, 40.47015],
            [-3.624656, 40.47023],
            [-3.624636, 40.47034],
            [-3.624606, 40.47048],
            [-3.624566, 40.4706],
            [-3.624526, 40.47072],
            [-3.624476, 40.47085],
            [-3.624406, 40.471],
            [-3.624346, 40.47113],
            [-3.624256, 40.47127],
            [-3.624186, 40.47138],
            [-3.624106, 40.47148],
            [-3.624046, 40.47156],
            [-3.623826, 40.47182],
            [-3.623966, 40.4722],
            [-3.624096, 40.47253],
            [-3.624126, 40.47253],
            [-3.624276, 40.4729],
            [-3.624366, 40.47294],
            [-3.624446, 40.47296],
            [-3.624516, 40.47301],
            [-3.624566, 40.47308],
            [-3.624586, 40.47316],
            [-3.624576, 40.47324],
            [-3.624606, 40.47329],
            [-3.624696, 40.47336],
            [-3.624736, 40.47341],
            [-3.624826, 40.47362],
            [-3.624886, 40.47379],
            [-3.625106, 40.47453],
            [-3.625146, 40.47456],
            [-3.625216, 40.47458],
            [-3.625256, 40.4746],
            [-3.625306, 40.47465],
            [-3.625336, 40.4747],
            [-3.625336, 40.47474],
            [-3.625366, 40.47484],
            [-3.625486, 40.47492],
            [-3.625626, 40.47501],
            [-3.625716, 40.47509],
            [-3.625776, 40.47518],
            [-3.625796, 40.47526],
            [-3.625796, 40.47535],
            [-3.625796, 40.47546],
            [-3.625796, 40.47555],
            [-3.625896, 40.4761],
            [-3.625776, 40.47618],
            [-3.625706, 40.47625],
            [-3.625676, 40.47634],
            [-3.625706, 40.47643],
            [-3.625776, 40.4765],
            [-3.625876, 40.47658],
            [-3.625756, 40.47697],
            [-3.625746, 40.47707],
            [-3.625746, 40.47723],
            [-3.625656, 40.48158],
            [-3.625836, 40.48224],
            [-3.618206, 40.48228],
            [-3.617646, 40.48285],
            [-3.616896, 40.48364],
            [-3.616756, 40.48377],
            [-3.616616, 40.48388],
            [-3.616476, 40.484],
            [-3.615546, 40.48496],
            [-3.615546, 40.48496],
            [-3.614896, 40.48496],
            [-3.611546, 40.48498],
            [-3.604466, 40.48502],
            [-3.601716, 40.48503],
            [-3.601716, 40.48502],
            [-3.601726, 40.48546],
            [-3.601736, 40.48618],
            [-3.601736, 40.48667],
            [-3.601766, 40.48738],
            [-3.601806, 40.48793],
            [-3.601846, 40.48895],
            [-3.601856, 40.48932],
            [-3.601856, 40.48957],
            [-3.601856, 40.48974],
            [-3.601856, 40.48983],
            [-3.601856, 40.48993],
            [-3.601856, 40.49016],
            [-3.601856, 40.49039],
            [-3.601846, 40.4906],
            [-3.601836, 40.4909],
            [-3.601826, 40.49129],
            [-3.601826, 40.49134],
            [-3.601816, 40.49176],
            [-3.601776, 40.49289],
            [-3.601766, 40.49338],
            [-3.601766, 40.49354],
            [-3.601766, 40.49369],
            [-3.601766, 40.49401],
            [-3.601756, 40.49462],
            [-3.601766, 40.49497],
            [-3.601776, 40.49523],
            [-3.601786, 40.49594],
            [-3.601806, 40.4964],
            [-3.601826, 40.49689],
            [-3.601856, 40.49739],
            [-3.601876, 40.49783],
            [-3.601886, 40.49822],
            [-3.601896, 40.49872],
            [-3.601906, 40.49938],
            [-3.601906, 40.50041],
            [-3.601886, 40.50148],
            [-3.601906, 40.50146]
          ]
        ]
      }
    },
    {
      "type": "Feature",
      "properties": {
        "id": "valdemarin",
        "name": "Valdemarín",
        "cityId": "madrid"
      },
      "geometry": {
        "type": "Polygon",
        "coordinates": [
          [
            [-3.76274, 40.461239],
            [-3.76268, 40.461439],
            [-3.76202, 40.463479],
            [-3.76257, 40.465109],
            [-3.76313, 40.466769],
            [-3.76394, 40.469039],
            [-3.7646, 40.47079],
            [-3.76477, 40.4712],
            [-3.76587, 40.47393],
            [-3.76588, 40.47395],
            [-3.76593, 40.47396],
            [-3.76645, 40.47408],
            [-3.76647, 40.4741],
            [-3.76648, 40.4741],
            [-3.76649, 40.4741],
            [-3.76688, 40.47413],
            [-3.76764, 40.4742],
            [-3.76811, 40.47424],
            [-3.76812, 40.47424],
            [-3.76834, 40.47426],
            [-3.76857, 40.47428],
            [-3.76875, 40.47429],
            [-3.76893, 40.47431],
            [-3.76906, 40.47432],
            [-3.76935, 40.47433],
            [-3.76945, 40.47434],
            [-3.76959, 40.47436],
            [-3.77034, 40.47442],
            [-3.77087, 40.47447],
            [-3.77108, 40.47449],
            [-3.77149, 40.4745],
            [-3.77157, 40.4745],
            [-3.77173, 40.4745],
            [-3.77204, 40.4745],
            [-3.77226, 40.4745],
            [-3.77236, 40.4745],
            [-3.77248, 40.4745],
            [-3.77275, 40.4745],
            [-3.77569, 40.47454],
            [-3.77674, 40.47456],
            [-3.77679, 40.47456],
            [-3.77687, 40.47456],
            [-3.777, 40.47456],
            [-3.77734, 40.47456],
            [-3.77775, 40.47457],
            [-3.77788, 40.47457],
            [-3.77813, 40.47457],
            [-3.77822, 40.47457],
            [-3.7784, 40.47457],
            [-3.77874, 40.47457],
            [-3.77884, 40.47457],
            [-3.77895, 40.47457],
            [-3.77911, 40.47457],
            [-3.7799, 40.47458],
            [-3.78026, 40.47459],
            [-3.780961, 40.4746],
            [-3.781941, 40.47428],
            [-3.782671, 40.47399],
            [-3.782861, 40.47392],
            [-3.783221, 40.47378],
            [-3.784001, 40.47359],
            [-3.785471, 40.47322],
            [-3.785861, 40.47312],
            [-3.786031, 40.47308],
            [-3.786741, 40.47288],
            [-3.787231, 40.47275],
            [-3.787441, 40.47269],
            [-3.787451, 40.47269],
            [-3.787531, 40.47267],
            [-3.787651, 40.47264],
            [-3.788101, 40.47251],
            [-3.788241, 40.47247],
            [-3.788491, 40.47239],
            [-3.788811, 40.47229],
            [-3.789291, 40.47213],
            [-3.789901, 40.47193],
            [-3.790941, 40.47153],
            [-3.790991, 40.4715],
            [-3.791001, 40.4715],
            [-3.791071, 40.47146],
            [-3.791491, 40.47121],
            [-3.791711, 40.47109],
            [-3.791891, 40.47099],
            [-3.792121, 40.47089],
            [-3.792161, 40.47087],
            [-3.792181, 40.47086],
            [-3.792261, 40.47082],
            [-3.792301, 40.47081],
            [-3.792341, 40.47079],
            [-3.792401, 40.47077],
            [-3.792441, 40.47076],
            [-3.792501, 40.47074],
            [-3.793321, 40.47047],
            [-3.793381, 40.47045],
            [-3.793401, 40.47045],
            [-3.794361, 40.47014],
            [-3.794461, 40.47011],
            [-3.794591, 40.47007],
            [-3.795001, 40.46997],
            [-3.795151, 40.46994],
            [-3.795281, 40.46991],
            [-3.795441, 40.46987],
            [-3.795521, 40.46985],
            [-3.795541, 40.46985],
            [-3.795641, 40.46983],
            [-3.795651, 40.46983],
            [-3.796121, 40.46974],
            [-3.796281, 40.46971],
            [-3.796831, 40.46961],
            [-3.797661, 40.46946],
            [-3.798351, 40.46942],
            [-3.798901, 40.46939],
            [-3.799171, 40.46937],
            [-3.799241, 40.46937],
            [-3.799371, 40.46936],
            [-3.799391, 40.46936],
            [-3.799411, 40.46936],
            [-3.800011, 40.46925],
            [-3.800141, 40.46921],
            [-3.800181, 40.4692],
            [-3.800211, 40.469139],
            [-3.800371, 40.469099],
            [-3.801101, 40.468899],
            [-3.801451, 40.468789],
            [-3.801511, 40.468769],
            [-3.801721, 40.468699],
            [-3.801821, 40.468649],
            [-3.801941, 40.468589],
            [-3.802081, 40.468519],
            [-3.801231, 40.467699],
            [-3.800981, 40.467459],
            [-3.800411, 40.466899],
            [-3.800251, 40.466739],
            [-3.800111, 40.466599],
            [-3.800081, 40.466549],
            [-3.800031, 40.466479],
            [-3.800031, 40.466419],
            [-3.800031, 40.466359],
            [-3.800091, 40.466059],
            [-3.800211, 40.465489],
            [-3.799071, 40.465359],
            [-3.798221, 40.465259],
            [-3.797861, 40.465219],
            [-3.791671, 40.464509],
            [-3.787991, 40.464099],
            [-3.77901, 40.463089],
            [-3.7718, 40.462279],
            [-3.76275, 40.461229],
            [-3.76274, 40.461239]
          ]
        ]
      }
    },
    {
      "type": "Feature",
      "properties": {
        "id": "valderrivas",
        "name": "Valderrivas",
        "cityId": "madrid"
      },
      "geometry": {
        "type": "Polygon",
        "coordinates": [
          [
            [-3.605576, 40.392527],
            [-3.605546, 40.392567],
            [-3.605426, 40.392717],
            [-3.605116, 40.393317],
            [-3.604566, 40.394297],
            [-3.604336, 40.394637],
            [-3.604156, 40.394907],
            [-3.603956, 40.395207],
            [-3.603596, 40.395677],
            [-3.603546, 40.395737],
            [-3.603296, 40.396027],
            [-3.603076, 40.396247],
            [-3.602736, 40.396577],
            [-3.602316, 40.396917],
            [-3.601926, 40.397217],
            [-3.601346, 40.397617],
            [-3.600456, 40.398177],
            [-3.599906, 40.398497],
            [-3.599406, 40.398787],
            [-3.598916, 40.399107],
            [-3.598496, 40.399367],
            [-3.598086, 40.399627],
            [-3.597606, 40.399907],
            [-3.597026, 40.400217],
            [-3.596466, 40.400567],
            [-3.595956, 40.400887],
            [-3.595085, 40.401417],
            [-3.594855, 40.401557],
            [-3.594565, 40.401737],
            [-3.594075, 40.402037],
            [-3.593855, 40.402187],
            [-3.593605, 40.402337],
            [-3.594225, 40.402908],
            [-3.594455, 40.403118],
            [-3.594615, 40.403268],
            [-3.594935, 40.403518],
            [-3.595145, 40.403618],
            [-3.595395, 40.403738],
            [-3.596186, 40.404068],
            [-3.597646, 40.404648],
            [-3.598026, 40.404118],
            [-3.598366, 40.403658],
            [-3.598466, 40.403548],
            [-3.598606, 40.403398],
            [-3.598946, 40.403088],
            [-3.599386, 40.402747],
            [-3.599786, 40.402447],
            [-3.600306, 40.402787],
            [-3.600706, 40.402787],
            [-3.601356, 40.402727],
            [-3.601476, 40.402737],
            [-3.601706, 40.402747],
            [-3.602076, 40.402817],
            [-3.602366, 40.402847],
            [-3.602426, 40.402827],
            [-3.602476, 40.402797],
            [-3.602516, 40.402737],
            [-3.602526, 40.402697],
            [-3.602446, 40.402587],
            [-3.602276, 40.402487],
            [-3.601816, 40.402247],
            [-3.601506, 40.402087],
            [-3.601166, 40.401907],
            [-3.600696, 40.401667],
            [-3.600796, 40.401537],
            [-3.601726, 40.400227],
            [-3.601846, 40.400157],
            [-3.602116, 40.400207],
            [-3.602756, 40.400287],
            [-3.603006, 40.400327],
            [-3.603096, 40.400327],
            [-3.603206, 40.400327],
            [-3.603416, 40.400327],
            [-3.603676, 40.400327],
            [-3.603886, 40.400327],
            [-3.604186, 40.400317],
            [-3.604396, 40.400327],
            [-3.604646, 40.400327],
            [-3.604996, 40.400337],
            [-3.605076, 40.400347],
            [-3.605926, 40.400547],
            [-3.606326, 40.400657],
            [-3.606516, 40.400197],
            [-3.606656, 40.399817],
            [-3.606676, 40.399777],
            [-3.606666, 40.399777],
            [-3.606806, 40.399577],
            [-3.607906, 40.398597],
            [-3.608816, 40.397777],
            [-3.608926, 40.397677],
            [-3.609876, 40.396817],
            [-3.608786, 40.396087],
            [-3.609656, 40.395247],
            [-3.608376, 40.394407],
            [-3.608626, 40.394187],
            [-3.608716, 40.394077],
            [-3.608736, 40.394037],
            [-3.608486, 40.393927],
            [-3.607366, 40.393337],
            [-3.606786, 40.393007],
            [-3.606316, 40.392767],
            [-3.605556, 40.392517],
            [-3.605576, 40.392527]
          ]
        ]
      }
    },
    {
      "type": "Feature",
      "properties": {
        "id": "valdezarza",
        "name": "Valdezarza",
        "cityId": "madrid"
      },
      "geometry": {
        "type": "Polygon",
        "coordinates": [
          [
            [-3.711499, 40.457499],
            [-3.710509, 40.459019],
            [-3.709809, 40.460089],
            [-3.709029, 40.461289],
            [-3.708599, 40.462059],
            [-3.708599, 40.462069],
            [-3.708539, 40.462179],
            [-3.708519, 40.462229],
            [-3.708479, 40.462309],
            [-3.708469, 40.462419],
            [-3.708489, 40.462519],
            [-3.708509, 40.462569],
            [-3.708519, 40.462599],
            [-3.709099, 40.463489],
            [-3.709259, 40.464039],
            [-3.709339, 40.464159],
            [-3.709419, 40.464279],
            [-3.709799, 40.464829],
            [-3.710919, 40.466009],
            [-3.711009, 40.466069],
            [-3.711169, 40.466139],
            [-3.711389, 40.466259],
            [-3.712769, 40.468009],
            [-3.713279, 40.468509],
            [-3.713369, 40.468599],
            [-3.713519, 40.468759],
            [-3.713649, 40.468889],
            [-3.713799, 40.469039],
            [-3.714039, 40.46932],
            [-3.714209, 40.46948],
            [-3.714539, 40.46963],
            [-3.715699, 40.46992],
            [-3.717639, 40.47041],
            [-3.719699, 40.47093],
            [-3.720069, 40.47102],
            [-3.720429, 40.47111],
            [-3.727999, 40.47296],
            [-3.728529, 40.47288],
            [-3.728469, 40.47236],
            [-3.727479, 40.47125],
            [-3.727419, 40.47118],
            [-3.727169, 40.47086],
            [-3.727119, 40.47084],
            [-3.727039, 40.47078],
            [-3.726699, 40.47038],
            [-3.726099, 40.46969],
            [-3.725929, 40.46944],
            [-3.725889, 40.46938],
            [-3.725709, 40.46918],
            [-3.725089, 40.468479],
            [-3.724859, 40.468249],
            [-3.724829, 40.468219],
            [-3.724709, 40.468099],
            [-3.724429, 40.467829],
            [-3.724399, 40.467779],
            [-3.724379, 40.467709],
            [-3.724349, 40.467579],
            [-3.724349, 40.467569],
            [-3.724339, 40.467519],
            [-3.724199, 40.466979],
            [-3.723959, 40.466059],
            [-3.723889, 40.465819],
            [-3.723819, 40.465409],
            [-3.723729, 40.464449],
            [-3.722509, 40.464069],
            [-3.722209, 40.463989],
            [-3.721859, 40.463929],
            [-3.721589, 40.463899],
            [-3.721399, 40.463839],
            [-3.721269, 40.463769],
            [-3.721179, 40.463719],
            [-3.721099, 40.463649],
            [-3.721049, 40.463539],
            [-3.720999, 40.463419],
            [-3.720969, 40.463369],
            [-3.720909, 40.463309],
            [-3.720729, 40.463169],
            [-3.720529, 40.463049],
            [-3.720339, 40.462949],
            [-3.719889, 40.462719],
            [-3.719829, 40.462639],
            [-3.719679, 40.462449],
            [-3.719629, 40.462389],
            [-3.719499, 40.462269],
            [-3.719459, 40.462209],
            [-3.719309, 40.461949],
            [-3.718949, 40.461329],
            [-3.718959, 40.461239],
            [-3.718959, 40.461209],
            [-3.719049, 40.461029],
            [-3.719269, 40.460819],
            [-3.719509, 40.460629],
            [-3.719619, 40.460439],
            [-3.719639, 40.460329],
            [-3.719639, 40.460119],
            [-3.719629, 40.460089],
            [-3.719609, 40.459969],
            [-3.719549, 40.459869],
            [-3.719539, 40.459849],
            [-3.719529, 40.459849],
            [-3.719429, 40.459759],
            [-3.719229, 40.459699],
            [-3.716759, 40.458939],
            [-3.715879, 40.458669],
            [-3.713099, 40.457789],
            [-3.711499, 40.457489],
            [-3.711499, 40.457499]
          ]
        ]
      }
    },
    {
      "type": "Feature",
      "properties": {
        "id": "vallehermoso",
        "name": "Vallehermoso",
        "cityId": "madrid"
      },
      "geometry": {
        "type": "Polygon",
        "coordinates": [
          [
            [-3.703948, 40.446849],
            [-3.706078, 40.446969],
            [-3.706779, 40.447009],
            [-3.708309, 40.447089],
            [-3.709209, 40.447129],
            [-3.710449, 40.446859],
            [-3.712289, 40.446389],
            [-3.714749, 40.445769],
            [-3.715519, 40.446019],
            [-3.715709, 40.446099],
            [-3.717119, 40.446639],
            [-3.717269, 40.446689],
            [-3.717439, 40.446719],
            [-3.717669, 40.446729],
            [-3.717999, 40.446699],
            [-3.718189, 40.446669],
            [-3.718989, 40.445939],
            [-3.719589, 40.445399],
            [-3.719789, 40.445219],
            [-3.719859, 40.445149],
            [-3.719889, 40.445099],
            [-3.719919, 40.445039],
            [-3.719919, 40.444999],
            [-3.719929, 40.444949],
            [-3.719789, 40.443759],
            [-3.719589, 40.443469],
            [-3.719169, 40.442849],
            [-3.718159, 40.440969],
            [-3.717879, 40.440429],
            [-3.717649, 40.439979],
            [-3.717639, 40.439939],
            [-3.717619, 40.439859],
            [-3.717599, 40.439639],
            [-3.717599, 40.439499],
            [-3.717609, 40.439429],
            [-3.717639, 40.439229],
            [-3.717629, 40.439229],
            [-3.716379, 40.439169],
            [-3.715209, 40.439109],
            [-3.714109, 40.439059],
            [-3.712849, 40.438999],
            [-3.711129, 40.438909],
            [-3.711129, 40.438919],
            [-3.709949, 40.438869],
            [-3.708289, 40.438809],
            [-3.707049, 40.438769],
            [-3.706498, 40.438749],
            [-3.704238, 40.438679],
            [-3.704238, 40.438669],
            [-3.704098, 40.442119],
            [-3.704058, 40.443269],
            [-3.703988, 40.445439],
            [-3.703948, 40.446859],
            [-3.703948, 40.446849]
          ]
        ]
      }
    },
    {
      "type": "Feature",
      "properties": {
        "id": "valverde",
        "name": "Valverde",
        "cityId": "madrid"
      },
      "geometry": {
        "type": "Polygon",
        "coordinates": [
          [
            [-3.657617, 40.511721],
            [-3.657617, 40.511721],
            [-3.657887, 40.511461],
            [-3.658597, 40.511671],
            [-3.659157, 40.513591],
            [-3.661467, 40.517261],
            [-3.662867, 40.520031],
            [-3.663347, 40.519841],
            [-3.664087, 40.519571],
            [-3.665607, 40.519021],
            [-3.666017, 40.518851],
            [-3.666327, 40.518691],
            [-3.666587, 40.518541],
            [-3.667057, 40.518241],
            [-3.667597, 40.517851],
            [-3.667987, 40.517571],
            [-3.668317, 40.517341],
            [-3.668577, 40.517181],
            [-3.668957, 40.516961],
            [-3.669347, 40.516761],
            [-3.669748, 40.516591],
            [-3.670208, 40.516421],
            [-3.671398, 40.515951],
            [-3.673538, 40.514991],
            [-3.674648, 40.514501],
            [-3.674988, 40.514351],
            [-3.675198, 40.514271],
            [-3.675388, 40.514201],
            [-3.675658, 40.514121],
            [-3.677648, 40.513651],
            [-3.677918, 40.513581],
            [-3.679018, 40.513271],
            [-3.682298, 40.512501],
            [-3.682718, 40.512401],
            [-3.683208, 40.512261],
            [-3.683468, 40.512171],
            [-3.683708, 40.512061],
            [-3.683928, 40.511941],
            [-3.684078, 40.511831],
            [-3.684268, 40.511681],
            [-3.684768, 40.511271],
            [-3.685518, 40.510641],
            [-3.685638, 40.510571],
            [-3.685748, 40.510521],
            [-3.685848, 40.510491],
            [-3.685938, 40.510481],
            [-3.686028, 40.510471],
            [-3.686138, 40.510471],
            [-3.686238, 40.510481],
            [-3.686348, 40.510501],
            [-3.687008, 40.510661],
            [-3.688088, 40.510141],
            [-3.688478, 40.509951],
            [-3.688588, 40.509881],
            [-3.688938, 40.509671],
            [-3.688958, 40.509661],
            [-3.689498, 40.509291],
            [-3.689648, 40.509161],
            [-3.689688, 40.509131],
            [-3.689858, 40.508971],
            [-3.689938, 40.508891],
            [-3.690458, 40.508291],
            [-3.690788, 40.507921],
            [-3.691108, 40.507551],
            [-3.692268, 40.506161],
            [-3.692428, 40.505971],
            [-3.692608, 40.505761],
            [-3.693848, 40.504271],
            [-3.696178, 40.5015],
            [-3.696188, 40.50151],
            [-3.696528, 40.50109],
            [-3.696918, 40.50064],
            [-3.697148, 40.5004],
            [-3.697348, 40.50021],
            [-3.697658, 40.49996],
            [-3.698078, 40.49966],
            [-3.698438, 40.49943],
            [-3.698808, 40.49919],
            [-3.699238, 40.4989],
            [-3.699458, 40.49872],
            [-3.699688, 40.4985],
            [-3.699928, 40.49823],
            [-3.700158, 40.49792],
            [-3.700358, 40.49763],
            [-3.700538, 40.49736],
            [-3.700688, 40.4971],
            [-3.700778, 40.49688],
            [-3.700858, 40.49663],
            [-3.700898, 40.49642],
            [-3.700928, 40.49619],
            [-3.700928, 40.49597],
            [-3.700908, 40.4957],
            [-3.700868, 40.49547],
            [-3.700818, 40.49529],
            [-3.700778, 40.49516],
            [-3.700698, 40.49498],
            [-3.700588, 40.49478],
            [-3.700428, 40.49452],
            [-3.700288, 40.49434],
            [-3.700058, 40.49409],
            [-3.699838, 40.49385],
            [-3.699448, 40.49342],
            [-3.699218, 40.49315],
            [-3.699018, 40.49288],
            [-3.698878, 40.49264],
            [-3.698778, 40.49244],
            [-3.698668, 40.49218],
            [-3.698608, 40.49198],
            [-3.698558, 40.49176],
            [-3.698468, 40.49119],
            [-3.698398, 40.49081],
            [-3.698258, 40.49006],
            [-3.698248, 40.49009],
            [-3.698098, 40.48948],
            [-3.697978, 40.48911],
            [-3.697868, 40.48882],
            [-3.697768, 40.4886],
            [-3.697628, 40.48832],
            [-3.697498, 40.48811],
            [-3.697358, 40.48789],
            [-3.697138, 40.48763],
            [-3.697018, 40.4875],
            [-3.696628, 40.48712],
            [-3.696278, 40.48683],
            [-3.695798, 40.4865],
            [-3.695308, 40.48623],
            [-3.695108, 40.48613],
            [-3.694848, 40.48601],
            [-3.694458, 40.48586],
            [-3.694158, 40.48574],
            [-3.693748, 40.48558],
            [-3.693548, 40.4855],
            [-3.693288, 40.4854],
            [-3.693168, 40.48535],
            [-3.692818, 40.48521],
            [-3.692558, 40.48511],
            [-3.691798, 40.48481],
            [-3.691338, 40.48462],
            [-3.690838, 40.48442],
            [-3.690518, 40.48429],
            [-3.690018, 40.48409],
            [-3.689978, 40.48407],
            [-3.689878, 40.48403],
            [-3.689428, 40.48385],
            [-3.689198, 40.48376],
            [-3.688388, 40.48344],
            [-3.687398, 40.48317],
            [-3.686448, 40.48295],
            [-3.686058, 40.48285],
            [-3.685798, 40.48275],
            [-3.685588, 40.48263],
            [-3.685368, 40.48246],
            [-3.685228, 40.48229],
            [-3.685218, 40.48228],
            [-3.685088, 40.48227],
            [-3.684858, 40.48226],
            [-3.684818, 40.48226],
            [-3.684708, 40.48227],
            [-3.684518, 40.48228],
            [-3.684248, 40.48232],
            [-3.683938, 40.48239],
            [-3.683618, 40.48248],
            [-3.683328, 40.48257],
            [-3.682158, 40.48297],
            [-3.681908, 40.48304],
            [-3.681428, 40.48318],
            [-3.681158, 40.48326],
            [-3.680948, 40.48332],
            [-3.680808, 40.48336],
            [-3.680488, 40.48345],
            [-3.680238, 40.48351],
            [-3.680078, 40.48355],
            [-3.679368, 40.48371],
            [-3.679008, 40.48378],
            [-3.678698, 40.48383],
            [-3.678538, 40.48385],
            [-3.678368, 40.48387],
            [-3.678308, 40.48388],
            [-3.678188, 40.48389],
            [-3.678038, 40.4839],
            [-3.678008, 40.4839],
            [-3.677788, 40.48392],
            [-3.677408, 40.48394],
            [-3.677358, 40.48394],
            [-3.677298, 40.48394],
            [-3.676648, 40.48397],
            [-3.676368, 40.48398],
            [-3.675918, 40.484],
            [-3.674948, 40.48402],
            [-3.674468, 40.48403],
            [-3.673458, 40.48406],
            [-3.673418, 40.48456],
            [-3.673358, 40.48526],
            [-3.673328, 40.48562],
            [-3.673218, 40.48675],
            [-3.673168, 40.48722],
            [-3.673138, 40.48744],
            [-3.673058, 40.48796],
            [-3.672978, 40.48839],
            [-3.672888, 40.48878],
            [-3.672828, 40.48901],
            [-3.672788, 40.48915],
            [-3.672698, 40.48943],
            [-3.672588, 40.48974],
            [-3.672448, 40.49008],
            [-3.672328, 40.49033],
            [-3.672198, 40.49059],
            [-3.672088, 40.4908],
            [-3.671938, 40.49104],
            [-3.671788, 40.49127],
            [-3.671618, 40.4915],
            [-3.671428, 40.49174],
            [-3.671168, 40.49202],
            [-3.670968, 40.49222],
            [-3.670628, 40.49253],
            [-3.670448, 40.49268],
            [-3.670168, 40.49292],
            [-3.669998, 40.49305],
            [-3.669227, 40.49367],
            [-3.668517, 40.49422],
            [-3.667867, 40.49473],
            [-3.667557, 40.49498],
            [-3.667087, 40.49535],
            [-3.666957, 40.49545],
            [-3.666467, 40.49584],
            [-3.665977, 40.49623],
            [-3.664827, 40.49716],
            [-3.664077, 40.49778],
            [-3.663427, 40.49832],
            [-3.662847, 40.49882],
            [-3.662227, 40.49941],
            [-3.661737, 40.49994],
            [-3.661487, 40.50022],
            [-3.661037, 40.50073],
            [-3.660377, 40.50151],
            [-3.660017, 40.50195],
            [-3.659547, 40.502531],
            [-3.659177, 40.503011],
            [-3.659087, 40.503141],
            [-3.658907, 40.503401],
            [-3.658797, 40.503571],
            [-3.658707, 40.503731],
            [-3.658617, 40.503911],
            [-3.658537, 40.504081],
            [-3.658437, 40.504281],
            [-3.658367, 40.504461],
            [-3.658307, 40.504671],
            [-3.658217, 40.505021],
            [-3.658177, 40.505281],
            [-3.658147, 40.505561],
            [-3.658137, 40.505891],
            [-3.658147, 40.506251],
            [-3.658157, 40.506651],
            [-3.658187, 40.507061],
            [-3.658207, 40.507471],
            [-3.658217, 40.507641],
            [-3.658227, 40.507831],
            [-3.658247, 40.508061],
            [-3.658257, 40.508251],
            [-3.658267, 40.508451],
            [-3.658277, 40.508651],
            [-3.658277, 40.508831],
            [-3.658287, 40.509051],
            [-3.658287, 40.509191],
            [-3.658287, 40.509381],
            [-3.658287, 40.509441],
            [-3.658287, 40.509521],
            [-3.658277, 40.509661],
            [-3.658257, 40.509821],
            [-3.658237, 40.509981],
            [-3.658207, 40.510161],
            [-3.658167, 40.510371],
            [-3.658137, 40.510511],
            [-3.658067, 40.510741],
            [-3.658007, 40.510931],
            [-3.657947, 40.511081],
            [-3.657857, 40.511291],
            [-3.657747, 40.511531],
            [-3.657607, 40.511781],
            [-3.657617, 40.511721],
            [-3.657617, 40.511721],
            [-3.657617, 40.511721]
          ]
        ]
      }
    },
    {
      "type": "Feature",
      "properties": {
        "id": "ventas",
        "name": "Ventas",
        "cityId": "madrid"
      },
      "geometry": {
        "type": "Polygon",
        "coordinates": [
          [
            [-3.627586, 40.414378],
            [-3.626776, 40.415858],
            [-3.627746, 40.416548],
            [-3.628106, 40.416768],
            [-3.629906, 40.418018],
            [-3.630796, 40.418518],
            [-3.634677, 40.420618],
            [-3.635687, 40.421168],
            [-3.638917, 40.422898],
            [-3.639557, 40.423248],
            [-3.645667, 40.426568],
            [-3.645557, 40.427278],
            [-3.645537, 40.427408],
            [-3.645757, 40.428518],
            [-3.646097, 40.430208],
            [-3.646137, 40.430408],
            [-3.648217, 40.433118],
            [-3.648237, 40.433118],
            [-3.648657, 40.433048],
            [-3.648817, 40.433028],
            [-3.650317, 40.432818],
            [-3.652237, 40.432538],
            [-3.652417, 40.432508],
            [-3.653287, 40.432388],
            [-3.654167, 40.432268],
            [-3.655027, 40.432158],
            [-3.655387, 40.432108],
            [-3.655377, 40.432118],
            [-3.656937, 40.431918],
            [-3.657097, 40.431898],
            [-3.659757, 40.431548],
            [-3.660827, 40.431428],
            [-3.660817, 40.431428],
            [-3.660597, 40.429468],
            [-3.660117, 40.426948],
            [-3.659657, 40.424518],
            [-3.659547, 40.423838],
            [-3.659157, 40.421468],
            [-3.658697, 40.418678],
            [-3.658697, 40.418668],
            [-3.656297, 40.418048],
            [-3.654017, 40.417448],
            [-3.650137, 40.416088],
            [-3.650127, 40.416098],
            [-3.647717, 40.415368],
            [-3.646467, 40.415058],
            [-3.646077, 40.414988],
            [-3.645407, 40.414858],
            [-3.644097, 40.414648],
            [-3.642877, 40.414508],
            [-3.640937, 40.414418],
            [-3.639077, 40.414458],
            [-3.637527, 40.414588],
            [-3.634897, 40.414958],
            [-3.634497, 40.415018],
            [-3.633797, 40.415118],
            [-3.633427, 40.415138],
            [-3.632476, 40.415188],
            [-3.631886, 40.415178],
            [-3.631886, 40.415178],
            [-3.631436, 40.415168],
            [-3.630656, 40.415098],
            [-3.629926, 40.414998],
            [-3.629026, 40.414808],
            [-3.628606, 40.414688],
            [-3.628046, 40.414528],
            [-3.627586, 40.414378]
          ]
        ]
      }
    },
    {
      "type": "Feature",
      "properties": {
        "id": "villaverde-alto-casco-historico-de-villaverde",
        "name": "Villaverde Alto - Casco Histórico de Villaverde",
        "cityId": "madrid"
      },
      "geometry": {
        "type": "Polygon",
        "coordinates": [
          [
            [-3.692298, 40.320495],
            [-3.692298, 40.320585],
            [-3.692288, 40.320585],
            [-3.692328, 40.321865],
            [-3.692278, 40.323165],
            [-3.692298, 40.324105],
            [-3.692338, 40.325815],
            [-3.692438, 40.329125],
            [-3.692488, 40.330865],
            [-3.692508, 40.331585],
            [-3.692538, 40.332725],
            [-3.692548, 40.332735],
            [-3.692588, 40.334075],
            [-3.692648, 40.336145],
            [-3.692648, 40.336285],
            [-3.692648, 40.336325],
            [-3.692738, 40.339586],
            [-3.692808, 40.341876],
            [-3.692908, 40.344186],
            [-3.692928, 40.345116],
            [-3.692948, 40.345836],
            [-3.692968, 40.345846],
            [-3.693388, 40.345786],
            [-3.694108, 40.345636],
            [-3.694498, 40.345656],
            [-3.694938, 40.345676],
            [-3.695798, 40.345766],
            [-3.696328, 40.345846],
            [-3.696818, 40.345986],
            [-3.697178, 40.346116],
            [-3.697568, 40.346286],
            [-3.697898, 40.346456],
            [-3.698348, 40.346736],
            [-3.699038, 40.347266],
            [-3.700698, 40.348566],
            [-3.702548, 40.349996],
            [-3.702548, 40.349996],
            [-3.703138, 40.350456],
            [-3.704878, 40.351846],
            [-3.705138, 40.352056],
            [-3.705418, 40.352266],
            [-3.705768, 40.352526],
            [-3.705988, 40.352736],
            [-3.706328, 40.353106],
            [-3.706729, 40.353776],
            [-3.706899, 40.354216],
            [-3.707069, 40.354906],
            [-3.707069, 40.355526],
            [-3.706999, 40.356026],
            [-3.706839, 40.356886],
            [-3.706608, 40.357696],
            [-3.706498, 40.358166],
            [-3.706068, 40.359836],
            [-3.705158, 40.363686],
            [-3.705148, 40.363676],
            [-3.706368, 40.363816],
            [-3.707099, 40.363876],
            [-3.707099, 40.363876],
            [-3.707989, 40.363936],
            [-3.708099, 40.363936],
            [-3.709769, 40.364016],
            [-3.714159, 40.364356],
            [-3.720989, 40.364786],
            [-3.720989, 40.364786],
            [-3.720989, 40.364786],
            [-3.721169, 40.363326],
            [-3.721779, 40.358936],
            [-3.722409, 40.354336],
            [-3.723499, 40.345546],
            [-3.723989, 40.341886],
            [-3.724419, 40.338746],
            [-3.724929, 40.334985],
            [-3.723669, 40.333555],
            [-3.720169, 40.330805],
            [-3.714449, 40.328055],
            [-3.712909, 40.325625],
            [-3.712539, 40.323495],
            [-3.710079, 40.323405],
            [-3.708039, 40.323015],
            [-3.703118, 40.322125],
            [-3.699618, 40.322355],
            [-3.696158, 40.322225],
            [-3.693018, 40.320115],
            [-3.692998, 40.320055],
            [-3.692868, 40.320115],
            [-3.692748, 40.320205],
            [-3.692548, 40.320365],
            [-3.692338, 40.320495],
            [-3.692308, 40.320495],
            [-3.692298, 40.320495]
          ]
        ]
      }
    },
    {
      "type": "Feature",
      "properties": {
        "id": "vinateros",
        "name": "Vinateros",
        "cityId": "madrid"
      },
      "geometry": {
        "type": "Polygon",
        "coordinates": [
          [
            [-3.634287, 40.403758],
            [-3.634717, 40.403758],
            [-3.635167, 40.403758],
            [-3.635497, 40.403768],
            [-3.635827, 40.403798],
            [-3.636147, 40.403858],
            [-3.636387, 40.403918],
            [-3.636647, 40.403998],
            [-3.637187, 40.404238],
            [-3.637637, 40.404528],
            [-3.638197, 40.404998],
            [-3.638497, 40.405328],
            [-3.638707, 40.405588],
            [-3.639027, 40.405998],
            [-3.639277, 40.405918],
            [-3.639397, 40.405878],
            [-3.639437, 40.406208],
            [-3.639537, 40.407028],
            [-3.639777, 40.407528],
            [-3.640077, 40.408168],
            [-3.640217, 40.408468],
            [-3.640247, 40.408528],
            [-3.640627, 40.409118],
            [-3.640637, 40.409128],
            [-3.640917, 40.409488],
            [-3.641157, 40.409738],
            [-3.641237, 40.409828],
            [-3.641707, 40.409578],
            [-3.643247, 40.408958],
            [-3.643717, 40.408768],
            [-3.645837, 40.407908],
            [-3.647747, 40.407098],
            [-3.647827, 40.407068],
            [-3.649067, 40.406548],
            [-3.651037, 40.405728],
            [-3.651027, 40.405718],
            [-3.650827, 40.405358],
            [-3.650567, 40.405218],
            [-3.649507, 40.404738],
            [-3.649157, 40.404578],
            [-3.648317, 40.404198],
            [-3.648257, 40.404168],
            [-3.648127, 40.404118],
            [-3.648057, 40.404088],
            [-3.647797, 40.403968],
            [-3.647747, 40.403948],
            [-3.647537, 40.403878],
            [-3.647477, 40.403858],
            [-3.647087, 40.403738],
            [-3.646667, 40.403658],
            [-3.646327, 40.403628],
            [-3.644407, 40.403568],
            [-3.644347, 40.403508],
            [-3.644227, 40.403418],
            [-3.643847, 40.403268],
            [-3.643167, 40.403008],
            [-3.642807, 40.402857],
            [-3.642227, 40.402657],
            [-3.641777, 40.402577],
            [-3.641267, 40.402547],
            [-3.640877, 40.402557],
            [-3.640517, 40.402557],
            [-3.640247, 40.402527],
            [-3.640097, 40.402497],
            [-3.639997, 40.402477],
            [-3.639597, 40.402347],
            [-3.639597, 40.402347],
            [-3.638937, 40.402077],
            [-3.638477, 40.401877],
            [-3.637787, 40.401597],
            [-3.636477, 40.401057],
            [-3.636167, 40.400957],
            [-3.636157, 40.400967],
            [-3.634847, 40.402897],
            [-3.634287, 40.403758]
          ]
        ]
      }
    },
    {
      "type": "Feature",
      "properties": {
        "id": "vista-alegre",
        "name": "Vista Alegre",
        "cityId": "madrid"
      },
      "geometry": {
        "type": "Polygon",
        "coordinates": [
          [
            [-3.75079, 40.375827],
            [-3.75063, 40.375867],
            [-3.7503, 40.376217],
            [-3.74999, 40.376367],
            [-3.74993, 40.376397],
            [-3.74971, 40.376737],
            [-3.74953, 40.376917],
            [-3.74948, 40.376987],
            [-3.74862, 40.377777],
            [-3.7486, 40.377797],
            [-3.74858, 40.377827],
            [-3.74845, 40.377947],
            [-3.74709, 40.379197],
            [-3.74656, 40.379677],
            [-3.74582, 40.380347],
            [-3.74525, 40.380567],
            [-3.74452, 40.380907],
            [-3.74403, 40.381217],
            [-3.743739, 40.381487],
            [-3.743569, 40.381597],
            [-3.743169, 40.381837],
            [-3.742899, 40.381977],
            [-3.742729, 40.382057],
            [-3.742559, 40.382107],
            [-3.741949, 40.382247],
            [-3.741379, 40.382397],
            [-3.741819, 40.382997],
            [-3.740999, 40.383617],
            [-3.739479, 40.384677],
            [-3.736979, 40.385307],
            [-3.736589, 40.385417],
            [-3.735769, 40.385907],
            [-3.734869, 40.386497],
            [-3.734509, 40.386737],
            [-3.733719, 40.387257],
            [-3.733559, 40.387367],
            [-3.732239, 40.388247],
            [-3.732229, 40.388217],
            [-3.731769, 40.388527],
            [-3.731779, 40.388517],
            [-3.734969, 40.389877],
            [-3.736099, 40.390467],
            [-3.737369, 40.391087],
            [-3.738529, 40.391677],
            [-3.740239, 40.392517],
            [-3.740879, 40.392997],
            [-3.740889, 40.392987],
            [-3.742259, 40.391887],
            [-3.742859, 40.391347],
            [-3.743289, 40.390747],
            [-3.743589, 40.390407],
            [-3.74383, 40.389957],
            [-3.74445, 40.388647],
            [-3.74475, 40.388007],
            [-3.74491, 40.387967],
            [-3.74514, 40.387907],
            [-3.74536, 40.387857],
            [-3.74619, 40.387357],
            [-3.74687, 40.386947],
            [-3.74952, 40.385347],
            [-3.74955, 40.385327],
            [-3.75159, 40.384157],
            [-3.75171, 40.384107],
            [-3.75304, 40.383547],
            [-3.75359, 40.383527],
            [-3.75478, 40.383587],
            [-3.75563, 40.383647],
            [-3.75865, 40.384107],
            [-3.75931, 40.383627],
            [-3.7593, 40.383627],
            [-3.75885, 40.383227],
            [-3.75836, 40.382817],
            [-3.75787, 40.382207],
            [-3.75743, 40.381467],
            [-3.75683, 40.380457],
            [-3.7564, 40.379597],
            [-3.75595, 40.378557],
            [-3.75595, 40.378557],
            [-3.75553, 40.378127],
            [-3.75551, 40.378107],
            [-3.75515, 40.377847],
            [-3.75495, 40.377717],
            [-3.75486, 40.377667],
            [-3.75427, 40.377377],
            [-3.75387, 40.377177],
            [-3.75354, 40.377057],
            [-3.75351, 40.377047],
            [-3.75341, 40.377027],
            [-3.75321, 40.376987],
            [-3.75327, 40.376887],
            [-3.75206, 40.376367],
            [-3.7508, 40.375837],
            [-3.75079, 40.375827]
          ]
        ]
      }
    },
    {
      "type": "Feature",
      "properties": {
        "id": "zofio",
        "name": "Zofío",
        "cityId": "madrid"
      },
      "geometry": {
        "type": "Polygon",
        "coordinates": [
          [
            [-3.712319, 40.373347],
            [-3.712109, 40.377807],
            [-3.712109, 40.377967],
            [-3.711839, 40.378707],
            [-3.711629, 40.379277],
            [-3.711309, 40.380567],
            [-3.711239, 40.380997],
            [-3.711239, 40.381817],
            [-3.711239, 40.381917],
            [-3.711239, 40.382697],
            [-3.711249, 40.382827],
            [-3.711249, 40.382837],
            [-3.711249, 40.383187],
            [-3.711259, 40.383297],
            [-3.711289, 40.383707],
            [-3.711289, 40.383717],
            [-3.711319, 40.384007],
            [-3.711329, 40.384157],
            [-3.711419, 40.384497],
            [-3.711639, 40.384977],
            [-3.711669, 40.385007],
            [-3.711829, 40.385157],
            [-3.711849, 40.385127],
            [-3.714729, 40.385167],
            [-3.716029, 40.385187],
            [-3.716299, 40.385187],
            [-3.716969, 40.385197],
            [-3.717559, 40.385277],
            [-3.717549, 40.385287],
            [-3.718209, 40.383317],
            [-3.718349, 40.382897],
            [-3.718729, 40.381547],
            [-3.718959, 40.380397],
            [-3.719039, 40.379657],
            [-3.719369, 40.376397],
            [-3.719719, 40.374147],
            [-3.719719, 40.374147],
            [-3.719769, 40.373807],
            [-3.719769, 40.373817],
            [-3.718499, 40.373837],
            [-3.716889, 40.373827],
            [-3.716689, 40.373827],
            [-3.714489, 40.373797],
            [-3.713289, 40.373547],
            [-3.712629, 40.373407],
            [-3.712319, 40.373347]
          ]
        ]
      }
    }
  ]
}
