{
  "type": "FeatureCollection",
  "name": "santa-cruz-de-tenerife-neighborhoods",
  "metadata": {
    "schemaVersion": 1,
    "cityId": "santa-cruz-de-tenerife",
    "cityName": "Santa Cruz de Tenerife",
    "representative": false,
    "source": "Barrios — Ayuntamiento de Santa Cruz de Tenerife (CC BY)"
  },
  "features": [
    {
      "type": "Feature",
      "properties": {
        "id": "0",
        "name": "Igueste de San Andres",
        "cityId": "santa-cruz-de-tenerife"
      },
      "geometry": {
        "type": "Polygon",
        "coordinates": [
          [
            [-16.186361, 28.548847],
            [-16.186323, 28.54885],
            [-16.186082, 28.548946],
            [-16.185973, 28.548989],
            [-16.185639, 28.54919],
            [-16.185564, 28.549348],
            [-16.185433, 28.5496],
            [-16.185477, 28.549738],
            [-16.185677, 28.55007],
            [-16.185778, 28.550329],
            [-16.185695, 28.550417],
            [-16.185498, 28.550419],
            [-16.185335, 28.550338],
            [-16.185145, 28.550216],
            [-16.184904, 28.549977],
            [-16.184779, 28.549704],
            [-16.184645, 28.549409],
            [-16.184504, 28.54936],
            [-16.183972, 28.549385],
            [-16.183528, 28.549406],
            [-16.183214, 28.549421],
            [-16.183087, 28.549447],
            [-16.18299, 28.549536],
            [-16.183006, 28.549685],
            [-16.183501, 28.550053],
            [-16.183419, 28.550189],
            [-16.183305, 28.550295],
            [-16.183137, 28.550452],
            [-16.183057, 28.550526],
            [-16.182953, 28.550701],
            [-16.182892, 28.550825],
            [-16.182992, 28.550924],
            [-16.183244, 28.550922],
            [-16.18333, 28.551045],
            [-16.183342, 28.551189],
            [-16.183377, 28.5516],
            [-16.183394, 28.551787],
            [-16.183508, 28.551898],
            [-16.183663, 28.551933],
            [-16.18411, 28.551805],
            [-16.184321, 28.551767],
            [-16.184475, 28.551802],
            [-16.184491, 28.551915],
            [-16.18443, 28.552088],
            [-16.184368, 28.552263],
            [-16.184454, 28.552459],
            [-16.184624, 28.552557],
            [-16.184719, 28.552562],
            [-16.184989, 28.552578],
            [-16.185158, 28.552651],
            [-16.185244, 28.552775],
            [-16.18526, 28.552923],
            [-16.185177, 28.553059],
            [-16.185178, 28.553147],
            [-16.185221, 28.553233],
            [-16.185308, 28.553334],
            [-16.185635, 28.553718],
            [-16.185704, 28.553799],
            [-16.185691, 28.553899],
            [-16.185591, 28.554028],
            [-16.185497, 28.554099],
            [-16.185315, 28.554137],
            [-16.184928, 28.553993],
            [-16.184611, 28.553884],
            [-16.184444, 28.554034],
            [-16.184349, 28.554269],
            [-16.18435, 28.554432],
            [-16.184492, 28.554591],
            [-16.184438, 28.554727],
            [-16.184142, 28.55482],
            [-16.18399, 28.554868],
            [-16.183851, 28.554955],
            [-16.183903, 28.555176],
            [-16.183939, 28.555327],
            [-16.1838, 28.555418],
            [-16.183691, 28.555414],
            [-16.183557, 28.555408],
            [-16.183356, 28.5554],
            [-16.183208, 28.555394],
            [-16.18312, 28.555424],
            [-16.183034, 28.555502],
            [-16.183023, 28.555587],
            [-16.183013, 28.555657],
            [-16.182938, 28.555764],
            [-16.182785, 28.555824],
            [-16.182658, 28.55582],
            [-16.182577, 28.555817],
            [-16.182389, 28.555692],
            [-16.182248, 28.555669],
            [-16.182117, 28.555787],
            [-16.182028, 28.555811],
            [-16.18187, 28.555854],
            [-16.181574, 28.555934],
            [-16.181467, 28.555867],
            [-16.181535, 28.555824],
            [-16.181338, 28.555654],
            [-16.18114, 28.555482],
            [-16.18107, 28.555311],
            [-16.180981, 28.555183],
            [-16.180824, 28.555158],
            [-16.180737, 28.555185],
            [-16.180591, 28.555245],
            [-16.180484, 28.555246],
            [-16.180336, 28.555171],
            [-16.180248, 28.555181],
            [-16.180162, 28.555225],
            [-16.180045, 28.555286],
            [-16.179938, 28.555364],
            [-16.179929, 28.555434],
            [-16.179932, 28.555675],
            [-16.179943, 28.555838],
            [-16.179934, 28.555923],
            [-16.179824, 28.556059],
            [-16.179641, 28.556242],
            [-16.179538, 28.556315],
            [-16.179277, 28.556543],
            [-16.179094, 28.55675],
            [-16.178997, 28.556802],
            [-16.17889, 28.556794],
            [-16.178772, 28.556746],
            [-16.178653, 28.556591],
            [-16.178563, 28.556427],
            [-16.178435, 28.556315],
            [-16.178287, 28.556222],
            [-16.178127, 28.556229],
            [-16.178043, 28.556233],
            [-16.177849, 28.556321],
            [-16.177774, 28.556375],
            [-16.177665, 28.556453],
            [-16.177618, 28.556508],
            [-16.177501, 28.556644],
            [-16.177454, 28.556791],
            [-16.177417, 28.556954],
            [-16.177311, 28.557068],
            [-16.17706, 28.557211],
            [-16.176922, 28.557288],
            [-16.176503, 28.557291],
            [-16.176443, 28.557197],
            [-16.17653, 28.557092],
            [-16.176616, 28.556918],
            [-16.176609, 28.55681],
            [-16.176604, 28.556713],
            [-16.176482, 28.556331],
            [-16.176343, 28.556085],
            [-16.176275, 28.556034],
            [-16.176197, 28.555975],
            [-16.176116, 28.555914],
            [-16.175989, 28.555915],
            [-16.175952, 28.556028],
            [-16.175924, 28.556124],
            [-16.175867, 28.556322],
            [-16.175733, 28.556556],
            [-16.17568, 28.556606],
            [-16.175598, 28.556685],
            [-16.175241, 28.556774],
            [-16.175111, 28.556802],
            [-16.175085, 28.556872],
            [-16.175063, 28.556931],
            [-16.174967, 28.557054],
            [-16.174763, 28.557142],
            [-16.174734, 28.557194],
            [-16.174462, 28.557343],
            [-16.174349, 28.557341],
            [-16.174247, 28.557318],
            [-16.174013, 28.557371],
            [-16.173877, 28.557373],
            [-16.173788, 28.557434],
            [-16.173554, 28.55759],
            [-16.173421, 28.557679],
            [-16.173294, 28.55768],
            [-16.17322, 28.557666],
            [-16.173025, 28.55763],
            [-16.172816, 28.557718],
            [-16.172621, 28.557695],
            [-16.172415, 28.557618],
            [-16.172325, 28.557474],
            [-16.172324, 28.557327],
            [-16.172215, 28.557164],
            [-16.172144, 28.557099],
            [-16.172066, 28.557027],
            [-16.171979, 28.557028],
            [-16.171892, 28.557133],
            [-16.171829, 28.557214],
            [-16.17169, 28.557392],
            [-16.171379, 28.557568],
            [-16.171175, 28.557628],
            [-16.171029, 28.557675],
            [-16.170864, 28.557753],
            [-16.17081, 28.557826],
            [-16.170577, 28.558135],
            [-16.170421, 28.558325],
            [-16.170256, 28.558455],
            [-16.170179, 28.558449],
            [-16.17008, 28.558441],
            [-16.169924, 28.558467],
            [-16.169872, 28.558523],
            [-16.169809, 28.55859],
            [-16.169653, 28.558643],
            [-16.169512, 28.558639],
            [-16.169418, 28.558636],
            [-16.169281, 28.558561],
            [-16.169211, 28.558421],
            [-16.169248, 28.558241],
            [-16.169341, 28.558166],
            [-16.169432, 28.558092],
            [-16.169597, 28.558014],
            [-16.169704, 28.557986],
            [-16.16991, 28.558036],
            [-16.170056, 28.558019],
            [-16.170133, 28.557949],
            [-16.170122, 28.557845],
            [-16.170024, 28.557803],
            [-16.169878, 28.557831],
            [-16.16966, 28.557838],
            [-16.169536, 28.557841],
            [-16.169316, 28.55792],
            [-16.169167, 28.557957],
            [-16.16902, 28.557949],
            [-16.168873, 28.557874],
            [-16.168548, 28.557651],
            [-16.168253, 28.557491],
            [-16.168175, 28.557492],
            [-16.168068, 28.557517],
            [-16.167925, 28.557611],
            [-16.167643, 28.557775],
            [-16.167311, 28.557939],
            [-16.166971, 28.558046],
            [-16.166917, 28.558102],
            [-16.166855, 28.558166],
            [-16.166817, 28.55828],
            [-16.166789, 28.558399],
            [-16.166712, 28.55847],
            [-16.166633, 28.558471],
            [-16.166564, 28.558392],
            [-16.16674, 28.558082],
            [-16.16673, 28.557899],
            [-16.166706, 28.557644],
            [-16.166893, 28.557514],
            [-16.166962, 28.557439],
            [-16.167095, 28.557296],
            [-16.1671, 28.557197],
            [-16.167107, 28.557077],
            [-16.167047, 28.556885],
            [-16.166913, 28.556681],
            [-16.166723, 28.556566],
            [-16.166636, 28.556543],
            [-16.166344, 28.556467],
            [-16.166138, 28.556313],
            [-16.165817, 28.55619],
            [-16.165546, 28.556013],
            [-16.16526, 28.555821],
            [-16.165011, 28.555606],
            [-16.164657, 28.555132],
            [-16.164537, 28.555019],
            [-16.164201, 28.554701],
            [-16.163704, 28.554486],
            [-16.162878, 28.554332],
            [-16.162373, 28.554244],
            [-16.161548, 28.554108],
            [-16.161081, 28.553969],
            [-16.160686, 28.553743],
            [-16.160118, 28.553682],
            [-16.159551, 28.553764],
            [-16.158089, 28.553113],
            [-16.157718, 28.552895],
            [-16.157285, 28.552641],
            [-16.157076, 28.552507],
            [-16.156792, 28.55232],
            [-16.156471, 28.552087],
            [-16.155717, 28.55154],
            [-16.155485, 28.551388],
            [-16.154947, 28.551034],
            [-16.153717, 28.550422],
            [-16.153073, 28.550267],
            [-16.152456, 28.549812],
            [-16.152359, 28.549301],
            [-16.152629, 28.548784],
            [-16.15302, 28.548242],
            [-16.152244, 28.547167],
            [-16.151536, 28.546688],
            [-16.151137, 28.546308],
            [-16.150609, 28.545805],
            [-16.150153, 28.545147],
            [-16.149697, 28.544598],
            [-16.148581, 28.543272],
            [-16.149115, 28.541564],
            [-16.150578, 28.54069],
            [-16.15074, 28.539405],
            [-16.150879, 28.538878],
            [-16.151121, 28.537962],
            [-16.150893, 28.537264],
            [-16.150533, 28.536529],
            [-16.150921, 28.535748],
            [-16.151162, 28.535014],
            [-16.151268, 28.534147],
            [-16.150147, 28.531963],
            [-16.149155, 28.531004],
            [-16.14875, 28.530906],
            [-16.148021, 28.530224],
            [-16.147243, 28.530357],
            [-16.147017, 28.53035],
            [-16.14655, 28.530338],
            [-16.146028, 28.53006],
            [-16.145368, 28.529514],
            [-16.144717, 28.528977],
            [-16.143577, 28.528475],
            [-16.143122, 28.528275],
            [-16.142722, 28.52806],
            [-16.141816, 28.527573],
            [-16.141502, 28.527957],
            [-16.141172, 28.528199],
            [-16.141044, 28.528292],
            [-16.140409, 28.528298],
            [-16.140155, 28.528164],
            [-16.139828, 28.527993],
            [-16.139451, 28.527796],
            [-16.139164, 28.527772],
            [-16.138787, 28.527747],
            [-16.138549, 28.52774],
            [-16.138543, 28.527732],
            [-16.138481, 28.527628],
            [-16.138453, 28.527519],
            [-16.138447, 28.527426],
            [-16.13846, 28.527289],
            [-16.13847, 28.527264],
            [-16.138472, 28.527216],
            [-16.138487, 28.527124],
            [-16.138483, 28.527092],
            [-16.138489, 28.527078],
            [-16.138532, 28.527069],
            [-16.138572, 28.527083],
            [-16.138596, 28.527116],
            [-16.138612, 28.527156],
            [-16.13864, 28.527193],
            [-16.138679, 28.527231],
            [-16.138691, 28.52726],
            [-16.138711, 28.527272],
            [-16.138729, 28.527259],
            [-16.138735, 28.527222],
            [-16.138717, 28.527151],
            [-16.138741, 28.527112],
            [-16.138764, 28.527097],
            [-16.138775, 28.527062],
            [-16.13877, 28.527024],
            [-16.138754, 28.526988],
            [-16.138731, 28.526956],
            [-16.138695, 28.526934],
            [-16.138642, 28.526907],
            [-16.138643, 28.52689],
            [-16.138677, 28.526881],
            [-16.138753, 28.526889],
            [-16.138794, 28.526871],
            [-16.138814, 28.526846],
            [-16.138855, 28.526838],
            [-16.138918, 28.52684],
            [-16.138921, 28.526805],
            [-16.138904, 28.526782],
            [-16.138922, 28.526761],
            [-16.13897, 28.526746],
            [-16.139056, 28.526733],
            [-16.139081, 28.526741],
            [-16.139128, 28.526818],
            [-16.139143, 28.526832],
            [-16.139214, 28.526843],
            [-16.139229, 28.526857],
            [-16.139265, 28.526852],
            [-16.139286, 28.526828],
            [-16.139328, 28.526814],
            [-16.139346, 28.526813],
            [-16.139361, 28.526846],
            [-16.13936, 28.526878],
            [-16.139387, 28.526901],
            [-16.13943, 28.526912],
            [-16.139476, 28.526916],
            [-16.139522, 28.526913],
            [-16.139558, 28.526885],
            [-16.139578, 28.526847],
            [-16.139582, 28.52682],
            [-16.139646, 28.526783],
            [-16.13968, 28.526767],
            [-16.139767, 28.526796],
            [-16.139791, 28.526799],
            [-16.139839, 28.526771],
            [-16.139858, 28.526741],
            [-16.139875, 28.526735],
            [-16.13991, 28.526766],
            [-16.13992, 28.526803],
            [-16.13995, 28.526834],
            [-16.139997, 28.526856],
            [-16.140037, 28.526866],
            [-16.140078, 28.526868],
            [-16.140118, 28.526861],
            [-16.140141, 28.526824],
            [-16.140131, 28.526787],
            [-16.140102, 28.526753],
            [-16.140068, 28.526722],
            [-16.140053, 28.526684],
            [-16.140062, 28.526671],
            [-16.140092, 28.526675],
            [-16.140157, 28.526721],
            [-16.140199, 28.526717],
            [-16.140239, 28.526692],
            [-16.140267, 28.526664],
            [-16.140282, 28.526626],
            [-16.140283, 28.526612],
            [-16.140349, 28.526607],
            [-16.140376, 28.526566],
            [-16.140387, 28.526533],
            [-16.140429, 28.526503],
            [-16.140488, 28.526488],
            [-16.140512, 28.526486],
            [-16.140534, 28.526465],
            [-16.140552, 28.526412],
            [-16.14056, 28.526372],
            [-16.140561, 28.526326],
            [-16.140553, 28.526287],
            [-16.140534, 28.526252],
            [-16.140474, 28.526199],
            [-16.140463, 28.52617],
            [-16.140492, 28.526133],
            [-16.140563, 28.526076],
            [-16.14062, 28.526067],
            [-16.140664, 28.52607],
            [-16.140701, 28.526087],
            [-16.140722, 28.526111],
            [-16.140714, 28.526179],
            [-16.140748, 28.526208],
            [-16.140838, 28.526214],
            [-16.140882, 28.526232],
            [-16.140917, 28.526261],
            [-16.140961, 28.526306],
            [-16.141002, 28.526302],
            [-16.141095, 28.526302],
            [-16.14112, 28.526274],
            [-16.141135, 28.526128],
            [-16.141112, 28.526053],
            [-16.141117, 28.526025],
            [-16.141155, 28.525987],
            [-16.14124, 28.525939],
            [-16.141285, 28.5259],
            [-16.141321, 28.525843],
            [-16.141368, 28.525706],
            [-16.141373, 28.525657],
            [-16.141349, 28.525614],
            [-16.141298, 28.525583],
            [-16.141243, 28.525557],
            [-16.141199, 28.525542],
            [-16.141187, 28.525526],
            [-16.141224, 28.525505],
            [-16.141278, 28.525498],
            [-16.141315, 28.525513],
            [-16.141346, 28.525517],
            [-16.141375, 28.525492],
            [-16.141476, 28.525475],
            [-16.141524, 28.525464],
            [-16.141543, 28.525462],
            [-16.141569, 28.525487],
            [-16.141582, 28.525528],
            [-16.141615, 28.525567],
            [-16.141657, 28.525587],
            [-16.141677, 28.525586],
            [-16.141704, 28.525544],
            [-16.141708, 28.525466],
            [-16.141715, 28.525449],
            [-16.141769, 28.525442],
            [-16.14192, 28.525504],
            [-16.141994, 28.525475],
            [-16.142036, 28.525484],
            [-16.142079, 28.525497],
            [-16.142118, 28.525516],
            [-16.142155, 28.525545],
            [-16.142196, 28.525568],
            [-16.142216, 28.52557],
            [-16.142242, 28.525552],
            [-16.142247, 28.525515],
            [-16.142247, 28.525485],
            [-16.142278, 28.525469],
            [-16.142322, 28.525469],
            [-16.142367, 28.525474],
            [-16.142415, 28.525487],
            [-16.142477, 28.525527],
            [-16.142487, 28.525526],
            [-16.142508, 28.525525],
            [-16.142534, 28.525495],
            [-16.142559, 28.525455],
            [-16.142596, 28.525418],
            [-16.14264, 28.525389],
            [-16.142687, 28.525372],
            [-16.14273, 28.525373],
            [-16.142771, 28.525367],
            [-16.1428, 28.525339],
            [-16.142839, 28.525269],
            [-16.142843, 28.525253],
            [-16.142827, 28.525141],
            [-16.14275, 28.525063],
            [-16.142759, 28.525008],
            [-16.14289, 28.52497],
            [-16.142999, 28.524954],
            [-16.143103, 28.524922],
            [-16.143176, 28.524991],
            [-16.143239, 28.524929],
            [-16.143302, 28.524834],
            [-16.143322, 28.524732],
            [-16.14332, 28.524671],
            [-16.143301, 28.524622],
            [-16.143287, 28.524595],
            [-16.143245, 28.524568],
            [-16.143209, 28.524538],
            [-16.143193, 28.524506],
            [-16.143192, 28.524466],
            [-16.143213, 28.524432],
            [-16.143252, 28.524402],
            [-16.143287, 28.524364],
            [-16.143303, 28.524321],
            [-16.1433, 28.524282],
            [-16.143285, 28.524248],
            [-16.143255, 28.524215],
            [-16.143191, 28.524157],
            [-16.143097, 28.52411],
            [-16.143059, 28.524087],
            [-16.143025, 28.524055],
            [-16.143, 28.52402],
            [-16.142996, 28.524005],
            [-16.143038, 28.523987],
            [-16.14309, 28.523986],
            [-16.143136, 28.523992],
            [-16.143196, 28.523987],
            [-16.143237, 28.523965],
            [-16.143279, 28.523955],
            [-16.143325, 28.523961],
            [-16.143362, 28.523959],
            [-16.143387, 28.52393],
            [-16.143372, 28.523881],
            [-16.143353, 28.52385],
            [-16.143364, 28.523815],
            [-16.143399, 28.523789],
            [-16.143443, 28.523769],
            [-16.143487, 28.523758],
            [-16.143539, 28.523753],
            [-16.143593, 28.523744],
            [-16.143645, 28.523725],
            [-16.143677, 28.523687],
            [-16.143701, 28.523609],
            [-16.143675, 28.523472],
            [-16.143614, 28.523366],
            [-16.143628, 28.523269],
            [-16.143592, 28.523155],
            [-16.143549, 28.523114],
            [-16.14351, 28.523095],
            [-16.143477, 28.52307],
            [-16.143466, 28.52303],
            [-16.143479, 28.522988],
            [-16.143506, 28.522951],
            [-16.143531, 28.522904],
            [-16.14353, 28.522881],
            [-16.143499, 28.52285],
            [-16.14344, 28.522837],
            [-16.143405, 28.522834],
            [-16.143354, 28.522852],
            [-16.143303, 28.522879],
            [-16.143265, 28.522886],
            [-16.143224, 28.522859],
            [-16.14319, 28.52282],
            [-16.143166, 28.522789],
            [-16.143135, 28.522722],
            [-16.143151, 28.522678],
            [-16.143184, 28.522648],
            [-16.143275, 28.522596],
            [-16.143313, 28.522566],
            [-16.143336, 28.52253],
            [-16.143348, 28.522482],
            [-16.14335, 28.522439],
            [-16.143336, 28.522407],
            [-16.143288, 28.522399],
            [-16.143211, 28.52243],
            [-16.143177, 28.52245],
            [-16.143038, 28.52255],
            [-16.142983, 28.522577],
            [-16.142965, 28.522577],
            [-16.14297, 28.522534],
            [-16.142998, 28.5225],
            [-16.143139, 28.522388],
            [-16.143183, 28.522332],
            [-16.143208, 28.522282],
            [-16.143244, 28.522253],
            [-16.143288, 28.522233],
            [-16.143325, 28.522209],
            [-16.143354, 28.522169],
            [-16.143374, 28.522129],
            [-16.143401, 28.522096],
            [-16.143433, 28.522064],
            [-16.14345, 28.522021],
            [-16.14347, 28.52199],
            [-16.143516, 28.521978],
            [-16.143557, 28.521976],
            [-16.143589, 28.52196],
            [-16.143616, 28.52193],
            [-16.143634, 28.521885],
            [-16.143665, 28.521827],
            [-16.143702, 28.521804],
            [-16.143745, 28.521796],
            [-16.143792, 28.521793],
            [-16.143845, 28.521816],
            [-16.14387, 28.521801],
            [-16.143868, 28.52176],
            [-16.143849, 28.521711],
            [-16.14384, 28.521673],
            [-16.143835, 28.521593],
            [-16.14381, 28.521563],
            [-16.143749, 28.52155],
            [-16.14372, 28.521547],
            [-16.143676, 28.521566],
            [-16.143638, 28.521597],
            [-16.143544, 28.521707],
            [-16.143503, 28.521735],
            [-16.143446, 28.521745],
            [-16.143404, 28.521745],
            [-16.143355, 28.521757],
            [-16.143312, 28.521778],
            [-16.14328, 28.521807],
            [-16.143246, 28.521823],
            [-16.14321, 28.521805],
            [-16.143154, 28.521765],
            [-16.143154, 28.521723],
            [-16.143172, 28.52168],
            [-16.143194, 28.521655],
            [-16.143209, 28.521619],
            [-16.143221, 28.521578],
            [-16.14324, 28.521531],
            [-16.143243, 28.521505],
            [-16.143215, 28.521461],
            [-16.143165, 28.521435],
            [-16.143127, 28.521402],
            [-16.143119, 28.521384],
            [-16.143137, 28.521358],
            [-16.143176, 28.521352],
            [-16.143308, 28.521409],
            [-16.143357, 28.521418],
            [-16.14341, 28.521409],
            [-16.143455, 28.521393],
            [-16.143543, 28.521355],
            [-16.143645, 28.521342],
            [-16.143686, 28.521329],
            [-16.143731, 28.52131],
            [-16.143775, 28.521275],
            [-16.143807, 28.521239],
            [-16.143835, 28.521194],
            [-16.143827, 28.521156],
            [-16.143825, 28.521113],
            [-16.143891, 28.521007],
            [-16.143959, 28.521034],
            [-16.144002, 28.521134],
            [-16.144021, 28.521212],
            [-16.144006, 28.521252],
            [-16.143957, 28.521269],
            [-16.143981, 28.521295],
            [-16.144028, 28.521314],
            [-16.14407, 28.521315],
            [-16.144126, 28.52133],
            [-16.144161, 28.521356],
            [-16.144204, 28.521398],
            [-16.144238, 28.521438],
            [-16.144264, 28.521479],
            [-16.144301, 28.521557],
            [-16.144399, 28.521612],
            [-16.144415, 28.52161],
            [-16.144453, 28.521613],
            [-16.144503, 28.521608],
            [-16.144548, 28.521589],
            [-16.14458, 28.521564],
            [-16.14461, 28.521545],
            [-16.144684, 28.521534],
            [-16.144698, 28.521525],
            [-16.144698, 28.521503],
            [-16.144674, 28.521474],
            [-16.144641, 28.521453],
            [-16.144599, 28.521386],
            [-16.144596, 28.521373],
            [-16.144638, 28.521368],
            [-16.144724, 28.52137],
            [-16.144772, 28.521377],
            [-16.144814, 28.521393],
            [-16.144845, 28.52142],
            [-16.144939, 28.521483],
            [-16.145063, 28.521554],
            [-16.145203, 28.521569],
            [-16.145218, 28.521701],
            [-16.145294, 28.521716],
            [-16.145357, 28.52175],
            [-16.14552, 28.521893],
            [-16.145583, 28.521835],
            [-16.145599, 28.521721],
            [-16.14568, 28.521692],
            [-16.145716, 28.521699],
            [-16.145707, 28.521787],
            [-16.145739, 28.521899],
            [-16.145873, 28.521894],
            [-16.145977, 28.521838],
            [-16.145983, 28.521798],
            [-16.14598, 28.521707],
            [-16.145984, 28.521668],
            [-16.145995, 28.521652],
            [-16.146058, 28.521666],
            [-16.146101, 28.521724],
            [-16.146199, 28.521713],
            [-16.146211, 28.521821],
            [-16.146279, 28.521845],
            [-16.146309, 28.521833],
            [-16.146337, 28.5218],
            [-16.14635, 28.521741],
            [-16.146333, 28.521597],
            [-16.146369, 28.521496],
            [-16.146454, 28.521556],
            [-16.146489, 28.521633],
            [-16.146658, 28.521835],
            [-16.146667, 28.521856],
            [-16.146664, 28.521887],
            [-16.146653, 28.521928],
            [-16.146654, 28.521943],
            [-16.146687, 28.521965],
            [-16.146724, 28.521981],
            [-16.146793, 28.522005],
            [-16.146836, 28.522043],
            [-16.146896, 28.522072],
            [-16.146968, 28.522121],
            [-16.147031, 28.522123],
            [-16.147141, 28.522105],
            [-16.147272, 28.522119],
            [-16.147319, 28.522155],
            [-16.147522, 28.522259],
            [-16.147749, 28.522361],
            [-16.148212, 28.522621],
            [-16.148525, 28.522754],
            [-16.148571, 28.52277],
            [-16.148733, 28.522799],
            [-16.148918, 28.522818],
            [-16.149015, 28.522836],
            [-16.14906, 28.522841],
            [-16.149194, 28.522822],
            [-16.149313, 28.522822],
            [-16.149424, 28.522828],
            [-16.149702, 28.522893],
            [-16.14998, 28.522964],
            [-16.150166, 28.523033],
            [-16.150225, 28.523046],
            [-16.150578, 28.523108],
            [-16.150741, 28.523155],
            [-16.151011, 28.523213],
            [-16.151204, 28.523259],
            [-16.15125, 28.523267],
            [-16.151371, 28.523298],
            [-16.151517, 28.523317],
            [-16.151529, 28.523318],
            [-16.151621, 28.523318],
            [-16.151707, 28.523288],
            [-16.151812, 28.52325],
            [-16.151961, 28.523197],
            [-16.152032, 28.523166],
            [-16.152153, 28.523114],
            [-16.152321, 28.523042],
            [-16.152328, 28.523038],
            [-16.152374, 28.523019],
            [-16.152463, 28.522975],
            [-16.152544, 28.522938],
            [-16.152667, 28.522889],
            [-16.152791, 28.522844],
            [-16.15293, 28.52278],
            [-16.153352, 28.522608],
            [-16.153396, 28.522592],
            [-16.153596, 28.522533],
            [-16.15377, 28.522502],
            [-16.153947, 28.522495],
            [-16.154089, 28.522503],
            [-16.154331, 28.522575],
            [-16.154618, 28.522633],
            [-16.154773, 28.522679],
            [-16.154843, 28.522691],
            [-16.155019, 28.522735],
            [-16.155467, 28.522808],
            [-16.155692, 28.52284],
            [-16.155794, 28.522835],
            [-16.155964, 28.5228],
            [-16.156125, 28.522798],
            [-16.15622, 28.522808],
            [-16.156277, 28.522804],
            [-16.156477, 28.52274],
            [-16.156607, 28.522692],
            [-16.156708, 28.522648],
            [-16.156859, 28.522574],
            [-16.157059, 28.522466],
            [-16.157265, 28.52237],
            [-16.157361, 28.522333],
            [-16.157807, 28.522174],
            [-16.158407, 28.52192],
            [-16.158563, 28.521844],
            [-16.158673, 28.521785],
            [-16.158843, 28.52168],
            [-16.15919, 28.521453],
            [-16.159329, 28.521382],
            [-16.159495, 28.521291],
            [-16.159608, 28.521225],
            [-16.159813, 28.521094],
            [-16.159941, 28.521021],
            [-16.16034, 28.520795],
            [-16.160398, 28.520728],
            [-16.160399, 28.52069],
            [-16.160407, 28.520626],
            [-16.160444, 28.520517],
            [-16.160574, 28.52026],
            [-16.160584, 28.520212],
            [-16.160614, 28.520119],
            [-16.160589, 28.520022],
            [-16.160622, 28.519986],
            [-16.160693, 28.520005],
            [-16.16086, 28.520059],
            [-16.161015, 28.520116],
            [-16.161036, 28.520074],
            [-16.161095, 28.520024],
            [-16.161194, 28.51996],
            [-16.161298, 28.519913],
            [-16.161338, 28.519863],
            [-16.161439, 28.519827],
            [-16.161543, 28.519801],
            [-16.161656, 28.519782],
            [-16.161706, 28.519798],
            [-16.161778, 28.519833],
            [-16.161807, 28.519867],
            [-16.161811, 28.519911],
            [-16.161843, 28.519947],
            [-16.161941, 28.520009],
            [-16.162043, 28.520042],
            [-16.162101, 28.520041],
            [-16.162161, 28.520036],
            [-16.16222, 28.520024],
            [-16.162339, 28.520008],
            [-16.162346, 28.520002],
            [-16.162394, 28.519938],
            [-16.162363, 28.519899],
            [-16.162349, 28.519852],
            [-16.162401, 28.519808],
            [-16.162459, 28.519811],
            [-16.162509, 28.51984],
            [-16.16256, 28.51988],
            [-16.162614, 28.519903],
            [-16.162821, 28.519857],
            [-16.162971, 28.519819],
            [-16.163044, 28.519822],
            [-16.163114, 28.519836],
            [-16.16321, 28.519849],
            [-16.163315, 28.519839],
            [-16.1635, 28.519802],
            [-16.163592, 28.519771],
            [-16.163668, 28.519761],
            [-16.163722, 28.519761],
            [-16.163732, 28.519755],
            [-16.16421, 28.519469],
            [-16.164392, 28.519365],
            [-16.164556, 28.519248],
            [-16.164657, 28.519158],
            [-16.164701, 28.51905],
            [-16.164726, 28.518951],
            [-16.164726, 28.518951],
            [-16.164872, 28.518938],
            [-16.165049, 28.519056],
            [-16.165294, 28.519424],
            [-16.16536, 28.51942],
            [-16.165447, 28.519414],
            [-16.16554, 28.519408],
            [-16.165696, 28.519447],
            [-16.165919, 28.519502],
            [-16.166005, 28.519556],
            [-16.166149, 28.519647],
            [-16.166317, 28.519712],
            [-16.166448, 28.519762],
            [-16.16657, 28.519825],
            [-16.166703, 28.519893],
            [-16.166762, 28.519924],
            [-16.166849, 28.519938],
            [-16.166946, 28.519953],
            [-16.167046, 28.519969],
            [-16.167069, 28.52009],
            [-16.167058, 28.520184],
            [-16.167037, 28.520364],
            [-16.167152, 28.520586],
            [-16.167254, 28.520791],
            [-16.167328, 28.520946],
            [-16.167613, 28.52111],
            [-16.167739, 28.521138],
            [-16.167954, 28.521186],
            [-16.168125, 28.521245],
            [-16.168305, 28.521307],
            [-16.168547, 28.521235],
            [-16.168681, 28.521245],
            [-16.168818, 28.521255],
            [-16.169176, 28.521482],
            [-16.169427, 28.521641],
            [-16.169676, 28.521799],
            [-16.169891, 28.521724],
            [-16.170038, 28.521724],
            [-16.170156, 28.521724],
            [-16.1703, 28.521746],
            [-16.170446, 28.521767],
            [-16.17061, 28.521921],
            [-16.170561, 28.522375],
            [-16.170669, 28.522546],
            [-16.170897, 28.522867],
            [-16.171005, 28.523211],
            [-16.171438, 28.523388],
            [-16.171557, 28.523311],
            [-16.171652, 28.52325],
            [-16.171736, 28.523239],
            [-16.171866, 28.52322],
            [-16.171993, 28.523202],
            [-16.172086, 28.523214],
            [-16.17222, 28.523232],
            [-16.172358, 28.523337],
            [-16.172378, 28.52341],
            [-16.172409, 28.52353],
            [-16.172386, 28.523637],
            [-16.172496, 28.523803],
            [-16.172839, 28.523923],
            [-16.173025, 28.52399],
            [-16.17331, 28.52406],
            [-16.173579, 28.524184],
            [-16.17384, 28.524306],
            [-16.1741, 28.524518],
            [-16.174113, 28.524719],
            [-16.174122, 28.524848],
            [-16.174132, 28.525007],
            [-16.174136, 28.525352],
            [-16.174176, 28.525486],
            [-16.17424, 28.525701],
            [-16.174345, 28.525901],
            [-16.174346, 28.526079],
            [-16.174285, 28.526207],
            [-16.174214, 28.526356],
            [-16.174216, 28.526498],
            [-16.174249, 28.52657],
            [-16.174299, 28.526678],
            [-16.174311, 28.526816],
            [-16.174321, 28.526946],
            [-16.17433, 28.527059],
            [-16.174209, 28.527315],
            [-16.174147, 28.52755],
            [-16.173947, 28.527849],
            [-16.174235, 28.528253],
            [-16.174232, 28.528332],
            [-16.174225, 28.528481],
            [-16.174118, 28.52859],
            [-16.174114, 28.528653],
            [-16.17411, 28.528728],
            [-16.174106, 28.528805],
            [-16.174142, 28.528853],
            [-16.17418, 28.528903],
            [-16.174201, 28.52898],
            [-16.174217, 28.529043],
            [-16.174304, 28.529108],
            [-16.174426, 28.529199],
            [-16.174481, 28.529224],
            [-16.174598, 28.529277],
            [-16.17506, 28.529832],
            [-16.17513, 28.52994],
            [-16.175204, 28.530055],
            [-16.175285, 28.53018],
            [-16.175598, 28.530414],
            [-16.175736, 28.530641],
            [-16.17585, 28.531072],
            [-16.175962, 28.531492],
            [-16.176014, 28.531688],
            [-16.176251, 28.531961],
            [-16.176404, 28.532057],
            [-16.176591, 28.532175],
            [-16.176754, 28.53231],
            [-16.176854, 28.532393],
            [-16.177121, 28.532457],
            [-16.177429, 28.532641],
            [-16.177395, 28.532775],
            [-16.177423, 28.532959],
            [-16.177469, 28.533264],
            [-16.177472, 28.533416],
            [-16.177477, 28.533586],
            [-16.177458, 28.533712],
            [-16.177447, 28.53379],
            [-16.177477, 28.533981],
            [-16.177552, 28.534032],
            [-16.177667, 28.53411],
            [-16.177737, 28.534277],
            [-16.177792, 28.534502],
            [-16.17782, 28.534614],
            [-16.17788, 28.534853],
            [-16.177912, 28.534986],
            [-16.178003, 28.535098],
            [-16.177927, 28.535271],
            [-16.17786, 28.535426],
            [-16.177699, 28.53571],
            [-16.177672, 28.535854],
            [-16.177665, 28.535984],
            [-16.177658, 28.536113],
            [-16.177651, 28.536245],
            [-16.177715, 28.536358],
            [-16.177747, 28.536413],
            [-16.17788, 28.536511],
            [-16.178045, 28.536632],
            [-16.178319, 28.537891],
            [-16.179037, 28.538695],
            [-16.179172, 28.538691],
            [-16.179448, 28.538683],
            [-16.179611, 28.538678],
            [-16.179816, 28.538868],
            [-16.180054, 28.538891],
            [-16.180216, 28.538906],
            [-16.180441, 28.538909],
            [-16.180587, 28.538907],
            [-16.180931, 28.538902],
            [-16.181142, 28.538999],
            [-16.18139, 28.539367],
            [-16.181648, 28.53952],
            [-16.181773, 28.539817],
            [-16.182088, 28.540151],
            [-16.182071, 28.540402],
            [-16.18206, 28.54057],
            [-16.182053, 28.540663],
            [-16.182163, 28.540739],
            [-16.182279, 28.540819],
            [-16.182544, 28.540916],
            [-16.182719, 28.54098],
            [-16.182799, 28.54129],
            [-16.182859, 28.541527],
            [-16.183622, 28.54189],
            [-16.183782, 28.542129],
            [-16.183961, 28.542397],
            [-16.183987, 28.542436],
            [-16.184003, 28.542591],
            [-16.184035, 28.542896],
            [-16.184067, 28.543205],
            [-16.184085, 28.54338],
            [-16.184064, 28.543626],
            [-16.18404, 28.543905],
            [-16.184025, 28.544085],
            [-16.184748, 28.545324],
            [-16.185738, 28.547772],
            [-16.186016, 28.548261],
            [-16.186301, 28.548762],
            [-16.186361, 28.548847]
          ]
        ]
      }
    },
    {
      "type": "Feature",
      "properties": {
        "id": "1",
        "name": "Valleseco",
        "cityId": "santa-cruz-de-tenerife"
      },
      "geometry": {
        "type": "Polygon",
        "coordinates": [
          [
            [-16.260321, 28.522559],
            [-16.260291, 28.523215],
            [-16.260273, 28.523186],
            [-16.260132, 28.523102],
            [-16.259865, 28.522943],
            [-16.259572, 28.522769],
            [-16.259343, 28.522633],
            [-16.259237, 28.522593],
            [-16.25917, 28.522584],
            [-16.259136, 28.522555],
            [-16.259061, 28.522526],
            [-16.257894, 28.522087],
            [-16.257266, 28.521788],
            [-16.256655, 28.521498],
            [-16.254853, 28.520276],
            [-16.254406, 28.519783],
            [-16.254438, 28.518973],
            [-16.254092, 28.518417],
            [-16.252755, 28.517777],
            [-16.252231, 28.517292],
            [-16.251859, 28.51691],
            [-16.251289, 28.516173],
            [-16.251114, 28.515889],
            [-16.250984, 28.515687],
            [-16.250462, 28.514928],
            [-16.25, 28.51458],
            [-16.249615, 28.51453],
            [-16.249054, 28.514393],
            [-16.248113, 28.51367],
            [-16.247545, 28.513102],
            [-16.246861, 28.512592],
            [-16.246129, 28.512046],
            [-16.245665, 28.51145],
            [-16.245128, 28.511037],
            [-16.244611, 28.511002],
            [-16.24413, 28.510288],
            [-16.243401, 28.51005],
            [-16.242929, 28.509909],
            [-16.241897, 28.509005],
            [-16.24185, 28.50894],
            [-16.240968, 28.507688],
            [-16.240547, 28.507061],
            [-16.240257, 28.506405],
            [-16.239807, 28.505592],
            [-16.239604, 28.505329],
            [-16.239117, 28.504698],
            [-16.238476, 28.504182],
            [-16.237773, 28.503485],
            [-16.237182, 28.503438],
            [-16.236854, 28.503218],
            [-16.236389, 28.502527],
            [-16.236034, 28.50212],
            [-16.235491, 28.501495],
            [-16.234965, 28.500744],
            [-16.234511, 28.500403],
            [-16.233873, 28.499529],
            [-16.233774, 28.498681],
            [-16.233821, 28.498275],
            [-16.233948, 28.497166],
            [-16.234288, 28.495872],
            [-16.234547, 28.495294],
            [-16.234855, 28.495084],
            [-16.235041, 28.49469],
            [-16.235539, 28.494216],
            [-16.236064, 28.493651],
            [-16.236122, 28.493326],
            [-16.235623, 28.492584],
            [-16.235514, 28.492102],
            [-16.235286, 28.491517],
            [-16.23491, 28.490947],
            [-16.234375, 28.489359],
            [-16.233616, 28.488872],
            [-16.232504, 28.488379],
            [-16.231655, 28.487845],
            [-16.231218, 28.487418],
            [-16.230744, 28.486953],
            [-16.230835, 28.486714],
            [-16.231352, 28.486394],
            [-16.231608, 28.486276],
            [-16.23164, 28.486239],
            [-16.23166, 28.486252],
            [-16.231685, 28.486241],
            [-16.231877, 28.486157],
            [-16.23207, 28.486057],
            [-16.2323, 28.48596],
            [-16.232104, 28.485579],
            [-16.232075, 28.485592],
            [-16.232019, 28.485488],
            [-16.232051, 28.485476],
            [-16.231855, 28.485095],
            [-16.231827, 28.485107],
            [-16.231818, 28.485089],
            [-16.231544, 28.485194],
            [-16.231556, 28.485216],
            [-16.231469, 28.485253],
            [-16.231414, 28.485151],
            [-16.231502, 28.485115],
            [-16.231529, 28.485166],
            [-16.231803, 28.485061],
            [-16.231774, 28.485005],
            [-16.23186, 28.484969],
            [-16.231889, 28.485026],
            [-16.232144, 28.484923],
            [-16.232115, 28.484867],
            [-16.232202, 28.484832],
            [-16.232255, 28.484933],
            [-16.232168, 28.48497],
            [-16.232158, 28.48495],
            [-16.231904, 28.485055],
            [-16.231913, 28.485072],
            [-16.231881, 28.485085],
            [-16.232078, 28.485465],
            [-16.232108, 28.485452],
            [-16.232162, 28.485555],
            [-16.232131, 28.485568],
            [-16.232331, 28.485969],
            [-16.232625, 28.485845],
            [-16.232745, 28.485813],
            [-16.232807, 28.485807],
            [-16.232888, 28.485792],
            [-16.232953, 28.485754],
            [-16.233007, 28.485716],
            [-16.233055, 28.485669],
            [-16.233139, 28.485616],
            [-16.233211, 28.485578],
            [-16.23331, 28.485546],
            [-16.233392, 28.485532],
            [-16.23349, 28.485545],
            [-16.233543, 28.485562],
            [-16.233575, 28.485585],
            [-16.233575, 28.485646],
            [-16.233559, 28.485702],
            [-16.233535, 28.48575],
            [-16.233511, 28.485792],
            [-16.233343, 28.48588],
            [-16.233333, 28.48587],
            [-16.23329, 28.485889],
            [-16.233246, 28.485909],
            [-16.233193, 28.485936],
            [-16.233142, 28.485967],
            [-16.23311, 28.485992],
            [-16.233106, 28.486001],
            [-16.233109, 28.486011],
            [-16.233125, 28.48603],
            [-16.233142, 28.486048],
            [-16.233183, 28.486088],
            [-16.233224, 28.486128],
            [-16.23329, 28.486193],
            [-16.233356, 28.486259],
            [-16.233383, 28.486279],
            [-16.233412, 28.486297],
            [-16.233466, 28.486329],
            [-16.233523, 28.486358],
            [-16.23359, 28.486388],
            [-16.233658, 28.486417],
            [-16.233739, 28.486453],
            [-16.233819, 28.486492],
            [-16.233889, 28.486527],
            [-16.233959, 28.486562],
            [-16.233984, 28.486555],
            [-16.23401, 28.486548],
            [-16.234054, 28.486538],
            [-16.234099, 28.486529],
            [-16.234151, 28.486517],
            [-16.234203, 28.486505],
            [-16.234278, 28.486489],
            [-16.234354, 28.486476],
            [-16.234433, 28.486464],
            [-16.234513, 28.486457],
            [-16.234589, 28.486453],
            [-16.234665, 28.486451],
            [-16.234729, 28.48645],
            [-16.234792, 28.48645],
            [-16.234861, 28.486454],
            [-16.23493, 28.486459],
            [-16.234997, 28.486466],
            [-16.235064, 28.486473],
            [-16.235115, 28.486475],
            [-16.235166, 28.486482],
            [-16.235209, 28.486493],
            [-16.235252, 28.486505],
            [-16.235269, 28.486514],
            [-16.235286, 28.486523],
            [-16.235298, 28.486525],
            [-16.235311, 28.486523],
            [-16.235337, 28.486513],
            [-16.235377, 28.486499],
            [-16.235413, 28.486481],
            [-16.235456, 28.486454],
            [-16.235499, 28.486427],
            [-16.235545, 28.4864],
            [-16.23559, 28.486372],
            [-16.235643, 28.486337],
            [-16.235694, 28.486302],
            [-16.23575, 28.486262],
            [-16.235806, 28.486222],
            [-16.235873, 28.486178],
            [-16.23594, 28.486133],
            [-16.235971, 28.486112],
            [-16.236, 28.486092],
            [-16.23606, 28.48605],
            [-16.236126, 28.485993],
            [-16.235674, 28.485443],
            [-16.235727, 28.485415],
            [-16.236186, 28.485953],
            [-16.23627, 28.485899],
            [-16.236354, 28.485846],
            [-16.236502, 28.485755],
            [-16.236385, 28.485634],
            [-16.236407, 28.485607],
            [-16.236575, 28.485775],
            [-16.23666, 28.48572],
            [-16.236517, 28.485523],
            [-16.236536, 28.485514],
            [-16.236722, 28.485743],
            [-16.236774, 28.485711],
            [-16.236851, 28.485662],
            [-16.236414, 28.485153],
            [-16.236467, 28.485114],
            [-16.23689, 28.485594],
            [-16.236969, 28.485553],
            [-16.237053, 28.485501],
            [-16.237194, 28.485391],
            [-16.237268, 28.485331],
            [-16.2373, 28.485243],
            [-16.237333, 28.485202],
            [-16.237337, 28.485181],
            [-16.23735, 28.485147],
            [-16.237363, 28.485114],
            [-16.237377, 28.485081],
            [-16.237378, 28.485078],
            [-16.237393, 28.485043],
            [-16.237413, 28.485002],
            [-16.237436, 28.484963],
            [-16.237479, 28.484892],
            [-16.237524, 28.484822],
            [-16.237555, 28.484773],
            [-16.237587, 28.484724],
            [-16.237508, 28.484581],
            [-16.237489, 28.484554],
            [-16.237452, 28.484522],
            [-16.237291, 28.484575],
            [-16.237269, 28.484535],
            [-16.237384, 28.484506],
            [-16.23743, 28.484485],
            [-16.237355, 28.484324],
            [-16.23736, 28.484272],
            [-16.237379, 28.484241],
            [-16.237397, 28.484219],
            [-16.237405, 28.484195],
            [-16.237418, 28.484172],
            [-16.237439, 28.484142],
            [-16.237461, 28.484112],
            [-16.237489, 28.484073],
            [-16.237518, 28.484034],
            [-16.237551, 28.483996],
            [-16.237585, 28.483959],
            [-16.237626, 28.483909],
            [-16.237667, 28.483859],
            [-16.237709, 28.483812],
            [-16.237751, 28.483765],
            [-16.237793, 28.483719],
            [-16.237835, 28.483673],
            [-16.23788, 28.483621],
            [-16.237925, 28.483568],
            [-16.237967, 28.483525],
            [-16.238008, 28.483481],
            [-16.238053, 28.483429],
            [-16.238097, 28.483377],
            [-16.23814, 28.48333],
            [-16.238182, 28.483282],
            [-16.238223, 28.483234],
            [-16.238264, 28.483187],
            [-16.238304, 28.483138],
            [-16.238344, 28.48309],
            [-16.238386, 28.483042],
            [-16.238429, 28.482994],
            [-16.238474, 28.482943],
            [-16.23852, 28.482892],
            [-16.23856, 28.482842],
            [-16.238599, 28.482791],
            [-16.238646, 28.482734],
            [-16.238693, 28.482677],
            [-16.238736, 28.482628],
            [-16.238779, 28.482578],
            [-16.23879, 28.48252],
            [-16.238751, 28.48245],
            [-16.238712, 28.482334],
            [-16.238747, 28.482255],
            [-16.239321, 28.482744],
            [-16.239659, 28.483023],
            [-16.240556, 28.484304],
            [-16.240666, 28.484519],
            [-16.240745, 28.484752],
            [-16.240908, 28.485305],
            [-16.241067, 28.485533],
            [-16.241281, 28.485808],
            [-16.241381, 28.485979],
            [-16.241523, 28.486159],
            [-16.241633, 28.486306],
            [-16.241775, 28.486434],
            [-16.241982, 28.486556],
            [-16.242092, 28.486751],
            [-16.24217, 28.486951],
            [-16.242243, 28.48717],
            [-16.242316, 28.487374],
            [-16.242371, 28.487431],
            [-16.242574, 28.487583],
            [-16.242565, 28.487586],
            [-16.242821, 28.487819],
            [-16.243074, 28.488141],
            [-16.243419, 28.488474],
            [-16.243606, 28.488728],
            [-16.243768, 28.489167],
            [-16.243645, 28.489817],
            [-16.243782, 28.490292],
            [-16.243942, 28.490568],
            [-16.244579, 28.491166],
            [-16.245571, 28.491829],
            [-16.246128, 28.492276],
            [-16.246472, 28.492493],
            [-16.246783, 28.49283],
            [-16.247048, 28.493071],
            [-16.247434, 28.493531],
            [-16.247637, 28.494028],
            [-16.247814, 28.494606],
            [-16.248095, 28.495033],
            [-16.248315, 28.495866],
            [-16.248546, 28.496536],
            [-16.248764, 28.497276],
            [-16.248823, 28.497763],
            [-16.248723, 28.498251],
            [-16.248769, 28.49876],
            [-16.248683, 28.499297],
            [-16.248543, 28.499623],
            [-16.248207, 28.500066],
            [-16.2482, 28.500577],
            [-16.248491, 28.500794],
            [-16.248653, 28.501199],
            [-16.248764, 28.501685],
            [-16.249058, 28.502181],
            [-16.249378, 28.502595],
            [-16.249641, 28.502627],
            [-16.249949, 28.503146],
            [-16.250049, 28.503818],
            [-16.250316, 28.504175],
            [-16.250555, 28.504428],
            [-16.250702, 28.504624],
            [-16.250679, 28.504937],
            [-16.250801, 28.505226],
            [-16.251171, 28.505431],
            [-16.251672, 28.505647],
            [-16.252028, 28.505794],
            [-16.252348, 28.506209],
            [-16.252491, 28.506545],
            [-16.252715, 28.506624],
            [-16.2534, 28.50678],
            [-16.253861, 28.506949],
            [-16.254363, 28.507223],
            [-16.25459, 28.507546],
            [-16.254779, 28.507973],
            [-16.255007, 28.508342],
            [-16.255115, 28.508654],
            [-16.255302, 28.508919],
            [-16.25554, 28.509021],
            [-16.255754, 28.509367],
            [-16.255944, 28.509887],
            [-16.256042, 28.51042],
            [-16.256168, 28.511056],
            [-16.256277, 28.511426],
            [-16.256714, 28.511735],
            [-16.257124, 28.511986],
            [-16.257115, 28.512334],
            [-16.257172, 28.512705],
            [-16.257061, 28.513309],
            [-16.257067, 28.513819],
            [-16.257086, 28.514331],
            [-16.257051, 28.51468],
            [-16.257226, 28.515072],
            [-16.257428, 28.515499],
            [-16.257406, 28.515871],
            [-16.257135, 28.516244],
            [-16.257085, 28.516442],
            [-16.257207, 28.516754],
            [-16.257492, 28.517551],
            [-16.25779, 28.518325],
            [-16.258057, 28.518752],
            [-16.258191, 28.518901],
            [-16.25842, 28.519398],
            [-16.258609, 28.519895],
            [-16.258866, 28.520541],
            [-16.258947, 28.520715],
            [-16.259184, 28.520794],
            [-16.259357, 28.520966],
            [-16.259533, 28.521384],
            [-16.25988, 28.521914],
            [-16.260321, 28.522559]
          ]
        ]
      }
    },
    {
      "type": "Feature",
      "properties": {
        "id": "10",
        "name": "El Tablero",
        "cityId": "santa-cruz-de-tenerife"
      },
      "geometry": {
        "type": "Polygon",
        "coordinates": [
          [
            [-16.335393, 28.435734],
            [-16.33502, 28.435733],
            [-16.334968, 28.435739],
            [-16.334673, 28.435776],
            [-16.33442, 28.435806],
            [-16.334305, 28.43582],
            [-16.334167, 28.435844],
            [-16.333864, 28.435894],
            [-16.333631, 28.435933],
            [-16.333521, 28.435952],
            [-16.333432, 28.435972],
            [-16.33337, 28.435988],
            [-16.333227, 28.435967],
            [-16.33312, 28.435922],
            [-16.333018, 28.435825],
            [-16.332966, 28.435721],
            [-16.332915, 28.435676],
            [-16.332834, 28.435738],
            [-16.33276, 28.435845],
            [-16.33276, 28.435845],
            [-16.332758, 28.435859],
            [-16.332726, 28.436038],
            [-16.332749, 28.436144],
            [-16.332774, 28.436263],
            [-16.332794, 28.436286],
            [-16.332793, 28.436285],
            [-16.332936, 28.436445],
            [-16.333076, 28.436507],
            [-16.333147, 28.43654],
            [-16.333217, 28.436554],
            [-16.333215, 28.436554],
            [-16.333398, 28.436591],
            [-16.333448, 28.436599],
            [-16.333447, 28.4366],
            [-16.333644, 28.436632],
            [-16.333738, 28.436647],
            [-16.333836, 28.436674],
            [-16.333878, 28.436703],
            [-16.333878, 28.436703],
            [-16.333873, 28.436745],
            [-16.333873, 28.436746],
            [-16.33386, 28.436755],
            [-16.333846, 28.436765],
            [-16.333799, 28.436765],
            [-16.333739, 28.436765],
            [-16.333668, 28.436759],
            [-16.333637, 28.436757],
            [-16.333506, 28.436749],
            [-16.333414, 28.436737],
            [-16.333236, 28.436716],
            [-16.333168, 28.436711],
            [-16.333107, 28.436703],
            [-16.333107, 28.436703],
            [-16.33304, 28.436696],
            [-16.33304, 28.436696],
            [-16.33302, 28.436694],
            [-16.332852, 28.436703],
            [-16.332793, 28.436754],
            [-16.332793, 28.436754],
            [-16.332771, 28.436773],
            [-16.332677, 28.436854],
            [-16.332591, 28.436931],
            [-16.332591, 28.43693],
            [-16.332575, 28.436884],
            [-16.332504, 28.436685],
            [-16.33247, 28.43661],
            [-16.33235, 28.436341],
            [-16.331908, 28.435337],
            [-16.331814, 28.435159],
            [-16.331753, 28.435051],
            [-16.331726, 28.434825],
            [-16.331682, 28.434598],
            [-16.33167, 28.434479],
            [-16.331693, 28.434369],
            [-16.3317, 28.434266],
            [-16.331707, 28.434175],
            [-16.33173, 28.434046],
            [-16.331758, 28.433951],
            [-16.331808, 28.433847],
            [-16.33185, 28.433756],
            [-16.331892, 28.433644],
            [-16.331921, 28.433578],
            [-16.331928, 28.433514],
            [-16.331935, 28.43343],
            [-16.331932, 28.433354],
            [-16.331939, 28.433272],
            [-16.331949, 28.433208],
            [-16.331991, 28.433143],
            [-16.332039, 28.433066],
            [-16.332081, 28.432984],
            [-16.33212, 28.432898],
            [-16.332157, 28.432793],
            [-16.33218, 28.432723],
            [-16.332191, 28.432668],
            [-16.332188, 28.432651],
            [-16.332163, 28.432653],
            [-16.330984, 28.432754],
            [-16.330816, 28.432808],
            [-16.330701, 28.432822],
            [-16.330577, 28.432834],
            [-16.330442, 28.432848],
            [-16.330319, 28.432868],
            [-16.330187, 28.43289],
            [-16.330036, 28.432905],
            [-16.329943, 28.432912],
            [-16.329849, 28.432917],
            [-16.329695, 28.432921],
            [-16.329616, 28.432921],
            [-16.329574, 28.432913],
            [-16.329517, 28.432902],
            [-16.329496, 28.432886],
            [-16.329454, 28.432853],
            [-16.329417, 28.432811],
            [-16.329378, 28.432764],
            [-16.329343, 28.432721],
            [-16.329299, 28.432663],
            [-16.329249, 28.4326],
            [-16.329201, 28.432542],
            [-16.329182, 28.4325],
            [-16.329144, 28.432404],
            [-16.329133, 28.43233],
            [-16.329089, 28.432272],
            [-16.329023, 28.432219],
            [-16.329005, 28.432182],
            [-16.328968, 28.432106],
            [-16.32891, 28.432007],
            [-16.328866, 28.431934],
            [-16.328822, 28.431877],
            [-16.328748, 28.431789],
            [-16.328678, 28.431707],
            [-16.328622, 28.431641],
            [-16.328529, 28.431531],
            [-16.328381, 28.431392],
            [-16.328277, 28.431294],
            [-16.328206, 28.431228],
            [-16.328143, 28.431169],
            [-16.328042, 28.431074],
            [-16.327996, 28.431037],
            [-16.327962, 28.431015],
            [-16.327919, 28.430949],
            [-16.327882, 28.430893],
            [-16.327838, 28.430827],
            [-16.327796, 28.430749],
            [-16.327776, 28.43071],
            [-16.327737, 28.430638],
            [-16.327702, 28.430572],
            [-16.327656, 28.43049],
            [-16.327633, 28.43046],
            [-16.327607, 28.430425],
            [-16.327579, 28.430345],
            [-16.327549, 28.430263],
            [-16.32752, 28.430181],
            [-16.327495, 28.430122],
            [-16.327464, 28.430057],
            [-16.327415, 28.429946],
            [-16.327368, 28.429827],
            [-16.327327, 28.429705],
            [-16.327294, 28.429635],
            [-16.327267, 28.429593],
            [-16.327211, 28.429522],
            [-16.327143, 28.429448],
            [-16.327115, 28.42943],
            [-16.327025, 28.429418],
            [-16.326973, 28.429413],
            [-16.326886, 28.429403],
            [-16.326829, 28.429388],
            [-16.326767, 28.429358],
            [-16.326677, 28.429296],
            [-16.326858, 28.429162],
            [-16.327132, 28.42898],
            [-16.32721, 28.42892],
            [-16.32733, 28.428848],
            [-16.327455, 28.428762],
            [-16.327541, 28.428693],
            [-16.32763, 28.428626],
            [-16.327693, 28.428566],
            [-16.327742, 28.428508],
            [-16.327809, 28.428424],
            [-16.32784, 28.428368],
            [-16.327876, 28.428314],
            [-16.32794, 28.428223],
            [-16.327992, 28.428144],
            [-16.328045, 28.42807],
            [-16.328056, 28.428051],
            [-16.328172, 28.427931],
            [-16.328306, 28.427795],
            [-16.328426, 28.427687],
            [-16.328548, 28.42762],
            [-16.328459, 28.427421],
            [-16.328335, 28.427142],
            [-16.328189, 28.426812],
            [-16.328008, 28.426429],
            [-16.327824, 28.426038],
            [-16.327806, 28.425991],
            [-16.327712, 28.425681],
            [-16.327609, 28.425344],
            [-16.32742, 28.424741],
            [-16.327148, 28.424508],
            [-16.326527, 28.423971],
            [-16.32605, 28.423553],
            [-16.326066, 28.423385],
            [-16.326098, 28.423054],
            [-16.326254, 28.421415],
            [-16.326317, 28.420758],
            [-16.32656, 28.420247],
            [-16.326879, 28.419568],
            [-16.327114, 28.419071],
            [-16.326535, 28.418743],
            [-16.326316, 28.418613],
            [-16.326181, 28.418508],
            [-16.326074, 28.418384],
            [-16.325972, 28.418275],
            [-16.32581, 28.418062],
            [-16.32575, 28.417887],
            [-16.325793, 28.417886],
            [-16.325886, 28.417848],
            [-16.32595, 28.417822],
            [-16.32617, 28.417734],
            [-16.326413, 28.417632],
            [-16.326619, 28.417553],
            [-16.326742, 28.417511],
            [-16.326816, 28.417524],
            [-16.326846, 28.417547],
            [-16.32689, 28.417582],
            [-16.326968, 28.417649],
            [-16.326997, 28.417678],
            [-16.327039, 28.417707],
            [-16.327049, 28.417714],
            [-16.327069, 28.417736],
            [-16.327099, 28.417756],
            [-16.327135, 28.417781],
            [-16.327156, 28.417794],
            [-16.327213, 28.417807],
            [-16.32729, 28.417817],
            [-16.327323, 28.417797],
            [-16.327343, 28.417774],
            [-16.327357, 28.417745],
            [-16.327379, 28.417708],
            [-16.327398, 28.417665],
            [-16.327413, 28.417622],
            [-16.32744, 28.417566],
            [-16.327456, 28.417498],
            [-16.327463, 28.41745],
            [-16.327461, 28.417401],
            [-16.327465, 28.417349],
            [-16.327465, 28.417308],
            [-16.327466, 28.417267],
            [-16.327465, 28.417213],
            [-16.327468, 28.417177],
            [-16.327482, 28.417105],
            [-16.327487, 28.417062],
            [-16.327491, 28.417028],
            [-16.327511, 28.416987],
            [-16.32754, 28.41694],
            [-16.32757, 28.416912],
            [-16.327612, 28.416896],
            [-16.327657, 28.41688],
            [-16.327706, 28.416879],
            [-16.32775, 28.416879],
            [-16.327796, 28.416872],
            [-16.32786, 28.416851],
            [-16.327914, 28.416816],
            [-16.32796, 28.416789],
            [-16.327984, 28.416764],
            [-16.328025, 28.416727],
            [-16.328066, 28.416695],
            [-16.328107, 28.416666],
            [-16.328147, 28.416638],
            [-16.328179, 28.416604],
            [-16.328225, 28.416567],
            [-16.328259, 28.416542],
            [-16.328299, 28.416513],
            [-16.328322, 28.416492],
            [-16.328368, 28.416462],
            [-16.328442, 28.416407],
            [-16.328492, 28.416398],
            [-16.328618, 28.416394],
            [-16.328678, 28.416396],
            [-16.328738, 28.416398],
            [-16.328786, 28.416399],
            [-16.328828, 28.416401],
            [-16.328872, 28.416405],
            [-16.328937, 28.416409],
            [-16.32899, 28.416413],
            [-16.329061, 28.416417],
            [-16.329117, 28.416421],
            [-16.329191, 28.416423],
            [-16.329245, 28.416424],
            [-16.329297, 28.416426],
            [-16.329362, 28.416428],
            [-16.329408, 28.416427],
            [-16.32948, 28.416427],
            [-16.329528, 28.416426],
            [-16.329578, 28.416428],
            [-16.329629, 28.416432],
            [-16.32964, 28.416434],
            [-16.329698, 28.416442],
            [-16.329839, 28.416522],
            [-16.32998, 28.416598],
            [-16.330039, 28.416631],
            [-16.330072, 28.416637],
            [-16.330113, 28.416632],
            [-16.330174, 28.416634],
            [-16.330232, 28.416649],
            [-16.33028, 28.416674],
            [-16.330312, 28.416696],
            [-16.330371, 28.416828],
            [-16.330423, 28.416966],
            [-16.330456, 28.417051],
            [-16.330516, 28.417181],
            [-16.330592, 28.417262],
            [-16.33065, 28.417313],
            [-16.330691, 28.417349],
            [-16.330776, 28.417409],
            [-16.330861, 28.417462],
            [-16.330933, 28.417495],
            [-16.330976, 28.417511],
            [-16.33105, 28.417526],
            [-16.331097, 28.41753],
            [-16.331127, 28.417539],
            [-16.331174, 28.417558],
            [-16.331202, 28.417576],
            [-16.331226, 28.417599],
            [-16.331246, 28.417628],
            [-16.33126, 28.417657],
            [-16.331274, 28.417715],
            [-16.331278, 28.417754],
            [-16.331281, 28.417819],
            [-16.331287, 28.417853],
            [-16.331302, 28.417916],
            [-16.331319, 28.417979],
            [-16.331336, 28.418037],
            [-16.331362, 28.418107],
            [-16.331377, 28.418134],
            [-16.331399, 28.418161],
            [-16.331439, 28.418199],
            [-16.331493, 28.418237],
            [-16.33155, 28.418268],
            [-16.331605, 28.41829],
            [-16.331685, 28.418314],
            [-16.331748, 28.418327],
            [-16.331836, 28.418348],
            [-16.331938, 28.418366],
            [-16.332042, 28.41838],
            [-16.332105, 28.418384],
            [-16.332148, 28.418395],
            [-16.332207, 28.418408],
            [-16.332291, 28.418432],
            [-16.332369, 28.418463],
            [-16.332513, 28.418525],
            [-16.332537, 28.418533],
            [-16.332571, 28.418542],
            [-16.33261, 28.418551],
            [-16.332691, 28.418559],
            [-16.332775, 28.418565],
            [-16.332821, 28.418574],
            [-16.332829, 28.418573],
            [-16.332899, 28.418604],
            [-16.332964, 28.418647],
            [-16.333005, 28.418671],
            [-16.333165, 28.418696],
            [-16.3333, 28.418747],
            [-16.333432, 28.418804],
            [-16.333552, 28.418835],
            [-16.333668, 28.418852],
            [-16.33386, 28.41892],
            [-16.334091, 28.418999],
            [-16.33418, 28.419039],
            [-16.334363, 28.419093],
            [-16.334436, 28.419108],
            [-16.33453, 28.419119],
            [-16.334563, 28.419111],
            [-16.33463, 28.419088],
            [-16.334688, 28.419058],
            [-16.334783, 28.418994],
            [-16.334913, 28.418982],
            [-16.33507, 28.418944],
            [-16.335099, 28.41893],
            [-16.335125, 28.418916],
            [-16.335237, 28.418809],
            [-16.335286, 28.418777],
            [-16.335355, 28.418749],
            [-16.33546, 28.418739],
            [-16.335578, 28.418738],
            [-16.335604, 28.418743],
            [-16.335723, 28.418816],
            [-16.335868, 28.418902],
            [-16.335922, 28.418954],
            [-16.335975, 28.419019],
            [-16.336043, 28.419086],
            [-16.336075, 28.419099],
            [-16.336131, 28.419116],
            [-16.336223, 28.419138],
            [-16.336268, 28.419153],
            [-16.33636, 28.419195],
            [-16.336443, 28.419267],
            [-16.336513, 28.41935],
            [-16.336557, 28.419424],
            [-16.336583, 28.419466],
            [-16.336626, 28.419556],
            [-16.336672, 28.419664],
            [-16.336703, 28.419752],
            [-16.336742, 28.419984],
            [-16.336736, 28.419999],
            [-16.336716, 28.420065],
            [-16.336721, 28.420101],
            [-16.336786, 28.420274],
            [-16.336803, 28.420319],
            [-16.336824, 28.420357],
            [-16.336847, 28.420402],
            [-16.336878, 28.420449],
            [-16.336958, 28.420528],
            [-16.337053, 28.420619],
            [-16.33708, 28.420659],
            [-16.337108, 28.420716],
            [-16.33713, 28.420792],
            [-16.337135, 28.420826],
            [-16.33717, 28.420889],
            [-16.337196, 28.42094],
            [-16.3372, 28.421055],
            [-16.337192, 28.42115],
            [-16.337167, 28.42127],
            [-16.337146, 28.421403],
            [-16.337154, 28.421586],
            [-16.3372, 28.421721],
            [-16.337208, 28.421789],
            [-16.337287, 28.421975],
            [-16.337331, 28.422045],
            [-16.337355, 28.422062],
            [-16.337489, 28.422122],
            [-16.337612, 28.422143],
            [-16.337764, 28.422176],
            [-16.337821, 28.422191],
            [-16.337977, 28.422244],
            [-16.338065, 28.422254],
            [-16.33816, 28.422244],
            [-16.33821, 28.422544],
            [-16.338202, 28.42272],
            [-16.338113, 28.422879],
            [-16.338015, 28.423076],
            [-16.337987, 28.423187],
            [-16.338018, 28.423324],
            [-16.33805, 28.423455],
            [-16.338081, 28.423569],
            [-16.3381, 28.423799],
            [-16.338116, 28.423977],
            [-16.338132, 28.424043],
            [-16.338178, 28.42413],
            [-16.33824, 28.42426],
            [-16.338328, 28.424343],
            [-16.338493, 28.424434],
            [-16.338789, 28.424553],
            [-16.339054, 28.424877],
            [-16.339229, 28.425016],
            [-16.339383, 28.425102],
            [-16.339466, 28.425153],
            [-16.339509, 28.425184],
            [-16.339553, 28.425229],
            [-16.339592, 28.425265],
            [-16.339656, 28.425336],
            [-16.339713, 28.425403],
            [-16.3398, 28.425475],
            [-16.339822, 28.425502],
            [-16.339883, 28.425668],
            [-16.339892, 28.425679],
            [-16.339928, 28.425771],
            [-16.339945, 28.425834],
            [-16.339961, 28.425875],
            [-16.340011, 28.425922],
            [-16.340125, 28.425973],
            [-16.340241, 28.426021],
            [-16.340552, 28.426244],
            [-16.340572, 28.426257],
            [-16.340588, 28.426293],
            [-16.340607, 28.426311],
            [-16.340657, 28.426337],
            [-16.340707, 28.42635],
            [-16.340766, 28.426361],
            [-16.340834, 28.426358],
            [-16.340957, 28.426325],
            [-16.341054, 28.426315],
            [-16.341216, 28.426309],
            [-16.34132, 28.426308],
            [-16.34151, 28.42634],
            [-16.341658, 28.426375],
            [-16.341798, 28.426421],
            [-16.342011, 28.426527],
            [-16.342163, 28.426616],
            [-16.342291, 28.426694],
            [-16.342355, 28.426747],
            [-16.342419, 28.426785],
            [-16.342499, 28.426822],
            [-16.342577, 28.426842],
            [-16.342686, 28.426877],
            [-16.342795, 28.426919],
            [-16.342908, 28.426979],
            [-16.342965, 28.427021],
            [-16.343019, 28.427079],
            [-16.343123, 28.427202],
            [-16.343226, 28.427325],
            [-16.343307, 28.427408],
            [-16.343388, 28.427461],
            [-16.343515, 28.427487],
            [-16.343736, 28.427519],
            [-16.34383, 28.427552],
            [-16.343907, 28.427589],
            [-16.343978, 28.427625],
            [-16.344022, 28.427672],
            [-16.344053, 28.427759],
            [-16.344061, 28.427818],
            [-16.344088, 28.427908],
            [-16.344123, 28.427995],
            [-16.344156, 28.428047],
            [-16.344249, 28.428107],
            [-16.344381, 28.42816],
            [-16.344556, 28.428208],
            [-16.344647, 28.428227],
            [-16.344848, 28.428282],
            [-16.34493, 28.428312],
            [-16.344983, 28.428341],
            [-16.345021, 28.42837],
            [-16.345064, 28.428417],
            [-16.345093, 28.428491],
            [-16.345107, 28.428588],
            [-16.345112, 28.428712],
            [-16.345104, 28.428794],
            [-16.345109, 28.428881],
            [-16.345187, 28.428996],
            [-16.345252, 28.429072],
            [-16.345301, 28.42911],
            [-16.345359, 28.429136],
            [-16.345409, 28.429145],
            [-16.345441, 28.429144],
            [-16.34548, 28.429133],
            [-16.345548, 28.429103],
            [-16.345738, 28.42943],
            [-16.34579, 28.429522],
            [-16.345804, 28.42954],
            [-16.34574, 28.429566],
            [-16.34568, 28.429562],
            [-16.345377, 28.429477],
            [-16.345178, 28.429418],
            [-16.344946, 28.429359],
            [-16.344747, 28.429323],
            [-16.344656, 28.429321],
            [-16.344412, 28.429387],
            [-16.344309, 28.429431],
            [-16.344224, 28.429495],
            [-16.344146, 28.429577],
            [-16.343946, 28.429829],
            [-16.34387, 28.429914],
            [-16.343724, 28.430037],
            [-16.343668, 28.43008],
            [-16.343587, 28.430135],
            [-16.343454, 28.43022],
            [-16.343387, 28.430264],
            [-16.343243, 28.430376],
            [-16.343078, 28.430519],
            [-16.342837, 28.430718],
            [-16.342755, 28.4308],
            [-16.342724, 28.430836],
            [-16.342701, 28.430907],
            [-16.342698, 28.430918],
            [-16.342666, 28.431018],
            [-16.342494, 28.431326],
            [-16.342455, 28.431403],
            [-16.34243, 28.431444],
            [-16.342407, 28.431485],
            [-16.342387, 28.431523],
            [-16.342365, 28.431567],
            [-16.34235, 28.431603],
            [-16.342334, 28.431639],
            [-16.342315, 28.431678],
            [-16.3423, 28.431721],
            [-16.342286, 28.431759],
            [-16.342267, 28.431807],
            [-16.342248, 28.431852],
            [-16.342231, 28.431895],
            [-16.342208, 28.431938],
            [-16.342188, 28.431979],
            [-16.342171, 28.432015],
            [-16.342151, 28.432056],
            [-16.342134, 28.432092],
            [-16.342116, 28.432126],
            [-16.342097, 28.43216],
            [-16.342077, 28.432199],
            [-16.342057, 28.432235],
            [-16.342034, 28.432278],
            [-16.342012, 28.432317],
            [-16.341983, 28.432353],
            [-16.341951, 28.432387],
            [-16.341923, 28.432417],
            [-16.341896, 28.432447],
            [-16.341858, 28.432483],
            [-16.341825, 28.432513],
            [-16.341787, 28.432549],
            [-16.341755, 28.432581],
            [-16.34173, 28.432611],
            [-16.341696, 28.432645],
            [-16.341666, 28.432675],
            [-16.341638, 28.432709],
            [-16.341613, 28.432743],
            [-16.341586, 28.432777],
            [-16.341563, 28.432813],
            [-16.341539, 28.43285],
            [-16.34151, 28.432895],
            [-16.341488, 28.432933],
            [-16.341469, 28.432968],
            [-16.341444, 28.433011],
            [-16.341421, 28.433054],
            [-16.341399, 28.433092],
            [-16.341376, 28.433138],
            [-16.341354, 28.433183],
            [-16.341347, 28.433199],
            [-16.341106, 28.433634],
            [-16.341049, 28.43373],
            [-16.340947, 28.433965],
            [-16.340805, 28.434339],
            [-16.340753, 28.434489],
            [-16.34068, 28.434645],
            [-16.340591, 28.434804],
            [-16.340502, 28.434947],
            [-16.340404, 28.435072],
            [-16.340308, 28.435195],
            [-16.34023, 28.435292],
            [-16.340145, 28.435395],
            [-16.340045, 28.435536],
            [-16.339974, 28.435661],
            [-16.339927, 28.435765],
            [-16.339889, 28.435882],
            [-16.339845, 28.436012],
            [-16.339791, 28.436136],
            [-16.339757, 28.436204],
            [-16.339712, 28.436308],
            [-16.339681, 28.436363],
            [-16.339608, 28.43647],
            [-16.339503, 28.436622],
            [-16.339069, 28.437296],
            [-16.339001, 28.437396],
            [-16.338918, 28.437499],
            [-16.338825, 28.43761],
            [-16.338802, 28.437629],
            [-16.338628, 28.437768],
            [-16.338491, 28.437864],
            [-16.338474, 28.437876],
            [-16.338436, 28.437915],
            [-16.338376, 28.437976],
            [-16.338325, 28.438047],
            [-16.338269, 28.438185],
            [-16.338219, 28.438312],
            [-16.338183, 28.438405],
            [-16.338177, 28.43842],
            [-16.338133, 28.438533],
            [-16.338126, 28.43855],
            [-16.338073, 28.438631],
            [-16.338049, 28.438654],
            [-16.337997, 28.438704],
            [-16.337996, 28.438705],
            [-16.337917, 28.438757],
            [-16.337825, 28.438796],
            [-16.337783, 28.438804],
            [-16.337672, 28.438823],
            [-16.337669, 28.438824],
            [-16.337515, 28.438852],
            [-16.337513, 28.438853],
            [-16.337451, 28.438868],
            [-16.337368, 28.438889],
            [-16.337332, 28.438697],
            [-16.336687, 28.436593],
            [-16.336635, 28.43653],
            [-16.336498, 28.436366],
            [-16.336376, 28.436242],
            [-16.336316, 28.436181],
            [-16.336278, 28.436147],
            [-16.336237, 28.436113],
            [-16.336206, 28.436087],
            [-16.336117, 28.436012],
            [-16.336068, 28.435972],
            [-16.335969, 28.435921],
            [-16.335832, 28.435852],
            [-16.335787, 28.435829],
            [-16.335483, 28.43575],
            [-16.335393, 28.435734]
          ]
        ]
      }
    },
    {
      "type": "Feature",
      "properties": {
        "id": "11",
        "name": "El Chorrillo",
        "cityId": "santa-cruz-de-tenerife"
      },
      "geometry": {
        "type": "MultiPolygon",
        "coordinates": [
          [
            [
              [-16.327114, 28.419071],
              [-16.326879, 28.419568],
              [-16.32656, 28.420247],
              [-16.326317, 28.420758],
              [-16.326254, 28.421415],
              [-16.326098, 28.423054],
              [-16.326066, 28.423385],
              [-16.32605, 28.423553],
              [-16.325938, 28.423486],
              [-16.325718, 28.423383],
              [-16.325634, 28.423405],
              [-16.32509, 28.423422],
              [-16.324812, 28.423498],
              [-16.324437, 28.423574],
              [-16.32393, 28.423594],
              [-16.32363, 28.423503],
              [-16.323558, 28.42345],
              [-16.323292, 28.42327],
              [-16.323132, 28.423209],
              [-16.323007, 28.423204],
              [-16.322576, 28.423446],
              [-16.322289, 28.423627],
              [-16.32191, 28.423833],
              [-16.32154, 28.423965],
              [-16.321071, 28.424133],
              [-16.321479, 28.42442],
              [-16.321613, 28.424631],
              [-16.320087, 28.425762],
              [-16.319621, 28.426138],
              [-16.318059, 28.427404],
              [-16.31747, 28.427909],
              [-16.317359, 28.427967],
              [-16.317096, 28.428157],
              [-16.316509, 28.427788],
              [-16.316095, 28.427447],
              [-16.315108, 28.426283],
              [-16.314521, 28.426684],
              [-16.314255, 28.426883],
              [-16.314079, 28.427023],
              [-16.313782, 28.42731],
              [-16.313457, 28.42703],
              [-16.313271, 28.42685],
              [-16.313251, 28.42678],
              [-16.313248, 28.426711],
              [-16.313287, 28.426428],
              [-16.31332, 28.426131],
              [-16.313358, 28.425957],
              [-16.313379, 28.425789],
              [-16.313287, 28.425429],
              [-16.313131, 28.424762],
              [-16.313046, 28.424407],
              [-16.312972, 28.424241],
              [-16.312931, 28.424153],
              [-16.312922, 28.423986],
              [-16.312937, 28.42377],
              [-16.312961, 28.423666],
              [-16.313049, 28.423471],
              [-16.313314, 28.422981],
              [-16.313486, 28.422634],
              [-16.313547, 28.422512],
              [-16.313635, 28.42231],
              [-16.313553, 28.422334],
              [-16.313482, 28.422338],
              [-16.313436, 28.422338],
              [-16.313382, 28.422334],
              [-16.313328, 28.422327],
              [-16.313264, 28.422321],
              [-16.313206, 28.422318],
              [-16.31314, 28.422315],
              [-16.313087, 28.42231],
              [-16.313026, 28.422298],
              [-16.312953, 28.422283],
              [-16.312843, 28.422259],
              [-16.312773, 28.422244],
              [-16.312634, 28.422218],
              [-16.312596, 28.422202],
              [-16.31253, 28.422172],
              [-16.312495, 28.422159],
              [-16.312437, 28.422144],
              [-16.312385, 28.422132],
              [-16.312319, 28.42212],
              [-16.312252, 28.4221],
              [-16.312204, 28.422074],
              [-16.312161, 28.422053],
              [-16.3121, 28.422034],
              [-16.312063, 28.42203],
              [-16.312023, 28.422031],
              [-16.311965, 28.422033],
              [-16.311908, 28.42203],
              [-16.311866, 28.422034],
              [-16.311827, 28.422041],
              [-16.311767, 28.422055],
              [-16.311712, 28.422055],
              [-16.311667, 28.422047],
              [-16.31163, 28.422031],
              [-16.311595, 28.422001],
              [-16.311563, 28.421965],
              [-16.311531, 28.421927],
              [-16.311513, 28.421909],
              [-16.311456, 28.421888],
              [-16.311409, 28.421879],
              [-16.311349, 28.421848],
              [-16.311313, 28.421835],
              [-16.311231, 28.421832],
              [-16.311189, 28.421837],
              [-16.311129, 28.421846],
              [-16.311069, 28.421855],
              [-16.310983, 28.42187],
              [-16.3109, 28.421874],
              [-16.310817, 28.421872],
              [-16.310772, 28.421869],
              [-16.310683, 28.421858],
              [-16.310641, 28.421845],
              [-16.310578, 28.421818],
              [-16.310516, 28.421792],
              [-16.310458, 28.421765],
              [-16.310382, 28.421714],
              [-16.310327, 28.421673],
              [-16.310273, 28.421641],
              [-16.310205, 28.421605],
              [-16.310141, 28.421562],
              [-16.310107, 28.421534],
              [-16.310075, 28.421506],
              [-16.310042, 28.421478],
              [-16.309971, 28.421429],
              [-16.309929, 28.421403],
              [-16.309846, 28.421358],
              [-16.309803, 28.421343],
              [-16.309772, 28.421335],
              [-16.309709, 28.421324],
              [-16.309641, 28.421318],
              [-16.309606, 28.421316],
              [-16.309571, 28.421314],
              [-16.309537, 28.421311],
              [-16.309476, 28.421309],
              [-16.309415, 28.421308],
              [-16.309357, 28.421303],
              [-16.309299, 28.421296],
              [-16.309203, 28.421279],
              [-16.309099, 28.421254],
              [-16.309033, 28.421241],
              [-16.308965, 28.421235],
              [-16.308885, 28.42123],
              [-16.308842, 28.421226],
              [-16.308781, 28.421218],
              [-16.308661, 28.421201],
              [-16.308622, 28.421193],
              [-16.30854, 28.421166],
              [-16.308445, 28.421143],
              [-16.308263, 28.421102],
              [-16.30816, 28.421074],
              [-16.308067, 28.421041],
              [-16.307982, 28.421004],
              [-16.307954, 28.420965],
              [-16.307912, 28.420926],
              [-16.307846, 28.420915],
              [-16.307796, 28.420916],
              [-16.307725, 28.420917],
              [-16.307654, 28.420918],
              [-16.307573, 28.420909],
              [-16.307514, 28.42091],
              [-16.30744, 28.420932],
              [-16.307362, 28.420954],
              [-16.307293, 28.420972],
              [-16.307203, 28.420977],
              [-16.307161, 28.420979],
              [-16.307074, 28.420984],
              [-16.307004, 28.42099],
              [-16.306958, 28.420997],
              [-16.306867, 28.421023],
              [-16.306777, 28.421062],
              [-16.306721, 28.421102],
              [-16.306644, 28.421171],
              [-16.306621, 28.421195],
              [-16.306563, 28.421248],
              [-16.306508, 28.421294],
              [-16.306436, 28.421339],
              [-16.306376, 28.421371],
              [-16.306331, 28.421391],
              [-16.306185, 28.421454],
              [-16.306148, 28.421469],
              [-16.306062, 28.4215],
              [-16.306012, 28.421515],
              [-16.305931, 28.421518],
              [-16.305808, 28.421506],
              [-16.305813, 28.421495],
              [-16.305902, 28.421351],
              [-16.306051, 28.421112],
              [-16.30621, 28.420856],
              [-16.306375, 28.420601],
              [-16.3065, 28.420416],
              [-16.3066, 28.420282],
              [-16.306748, 28.420084],
              [-16.306989, 28.419783],
              [-16.307133, 28.419612],
              [-16.307335, 28.419379],
              [-16.307641, 28.419033],
              [-16.307946, 28.418713],
              [-16.308091, 28.418572],
              [-16.30847, 28.418198],
              [-16.308811, 28.417861],
              [-16.309179, 28.417498],
              [-16.309515, 28.417166],
              [-16.309874, 28.416807],
              [-16.310247, 28.416448],
              [-16.310848, 28.415862],
              [-16.311304, 28.415407],
              [-16.311657, 28.415058],
              [-16.312008, 28.414712],
              [-16.312053, 28.414664],
              [-16.312077, 28.414677],
              [-16.312228, 28.414757],
              [-16.31227, 28.414779],
              [-16.312415, 28.414848],
              [-16.312459, 28.414888],
              [-16.312509, 28.41496],
              [-16.31251, 28.415039],
              [-16.312503, 28.415109],
              [-16.312492, 28.415235],
              [-16.312493, 28.415321],
              [-16.312518, 28.415368],
              [-16.312564, 28.415431],
              [-16.312606, 28.415485],
              [-16.312722, 28.415569],
              [-16.312809, 28.415616],
              [-16.312921, 28.415707],
              [-16.31303, 28.415821],
              [-16.313159, 28.415955],
              [-16.313349, 28.416161],
              [-16.313505, 28.416351],
              [-16.313629, 28.416508],
              [-16.313754, 28.416642],
              [-16.313857, 28.416734],
              [-16.313921, 28.416799],
              [-16.313979, 28.416832],
              [-16.314052, 28.416847],
              [-16.314116, 28.416858],
              [-16.31417, 28.416855],
              [-16.314234, 28.416875],
              [-16.314481, 28.41696],
              [-16.31453, 28.416971],
              [-16.31463, 28.416984],
              [-16.314878, 28.417101],
              [-16.315075, 28.417191],
              [-16.31519, 28.417272],
              [-16.315195, 28.417276],
              [-16.315214, 28.417307],
              [-16.315234, 28.417355],
              [-16.315253, 28.417409],
              [-16.315264, 28.41744],
              [-16.315275, 28.417503],
              [-16.315279, 28.417589],
              [-16.315279, 28.417629],
              [-16.3153, 28.417674],
              [-16.315326, 28.417708],
              [-16.315351, 28.417739],
              [-16.315393, 28.417775],
              [-16.315439, 28.417799],
              [-16.3155, 28.417819],
              [-16.31555, 28.417828],
              [-16.3156, 28.417834],
              [-16.315641, 28.417834],
              [-16.315697, 28.417835],
              [-16.315759, 28.417839],
              [-16.315808, 28.417839],
              [-16.315851, 28.417841],
              [-16.315893, 28.41784],
              [-16.315962, 28.417842],
              [-16.316021, 28.417839],
              [-16.316104, 28.41784],
              [-16.316166, 28.417851],
              [-16.316215, 28.417864],
              [-16.3163, 28.417879],
              [-16.316359, 28.417885],
              [-16.316435, 28.417896],
              [-16.316487, 28.417904],
              [-16.316538, 28.417915],
              [-16.3166, 28.41793],
              [-16.316643, 28.417941],
              [-16.316677, 28.417945],
              [-16.3168, 28.417962],
              [-16.316976, 28.417999],
              [-16.317129, 28.418029],
              [-16.31722, 28.418064],
              [-16.317266, 28.4181],
              [-16.317314, 28.418205],
              [-16.317327, 28.418311],
              [-16.317312, 28.418433],
              [-16.317288, 28.418515],
              [-16.317258, 28.41861],
              [-16.317233, 28.418696],
              [-16.317267, 28.418784],
              [-16.317317, 28.418871],
              [-16.317392, 28.418956],
              [-16.317503, 28.419014],
              [-16.317521, 28.419034],
              [-16.317567, 28.419072],
              [-16.317606, 28.419096],
              [-16.317656, 28.419125],
              [-16.317708, 28.419149],
              [-16.317764, 28.419174],
              [-16.317861, 28.419236],
              [-16.317891, 28.419263],
              [-16.317925, 28.419307],
              [-16.317949, 28.419339],
              [-16.317981, 28.419388],
              [-16.318007, 28.419428],
              [-16.31804, 28.419471],
              [-16.318075, 28.419514],
              [-16.318106, 28.419549],
              [-16.318142, 28.419596],
              [-16.318182, 28.419634],
              [-16.318229, 28.41967],
              [-16.318276, 28.419699],
              [-16.318317, 28.419723],
              [-16.318358, 28.419748],
              [-16.318413, 28.419781],
              [-16.318455, 28.419808],
              [-16.318512, 28.419846],
              [-16.31855, 28.419872],
              [-16.318585, 28.419899],
              [-16.318631, 28.41993],
              [-16.318682, 28.41997],
              [-16.318734, 28.420006],
              [-16.318787, 28.420039],
              [-16.318836, 28.420066],
              [-16.318877, 28.420083],
              [-16.318919, 28.420103],
              [-16.318971, 28.420121],
              [-16.319031, 28.420138],
              [-16.319086, 28.420151],
              [-16.319139, 28.420164],
              [-16.319194, 28.420177],
              [-16.31924, 28.42019],
              [-16.319298, 28.420212],
              [-16.319337, 28.42023],
              [-16.31939, 28.420257],
              [-16.31943, 28.420281],
              [-16.319481, 28.420314],
              [-16.319517, 28.420339],
              [-16.319552, 28.420366],
              [-16.319597, 28.420404],
              [-16.319632, 28.42043],
              [-16.319674, 28.420471],
              [-16.319708, 28.420502],
              [-16.319742, 28.420531],
              [-16.319789, 28.420571],
              [-16.319825, 28.420598],
              [-16.319875, 28.420629],
              [-16.319916, 28.420649],
              [-16.319957, 28.420666],
              [-16.320013, 28.420686],
              [-16.320059, 28.420699],
              [-16.320116, 28.420714],
              [-16.320156, 28.420723],
              [-16.320219, 28.420736],
              [-16.32027, 28.420745],
              [-16.320315, 28.420749],
              [-16.320366, 28.420748],
              [-16.320417, 28.420734],
              [-16.320454, 28.42072],
              [-16.320457, 28.420708],
              [-16.32046, 28.420695],
              [-16.320477, 28.420634],
              [-16.32049, 28.420598],
              [-16.320508, 28.420467],
              [-16.32053, 28.420336],
              [-16.320578, 28.419952],
              [-16.320562, 28.419643],
              [-16.320543, 28.419445],
              [-16.320548, 28.419325],
              [-16.320556, 28.41925],
              [-16.320561, 28.419219],
              [-16.320579, 28.419162],
              [-16.320598, 28.419103],
              [-16.320601, 28.419085],
              [-16.320605, 28.41906],
              [-16.320617, 28.419015],
              [-16.320627, 28.418981],
              [-16.320636, 28.418947],
              [-16.320652, 28.4189],
              [-16.320661, 28.418861],
              [-16.32067, 28.418823],
              [-16.320677, 28.41878],
              [-16.32069, 28.418723],
              [-16.320703, 28.418683],
              [-16.320719, 28.418628],
              [-16.320736, 28.418592],
              [-16.320752, 28.418553],
              [-16.320773, 28.41851],
              [-16.320801, 28.418456],
              [-16.320824, 28.418406],
              [-16.320852, 28.418361],
              [-16.320855, 28.418336],
              [-16.320878, 28.418281],
              [-16.320898, 28.418241],
              [-16.320914, 28.418216],
              [-16.320943, 28.418164],
              [-16.320985, 28.418116],
              [-16.320995, 28.418102],
              [-16.321031, 28.418059],
              [-16.321066, 28.418013],
              [-16.321096, 28.417979],
              [-16.321129, 28.41795],
              [-16.321158, 28.417925],
              [-16.321191, 28.417886],
              [-16.321227, 28.417858],
              [-16.321258, 28.417827],
              [-16.321293, 28.417797],
              [-16.321336, 28.417772],
              [-16.321383, 28.417755],
              [-16.321445, 28.417746],
              [-16.321549, 28.417758],
              [-16.321677, 28.4178],
              [-16.321794, 28.417864],
              [-16.321872, 28.417913],
              [-16.321989, 28.417935],
              [-16.322166, 28.417926],
              [-16.322542, 28.417873],
              [-16.322876, 28.417829],
              [-16.323462, 28.417746],
              [-16.323656, 28.41772],
              [-16.323899, 28.417686],
              [-16.324123, 28.417625],
              [-16.324344, 28.417548],
              [-16.324644, 28.41746],
              [-16.324784, 28.417418],
              [-16.32506, 28.417392],
              [-16.325222, 28.417395],
              [-16.325407, 28.417425],
              [-16.325463, 28.41747],
              [-16.325526, 28.417521],
              [-16.325547, 28.417541],
              [-16.325593, 28.417613],
              [-16.325613, 28.417642],
              [-16.325641, 28.417696],
              [-16.325688, 28.417781],
              [-16.325726, 28.417846],
              [-16.32575, 28.417887],
              [-16.32581, 28.418062],
              [-16.325972, 28.418275],
              [-16.326074, 28.418384],
              [-16.326181, 28.418508],
              [-16.326316, 28.418613],
              [-16.326535, 28.418743],
              [-16.327114, 28.419071]
            ]
          ],
          [
            [
              [-16.313782, 28.42731],
              [-16.31378, 28.427312],
              [-16.31378, 28.427312],
              [-16.313782, 28.42731]
            ]
          ]
        ]
      }
    },
    {
      "type": "Feature",
      "properties": {
        "id": "12",
        "name": "Moraditas",
        "cityId": "santa-cruz-de-tenerife"
      },
      "geometry": {
        "type": "Polygon",
        "coordinates": [
          [
            [-16.294178, 28.431971],
            [-16.294169, 28.431972],
            [-16.293133, 28.441801],
            [-16.293033, 28.442351],
            [-16.292265, 28.44673],
            [-16.291173, 28.452967],
            [-16.291021, 28.452909],
            [-16.291012, 28.452837],
            [-16.290997, 28.452527],
            [-16.291019, 28.45197],
            [-16.291089, 28.451414],
            [-16.291241, 28.450327],
            [-16.291339, 28.44963],
            [-16.291366, 28.449443],
            [-16.291371, 28.449174],
            [-16.291372, 28.449053],
            [-16.291357, 28.448896],
            [-16.291336, 28.448714],
            [-16.291271, 28.448458],
            [-16.291244, 28.448379],
            [-16.291188, 28.448231],
            [-16.291151, 28.448134],
            [-16.291098, 28.447995],
            [-16.290975, 28.447808],
            [-16.290842, 28.447604],
            [-16.29069, 28.447432],
            [-16.29059, 28.447318],
            [-16.290429, 28.447194],
            [-16.290368, 28.447149],
            [-16.290368, 28.447149],
            [-16.290368, 28.447149],
            [-16.290234, 28.44705],
            [-16.290088, 28.446941],
            [-16.289846, 28.446803],
            [-16.289629, 28.446711],
            [-16.28941, 28.446626],
            [-16.289059, 28.446522],
            [-16.28883, 28.44649],
            [-16.288521, 28.446463],
            [-16.288364, 28.446457],
            [-16.288125, 28.446472],
            [-16.287878, 28.446489],
            [-16.287758, 28.446514],
            [-16.287518, 28.446563],
            [-16.287655, 28.44571],
            [-16.28756, 28.445569],
            [-16.287438, 28.445457],
            [-16.287374, 28.445356],
            [-16.287245, 28.444994],
            [-16.287079, 28.444649],
            [-16.286899, 28.444384],
            [-16.286949, 28.443264],
            [-16.287043, 28.443035],
            [-16.287079, 28.442921],
            [-16.287178, 28.44271],
            [-16.287248, 28.442618],
            [-16.287397, 28.442457],
            [-16.287433, 28.442353],
            [-16.287424, 28.442287],
            [-16.28739, 28.442241],
            [-16.287343, 28.442174],
            [-16.287221, 28.441991],
            [-16.287208, 28.441942],
            [-16.287268, 28.441896],
            [-16.287399, 28.441809],
            [-16.287225, 28.441052],
            [-16.286941, 28.439812],
            [-16.286871, 28.439688],
            [-16.286462, 28.438442],
            [-16.286315, 28.438103],
            [-16.285874, 28.437362],
            [-16.285616, 28.4372],
            [-16.285387, 28.437074],
            [-16.285234, 28.436362],
            [-16.285159, 28.436251],
            [-16.284321, 28.435012],
            [-16.283616, 28.434516],
            [-16.283684, 28.434454],
            [-16.28385, 28.434323],
            [-16.283965, 28.434232],
            [-16.284084, 28.434139],
            [-16.284187, 28.434058],
            [-16.28428, 28.433984],
            [-16.284344, 28.433934],
            [-16.284391, 28.433897],
            [-16.284638, 28.433789],
            [-16.284933, 28.43366],
            [-16.285111, 28.433582],
            [-16.285276, 28.43351],
            [-16.285456, 28.433431],
            [-16.285653, 28.433377],
            [-16.286007, 28.433279],
            [-16.286275, 28.433204],
            [-16.286575, 28.433121],
            [-16.286865, 28.433047],
            [-16.287145, 28.432981],
            [-16.287431, 28.432913],
            [-16.287683, 28.432854],
            [-16.287951, 28.43279],
            [-16.288156, 28.432742],
            [-16.288446, 28.432673],
            [-16.288694, 28.432615],
            [-16.288944, 28.43256],
            [-16.289159, 28.432517],
            [-16.289441, 28.432461],
            [-16.289745, 28.432401],
            [-16.289928, 28.432364],
            [-16.290069, 28.432336],
            [-16.290321, 28.432302],
            [-16.290633, 28.432259],
            [-16.290917, 28.43222],
            [-16.291168, 28.432185],
            [-16.291459, 28.432145],
            [-16.291827, 28.432094],
            [-16.292142, 28.432051],
            [-16.292626, 28.431985],
            [-16.2933, 28.431892],
            [-16.293582, 28.431853],
            [-16.293744, 28.431831],
            [-16.293804, 28.431822],
            [-16.294035, 28.431895],
            [-16.294178, 28.431971]
          ]
        ]
      }
    },
    {
      "type": "Feature",
      "properties": {
        "id": "13",
        "name": "Mayorazgo",
        "cityId": "santa-cruz-de-tenerife"
      },
      "geometry": {
        "type": "Polygon",
        "coordinates": [
          [
            [-16.287655, 28.44571],
            [-16.287518, 28.446563],
            [-16.287447, 28.446578],
            [-16.28704, 28.446694],
            [-16.286547, 28.446852],
            [-16.285859, 28.447071],
            [-16.285159, 28.447293],
            [-16.284292, 28.447572],
            [-16.283955, 28.447685],
            [-16.283584, 28.44781],
            [-16.283354, 28.447898],
            [-16.282727, 28.448136],
            [-16.282321, 28.4483],
            [-16.281833, 28.448502],
            [-16.281327, 28.448726],
            [-16.280598, 28.449052],
            [-16.280224, 28.449229],
            [-16.279897, 28.449384],
            [-16.279087, 28.449787],
            [-16.278975, 28.449844],
            [-16.278973, 28.44985],
            [-16.27897, 28.449849],
            [-16.278781, 28.449954],
            [-16.278438, 28.450145],
            [-16.278077, 28.450345],
            [-16.277692, 28.450559],
            [-16.277303, 28.450775],
            [-16.276993, 28.450948],
            [-16.276986, 28.450946],
            [-16.27689, 28.450804],
            [-16.276804, 28.450666],
            [-16.276667, 28.450188],
            [-16.276823, 28.449524],
            [-16.277059, 28.448531],
            [-16.277172, 28.44799],
            [-16.277353, 28.447178],
            [-16.277505, 28.446465],
            [-16.277736, 28.445403],
            [-16.277716, 28.445294],
            [-16.277549, 28.444966],
            [-16.277365, 28.444701],
            [-16.277113, 28.44453],
            [-16.277167, 28.444468],
            [-16.277258, 28.444364],
            [-16.277392, 28.444212],
            [-16.277468, 28.444125],
            [-16.277511, 28.444075],
            [-16.277562, 28.443988],
            [-16.277663, 28.443811],
            [-16.277763, 28.443637],
            [-16.277813, 28.443536],
            [-16.277906, 28.443305],
            [-16.277972, 28.443143],
            [-16.278052, 28.442905],
            [-16.278137, 28.442651],
            [-16.2782, 28.442463],
            [-16.278265, 28.44227],
            [-16.278297, 28.442174],
            [-16.278352, 28.442005],
            [-16.278389, 28.44187],
            [-16.278432, 28.441717],
            [-16.278481, 28.44154],
            [-16.278539, 28.44133],
            [-16.278582, 28.441175],
            [-16.278636, 28.44098],
            [-16.278677, 28.44083],
            [-16.278716, 28.440692],
            [-16.278747, 28.440577],
            [-16.278798, 28.440451],
            [-16.278838, 28.440351],
            [-16.278883, 28.440238],
            [-16.278923, 28.440138],
            [-16.278975, 28.440008],
            [-16.27903, 28.439873],
            [-16.279084, 28.439777],
            [-16.279137, 28.439686],
            [-16.279197, 28.43958],
            [-16.279228, 28.439526],
            [-16.279286, 28.439423],
            [-16.279343, 28.439323],
            [-16.279405, 28.439215],
            [-16.279512, 28.439089],
            [-16.279662, 28.438912],
            [-16.279804, 28.438743],
            [-16.279924, 28.438601],
            [-16.280007, 28.438503],
            [-16.280112, 28.438379],
            [-16.280249, 28.438217],
            [-16.280364, 28.438084],
            [-16.280502, 28.437928],
            [-16.280678, 28.437727],
            [-16.280844, 28.437539],
            [-16.281022, 28.437337],
            [-16.281205, 28.437128],
            [-16.281339, 28.436976],
            [-16.281463, 28.436836],
            [-16.281615, 28.436663],
            [-16.281748, 28.436512],
            [-16.281901, 28.436338],
            [-16.282038, 28.436183],
            [-16.282155, 28.43605],
            [-16.282233, 28.435961],
            [-16.282304, 28.43588],
            [-16.282428, 28.43574],
            [-16.28252, 28.435636],
            [-16.282607, 28.435536],
            [-16.282727, 28.435401],
            [-16.282803, 28.435314],
            [-16.282896, 28.435209],
            [-16.283011, 28.435079],
            [-16.283082, 28.434997],
            [-16.283308, 28.434794],
            [-16.2835, 28.43462],
            [-16.283616, 28.434516],
            [-16.284321, 28.435012],
            [-16.285159, 28.436251],
            [-16.285234, 28.436362],
            [-16.285387, 28.437074],
            [-16.285616, 28.4372],
            [-16.285874, 28.437362],
            [-16.286315, 28.438103],
            [-16.286462, 28.438442],
            [-16.286871, 28.439688],
            [-16.286941, 28.439812],
            [-16.287225, 28.441052],
            [-16.287399, 28.441809],
            [-16.287268, 28.441896],
            [-16.287208, 28.441942],
            [-16.287221, 28.441991],
            [-16.287343, 28.442174],
            [-16.28739, 28.442241],
            [-16.287424, 28.442287],
            [-16.287433, 28.442353],
            [-16.287397, 28.442457],
            [-16.287248, 28.442618],
            [-16.287178, 28.44271],
            [-16.287079, 28.442921],
            [-16.287043, 28.443035],
            [-16.286949, 28.443264],
            [-16.286899, 28.444384],
            [-16.287079, 28.444649],
            [-16.287245, 28.444994],
            [-16.287374, 28.445356],
            [-16.287438, 28.445457],
            [-16.28756, 28.445569],
            [-16.287655, 28.44571]
          ]
        ]
      }
    },
    {
      "type": "Feature",
      "properties": {
        "id": "14",
        "name": "Toscal",
        "cityId": "santa-cruz-de-tenerife"
      },
      "geometry": {
        "type": "Polygon",
        "coordinates": [
          [
            [-16.255991, 28.472525],
            [-16.255765, 28.472652],
            [-16.255416, 28.472846],
            [-16.255128, 28.473007],
            [-16.254719, 28.473236],
            [-16.254259, 28.473493],
            [-16.253927, 28.473679],
            [-16.253633, 28.473843],
            [-16.253397, 28.473974],
            [-16.253372, 28.473989],
            [-16.253357, 28.473998],
            [-16.252806, 28.474289],
            [-16.25238, 28.474445],
            [-16.252326, 28.474465],
            [-16.252197, 28.474512],
            [-16.252037, 28.474573],
            [-16.251879, 28.474635],
            [-16.251653, 28.474725],
            [-16.251334, 28.47485],
            [-16.250791, 28.475054],
            [-16.249075, 28.475664],
            [-16.248972, 28.475702],
            [-16.24777, 28.47615],
            [-16.247177, 28.47637],
            [-16.24652, 28.476615],
            [-16.246275, 28.476713],
            [-16.246093, 28.476794],
            [-16.245878, 28.47689],
            [-16.245682, 28.476977],
            [-16.245606, 28.477005],
            [-16.245489, 28.477049],
            [-16.243688, 28.475827],
            [-16.244154, 28.475309],
            [-16.244574, 28.474842],
            [-16.244335, 28.474674],
            [-16.244401, 28.474601],
            [-16.244545, 28.474383],
            [-16.244583, 28.474287],
            [-16.244871, 28.47438],
            [-16.245277, 28.473385],
            [-16.245921, 28.471798],
            [-16.246248, 28.471027],
            [-16.246287, 28.470363],
            [-16.246334, 28.469559],
            [-16.246413, 28.469559],
            [-16.246724, 28.469559],
            [-16.247278, 28.46956],
            [-16.247627, 28.469561],
            [-16.247677, 28.469393],
            [-16.247825, 28.469401],
            [-16.247869, 28.468695],
            [-16.248044, 28.468723],
            [-16.248432, 28.468784],
            [-16.24876, 28.468858],
            [-16.248845, 28.468874],
            [-16.249886, 28.469077],
            [-16.25039, 28.469168],
            [-16.25064, 28.469211],
            [-16.250637, 28.469213],
            [-16.250279, 28.469873],
            [-16.250869, 28.470301],
            [-16.251542, 28.470971],
            [-16.251939, 28.471355],
            [-16.252402, 28.471815],
            [-16.252494, 28.471902],
            [-16.252588, 28.471795],
            [-16.252909, 28.471444],
            [-16.253105, 28.47123],
            [-16.253404, 28.470902],
            [-16.25375, 28.470523],
            [-16.253901, 28.470358],
            [-16.254398, 28.470885],
            [-16.254889, 28.471405],
            [-16.255379, 28.471923],
            [-16.255624, 28.472183],
            [-16.255777, 28.472326],
            [-16.255915, 28.472454],
            [-16.255953, 28.47249],
            [-16.255991, 28.472525]
          ]
        ]
      }
    },
    {
      "type": "Feature",
      "properties": {
        "id": "15",
        "name": "Ifara",
        "cityId": "santa-cruz-de-tenerife"
      },
      "geometry": {
        "type": "Polygon",
        "coordinates": [
          [
            [-16.260487, 28.481865],
            [-16.260404, 28.481985],
            [-16.260292, 28.482148],
            [-16.260201, 28.482278],
            [-16.260083, 28.482448],
            [-16.259966, 28.482617],
            [-16.259862, 28.482609],
            [-16.259794, 28.482604],
            [-16.259707, 28.482597],
            [-16.25959, 28.482699],
            [-16.259517, 28.482763],
            [-16.259426, 28.48285],
            [-16.259294, 28.482897],
            [-16.259193, 28.482933],
            [-16.259083, 28.48305],
            [-16.258966, 28.483076],
            [-16.25887, 28.483097],
            [-16.258789, 28.483115],
            [-16.258714, 28.483159],
            [-16.258649, 28.483196],
            [-16.258512, 28.483275],
            [-16.258358, 28.483364],
            [-16.258166, 28.483475],
            [-16.257979, 28.483583],
            [-16.257719, 28.483732],
            [-16.257473, 28.48387],
            [-16.257227, 28.484006],
            [-16.257116, 28.484067],
            [-16.257014, 28.484071],
            [-16.256921, 28.484074],
            [-16.256811, 28.484077],
            [-16.256667, 28.484082],
            [-16.256507, 28.484087],
            [-16.256412, 28.48409],
            [-16.256217, 28.484057],
            [-16.256113, 28.484039],
            [-16.25598, 28.483993],
            [-16.25587, 28.483941],
            [-16.255776, 28.483897],
            [-16.25571, 28.483836],
            [-16.255627, 28.483759],
            [-16.255562, 28.483698],
            [-16.255481, 28.483572],
            [-16.255404, 28.483451],
            [-16.255423, 28.483429],
            [-16.255483, 28.483358],
            [-16.25551, 28.483315],
            [-16.255535, 28.483276],
            [-16.255539, 28.483255],
            [-16.255545, 28.483224],
            [-16.255532, 28.483166],
            [-16.255481, 28.483074],
            [-16.255439, 28.482996],
            [-16.255416, 28.482943],
            [-16.255389, 28.482876],
            [-16.255383, 28.482824],
            [-16.255353, 28.482788],
            [-16.255387, 28.482754],
            [-16.255422, 28.482734],
            [-16.255471, 28.48269],
            [-16.255495, 28.482658],
            [-16.255505, 28.482629],
            [-16.255502, 28.482596],
            [-16.255498, 28.482552],
            [-16.255481, 28.482519],
            [-16.25546, 28.482478],
            [-16.255391, 28.482417],
            [-16.255343, 28.482371],
            [-16.255274, 28.482297],
            [-16.255264, 28.48228],
            [-16.255219, 28.482201],
            [-16.255191, 28.482142],
            [-16.255165, 28.482078],
            [-16.25515, 28.482041],
            [-16.255125, 28.482019],
            [-16.255079, 28.481981],
            [-16.255035, 28.481973],
            [-16.254997, 28.481966],
            [-16.254916, 28.481944],
            [-16.254899, 28.481936],
            [-16.254876, 28.481925],
            [-16.254832, 28.481904],
            [-16.254803, 28.481877],
            [-16.254775, 28.481851],
            [-16.25475, 28.481798],
            [-16.254736, 28.481752],
            [-16.254721, 28.481668],
            [-16.254712, 28.481617],
            [-16.254693, 28.481574],
            [-16.254679, 28.481536],
            [-16.254676, 28.481495],
            [-16.254694, 28.481463],
            [-16.254755, 28.48137],
            [-16.254817, 28.481318],
            [-16.254884, 28.481254],
            [-16.254945, 28.481183],
            [-16.254957, 28.481154],
            [-16.254974, 28.481115],
            [-16.254978, 28.481049],
            [-16.254981, 28.480996],
            [-16.254974, 28.48093],
            [-16.254951, 28.480892],
            [-16.254931, 28.480849],
            [-16.254902, 28.480814],
            [-16.254816, 28.480783],
            [-16.254746, 28.480772],
            [-16.254683, 28.480757],
            [-16.254634, 28.480728],
            [-16.254614, 28.480698],
            [-16.254601, 28.480679],
            [-16.254586, 28.480616],
            [-16.254583, 28.480569],
            [-16.254586, 28.480514],
            [-16.254627, 28.480441],
            [-16.254665, 28.480371],
            [-16.254703, 28.480279],
            [-16.254774, 28.480217],
            [-16.25492, 28.479983],
            [-16.25505, 28.479797],
            [-16.255084, 28.479697],
            [-16.255114, 28.479506],
            [-16.255123, 28.479386],
            [-16.25512, 28.479284],
            [-16.255126, 28.479217],
            [-16.255134, 28.479133],
            [-16.255126, 28.479099],
            [-16.255069, 28.479093],
            [-16.254992, 28.479102],
            [-16.254925, 28.479113],
            [-16.254856, 28.479126],
            [-16.254839, 28.479097],
            [-16.254838, 28.479046],
            [-16.254835, 28.478944],
            [-16.254839, 28.478881],
            [-16.254841, 28.478777],
            [-16.254836, 28.478684],
            [-16.25482, 28.478628],
            [-16.254793, 28.478579],
            [-16.254794, 28.478516],
            [-16.254802, 28.47846],
            [-16.254824, 28.478359],
            [-16.254868, 28.478173],
            [-16.254941, 28.47795],
            [-16.254989, 28.477841],
            [-16.255049, 28.477739],
            [-16.255092, 28.477667],
            [-16.2551, 28.477626],
            [-16.255097, 28.477558],
            [-16.255077, 28.477507],
            [-16.254983, 28.477429],
            [-16.254949, 28.477409],
            [-16.25751, 28.476004],
            [-16.257653, 28.476109],
            [-16.257927, 28.47631],
            [-16.258253, 28.47655],
            [-16.258581, 28.476791],
            [-16.258852, 28.47699],
            [-16.259015, 28.47711],
            [-16.259148, 28.477207],
            [-16.259204, 28.47732],
            [-16.259331, 28.477573],
            [-16.25945, 28.477813],
            [-16.25965, 28.478212],
            [-16.259799, 28.478509],
            [-16.259915, 28.478741],
            [-16.260017, 28.478944],
            [-16.260095, 28.479101],
            [-16.260166, 28.479244],
            [-16.26003, 28.479208],
            [-16.259912, 28.479177],
            [-16.259702, 28.479121],
            [-16.259426, 28.479052],
            [-16.259269, 28.479014],
            [-16.259103, 28.478974],
            [-16.259007, 28.478982],
            [-16.25893, 28.478987],
            [-16.258873, 28.479052],
            [-16.258827, 28.479103],
            [-16.258807, 28.479184],
            [-16.258788, 28.479258],
            [-16.258762, 28.479359],
            [-16.258787, 28.479482],
            [-16.258815, 28.479616],
            [-16.258864, 28.479747],
            [-16.258911, 28.479873],
            [-16.258955, 28.479989],
            [-16.258995, 28.480068],
            [-16.259058, 28.480193],
            [-16.259144, 28.480364],
            [-16.2593, 28.48052],
            [-16.259395, 28.480601],
            [-16.259538, 28.480721],
            [-16.25965, 28.480815],
            [-16.25973, 28.48095],
            [-16.259844, 28.481143],
            [-16.259963, 28.481345],
            [-16.260096, 28.481496],
            [-16.260356, 28.481792],
            [-16.260487, 28.481865]
          ]
        ]
      }
    },
    {
      "type": "Feature",
      "properties": {
        "id": "16",
        "name": "Urbanizacion Anaga",
        "cityId": "santa-cruz-de-tenerife"
      },
      "geometry": {
        "type": "Polygon",
        "coordinates": [
          [
            [-16.255545, 28.483224],
            [-16.255539, 28.483255],
            [-16.255535, 28.483276],
            [-16.25551, 28.483315],
            [-16.255483, 28.483358],
            [-16.255423, 28.483429],
            [-16.255404, 28.483451],
            [-16.255224, 28.483491],
            [-16.254973, 28.483545],
            [-16.25469, 28.483607],
            [-16.254328, 28.483686],
            [-16.254172, 28.48372],
            [-16.254157, 28.483723],
            [-16.254093, 28.483737],
            [-16.25393, 28.483773],
            [-16.253551, 28.483855],
            [-16.253291, 28.483912],
            [-16.253114, 28.483951],
            [-16.253016, 28.483972],
            [-16.252845, 28.48401],
            [-16.252689, 28.483936],
            [-16.252593, 28.48389],
            [-16.252474, 28.4838],
            [-16.252376, 28.483725],
            [-16.252356, 28.483708],
            [-16.252355, 28.483707],
            [-16.252297, 28.483742],
            [-16.252218, 28.483788],
            [-16.252137, 28.483836],
            [-16.251994, 28.483921],
            [-16.251883, 28.483987],
            [-16.2516, 28.484155],
            [-16.251213, 28.484385],
            [-16.250776, 28.484644],
            [-16.250187, 28.484994],
            [-16.249761, 28.485247],
            [-16.249391, 28.485466],
            [-16.248946, 28.485731],
            [-16.248694, 28.48588],
            [-16.24829, 28.486119],
            [-16.248018, 28.486281],
            [-16.247942, 28.486142],
            [-16.247867, 28.486036],
            [-16.247809, 28.485954],
            [-16.247746, 28.485788],
            [-16.247704, 28.485679],
            [-16.247624, 28.485604],
            [-16.247537, 28.485523],
            [-16.247483, 28.485451],
            [-16.247353, 28.485277],
            [-16.247224, 28.485092],
            [-16.247129, 28.484951],
            [-16.247042, 28.48483],
            [-16.246889, 28.484617],
            [-16.246719, 28.484368],
            [-16.246555, 28.484116],
            [-16.246418, 28.483893],
            [-16.246279, 28.483687],
            [-16.246143, 28.48355],
            [-16.246016, 28.483423],
            [-16.245948, 28.483368],
            [-16.245869, 28.483303],
            [-16.245865, 28.4833],
            [-16.245721, 28.483183],
            [-16.24562, 28.483101],
            [-16.245543, 28.483038],
            [-16.245421, 28.482938],
            [-16.245328, 28.482844],
            [-16.245181, 28.482694],
            [-16.245053, 28.482563],
            [-16.244944, 28.482454],
            [-16.244867, 28.482377],
            [-16.244774, 28.482202],
            [-16.244688, 28.482038],
            [-16.244584, 28.481885],
            [-16.244544, 28.481825],
            [-16.244413, 28.481701],
            [-16.244272, 28.481571],
            [-16.244158, 28.481468],
            [-16.244024, 28.481347],
            [-16.24389, 28.481226],
            [-16.243812, 28.481136],
            [-16.243608, 28.480901],
            [-16.243478, 28.48074],
            [-16.24334, 28.480561],
            [-16.243271, 28.480368],
            [-16.243209, 28.480191],
            [-16.243143, 28.480003],
            [-16.243092, 28.479845],
            [-16.24303, 28.479613],
            [-16.242974, 28.479406],
            [-16.242864, 28.478997],
            [-16.242772, 28.479067],
            [-16.242681, 28.479137],
            [-16.242638, 28.479185],
            [-16.242541, 28.479291],
            [-16.242467, 28.47938],
            [-16.242392, 28.479471],
            [-16.242235, 28.47966],
            [-16.242076, 28.479851],
            [-16.241914, 28.479749],
            [-16.241639, 28.479575],
            [-16.24157, 28.47955],
            [-16.241517, 28.479531],
            [-16.24136, 28.479474],
            [-16.241132, 28.479391],
            [-16.240902, 28.479308],
            [-16.240705, 28.479238],
            [-16.240689, 28.479238],
            [-16.24069, 28.479231],
            [-16.240675, 28.479204],
            [-16.240613, 28.47918],
            [-16.24042, 28.479116],
            [-16.240236, 28.479068],
            [-16.240155, 28.479043],
            [-16.24006, 28.479007],
            [-16.240025, 28.478952],
            [-16.240029, 28.478904],
            [-16.240052, 28.47885],
            [-16.240117, 28.478726],
            [-16.240399, 28.478128],
            [-16.240458, 28.478009],
            [-16.240509, 28.477918],
            [-16.240529, 28.477892],
            [-16.240559, 28.47788],
            [-16.240596, 28.477876],
            [-16.24067, 28.477904],
            [-16.240649, 28.477948],
            [-16.240631, 28.477942],
            [-16.240616, 28.477973],
            [-16.240154, 28.478928],
            [-16.240743, 28.479146],
            [-16.240752, 28.479127],
            [-16.241119, 28.478376],
            [-16.240766, 28.478245],
            [-16.240832, 28.478102],
            [-16.241153, 28.478226],
            [-16.241181, 28.478166],
            [-16.240861, 28.478045],
            [-16.240885, 28.477995],
            [-16.240923, 28.478008],
            [-16.240974, 28.477869],
            [-16.241019, 28.477824],
            [-16.241516, 28.477941],
            [-16.241537, 28.477871],
            [-16.241544, 28.477856],
            [-16.241586, 28.477762],
            [-16.241612, 28.477706],
            [-16.24164, 28.477657],
            [-16.241649, 28.477642],
            [-16.241126, 28.477239],
            [-16.24111, 28.477235],
            [-16.241103, 28.477228],
            [-16.241094, 28.477214],
            [-16.241092, 28.477206],
            [-16.241093, 28.477198],
            [-16.241095, 28.477191],
            [-16.241099, 28.477184],
            [-16.241112, 28.477173],
            [-16.241121, 28.47717],
            [-16.241351, 28.476936],
            [-16.242142, 28.477543],
            [-16.243688, 28.475827],
            [-16.245489, 28.477049],
            [-16.245682, 28.476977],
            [-16.246038, 28.476819],
            [-16.246275, 28.476713],
            [-16.24656, 28.4766],
            [-16.24729, 28.476328],
            [-16.247348, 28.476307],
            [-16.248367, 28.475928],
            [-16.249075, 28.475664],
            [-16.250771, 28.475061],
            [-16.250804, 28.475049],
            [-16.250979, 28.4755],
            [-16.251526, 28.475362],
            [-16.251753, 28.475518],
            [-16.251738, 28.475777],
            [-16.251798, 28.475924],
            [-16.25188, 28.476016],
            [-16.251926, 28.476067],
            [-16.251971, 28.47607],
            [-16.252029, 28.476053],
            [-16.252272, 28.475979],
            [-16.252372, 28.475915],
            [-16.25254, 28.475793],
            [-16.252788, 28.475738],
            [-16.253252, 28.47586],
            [-16.253863, 28.476315],
            [-16.254113, 28.476439],
            [-16.254197, 28.476447],
            [-16.254233, 28.476431],
            [-16.254345, 28.476405],
            [-16.254469, 28.476366],
            [-16.254595, 28.476315],
            [-16.254695, 28.476269],
            [-16.254792, 28.476243],
            [-16.25484, 28.476241],
            [-16.254862, 28.476241],
            [-16.2549, 28.476267],
            [-16.254939, 28.476317],
            [-16.254959, 28.476393],
            [-16.254938, 28.476477],
            [-16.254886, 28.476565],
            [-16.254787, 28.47671],
            [-16.254749, 28.476774],
            [-16.254638, 28.476969],
            [-16.254602, 28.477057],
            [-16.254598, 28.477105],
            [-16.254583, 28.477123],
            [-16.254658, 28.477237],
            [-16.254786, 28.477318],
            [-16.254983, 28.477429],
            [-16.255077, 28.477507],
            [-16.255097, 28.477558],
            [-16.2551, 28.477626],
            [-16.255092, 28.477667],
            [-16.255049, 28.477739],
            [-16.254989, 28.477841],
            [-16.254941, 28.47795],
            [-16.254868, 28.478173],
            [-16.254824, 28.478359],
            [-16.254802, 28.47846],
            [-16.254794, 28.478516],
            [-16.254793, 28.478579],
            [-16.25482, 28.478628],
            [-16.254836, 28.478684],
            [-16.254841, 28.478777],
            [-16.254839, 28.478881],
            [-16.254835, 28.478944],
            [-16.254838, 28.479046],
            [-16.254839, 28.479097],
            [-16.254856, 28.479126],
            [-16.254925, 28.479113],
            [-16.254992, 28.479102],
            [-16.255069, 28.479093],
            [-16.255126, 28.479099],
            [-16.255134, 28.479133],
            [-16.255126, 28.479217],
            [-16.25512, 28.479284],
            [-16.255123, 28.479386],
            [-16.255114, 28.479506],
            [-16.255084, 28.479697],
            [-16.25505, 28.479797],
            [-16.25492, 28.479983],
            [-16.254774, 28.480217],
            [-16.254703, 28.480279],
            [-16.254665, 28.480371],
            [-16.254627, 28.480441],
            [-16.254586, 28.480514],
            [-16.254583, 28.480569],
            [-16.254586, 28.480616],
            [-16.254601, 28.480679],
            [-16.254614, 28.480698],
            [-16.254634, 28.480728],
            [-16.254683, 28.480757],
            [-16.254746, 28.480772],
            [-16.254816, 28.480783],
            [-16.254902, 28.480814],
            [-16.254931, 28.480849],
            [-16.254951, 28.480892],
            [-16.254974, 28.48093],
            [-16.254981, 28.480996],
            [-16.254978, 28.481049],
            [-16.254974, 28.481115],
            [-16.254957, 28.481154],
            [-16.254945, 28.481183],
            [-16.254884, 28.481254],
            [-16.254817, 28.481318],
            [-16.254755, 28.48137],
            [-16.254694, 28.481463],
            [-16.254676, 28.481495],
            [-16.254679, 28.481536],
            [-16.254693, 28.481574],
            [-16.254712, 28.481617],
            [-16.254721, 28.481668],
            [-16.254736, 28.481752],
            [-16.25475, 28.481798],
            [-16.254775, 28.481851],
            [-16.254803, 28.481877],
            [-16.254832, 28.481904],
            [-16.254876, 28.481925],
            [-16.254899, 28.481936],
            [-16.254916, 28.481944],
            [-16.254997, 28.481966],
            [-16.255035, 28.481973],
            [-16.255079, 28.481981],
            [-16.255125, 28.482019],
            [-16.25515, 28.482041],
            [-16.255165, 28.482078],
            [-16.255191, 28.482142],
            [-16.255219, 28.482201],
            [-16.255264, 28.48228],
            [-16.255274, 28.482297],
            [-16.255343, 28.482371],
            [-16.255391, 28.482417],
            [-16.25546, 28.482478],
            [-16.255481, 28.482519],
            [-16.255498, 28.482552],
            [-16.255502, 28.482596],
            [-16.255505, 28.482629],
            [-16.255495, 28.482658],
            [-16.255471, 28.48269],
            [-16.255422, 28.482734],
            [-16.255387, 28.482754],
            [-16.255353, 28.482788],
            [-16.255383, 28.482824],
            [-16.255389, 28.482876],
            [-16.255416, 28.482943],
            [-16.255439, 28.482996],
            [-16.255481, 28.483074],
            [-16.255532, 28.483166],
            [-16.255545, 28.483224]
          ]
        ]
      }
    },
    {
      "type": "Feature",
      "properties": {
        "id": "17",
        "name": "Los Lavaderos",
        "cityId": "santa-cruz-de-tenerife"
      },
      "geometry": {
        "type": "Polygon",
        "coordinates": [
          [
            [-16.253252, 28.47586],
            [-16.252788, 28.475738],
            [-16.25254, 28.475793],
            [-16.252372, 28.475915],
            [-16.252272, 28.475979],
            [-16.252029, 28.476053],
            [-16.251971, 28.47607],
            [-16.251926, 28.476067],
            [-16.25188, 28.476016],
            [-16.251798, 28.475924],
            [-16.251738, 28.475777],
            [-16.251753, 28.475518],
            [-16.251526, 28.475362],
            [-16.250979, 28.4755],
            [-16.250804, 28.475049],
            [-16.251391, 28.474828],
            [-16.252112, 28.474542],
            [-16.252519, 28.474393],
            [-16.252593, 28.475415],
            [-16.252689, 28.475439],
            [-16.252761, 28.475458],
            [-16.252862, 28.475484],
            [-16.253057, 28.475535],
            [-16.253168, 28.475561],
            [-16.253297, 28.475592],
            [-16.253617, 28.475668],
            [-16.254133, 28.475767],
            [-16.254178, 28.475773],
            [-16.254174, 28.475798],
            [-16.254183, 28.475895],
            [-16.254233, 28.476431],
            [-16.254197, 28.476447],
            [-16.254113, 28.476439],
            [-16.253863, 28.476315],
            [-16.253252, 28.47586]
          ]
        ]
      }
    },
    {
      "type": "Feature",
      "properties": {
        "id": "18",
        "name": "Cueva Bermeja",
        "cityId": "santa-cruz-de-tenerife"
      },
      "geometry": {
        "type": "Polygon",
        "coordinates": [
          [
            [-16.20541, 28.498959],
            [-16.205097, 28.498511],
            [-16.20459, 28.498759],
            [-16.20424, 28.498286],
            [-16.208218, 28.496242],
            [-16.208315, 28.49642],
            [-16.208483, 28.496331],
            [-16.208423, 28.49624],
            [-16.208565, 28.496162],
            [-16.208586, 28.496189],
            [-16.209183, 28.495888],
            [-16.209651, 28.49565],
            [-16.209582, 28.495532],
            [-16.209998, 28.495323],
            [-16.210036, 28.495334],
            [-16.210061, 28.495353],
            [-16.210102, 28.495395],
            [-16.210142, 28.49543],
            [-16.210196, 28.495429],
            [-16.210273, 28.495401],
            [-16.210433, 28.495304],
            [-16.210587, 28.495247],
            [-16.210697, 28.495235],
            [-16.210764, 28.495222],
            [-16.21093, 28.49515],
            [-16.211441, 28.494875],
            [-16.211866, 28.494672],
            [-16.21194, 28.494629],
            [-16.212255, 28.494423],
            [-16.212646, 28.494189],
            [-16.213101, 28.493896],
            [-16.213326, 28.493756],
            [-16.213656, 28.49355],
            [-16.213986, 28.493344],
            [-16.214032, 28.493307],
            [-16.214077, 28.49327],
            [-16.214112, 28.493237],
            [-16.214149, 28.493222],
            [-16.21421, 28.493182],
            [-16.214168, 28.493134],
            [-16.214154, 28.493117],
            [-16.214145, 28.493105],
            [-16.214136, 28.493094],
            [-16.21412, 28.493075],
            [-16.214104, 28.493056],
            [-16.214089, 28.493036],
            [-16.214074, 28.493017],
            [-16.214058, 28.492997],
            [-16.214041, 28.492978],
            [-16.214023, 28.492961],
            [-16.214005, 28.492944],
            [-16.21397, 28.492902],
            [-16.213936, 28.49286],
            [-16.213914, 28.492834],
            [-16.213892, 28.492809],
            [-16.213877, 28.492788],
            [-16.213861, 28.492767],
            [-16.213845, 28.492747],
            [-16.213829, 28.492726],
            [-16.21381, 28.492702],
            [-16.213792, 28.492678],
            [-16.213774, 28.492655],
            [-16.213756, 28.492633],
            [-16.213741, 28.492614],
            [-16.213725, 28.492595],
            [-16.213705, 28.492567],
            [-16.213685, 28.492539],
            [-16.213669, 28.49252],
            [-16.213654, 28.492501],
            [-16.213631, 28.49247],
            [-16.213609, 28.492439],
            [-16.213597, 28.492421],
            [-16.213584, 28.492402],
            [-16.213565, 28.492374],
            [-16.213546, 28.492345],
            [-16.21353, 28.492323],
            [-16.213513, 28.492301],
            [-16.213497, 28.492279],
            [-16.213482, 28.492257],
            [-16.213467, 28.492232],
            [-16.213451, 28.492208],
            [-16.213432, 28.492183],
            [-16.213412, 28.492159],
            [-16.213392, 28.492134],
            [-16.213371, 28.492109],
            [-16.213351, 28.492088],
            [-16.213331, 28.492067],
            [-16.21331, 28.492042],
            [-16.21329, 28.492017],
            [-16.213271, 28.491992],
            [-16.213252, 28.491967],
            [-16.213235, 28.491947],
            [-16.213219, 28.491927],
            [-16.213199, 28.4919],
            [-16.21318, 28.491873],
            [-16.213164, 28.491851],
            [-16.213147, 28.49183],
            [-16.21313, 28.491805],
            [-16.213114, 28.491778],
            [-16.213103, 28.491755],
            [-16.213096, 28.491731],
            [-16.213093, 28.491709],
            [-16.213092, 28.491688],
            [-16.213093, 28.491665],
            [-16.213098, 28.491642],
            [-16.213105, 28.491625],
            [-16.213116, 28.491609],
            [-16.213127, 28.491593],
            [-16.21314, 28.491578],
            [-16.213162, 28.491557],
            [-16.213186, 28.491538],
            [-16.213203, 28.491529],
            [-16.213221, 28.491524],
            [-16.213248, 28.491519],
            [-16.213275, 28.491517],
            [-16.213294, 28.491517],
            [-16.213313, 28.49152],
            [-16.213358, 28.49154],
            [-16.213396, 28.491566],
            [-16.213417, 28.491583],
            [-16.213437, 28.4916],
            [-16.213454, 28.491615],
            [-16.21347, 28.49163],
            [-16.213488, 28.491646],
            [-16.213504, 28.491664],
            [-16.213518, 28.491681],
            [-16.21353, 28.491699],
            [-16.213553, 28.491731],
            [-16.213576, 28.491762],
            [-16.213605, 28.491802],
            [-16.213621, 28.491822],
            [-16.213636, 28.491842],
            [-16.213651, 28.491862],
            [-16.213666, 28.491883],
            [-16.21368, 28.491899],
            [-16.213693, 28.491916],
            [-16.213711, 28.491937],
            [-16.213728, 28.491958],
            [-16.213747, 28.491977],
            [-16.213765, 28.491997],
            [-16.213799, 28.492042],
            [-16.213833, 28.492087],
            [-16.213865, 28.492131],
            [-16.213898, 28.492174],
            [-16.213917, 28.492199],
            [-16.213936, 28.492224],
            [-16.21395, 28.49224],
            [-16.213963, 28.492256],
            [-16.213999, 28.492305],
            [-16.214034, 28.492353],
            [-16.214052, 28.492374],
            [-16.214071, 28.492395],
            [-16.214091, 28.492414],
            [-16.21411, 28.492434],
            [-16.214135, 28.492459],
            [-16.214159, 28.492485],
            [-16.214176, 28.492504],
            [-16.214192, 28.492524],
            [-16.214212, 28.492544],
            [-16.214232, 28.492565],
            [-16.214252, 28.492586],
            [-16.214271, 28.492608],
            [-16.214287, 28.49263],
            [-16.214302, 28.492653],
            [-16.214314, 28.492672],
            [-16.214324, 28.492692],
            [-16.214332, 28.492712],
            [-16.214339, 28.492733],
            [-16.214348, 28.492758],
            [-16.214357, 28.492782],
            [-16.214365, 28.4928],
            [-16.214374, 28.492817],
            [-16.214389, 28.492841],
            [-16.214406, 28.492863],
            [-16.214419, 28.492877],
            [-16.214434, 28.49289],
            [-16.214464, 28.492909],
            [-16.214497, 28.492923],
            [-16.21452, 28.492929],
            [-16.214543, 28.492932],
            [-16.214563, 28.492932],
            [-16.214582, 28.492928],
            [-16.214604, 28.492921],
            [-16.214624, 28.492912],
            [-16.214642, 28.492903],
            [-16.214659, 28.492894],
            [-16.214676, 28.492885],
            [-16.214693, 28.492877],
            [-16.214706, 28.492869],
            [-16.214719, 28.492861],
            [-16.214769, 28.492829],
            [-16.214819, 28.492797],
            [-16.214845, 28.492783],
            [-16.214872, 28.492769],
            [-16.214896, 28.492756],
            [-16.214919, 28.492744],
            [-16.214952, 28.492727],
            [-16.214984, 28.49271],
            [-16.215013, 28.492693],
            [-16.21504, 28.492675],
            [-16.215066, 28.492658],
            [-16.215092, 28.492642],
            [-16.215115, 28.492626],
            [-16.215137, 28.492611],
            [-16.215164, 28.492597],
            [-16.215191, 28.492582],
            [-16.215215, 28.492568],
            [-16.215239, 28.492554],
            [-16.215265, 28.492539],
            [-16.215291, 28.492523],
            [-16.215324, 28.492505],
            [-16.215356, 28.492487],
            [-16.215379, 28.492472],
            [-16.215402, 28.492458],
            [-16.215428, 28.49244],
            [-16.215455, 28.492422],
            [-16.21548, 28.492408],
            [-16.215505, 28.492393],
            [-16.215526, 28.492381],
            [-16.215547, 28.492369],
            [-16.21557, 28.492355],
            [-16.215593, 28.492342],
            [-16.215621, 28.492323],
            [-16.215649, 28.492304],
            [-16.215672, 28.492291],
            [-16.215695, 28.492278],
            [-16.215717, 28.492267],
            [-16.215739, 28.492255],
            [-16.21578, 28.49223],
            [-16.215822, 28.492204],
            [-16.215846, 28.49219],
            [-16.215869, 28.492176],
            [-16.215964, 28.492119],
            [-16.216059, 28.492063],
            [-16.216079, 28.492051],
            [-16.216098, 28.492039],
            [-16.216139, 28.492016],
            [-16.216179, 28.491992],
            [-16.216206, 28.491975],
            [-16.216232, 28.491957],
            [-16.216259, 28.491939],
            [-16.216285, 28.491921],
            [-16.216312, 28.491905],
            [-16.216338, 28.491888],
            [-16.216361, 28.491874],
            [-16.216383, 28.491859],
            [-16.216415, 28.491837],
            [-16.216446, 28.491814],
            [-16.216468, 28.4918],
            [-16.21649, 28.491786],
            [-16.21653, 28.491762],
            [-16.216561, 28.491723],
            [-16.216663, 28.491662],
            [-16.216773, 28.49158],
            [-16.21685, 28.491515],
            [-16.21692, 28.491459],
            [-16.216971, 28.491404],
            [-16.217032, 28.491337],
            [-16.217086, 28.491279],
            [-16.217139, 28.491231],
            [-16.217195, 28.491173],
            [-16.217212, 28.491131],
            [-16.217225, 28.491109],
            [-16.217242, 28.491091],
            [-16.217253, 28.49106],
            [-16.217277, 28.491019],
            [-16.217331, 28.490959],
            [-16.217365, 28.490906],
            [-16.217392, 28.490863],
            [-16.217429, 28.490817],
            [-16.217447, 28.490776],
            [-16.217492, 28.490678],
            [-16.217535, 28.490606],
            [-16.217617, 28.490455],
            [-16.21768, 28.490354],
            [-16.217704, 28.49028],
            [-16.217747, 28.490244],
            [-16.217782, 28.49022],
            [-16.217811, 28.490171],
            [-16.217843, 28.490145],
            [-16.217867, 28.490102],
            [-16.217893, 28.490056],
            [-16.217947, 28.490022],
            [-16.21803, 28.489976],
            [-16.21806, 28.489947],
            [-16.218097, 28.489925],
            [-16.218151, 28.489868],
            [-16.218185, 28.48981],
            [-16.218203, 28.489757],
            [-16.218222, 28.489702],
            [-16.218267, 28.48963],
            [-16.218306, 28.489487],
            [-16.218318, 28.489424],
            [-16.218347, 28.489307],
            [-16.218354, 28.489219],
            [-16.218374, 28.489085],
            [-16.218396, 28.488865],
            [-16.2184, 28.488765],
            [-16.218402, 28.488657],
            [-16.218393, 28.488583],
            [-16.218218, 28.488688],
            [-16.218141, 28.488586],
            [-16.218828, 28.48815],
            [-16.218838, 28.488102],
            [-16.218873, 28.48803],
            [-16.218921, 28.487986],
            [-16.218999, 28.487926],
            [-16.219071, 28.48787],
            [-16.219237, 28.487756],
            [-16.219335, 28.487692],
            [-16.219341, 28.487679],
            [-16.21935, 28.487667],
            [-16.219362, 28.487656],
            [-16.219377, 28.487648],
            [-16.219388, 28.487643],
            [-16.219399, 28.487639],
            [-16.219418, 28.487633],
            [-16.219437, 28.487626],
            [-16.21945, 28.48762],
            [-16.219462, 28.487614],
            [-16.219474, 28.487605],
            [-16.219486, 28.487597],
            [-16.219497, 28.487587],
            [-16.219509, 28.487578],
            [-16.219531, 28.487567],
            [-16.219555, 28.487559],
            [-16.219565, 28.487558],
            [-16.219586, 28.487551],
            [-16.219659, 28.487545],
            [-16.219743, 28.487547],
            [-16.219792, 28.487566],
            [-16.219818, 28.4876],
            [-16.220607, 28.48704],
            [-16.221732, 28.48624],
            [-16.22304, 28.485311],
            [-16.223786, 28.484782],
            [-16.224563, 28.484223],
            [-16.225212, 28.483757],
            [-16.225245, 28.483736],
            [-16.228357, 28.482877],
            [-16.228401, 28.483025],
            [-16.2267, 28.483493],
            [-16.225332, 28.483867],
            [-16.223519, 28.48515],
            [-16.219783, 28.487804],
            [-16.219665, 28.489436],
            [-16.219606, 28.490252],
            [-16.219595, 28.490468],
            [-16.219417, 28.491478],
            [-16.219373, 28.492097],
            [-16.219798, 28.49252],
            [-16.219863, 28.492723],
            [-16.220292, 28.493535],
            [-16.220644, 28.493893],
            [-16.221044, 28.494903],
            [-16.221424, 28.495102],
            [-16.221594, 28.495306],
            [-16.221443, 28.496605],
            [-16.221708, 28.49783],
            [-16.222042, 28.49847],
            [-16.222413, 28.498771],
            [-16.22289, 28.499181],
            [-16.223197, 28.499486],
            [-16.223413, 28.500003],
            [-16.223405, 28.500306],
            [-16.223399, 28.500561],
            [-16.223999, 28.501668],
            [-16.224221, 28.502649],
            [-16.224215, 28.502908],
            [-16.224207, 28.503225],
            [-16.224329, 28.503542],
            [-16.224215, 28.503913],
            [-16.224091, 28.50407],
            [-16.223791, 28.504449],
            [-16.223709, 28.504583],
            [-16.223491, 28.504939],
            [-16.223584, 28.505699],
            [-16.223696, 28.50603],
            [-16.223823, 28.506403],
            [-16.22387, 28.507063],
            [-16.223797, 28.507813],
            [-16.22351, 28.508556],
            [-16.223203, 28.50908],
            [-16.223154, 28.509229],
            [-16.223015, 28.509648],
            [-16.222751, 28.510377],
            [-16.222663, 28.510612],
            [-16.222484, 28.511297],
            [-16.222288, 28.511466],
            [-16.222212, 28.511654],
            [-16.222146, 28.51172],
            [-16.221935, 28.511932],
            [-16.221893, 28.512042],
            [-16.221792, 28.51231],
            [-16.221682, 28.512422],
            [-16.221549, 28.512558],
            [-16.221407, 28.512603],
            [-16.220894, 28.512767],
            [-16.220639, 28.512883],
            [-16.220214, 28.513076],
            [-16.219836, 28.513262],
            [-16.219709, 28.513329],
            [-16.219404, 28.513472],
            [-16.218966, 28.513642],
            [-16.218433, 28.513733],
            [-16.218102, 28.513765],
            [-16.217334, 28.511497],
            [-16.217328, 28.511445],
            [-16.216979, 28.508718],
            [-16.215962, 28.508028],
            [-16.215499, 28.507515],
            [-16.215107, 28.506519],
            [-16.214863, 28.505929],
            [-16.214614, 28.505326],
            [-16.21349, 28.504772],
            [-16.212694, 28.504113],
            [-16.211558, 28.503273],
            [-16.211023, 28.502699],
            [-16.210548, 28.50219],
            [-16.209784, 28.501668],
            [-16.209459, 28.501481],
            [-16.208604, 28.500996],
            [-16.208258, 28.5008],
            [-16.207522, 28.500199],
            [-16.207142, 28.49981],
            [-16.206929, 28.499712],
            [-16.206548, 28.499397],
            [-16.206347, 28.499231],
            [-16.206404, 28.4991],
            [-16.20541, 28.498959]
          ]
        ]
      }
    },
    {
      "type": "Feature",
      "properties": {
        "id": "19",
        "name": "Maria Jimenez",
        "cityId": "santa-cruz-de-tenerife"
      },
      "geometry": {
        "type": "Polygon",
        "coordinates": [
          [
            [-16.22828, 28.540261],
            [-16.227956, 28.54009],
            [-16.227396, 28.540244],
            [-16.227302, 28.540253],
            [-16.22713, 28.540271],
            [-16.226924, 28.540256],
            [-16.226666, 28.540237],
            [-16.226439, 28.540018],
            [-16.226173, 28.540007],
            [-16.225884, 28.540063],
            [-16.225053, 28.540227],
            [-16.224744, 28.540193],
            [-16.22432, 28.539944],
            [-16.223669, 28.539483],
            [-16.223571, 28.539447],
            [-16.222655, 28.539112],
            [-16.221823, 28.538807],
            [-16.221403, 28.538861],
            [-16.221272, 28.538912],
            [-16.221015, 28.53902],
            [-16.220719, 28.539165],
            [-16.220493, 28.539042],
            [-16.220253, 28.538882],
            [-16.219888, 28.538902],
            [-16.219464, 28.538936],
            [-16.219299, 28.538954],
            [-16.219223, 28.539049],
            [-16.219215, 28.539058],
            [-16.219098, 28.539046],
            [-16.218968, 28.538889],
            [-16.218914, 28.538641],
            [-16.219112, 28.538028],
            [-16.219566, 28.537528],
            [-16.219856, 28.537097],
            [-16.220259, 28.536608],
            [-16.220639, 28.535208],
            [-16.221874, 28.53331],
            [-16.22085, 28.531655],
            [-16.220133, 28.530727],
            [-16.21996, 28.530036],
            [-16.219227, 28.529311],
            [-16.219483, 28.528282],
            [-16.219651, 28.527664],
            [-16.219941, 28.526582],
            [-16.219868, 28.526218],
            [-16.219765, 28.525708],
            [-16.219551, 28.525087],
            [-16.219688, 28.524411],
            [-16.219714, 28.52418],
            [-16.219763, 28.523734],
            [-16.219756, 28.523607],
            [-16.21973, 28.523105],
            [-16.219713, 28.522632],
            [-16.219727, 28.522202],
            [-16.219741, 28.521798],
            [-16.219299, 28.521163],
            [-16.2192, 28.521073],
            [-16.218902, 28.520801],
            [-16.218725, 28.519835],
            [-16.218118, 28.519182],
            [-16.21813, 28.51836],
            [-16.217789, 28.51756],
            [-16.217811, 28.516259],
            [-16.217819, 28.515777],
            [-16.218143, 28.513886],
            [-16.218102, 28.513765],
            [-16.218433, 28.513733],
            [-16.218966, 28.513642],
            [-16.219404, 28.513472],
            [-16.219709, 28.513329],
            [-16.219836, 28.513262],
            [-16.220214, 28.513076],
            [-16.220639, 28.512883],
            [-16.220894, 28.512767],
            [-16.221407, 28.512603],
            [-16.221549, 28.512558],
            [-16.221682, 28.512422],
            [-16.221792, 28.51231],
            [-16.221893, 28.512042],
            [-16.221935, 28.511932],
            [-16.222146, 28.51172],
            [-16.222212, 28.511654],
            [-16.222288, 28.511466],
            [-16.222484, 28.511297],
            [-16.222663, 28.510612],
            [-16.222751, 28.510377],
            [-16.223015, 28.509648],
            [-16.223154, 28.509229],
            [-16.223203, 28.50908],
            [-16.22351, 28.508556],
            [-16.223797, 28.507813],
            [-16.22387, 28.507063],
            [-16.223823, 28.506403],
            [-16.223696, 28.50603],
            [-16.223584, 28.505699],
            [-16.223491, 28.504939],
            [-16.223709, 28.504583],
            [-16.223791, 28.504449],
            [-16.224091, 28.50407],
            [-16.224215, 28.503913],
            [-16.224329, 28.503542],
            [-16.224207, 28.503225],
            [-16.224215, 28.502908],
            [-16.224221, 28.502649],
            [-16.223999, 28.501668],
            [-16.223399, 28.500561],
            [-16.223405, 28.500306],
            [-16.223413, 28.500003],
            [-16.223197, 28.499486],
            [-16.22289, 28.499181],
            [-16.222413, 28.498771],
            [-16.222042, 28.49847],
            [-16.221708, 28.49783],
            [-16.221443, 28.496605],
            [-16.221594, 28.495306],
            [-16.221424, 28.495102],
            [-16.221044, 28.494903],
            [-16.220644, 28.493893],
            [-16.220292, 28.493535],
            [-16.219863, 28.492723],
            [-16.219798, 28.49252],
            [-16.219373, 28.492097],
            [-16.219417, 28.491478],
            [-16.219595, 28.490468],
            [-16.219606, 28.490252],
            [-16.219665, 28.489436],
            [-16.219768, 28.489449],
            [-16.219988, 28.48943],
            [-16.226719, 28.488848],
            [-16.226721, 28.488918],
            [-16.226969, 28.489107],
            [-16.227387, 28.488681],
            [-16.2274, 28.488668],
            [-16.228203, 28.487799],
            [-16.229524, 28.486392],
            [-16.230098, 28.485763],
            [-16.229789, 28.485536],
            [-16.229071, 28.48502],
            [-16.229153, 28.484926],
            [-16.229895, 28.485454],
            [-16.230069, 28.485267],
            [-16.230798, 28.485802],
            [-16.230833, 28.485796],
            [-16.230843, 28.485792],
            [-16.230869, 28.485781],
            [-16.230905, 28.485771],
            [-16.230944, 28.485765],
            [-16.23097, 28.485763],
            [-16.230996, 28.485765],
            [-16.231013, 28.485771],
            [-16.23105, 28.485792],
            [-16.231082, 28.485816],
            [-16.231128, 28.485852],
            [-16.231173, 28.485889],
            [-16.231255, 28.485954],
            [-16.231338, 28.486019],
            [-16.231437, 28.486093],
            [-16.231537, 28.486166],
            [-16.231598, 28.48621],
            [-16.23164, 28.48624],
            [-16.231608, 28.486277],
            [-16.231352, 28.486395],
            [-16.230834, 28.486716],
            [-16.230743, 28.486954],
            [-16.231218, 28.487419],
            [-16.231654, 28.487846],
            [-16.232503, 28.48838],
            [-16.233615, 28.488873],
            [-16.234374, 28.489361],
            [-16.234909, 28.490949],
            [-16.235285, 28.491518],
            [-16.235513, 28.492103],
            [-16.235622, 28.492585],
            [-16.236122, 28.493327],
            [-16.236063, 28.493652],
            [-16.235538, 28.494217],
            [-16.23504, 28.494691],
            [-16.234854, 28.495085],
            [-16.234546, 28.495295],
            [-16.234287, 28.495873],
            [-16.233948, 28.497167],
            [-16.23382, 28.498276],
            [-16.233774, 28.498682],
            [-16.233872, 28.49953],
            [-16.23451, 28.500404],
            [-16.234964, 28.500745],
            [-16.23549, 28.501496],
            [-16.236034, 28.502121],
            [-16.236388, 28.502528],
            [-16.236854, 28.503219],
            [-16.237181, 28.503439],
            [-16.237772, 28.503485],
            [-16.238475, 28.504183],
            [-16.239116, 28.504698],
            [-16.239603, 28.50533],
            [-16.239806, 28.505592],
            [-16.240256, 28.506405],
            [-16.240546, 28.507061],
            [-16.240967, 28.507689],
            [-16.241849, 28.508941],
            [-16.241896, 28.509005],
            [-16.242928, 28.509909],
            [-16.2434, 28.510051],
            [-16.244128, 28.510289],
            [-16.24461, 28.511002],
            [-16.245127, 28.511038],
            [-16.245663, 28.51145],
            [-16.246128, 28.512046],
            [-16.24686, 28.512592],
            [-16.247544, 28.513103],
            [-16.248112, 28.51367],
            [-16.249053, 28.514393],
            [-16.249614, 28.51453],
            [-16.249998, 28.51458],
            [-16.25046, 28.514928],
            [-16.250983, 28.515687],
            [-16.251112, 28.515889],
            [-16.251287, 28.516173],
            [-16.251857, 28.51691],
            [-16.252229, 28.517292],
            [-16.252753, 28.517777],
            [-16.25409, 28.518417],
            [-16.254437, 28.518973],
            [-16.254404, 28.519783],
            [-16.254851, 28.520276],
            [-16.256653, 28.521498],
            [-16.257264, 28.521788],
            [-16.257892, 28.522086],
            [-16.259059, 28.522526],
            [-16.259134, 28.522554],
            [-16.259168, 28.522583],
            [-16.258888, 28.522547],
            [-16.258696, 28.522522],
            [-16.258302, 28.522491],
            [-16.257674, 28.522461],
            [-16.257268, 28.522442],
            [-16.256827, 28.522515],
            [-16.256537, 28.522564],
            [-16.256151, 28.522628],
            [-16.255962, 28.522712],
            [-16.255784, 28.52279],
            [-16.255684, 28.522834],
            [-16.255355, 28.522979],
            [-16.254992, 28.523139],
            [-16.25476, 28.523241],
            [-16.254321, 28.523317],
            [-16.25408, 28.523241],
            [-16.253667, 28.523111],
            [-16.253434, 28.523045],
            [-16.252877, 28.522907],
            [-16.252541, 28.522927],
            [-16.252158, 28.522949],
            [-16.251593, 28.522727],
            [-16.25105, 28.52252],
            [-16.250191, 28.522225],
            [-16.249989, 28.522015],
            [-16.249668, 28.52198],
            [-16.248927, 28.521898],
            [-16.248298, 28.521843],
            [-16.247829, 28.521823],
            [-16.247652, 28.52191],
            [-16.247259, 28.522106],
            [-16.247034, 28.522218],
            [-16.246557, 28.522264],
            [-16.246209, 28.522284],
            [-16.245916, 28.5223],
            [-16.24577, 28.522455],
            [-16.245465, 28.522779],
            [-16.245155, 28.523104],
            [-16.244836, 28.523427],
            [-16.244613, 28.523653],
            [-16.244401, 28.523771],
            [-16.243825, 28.524092],
            [-16.243178, 28.524455],
            [-16.242518, 28.524829],
            [-16.241985, 28.525143],
            [-16.241796, 28.525262],
            [-16.241874, 28.525409],
            [-16.24194, 28.525534],
            [-16.242006, 28.525688],
            [-16.242048, 28.525851],
            [-16.24209, 28.526014],
            [-16.242132, 28.526175],
            [-16.242097, 28.526285],
            [-16.242067, 28.526379],
            [-16.241961, 28.526572],
            [-16.241898, 28.526619],
            [-16.241786, 28.526704],
            [-16.24174, 28.526777],
            [-16.24168, 28.526872],
            [-16.241624, 28.527079],
            [-16.241602, 28.527159],
            [-16.241623, 28.52734],
            [-16.241641, 28.527492],
            [-16.241663, 28.527684],
            [-16.241756, 28.527931],
            [-16.241838, 28.528148],
            [-16.241863, 28.528286],
            [-16.241888, 28.528422],
            [-16.241838, 28.528578],
            [-16.241799, 28.5287],
            [-16.241749, 28.528857],
            [-16.241735, 28.52897],
            [-16.24172, 28.529092],
            [-16.241754, 28.529154],
            [-16.241831, 28.529294],
            [-16.241936, 28.529333],
            [-16.242123, 28.529403],
            [-16.242238, 28.529446],
            [-16.242355, 28.529558],
            [-16.242484, 28.529683],
            [-16.242592, 28.529707],
            [-16.242708, 28.529818],
            [-16.242825, 28.52993],
            [-16.2428, 28.530158],
            [-16.242747, 28.530227],
            [-16.242663, 28.530338],
            [-16.242656, 28.530482],
            [-16.242544, 28.530677],
            [-16.242471, 28.530827],
            [-16.242418, 28.530938],
            [-16.242407, 28.531043],
            [-16.242393, 28.531182],
            [-16.242408, 28.531331],
            [-16.242424, 28.531485],
            [-16.242439, 28.53163],
            [-16.242453, 28.531768],
            [-16.242467, 28.53191],
            [-16.242473, 28.53202],
            [-16.242397, 28.532037],
            [-16.242309, 28.532069],
            [-16.242183, 28.532189],
            [-16.242118, 28.532251],
            [-16.242065, 28.532333],
            [-16.242015, 28.53241],
            [-16.241959, 28.532497],
            [-16.241861, 28.532556],
            [-16.241806, 28.532539],
            [-16.241736, 28.53254],
            [-16.241577, 28.532543],
            [-16.241525, 28.532616],
            [-16.241474, 28.532702],
            [-16.241478, 28.532767],
            [-16.241484, 28.532873],
            [-16.241534, 28.532981],
            [-16.241494, 28.533054],
            [-16.241333, 28.533118],
            [-16.241199, 28.533229],
            [-16.24104, 28.533355],
            [-16.240949, 28.533423],
            [-16.240876, 28.533501],
            [-16.240779, 28.533611],
            [-16.240762, 28.533728],
            [-16.240814, 28.533861],
            [-16.240832, 28.533962],
            [-16.240714, 28.534047],
            [-16.240631, 28.534115],
            [-16.240632, 28.534208],
            [-16.240718, 28.534305],
            [-16.240772, 28.534364],
            [-16.240933, 28.534467],
            [-16.241072, 28.534556],
            [-16.241213, 28.534647],
            [-16.241328, 28.534708],
            [-16.241531, 28.534815],
            [-16.241662, 28.534956],
            [-16.241697, 28.535087],
            [-16.2416, 28.53518],
            [-16.241518, 28.535203],
            [-16.241341, 28.535253],
            [-16.241212, 28.535306],
            [-16.241177, 28.535315],
            [-16.241142, 28.535365],
            [-16.241088, 28.535441],
            [-16.241054, 28.53549],
            [-16.240975, 28.535538],
            [-16.240756, 28.535535],
            [-16.240615, 28.535492],
            [-16.240503, 28.535479],
            [-16.240361, 28.535435],
            [-16.240264, 28.535405],
            [-16.240169, 28.535347],
            [-16.240084, 28.535296],
            [-16.24005, 28.535241],
            [-16.239982, 28.535132],
            [-16.239872, 28.535106],
            [-16.239797, 28.535096],
            [-16.239657, 28.535079],
            [-16.239551, 28.535066],
            [-16.239471, 28.535006],
            [-16.239416, 28.534932],
            [-16.239334, 28.534907],
            [-16.239264, 28.534886],
            [-16.239136, 28.534925],
            [-16.239052, 28.534935],
            [-16.238926, 28.534961],
            [-16.238787, 28.534955],
            [-16.238713, 28.534879],
            [-16.238646, 28.534763],
            [-16.238665, 28.534681],
            [-16.238713, 28.534546],
            [-16.238713, 28.53441],
            [-16.2387, 28.534343],
            [-16.23864, 28.534284],
            [-16.238554, 28.534224],
            [-16.238463, 28.534153],
            [-16.238438, 28.53404],
            [-16.238325, 28.533965],
            [-16.238258, 28.533895],
            [-16.238191, 28.533831],
            [-16.238092, 28.533856],
            [-16.238046, 28.533927],
            [-16.238001, 28.534038],
            [-16.237949, 28.534155],
            [-16.237836, 28.534245],
            [-16.237739, 28.534322],
            [-16.237607, 28.534395],
            [-16.237522, 28.534486],
            [-16.23748, 28.534551],
            [-16.237418, 28.534645],
            [-16.237334, 28.534804],
            [-16.237235, 28.534875],
            [-16.237128, 28.534844],
            [-16.237049, 28.534802],
            [-16.236971, 28.534796],
            [-16.236854, 28.534788],
            [-16.236743, 28.53478],
            [-16.236556, 28.534642],
            [-16.236406, 28.534625],
            [-16.236218, 28.534632],
            [-16.236111, 28.534636],
            [-16.236019, 28.53464],
            [-16.235927, 28.534668],
            [-16.235879, 28.53471],
            [-16.235749, 28.534825],
            [-16.235698, 28.534914],
            [-16.235669, 28.535015],
            [-16.23568, 28.535112],
            [-16.235719, 28.535207],
            [-16.235769, 28.535306],
            [-16.235763, 28.535405],
            [-16.2357, 28.535459],
            [-16.235593, 28.535553],
            [-16.235486, 28.535595],
            [-16.235335, 28.535655],
            [-16.235097, 28.535686],
            [-16.234849, 28.535677],
            [-16.234686, 28.53569],
            [-16.234607, 28.535749],
            [-16.234564, 28.535812],
            [-16.234519, 28.535877],
            [-16.234318, 28.535944],
            [-16.234226, 28.536015],
            [-16.234159, 28.536132],
            [-16.23405, 28.536321],
            [-16.233981, 28.536378],
            [-16.233906, 28.536439],
            [-16.233747, 28.536499],
            [-16.233595, 28.536496],
            [-16.233481, 28.536452],
            [-16.233403, 28.536421],
            [-16.233282, 28.536416],
            [-16.233183, 28.536453],
            [-16.233078, 28.536488],
            [-16.232995, 28.536565],
            [-16.232896, 28.536656],
            [-16.23278, 28.536783],
            [-16.232691, 28.536879],
            [-16.232612, 28.53693],
            [-16.232527, 28.536984],
            [-16.232435, 28.537098],
            [-16.23239, 28.537168],
            [-16.232328, 28.537336],
            [-16.232268, 28.537503],
            [-16.232198, 28.537603],
            [-16.232102, 28.537742],
            [-16.23197, 28.537879],
            [-16.231862, 28.537992],
            [-16.23177, 28.538045],
            [-16.231696, 28.538131],
            [-16.231679, 28.53821],
            [-16.23173, 28.53825],
            [-16.23186, 28.538315],
            [-16.231972, 28.538307],
            [-16.23229, 28.538257],
            [-16.232541, 28.538243],
            [-16.232621, 28.538238],
            [-16.232706, 28.538264],
            [-16.232807, 28.538545],
            [-16.232851, 28.538757],
            [-16.232819, 28.538932],
            [-16.232785, 28.539116],
            [-16.232724, 28.539232],
            [-16.232607, 28.539452],
            [-16.232424, 28.539642],
            [-16.232198, 28.539844],
            [-16.231924, 28.540088],
            [-16.231549, 28.540422],
            [-16.231319, 28.540627],
            [-16.231161, 28.540753],
            [-16.231079, 28.540804],
            [-16.230739, 28.540933],
            [-16.230066, 28.54119],
            [-16.229816, 28.541294],
            [-16.229562, 28.541425],
            [-16.229305, 28.541558],
            [-16.229194, 28.541615],
            [-16.228663, 28.541805],
            [-16.228423, 28.541633],
            [-16.228333, 28.541492],
            [-16.228165, 28.541227],
            [-16.22828, 28.540261]
          ]
        ]
      }
    },
    {
      "type": "Feature",
      "properties": {
        "id": "2",
        "name": "Los Campitos",
        "cityId": "santa-cruz-de-tenerife"
      },
      "geometry": {
        "type": "Polygon",
        "coordinates": [
          [
            [-16.27799, 28.474547],
            [-16.272496, 28.489525],
            [-16.272397, 28.48972],
            [-16.272328, 28.489842],
            [-16.272283, 28.489912],
            [-16.272255, 28.489983],
            [-16.272147, 28.490227],
            [-16.272132, 28.490315],
            [-16.272128, 28.490379],
            [-16.272125, 28.490449],
            [-16.272102, 28.490562],
            [-16.272074, 28.490828],
            [-16.272045, 28.491004],
            [-16.272005, 28.491199],
            [-16.271986, 28.49131],
            [-16.27197, 28.491515],
            [-16.27197, 28.49159],
            [-16.271971, 28.491668],
            [-16.271974, 28.491747],
            [-16.271973, 28.491822],
            [-16.27197, 28.491912],
            [-16.27197, 28.491982],
            [-16.271966, 28.492059],
            [-16.271952, 28.49214],
            [-16.271933, 28.492226],
            [-16.271917, 28.492276],
            [-16.271899, 28.49231],
            [-16.271862, 28.492385],
            [-16.271823, 28.492473],
            [-16.271802, 28.492539],
            [-16.27178, 28.492625],
            [-16.271774, 28.492656],
            [-16.271766, 28.492706],
            [-16.271755, 28.492796],
            [-16.271752, 28.492873],
            [-16.271752, 28.492957],
            [-16.271751, 28.493013],
            [-16.271748, 28.493112],
            [-16.271749, 28.493185],
            [-16.271751, 28.493277],
            [-16.271752, 28.493356],
            [-16.271753, 28.493419],
            [-16.271753, 28.493518],
            [-16.271754, 28.493597],
            [-16.271755, 28.493676],
            [-16.271757, 28.493755],
            [-16.271758, 28.49383],
            [-16.271762, 28.493911],
            [-16.271764, 28.493985],
            [-16.271765, 28.494071],
            [-16.271763, 28.494148],
            [-16.271762, 28.494222],
            [-16.271758, 28.494313],
            [-16.271758, 28.494394],
            [-16.271755, 28.494473],
            [-16.271754, 28.494556],
            [-16.271753, 28.494638],
            [-16.271753, 28.494753],
            [-16.27175, 28.4948],
            [-16.27175, 28.494863],
            [-16.27175, 28.494958],
            [-16.27175, 28.495028],
            [-16.271747, 28.495116],
            [-16.271745, 28.495188],
            [-16.27174, 28.495267],
            [-16.271734, 28.495342],
            [-16.271722, 28.495443],
            [-16.271713, 28.495511],
            [-16.2717, 28.495588],
            [-16.271683, 28.495667],
            [-16.271667, 28.495751],
            [-16.271648, 28.49583],
            [-16.27163, 28.495916],
            [-16.27161, 28.496002],
            [-16.271587, 28.496079],
            [-16.271575, 28.496119],
            [-16.271559, 28.496165],
            [-16.271525, 28.496249],
            [-16.271481, 28.496346],
            [-16.271456, 28.496398],
            [-16.271411, 28.496487],
            [-16.271373, 28.496559],
            [-16.271332, 28.496641],
            [-16.271295, 28.496722],
            [-16.271246, 28.496811],
            [-16.271206, 28.496881],
            [-16.271158, 28.496967],
            [-16.27113, 28.497013],
            [-16.271112, 28.49704],
            [-16.27105, 28.497135],
            [-16.270996, 28.497215],
            [-16.270939, 28.497296],
            [-16.270892, 28.497362],
            [-16.270819, 28.497476],
            [-16.270786, 28.497535],
            [-16.270751, 28.497612],
            [-16.270726, 28.497682],
            [-16.270701, 28.497763],
            [-16.270676, 28.497852],
            [-16.270656, 28.497931],
            [-16.270632, 28.498024],
            [-16.270608, 28.498101],
            [-16.270582, 28.498182],
            [-16.270555, 28.498254],
            [-16.27054, 28.498302],
            [-16.270526, 28.498336],
            [-16.270489, 28.498424],
            [-16.270444, 28.498526],
            [-16.270423, 28.498572],
            [-16.270394, 28.498662],
            [-16.270379, 28.498728],
            [-16.270379, 28.498745],
            [-16.270266, 28.498697],
            [-16.270176, 28.498662],
            [-16.269995, 28.498569],
            [-16.269864, 28.498332],
            [-16.269745, 28.497928],
            [-16.269537, 28.497634],
            [-16.269337, 28.497361],
            [-16.26913, 28.497139],
            [-16.268701, 28.496883],
            [-16.268445, 28.496675],
            [-16.268157, 28.49657],
            [-16.267919, 28.496514],
            [-16.267666, 28.496516],
            [-16.26742, 28.496468],
            [-16.267125, 28.496435],
            [-16.266911, 28.496314],
            [-16.266714, 28.496294],
            [-16.26646, 28.496238],
            [-16.266262, 28.496139],
            [-16.265909, 28.495998],
            [-16.265646, 28.495928],
            [-16.265343, 28.495938],
            [-16.265016, 28.495941],
            [-16.264863, 28.495903],
            [-16.264664, 28.495666],
            [-16.264474, 28.495494],
            [-16.264218, 28.495302],
            [-16.26403, 28.495296],
            [-16.26376, 28.495349],
            [-16.263547, 28.495279],
            [-16.263414, 28.495128],
            [-16.263307, 28.495064],
            [-16.263037, 28.495052],
            [-16.262881, 28.495003],
            [-16.262691, 28.494925],
            [-16.262518, 28.494819],
            [-16.262394, 28.494704],
            [-16.262286, 28.494546],
            [-16.262253, 28.494398],
            [-16.262218, 28.49416],
            [-16.26214, 28.493806],
            [-16.261538, 28.493407],
            [-16.261117, 28.493115],
            [-16.26076, 28.492692],
            [-16.260668, 28.492512],
            [-16.260158, 28.491613],
            [-16.259901, 28.491319],
            [-16.259578, 28.490989],
            [-16.259075, 28.490653],
            [-16.25878, 28.489904],
            [-16.258645, 28.489565],
            [-16.258626, 28.489385],
            [-16.258587, 28.488843],
            [-16.258395, 28.487847],
            [-16.257997, 28.487381],
            [-16.257642, 28.487146],
            [-16.257287, 28.486867],
            [-16.25705, 28.486592],
            [-16.256583, 28.485845],
            [-16.256053, 28.485315],
            [-16.255304, 28.48491],
            [-16.254999, 28.484746],
            [-16.254512, 28.484382],
            [-16.254212, 28.483966],
            [-16.254154, 28.483724],
            [-16.254172, 28.48372],
            [-16.254328, 28.483686],
            [-16.25469, 28.483607],
            [-16.254973, 28.483545],
            [-16.255224, 28.483491],
            [-16.255404, 28.483451],
            [-16.255481, 28.483572],
            [-16.255562, 28.483698],
            [-16.255627, 28.483759],
            [-16.25571, 28.483836],
            [-16.255776, 28.483897],
            [-16.25587, 28.483941],
            [-16.25598, 28.483993],
            [-16.256113, 28.484039],
            [-16.256217, 28.484057],
            [-16.256412, 28.48409],
            [-16.256507, 28.484087],
            [-16.256667, 28.484082],
            [-16.256811, 28.484077],
            [-16.256921, 28.484074],
            [-16.257014, 28.484071],
            [-16.257116, 28.484067],
            [-16.257227, 28.484006],
            [-16.257473, 28.48387],
            [-16.257719, 28.483732],
            [-16.257979, 28.483583],
            [-16.258166, 28.483475],
            [-16.258358, 28.483364],
            [-16.258512, 28.483275],
            [-16.258649, 28.483196],
            [-16.258714, 28.483159],
            [-16.258789, 28.483115],
            [-16.25887, 28.483097],
            [-16.258966, 28.483076],
            [-16.259083, 28.48305],
            [-16.259193, 28.482933],
            [-16.259294, 28.482897],
            [-16.259426, 28.48285],
            [-16.259517, 28.482763],
            [-16.25959, 28.482699],
            [-16.259707, 28.482597],
            [-16.259794, 28.482604],
            [-16.259862, 28.482609],
            [-16.259966, 28.482617],
            [-16.260083, 28.482448],
            [-16.260201, 28.482278],
            [-16.260292, 28.482148],
            [-16.260404, 28.481985],
            [-16.260487, 28.481865],
            [-16.260356, 28.481792],
            [-16.260096, 28.481496],
            [-16.259963, 28.481345],
            [-16.259844, 28.481143],
            [-16.25973, 28.48095],
            [-16.25965, 28.480815],
            [-16.259538, 28.480721],
            [-16.259395, 28.480601],
            [-16.2593, 28.48052],
            [-16.259144, 28.480364],
            [-16.259058, 28.480193],
            [-16.258995, 28.480068],
            [-16.258955, 28.479989],
            [-16.258911, 28.479873],
            [-16.258864, 28.479747],
            [-16.258815, 28.479616],
            [-16.258787, 28.479482],
            [-16.258762, 28.479359],
            [-16.258788, 28.479258],
            [-16.258807, 28.479184],
            [-16.258827, 28.479103],
            [-16.258873, 28.479052],
            [-16.25893, 28.478987],
            [-16.259007, 28.478982],
            [-16.259103, 28.478974],
            [-16.259269, 28.479014],
            [-16.259426, 28.479052],
            [-16.259702, 28.479121],
            [-16.259912, 28.479177],
            [-16.26003, 28.479208],
            [-16.260166, 28.479244],
            [-16.260265, 28.479234],
            [-16.260336, 28.479227],
            [-16.260491, 28.479161],
            [-16.260687, 28.479075],
            [-16.260759, 28.478987],
            [-16.260838, 28.478891],
            [-16.260897, 28.478707],
            [-16.260879, 28.478607],
            [-16.260855, 28.478482],
            [-16.260831, 28.478302],
            [-16.260799, 28.478194],
            [-16.260853, 28.478082],
            [-16.260897, 28.47799],
            [-16.260945, 28.477905],
            [-16.261002, 28.477806],
            [-16.261024, 28.477725],
            [-16.261006, 28.477634],
            [-16.260991, 28.477556],
            [-16.260982, 28.477447],
            [-16.261035, 28.477352],
            [-16.261072, 28.477257],
            [-16.261024, 28.477102],
            [-16.260969, 28.476994],
            [-16.26093, 28.4769],
            [-16.260928, 28.47679],
            [-16.260927, 28.476656],
            [-16.260926, 28.476561],
            [-16.260894, 28.476453],
            [-16.260824, 28.476366],
            [-16.260749, 28.476309],
            [-16.260657, 28.476233],
            [-16.260599, 28.476178],
            [-16.260566, 28.476105],
            [-16.260528, 28.476023],
            [-16.260504, 28.475909],
            [-16.260514, 28.475854],
            [-16.260525, 28.475793],
            [-16.260524, 28.475638],
            [-16.260507, 28.475516],
            [-16.260544, 28.475428],
            [-16.260613, 28.475366],
            [-16.260713, 28.475327],
            [-16.260796, 28.47529],
            [-16.260883, 28.475291],
            [-16.260951, 28.475292],
            [-16.261052, 28.475293],
            [-16.261125, 28.475294],
            [-16.261244, 28.475324],
            [-16.26131, 28.475341],
            [-16.261379, 28.475359],
            [-16.261417, 28.475379],
            [-16.261532, 28.475357],
            [-16.26155, 28.475308],
            [-16.261569, 28.475256],
            [-16.261511, 28.475216],
            [-16.261461, 28.475182],
            [-16.261289, 28.475157],
            [-16.261162, 28.475138],
            [-16.261, 28.475112],
            [-16.260855, 28.475103],
            [-16.260779, 28.475099],
            [-16.260701, 28.475094],
            [-16.260629, 28.475118],
            [-16.260487, 28.475164],
            [-16.260366, 28.475246],
            [-16.260297, 28.475267],
            [-16.260239, 28.475284],
            [-16.260159, 28.475215],
            [-16.260162, 28.475161],
            [-16.260165, 28.475106],
            [-16.260204, 28.475054],
            [-16.26024, 28.475004],
            [-16.260339, 28.474942],
            [-16.260461, 28.4749],
            [-16.26061, 28.474879],
            [-16.260799, 28.474852],
            [-16.26092, 28.474835],
            [-16.261018, 28.474845],
            [-16.261152, 28.474859],
            [-16.261296, 28.474874],
            [-16.261396, 28.474885],
            [-16.261528, 28.474887],
            [-16.261657, 28.474889],
            [-16.26178, 28.474908],
            [-16.261865, 28.474991],
            [-16.261956, 28.475057],
            [-16.262027, 28.475109],
            [-16.262142, 28.475156],
            [-16.262291, 28.475216],
            [-16.262435, 28.475275],
            [-16.26261, 28.475326],
            [-16.262734, 28.47536],
            [-16.262835, 28.475386],
            [-16.262965, 28.475385],
            [-16.263083, 28.475366],
            [-16.263187, 28.475349],
            [-16.263341, 28.475415],
            [-16.263451, 28.475497],
            [-16.263566, 28.475583],
            [-16.263639, 28.475638],
            [-16.263689, 28.475676],
            [-16.263706, 28.475739],
            [-16.263721, 28.475797],
            [-16.263715, 28.475901],
            [-16.263726, 28.475972],
            [-16.263741, 28.476068],
            [-16.263781, 28.476141],
            [-16.263818, 28.476209],
            [-16.264028, 28.476256],
            [-16.264487, 28.476357],
            [-16.265052, 28.476482],
            [-16.265702, 28.476626],
            [-16.265939, 28.476678],
            [-16.266364, 28.476772],
            [-16.266816, 28.476872],
            [-16.267498, 28.477023],
            [-16.267862, 28.477103],
            [-16.268002, 28.477134],
            [-16.268199, 28.47701],
            [-16.268435, 28.47688],
            [-16.268911, 28.476617],
            [-16.269086, 28.476517],
            [-16.269368, 28.476356],
            [-16.269625, 28.476174],
            [-16.269804, 28.476048],
            [-16.270052, 28.475804],
            [-16.270131, 28.475726],
            [-16.270498, 28.475427],
            [-16.270595, 28.475348],
            [-16.270719, 28.475202],
            [-16.270833, 28.475068],
            [-16.270899, 28.474991],
            [-16.27096, 28.47492],
            [-16.270954, 28.475051],
            [-16.27095, 28.47518],
            [-16.270908, 28.475306],
            [-16.270881, 28.475424],
            [-16.270897, 28.475548],
            [-16.270927, 28.475615],
            [-16.270965, 28.475683],
            [-16.271096, 28.47576],
            [-16.271252, 28.475869],
            [-16.271341, 28.475928],
            [-16.271446, 28.475996],
            [-16.271567, 28.476051],
            [-16.271682, 28.47608],
            [-16.271779, 28.476068],
            [-16.271886, 28.476055],
            [-16.271967, 28.475998],
            [-16.272043, 28.475945],
            [-16.272133, 28.475954],
            [-16.272253, 28.475966],
            [-16.272336, 28.475965],
            [-16.272482, 28.475964],
            [-16.272591, 28.475999],
            [-16.272741, 28.476077],
            [-16.272805, 28.476132],
            [-16.27291, 28.476222],
            [-16.272943, 28.476273],
            [-16.272973, 28.47632],
            [-16.273063, 28.476349],
            [-16.273177, 28.476309],
            [-16.273208, 28.476272],
            [-16.273241, 28.476232],
            [-16.273234, 28.476153],
            [-16.273258, 28.476071],
            [-16.273275, 28.476013],
            [-16.273324, 28.475906],
            [-16.273395, 28.475856],
            [-16.273502, 28.475814],
            [-16.273669, 28.475772],
            [-16.273824, 28.475755],
            [-16.273906, 28.475734],
            [-16.274026, 28.475704],
            [-16.274064, 28.475694],
            [-16.274163, 28.47565],
            [-16.274252, 28.475619],
            [-16.274302, 28.475602],
            [-16.27436, 28.47557],
            [-16.274422, 28.475467],
            [-16.274505, 28.475329],
            [-16.274534, 28.475214],
            [-16.274577, 28.475109],
            [-16.274631, 28.475063],
            [-16.274675, 28.475025],
            [-16.274768, 28.474989],
            [-16.274833, 28.474963],
            [-16.274917, 28.47493],
            [-16.274985, 28.474927],
            [-16.275097, 28.474922],
            [-16.275147, 28.474951],
            [-16.275228, 28.475],
            [-16.27529, 28.475052],
            [-16.275348, 28.475102],
            [-16.275435, 28.475141],
            [-16.275492, 28.475166],
            [-16.275564, 28.475164],
            [-16.275672, 28.47516],
            [-16.275873, 28.475191],
            [-16.276002, 28.475211],
            [-16.276207, 28.475268],
            [-16.276351, 28.475307],
            [-16.27659, 28.475355],
            [-16.276682, 28.475374],
            [-16.276759, 28.475365],
            [-16.276861, 28.475353],
            [-16.276936, 28.475345],
            [-16.277047, 28.475262],
            [-16.277142, 28.475221],
            [-16.277244, 28.475177],
            [-16.277328, 28.475154],
            [-16.277382, 28.47514],
            [-16.277524, 28.475098],
            [-16.277585, 28.474977],
            [-16.277594, 28.4749],
            [-16.277608, 28.474783],
            [-16.277606, 28.474685],
            [-16.277605, 28.47458],
            [-16.277616, 28.474465],
            [-16.277709, 28.474469],
            [-16.277866, 28.474507],
            [-16.277919, 28.474521],
            [-16.27799, 28.474547]
          ]
        ]
      }
    },
    {
      "type": "Feature",
      "properties": {
        "id": "20",
        "name": "La Alegria",
        "cityId": "santa-cruz-de-tenerife"
      },
      "geometry": {
        "type": "Polygon",
        "coordinates": [
          [
            [-16.248538, 28.487502],
            [-16.246743, 28.488558],
            [-16.243768, 28.489167],
            [-16.243606, 28.488728],
            [-16.243419, 28.488474],
            [-16.243074, 28.488141],
            [-16.242821, 28.487819],
            [-16.242565, 28.487586],
            [-16.242574, 28.487583],
            [-16.242371, 28.487431],
            [-16.242316, 28.487374],
            [-16.242243, 28.48717],
            [-16.24217, 28.486951],
            [-16.242092, 28.486751],
            [-16.241982, 28.486556],
            [-16.241775, 28.486434],
            [-16.241633, 28.486306],
            [-16.241523, 28.486159],
            [-16.241381, 28.485979],
            [-16.241281, 28.485808],
            [-16.241067, 28.485533],
            [-16.240908, 28.485305],
            [-16.240745, 28.484752],
            [-16.240666, 28.484519],
            [-16.240556, 28.484304],
            [-16.239659, 28.483023],
            [-16.239321, 28.482744],
            [-16.238747, 28.482255],
            [-16.238755, 28.482238],
            [-16.238801, 28.482168],
            [-16.238831, 28.482127],
            [-16.238908, 28.482088],
            [-16.239004, 28.482036],
            [-16.239069, 28.482003],
            [-16.239124, 28.481967],
            [-16.23923, 28.481896],
            [-16.239234, 28.481858],
            [-16.239242, 28.48182],
            [-16.239216, 28.481776],
            [-16.23917, 28.481746],
            [-16.239104, 28.481704],
            [-16.239002, 28.481639],
            [-16.238928, 28.481553],
            [-16.238835, 28.481485],
            [-16.238815, 28.481471],
            [-16.238798, 28.481454],
            [-16.238793, 28.481445],
            [-16.238792, 28.481434],
            [-16.2388, 28.481412],
            [-16.238812, 28.481393],
            [-16.238825, 28.481375],
            [-16.238852, 28.481338],
            [-16.238879, 28.481302],
            [-16.238911, 28.481263],
            [-16.238945, 28.481226],
            [-16.238986, 28.481183],
            [-16.239026, 28.481141],
            [-16.239112, 28.48105],
            [-16.239197, 28.480959],
            [-16.239256, 28.48089],
            [-16.239311, 28.480818],
            [-16.239423, 28.480675],
            [-16.239439, 28.480659],
            [-16.239459, 28.480645],
            [-16.23948, 28.480637],
            [-16.239501, 28.480633],
            [-16.239517, 28.480633],
            [-16.239533, 28.480639],
            [-16.239544, 28.480649],
            [-16.239549, 28.48066],
            [-16.239553, 28.480671],
            [-16.239554, 28.480682],
            [-16.239553, 28.480695],
            [-16.239552, 28.480708],
            [-16.239097, 28.481245],
            [-16.239142, 28.481276],
            [-16.239305, 28.481083],
            [-16.239321, 28.481092],
            [-16.23927, 28.481155],
            [-16.239269, 28.481156],
            [-16.239707, 28.481444],
            [-16.239707, 28.481444],
            [-16.24001, 28.481078],
            [-16.240152, 28.480916],
            [-16.240263, 28.480783],
            [-16.240308, 28.480724],
            [-16.240328, 28.480688],
            [-16.240321, 28.480654],
            [-16.240278, 28.480519],
            [-16.240263, 28.480424],
            [-16.240267, 28.480337],
            [-16.24029, 28.480254],
            [-16.240242, 28.48023],
            [-16.240248, 28.480214],
            [-16.240299, 28.480226],
            [-16.240322, 28.480169],
            [-16.240517, 28.479731],
            [-16.240539, 28.479676],
            [-16.240599, 28.479558],
            [-16.240633, 28.479453],
            [-16.240658, 28.479356],
            [-16.240684, 28.479275],
            [-16.240689, 28.479238],
            [-16.240689, 28.479238],
            [-16.240705, 28.479238],
            [-16.240902, 28.479308],
            [-16.241132, 28.479391],
            [-16.24136, 28.479474],
            [-16.241517, 28.479531],
            [-16.24157, 28.47955],
            [-16.241639, 28.479575],
            [-16.241914, 28.479749],
            [-16.242076, 28.479851],
            [-16.242235, 28.47966],
            [-16.242392, 28.479471],
            [-16.242467, 28.47938],
            [-16.242541, 28.479291],
            [-16.242638, 28.479185],
            [-16.242681, 28.479137],
            [-16.242772, 28.479067],
            [-16.242864, 28.478997],
            [-16.242974, 28.479406],
            [-16.24303, 28.479613],
            [-16.243092, 28.479845],
            [-16.243143, 28.480003],
            [-16.243209, 28.480191],
            [-16.243271, 28.480368],
            [-16.24334, 28.480561],
            [-16.243478, 28.48074],
            [-16.243608, 28.480901],
            [-16.243812, 28.481136],
            [-16.24389, 28.481226],
            [-16.244024, 28.481347],
            [-16.244158, 28.481468],
            [-16.244272, 28.481571],
            [-16.244413, 28.481701],
            [-16.244544, 28.481825],
            [-16.244584, 28.481885],
            [-16.244688, 28.482038],
            [-16.244774, 28.482202],
            [-16.244867, 28.482377],
            [-16.244944, 28.482454],
            [-16.245053, 28.482563],
            [-16.245181, 28.482694],
            [-16.245328, 28.482844],
            [-16.245421, 28.482938],
            [-16.245543, 28.483038],
            [-16.24562, 28.483101],
            [-16.245721, 28.483183],
            [-16.245865, 28.4833],
            [-16.245948, 28.483368],
            [-16.246016, 28.483423],
            [-16.246143, 28.48355],
            [-16.246279, 28.483687],
            [-16.246418, 28.483893],
            [-16.246555, 28.484116],
            [-16.246719, 28.484368],
            [-16.246889, 28.484617],
            [-16.247042, 28.48483],
            [-16.247129, 28.484951],
            [-16.247224, 28.485092],
            [-16.247353, 28.485277],
            [-16.247483, 28.485451],
            [-16.247537, 28.485523],
            [-16.247624, 28.485604],
            [-16.247704, 28.485679],
            [-16.247746, 28.485788],
            [-16.247809, 28.485954],
            [-16.247867, 28.486036],
            [-16.247942, 28.486142],
            [-16.248018, 28.486281],
            [-16.248174, 28.486556],
            [-16.248404, 28.486939],
            [-16.248538, 28.487502]
          ]
        ]
      }
    },
    {
      "type": "Feature",
      "properties": {
        "id": "21",
        "name": "Valle Tahodio",
        "cityId": "santa-cruz-de-tenerife"
      },
      "geometry": {
        "type": "Polygon",
        "coordinates": [
          [
            [-16.285974, 28.51656],
            [-16.285973, 28.516607],
            [-16.285965, 28.516645],
            [-16.285951, 28.516693],
            [-16.285938, 28.516729],
            [-16.285919, 28.516765],
            [-16.285898, 28.516802],
            [-16.285874, 28.516838],
            [-16.285854, 28.516874],
            [-16.285823, 28.516913],
            [-16.285783, 28.516947],
            [-16.285747, 28.516979],
            [-16.285714, 28.517002],
            [-16.285682, 28.517029],
            [-16.285631, 28.517061],
            [-16.285596, 28.517084],
            [-16.285559, 28.517107],
            [-16.28552, 28.517139],
            [-16.285494, 28.517171],
            [-16.285474, 28.517205],
            [-16.285455, 28.517239],
            [-16.285439, 28.517275],
            [-16.28542, 28.517316],
            [-16.2854, 28.517355],
            [-16.285379, 28.5174],
            [-16.285352, 28.517452],
            [-16.285322, 28.517504],
            [-16.285295, 28.517552],
            [-16.28527, 28.517602],
            [-16.28525, 28.517638],
            [-16.28523, 28.517684],
            [-16.285214, 28.517722],
            [-16.285197, 28.517767],
            [-16.285181, 28.517815],
            [-16.285167, 28.517869],
            [-16.285155, 28.517914],
            [-16.285143, 28.517948],
            [-16.285128, 28.518],
            [-16.285121, 28.518041],
            [-16.285112, 28.518082],
            [-16.285102, 28.518134],
            [-16.285093, 28.51817],
            [-16.285077, 28.51822],
            [-16.285062, 28.518254],
            [-16.285038, 28.518301],
            [-16.285013, 28.518356],
            [-16.284995, 28.51839],
            [-16.284975, 28.518433],
            [-16.284949, 28.518476],
            [-16.28492, 28.518521],
            [-16.284892, 28.518562],
            [-16.284863, 28.518599],
            [-16.284832, 28.518635],
            [-16.284799, 28.518667],
            [-16.284759, 28.518708],
            [-16.284718, 28.518751],
            [-16.284675, 28.518792],
            [-16.284633, 28.518831],
            [-16.284592, 28.518874],
            [-16.284555, 28.518917],
            [-16.284525, 28.518954],
            [-16.284505, 28.518986],
            [-16.284474, 28.519035],
            [-16.284452, 28.519081],
            [-16.284439, 28.519117],
            [-16.284419, 28.519174],
            [-16.284402, 28.519226],
            [-16.284391, 28.519266],
            [-16.284378, 28.519321],
            [-16.284372, 28.519368],
            [-16.284368, 28.519411],
            [-16.284369, 28.519452],
            [-16.284373, 28.51949],
            [-16.28438, 28.51953],
            [-16.284395, 28.519578],
            [-16.284409, 28.519614],
            [-16.284432, 28.519654],
            [-16.284457, 28.519692],
            [-16.284487, 28.51973],
            [-16.284516, 28.519764],
            [-16.284544, 28.519793],
            [-16.284571, 28.519822],
            [-16.284597, 28.519853],
            [-16.284629, 28.519889],
            [-16.284656, 28.519918],
            [-16.284687, 28.519956],
            [-16.284721, 28.519985],
            [-16.284747, 28.520021],
            [-16.283189, 28.522777],
            [-16.28119, 28.526316],
            [-16.281166, 28.526348],
            [-16.281136, 28.526382],
            [-16.281111, 28.526418],
            [-16.281087, 28.526448],
            [-16.281061, 28.526482],
            [-16.281036, 28.526509],
            [-16.281005, 28.526543],
            [-16.280975, 28.526578],
            [-16.28095, 28.526607],
            [-16.280924, 28.526637],
            [-16.280895, 28.526664],
            [-16.28087, 28.5267],
            [-16.280845, 28.526732],
            [-16.280817, 28.526762],
            [-16.280788, 28.526796],
            [-16.280754, 28.526837],
            [-16.280727, 28.526869],
            [-16.280702, 28.526901],
            [-16.280677, 28.526932],
            [-16.280653, 28.526962],
            [-16.280626, 28.526996],
            [-16.280591, 28.527037],
            [-16.280566, 28.527069],
            [-16.280536, 28.52711],
            [-16.280507, 28.527146],
            [-16.28048, 28.527182],
            [-16.280456, 28.527214],
            [-16.280425, 28.527251],
            [-16.280395, 28.527292],
            [-16.280366, 28.527335],
            [-16.280346, 28.527369],
            [-16.280325, 28.527405],
            [-16.280305, 28.527444],
            [-16.280285, 28.527484],
            [-16.280267, 28.527525],
            [-16.28025, 28.527566],
            [-16.280237, 28.527604],
            [-16.28022, 28.527652],
            [-16.280206, 28.527688],
            [-16.280196, 28.527727],
            [-16.280183, 28.527774],
            [-16.280176, 28.527813],
            [-16.280167, 28.527851],
            [-16.280157, 28.527894],
            [-16.280149, 28.52793],
            [-16.280135, 28.527969],
            [-16.280119, 28.528014],
            [-16.2801, 28.528057],
            [-16.280078, 28.528098],
            [-16.280054, 28.528143],
            [-16.280028, 28.528184],
            [-16.28, 28.528218],
            [-16.279968, 28.528257],
            [-16.279937, 28.528293],
            [-16.279909, 28.528325],
            [-16.279879, 28.528364],
            [-16.279854, 28.528393],
            [-16.279825, 28.528421],
            [-16.279795, 28.52845],
            [-16.279766, 28.528478],
            [-16.279736, 28.528512],
            [-16.279712, 28.528543],
            [-16.279695, 28.528575],
            [-16.279687, 28.528611],
            [-16.279688, 28.528654],
            [-16.279693, 28.52869],
            [-16.279697, 28.528729],
            [-16.279707, 28.528765],
            [-16.279714, 28.528801],
            [-16.279724, 28.528837],
            [-16.279735, 28.528875],
            [-16.279745, 28.528913],
            [-16.279757, 28.528954],
            [-16.279769, 28.528994],
            [-16.279783, 28.529039],
            [-16.279795, 28.529077],
            [-16.279809, 28.529118],
            [-16.27982, 28.529154],
            [-16.279831, 28.529188],
            [-16.279841, 28.529226],
            [-16.279852, 28.529264],
            [-16.279863, 28.5293],
            [-16.279873, 28.529347],
            [-16.279884, 28.52939],
            [-16.279892, 28.529429],
            [-16.279902, 28.529474],
            [-16.27991, 28.529512],
            [-16.279917, 28.52955],
            [-16.279924, 28.529593],
            [-16.279932, 28.529631],
            [-16.279939, 28.52967],
            [-16.279946, 28.529708],
            [-16.279955, 28.529751],
            [-16.279965, 28.529791],
            [-16.279973, 28.529836],
            [-16.279982, 28.529874],
            [-16.279997, 28.529919],
            [-16.280003, 28.529955],
            [-16.280014, 28.529996],
            [-16.280022, 28.530034],
            [-16.28003, 28.53007],
            [-16.280036, 28.530106],
            [-16.280031, 28.530149],
            [-16.280027, 28.530188],
            [-16.280016, 28.530237],
            [-16.280006, 28.530278],
            [-16.279994, 28.530314],
            [-16.279983, 28.530357],
            [-16.279972, 28.530394],
            [-16.27996, 28.53043],
            [-16.279945, 28.530477],
            [-16.27993, 28.53052],
            [-16.279919, 28.530556],
            [-16.279903, 28.530595],
            [-16.279886, 28.530638],
            [-16.279871, 28.530674],
            [-16.279855, 28.53071],
            [-16.279839, 28.530749],
            [-16.279824, 28.530785],
            [-16.279804, 28.530833],
            [-16.279785, 28.530876],
            [-16.279767, 28.530921],
            [-16.279749, 28.530969],
            [-16.279727, 28.531014],
            [-16.279712, 28.531048],
            [-16.279695, 28.531096],
            [-16.279675, 28.531141],
            [-16.279657, 28.531177],
            [-16.279641, 28.531216],
            [-16.279626, 28.531256],
            [-16.279608, 28.531293],
            [-16.27959, 28.531336],
            [-16.279575, 28.531372],
            [-16.279555, 28.531415],
            [-16.279537, 28.531447],
            [-16.27952, 28.531481],
            [-16.279496, 28.531517],
            [-16.279473, 28.531551],
            [-16.279447, 28.531588],
            [-16.279421, 28.531631],
            [-16.279401, 28.531665],
            [-16.27938, 28.531701],
            [-16.27936, 28.531735],
            [-16.27933, 28.53178],
            [-16.27931, 28.531819],
            [-16.279292, 28.531853],
            [-16.279271, 28.531896],
            [-16.279256, 28.531932],
            [-16.27924, 28.531969],
            [-16.279221, 28.532018],
            [-16.279213, 28.532052],
            [-16.279203, 28.5321],
            [-16.279198, 28.532143],
            [-16.279194, 28.532181],
            [-16.279192, 28.532219],
            [-16.279188, 28.532256],
            [-16.279178, 28.532305],
            [-16.279169, 28.532346],
            [-16.27916, 28.532384],
            [-16.27915, 28.532423],
            [-16.279136, 28.532466],
            [-16.27912, 28.532511],
            [-16.279105, 28.532556],
            [-16.279086, 28.532597],
            [-16.279067, 28.532631],
            [-16.279046, 28.532672],
            [-16.279025, 28.532711],
            [-16.278985, 28.532792],
            [-16.27893, 28.532809],
            [-16.278885, 28.53282],
            [-16.278832, 28.532823],
            [-16.278783, 28.532826],
            [-16.27874, 28.532824],
            [-16.278698, 28.532829],
            [-16.278653, 28.532827],
            [-16.278612, 28.532827],
            [-16.278561, 28.532828],
            [-16.27851, 28.532833],
            [-16.278454, 28.532838],
            [-16.278408, 28.532843],
            [-16.278366, 28.532845],
            [-16.278322, 28.532848],
            [-16.278281, 28.532853],
            [-16.278239, 28.532856],
            [-16.278193, 28.532856],
            [-16.278144, 28.532861],
            [-16.278093, 28.532866],
            [-16.27804, 28.532873],
            [-16.27799, 28.532878],
            [-16.277948, 28.532886],
            [-16.2779, 28.532893],
            [-16.277857, 28.532902],
            [-16.277812, 28.532909],
            [-16.27777, 28.532919],
            [-16.277724, 28.53293],
            [-16.277681, 28.532944],
            [-16.27764, 28.532958],
            [-16.277599, 28.532975],
            [-16.277558, 28.532988],
            [-16.277516, 28.533],
            [-16.277471, 28.533016],
            [-16.27742, 28.533037],
            [-16.277379, 28.533056],
            [-16.277337, 28.533074],
            [-16.277297, 28.533092],
            [-16.277257, 28.533109],
            [-16.277217, 28.533127],
            [-16.27718, 28.533145],
            [-16.277136, 28.533168],
            [-16.277085, 28.533189],
            [-16.277045, 28.533208],
            [-16.277004, 28.533226],
            [-16.276967, 28.533242],
            [-16.276926, 28.533261],
            [-16.276886, 28.533277],
            [-16.27684, 28.533298],
            [-16.2768, 28.533316],
            [-16.27676, 28.533334],
            [-16.276727, 28.533355],
            [-16.276689, 28.533373],
            [-16.276654, 28.533392],
            [-16.276618, 28.533412],
            [-16.276581, 28.533433],
            [-16.27654, 28.533454],
            [-16.276505, 28.533474],
            [-16.276454, 28.533504],
            [-16.276407, 28.53353],
            [-16.276359, 28.533555],
            [-16.276314, 28.53358],
            [-16.276272, 28.533608],
            [-16.276236, 28.53363],
            [-16.276189, 28.53366],
            [-16.276155, 28.533683],
            [-16.276114, 28.533706],
            [-16.276074, 28.533731],
            [-16.27604, 28.533752],
            [-16.276006, 28.53377],
            [-16.275964, 28.533795],
            [-16.27593, 28.533814],
            [-16.275896, 28.533837],
            [-16.275847, 28.533869],
            [-16.275805, 28.533894],
            [-16.275768, 28.533919],
            [-16.275728, 28.533944],
            [-16.275688, 28.533972],
            [-16.275647, 28.533997],
            [-16.275608, 28.534024],
            [-16.275558, 28.534056],
            [-16.275512, 28.534086],
            [-16.275467, 28.534116],
            [-16.27542, 28.534146],
            [-16.275378, 28.534173],
            [-16.275333, 28.534201],
            [-16.275298, 28.534221],
            [-16.275254, 28.534251],
            [-16.275206, 28.534283],
            [-16.275157, 28.534313],
            [-16.27511, 28.53434],
            [-16.275065, 28.534366],
            [-16.275025, 28.534391],
            [-16.274992, 28.534412],
            [-16.274958, 28.534432],
            [-16.274919, 28.534457],
            [-16.274882, 28.534482],
            [-16.274848, 28.534503],
            [-16.274802, 28.534533],
            [-16.274765, 28.534556],
            [-16.274729, 28.534579],
            [-16.274685, 28.534604],
            [-16.274638, 28.534629],
            [-16.274598, 28.534654],
            [-16.274552, 28.534675],
            [-16.274511, 28.534691],
            [-16.274466, 28.534708],
            [-16.274429, 28.534719],
            [-16.274376, 28.534733],
            [-16.27433, 28.534745],
            [-16.274289, 28.534754],
            [-16.274247, 28.534764],
            [-16.2742, 28.534773],
            [-16.274153, 28.53478],
            [-16.274103, 28.534792],
            [-16.274049, 28.534802],
            [-16.274008, 28.534811],
            [-16.273956, 28.534825],
            [-16.273912, 28.534835],
            [-16.273864, 28.534842],
            [-16.273822, 28.534853],
            [-16.273773, 28.534863],
            [-16.273723, 28.534877],
            [-16.27367, 28.534891],
            [-16.273629, 28.534898],
            [-16.273583, 28.534908],
            [-16.273538, 28.534919],
            [-16.273493, 28.534929],
            [-16.273446, 28.534936],
            [-16.273406, 28.534945],
            [-16.273363, 28.534953],
            [-16.273313, 28.534962],
            [-16.273268, 28.534969],
            [-16.273226, 28.534976],
            [-16.273172, 28.534984],
            [-16.27313, 28.534991],
            [-16.273089, 28.534996],
            [-16.27304, 28.535001],
            [-16.272991, 28.535006],
            [-16.272943, 28.535013],
            [-16.272897, 28.535018],
            [-16.27285, 28.535025],
            [-16.272798, 28.535035],
            [-16.272751, 28.535042],
            [-16.272711, 28.535049],
            [-16.272666, 28.535054],
            [-16.272625, 28.535063],
            [-16.272579, 28.53507],
            [-16.27253, 28.53508],
            [-16.272488, 28.53508],
            [-16.272445, 28.535083],
            [-16.272414, 28.535085],
            [-16.272391, 28.535086],
            [-16.272339, 28.535086],
            [-16.272292, 28.535089],
            [-16.272249, 28.535094],
            [-16.272198, 28.535094],
            [-16.272155, 28.535097],
            [-16.272105, 28.535102],
            [-16.272058, 28.535102],
            [-16.272016, 28.535101],
            [-16.271965, 28.535101],
            [-16.27192, 28.535104],
            [-16.271873, 28.535106],
            [-16.271817, 28.535107],
            [-16.271768, 28.535107],
            [-16.271726, 28.535108],
            [-16.271677, 28.535106],
            [-16.271636, 28.535102],
            [-16.271585, 28.535093],
            [-16.271542, 28.535085],
            [-16.271496, 28.535074],
            [-16.271456, 28.535061],
            [-16.271415, 28.535045],
            [-16.271373, 28.535032],
            [-16.271326, 28.535014],
            [-16.271286, 28.535001],
            [-16.271248, 28.534988],
            [-16.271204, 28.534975],
            [-16.271151, 28.534955],
            [-16.27109, 28.534935],
            [-16.271034, 28.53492],
            [-16.270993, 28.534909],
            [-16.270946, 28.534901],
            [-16.2709, 28.534897],
            [-16.270854, 28.534897],
            [-16.270809, 28.5349],
            [-16.270758, 28.534909],
            [-16.270699, 28.534921],
            [-16.270651, 28.534928],
            [-16.270586, 28.534942],
            [-16.270524, 28.534957],
            [-16.270467, 28.534968],
            [-16.270416, 28.53498],
            [-16.270376, 28.53499],
            [-16.270325, 28.535001],
            [-16.270286, 28.535015],
            [-16.270243, 28.535027],
            [-16.270191, 28.535045],
            [-16.270147, 28.535062],
            [-16.270095, 28.53508],
            [-16.27005, 28.535096],
            [-16.27001, 28.535115],
            [-16.269973, 28.535129],
            [-16.269925, 28.535149],
            [-16.269874, 28.535175],
            [-16.269825, 28.535198],
            [-16.26979, 28.535214],
            [-16.269741, 28.535237],
            [-16.2697, 28.53526],
            [-16.26966, 28.535287],
            [-16.26964, 28.535302],
            [-16.269628, 28.535299],
            [-16.26955, 28.535331],
            [-16.26948, 28.535341],
            [-16.269383, 28.535355],
            [-16.269275, 28.535307],
            [-16.269172, 28.53526],
            [-16.269026, 28.53517],
            [-16.268877, 28.535078],
            [-16.268753, 28.535045],
            [-16.268508, 28.534984],
            [-16.26844, 28.534798],
            [-16.268343, 28.534531],
            [-16.268249, 28.534271],
            [-16.268074, 28.53379],
            [-16.267902, 28.533625],
            [-16.267624, 28.53336],
            [-16.26727, 28.533021],
            [-16.266885, 28.532654],
            [-16.266411, 28.532199],
            [-16.266176, 28.532083],
            [-16.265833, 28.531911],
            [-16.265408, 28.531699],
            [-16.264959, 28.531475],
            [-16.264731, 28.531336],
            [-16.264468, 28.531175],
            [-16.264105, 28.530954],
            [-16.263801, 28.530768],
            [-16.263558, 28.530541],
            [-16.263114, 28.530124],
            [-16.262933, 28.529954],
            [-16.262672, 28.529709],
            [-16.262513, 28.52956],
            [-16.262479, 28.529486],
            [-16.262397, 28.529309],
            [-16.262259, 28.52901],
            [-16.26213, 28.528729],
            [-16.262034, 28.528521],
            [-16.261879, 28.528184],
            [-16.261753, 28.527911],
            [-16.261624, 28.527632],
            [-16.26162, 28.527494],
            [-16.261615, 28.527329],
            [-16.261603, 28.526957],
            [-16.261598, 28.526792],
            [-16.261585, 28.526372],
            [-16.261577, 28.526103],
            [-16.261501, 28.525891],
            [-16.2614, 28.525612],
            [-16.261218, 28.525107],
            [-16.260992, 28.52448],
            [-16.260891, 28.5242],
            [-16.260691, 28.523871],
            [-16.260476, 28.523518],
            [-16.260395, 28.523385],
            [-16.260291, 28.523215],
            [-16.260321, 28.522559],
            [-16.25988, 28.521914],
            [-16.259533, 28.521384],
            [-16.259357, 28.520966],
            [-16.259184, 28.520794],
            [-16.258947, 28.520715],
            [-16.258866, 28.520541],
            [-16.258609, 28.519895],
            [-16.25842, 28.519398],
            [-16.258191, 28.518901],
            [-16.258057, 28.518752],
            [-16.25779, 28.518325],
            [-16.257492, 28.517551],
            [-16.257207, 28.516754],
            [-16.257085, 28.516442],
            [-16.257135, 28.516244],
            [-16.257406, 28.515871],
            [-16.257428, 28.515499],
            [-16.257226, 28.515072],
            [-16.257051, 28.51468],
            [-16.257086, 28.514331],
            [-16.257067, 28.513819],
            [-16.257061, 28.513309],
            [-16.257172, 28.512705],
            [-16.257115, 28.512334],
            [-16.257124, 28.511986],
            [-16.256714, 28.511735],
            [-16.256277, 28.511426],
            [-16.256168, 28.511056],
            [-16.256042, 28.51042],
            [-16.255944, 28.509887],
            [-16.255754, 28.509367],
            [-16.25554, 28.509021],
            [-16.255302, 28.508919],
            [-16.255115, 28.508654],
            [-16.255007, 28.508342],
            [-16.254779, 28.507973],
            [-16.25459, 28.507546],
            [-16.254363, 28.507223],
            [-16.253861, 28.506949],
            [-16.2534, 28.50678],
            [-16.252715, 28.506624],
            [-16.252491, 28.506545],
            [-16.252348, 28.506209],
            [-16.252028, 28.505794],
            [-16.251672, 28.505647],
            [-16.251171, 28.505431],
            [-16.250801, 28.505226],
            [-16.250679, 28.504937],
            [-16.250702, 28.504624],
            [-16.250555, 28.504428],
            [-16.250316, 28.504175],
            [-16.250049, 28.503818],
            [-16.249949, 28.503146],
            [-16.249641, 28.502627],
            [-16.249378, 28.502595],
            [-16.249058, 28.502181],
            [-16.248764, 28.501685],
            [-16.248653, 28.501199],
            [-16.248491, 28.500794],
            [-16.2482, 28.500577],
            [-16.248207, 28.500066],
            [-16.248543, 28.499623],
            [-16.248683, 28.499297],
            [-16.248769, 28.49876],
            [-16.248723, 28.498251],
            [-16.248823, 28.497763],
            [-16.248764, 28.497276],
            [-16.248546, 28.496536],
            [-16.248315, 28.495866],
            [-16.248095, 28.495033],
            [-16.247814, 28.494606],
            [-16.247637, 28.494028],
            [-16.247434, 28.493531],
            [-16.247048, 28.493071],
            [-16.246783, 28.49283],
            [-16.246472, 28.492493],
            [-16.246128, 28.492276],
            [-16.245571, 28.491829],
            [-16.244579, 28.491166],
            [-16.243942, 28.490568],
            [-16.243782, 28.490292],
            [-16.243645, 28.489817],
            [-16.243768, 28.489167],
            [-16.246743, 28.488558],
            [-16.248538, 28.487502],
            [-16.248404, 28.486939],
            [-16.248174, 28.486556],
            [-16.248018, 28.486281],
            [-16.24829, 28.486119],
            [-16.248694, 28.48588],
            [-16.248946, 28.485731],
            [-16.249391, 28.485466],
            [-16.249761, 28.485247],
            [-16.250187, 28.484994],
            [-16.250776, 28.484644],
            [-16.251213, 28.484385],
            [-16.2516, 28.484155],
            [-16.251883, 28.483987],
            [-16.251994, 28.483921],
            [-16.252137, 28.483836],
            [-16.252218, 28.483788],
            [-16.252297, 28.483742],
            [-16.252355, 28.483707],
            [-16.252376, 28.483725],
            [-16.252474, 28.4838],
            [-16.252593, 28.48389],
            [-16.252689, 28.483936],
            [-16.252845, 28.48401],
            [-16.253016, 28.483972],
            [-16.253114, 28.483951],
            [-16.253291, 28.483912],
            [-16.253551, 28.483855],
            [-16.25393, 28.483773],
            [-16.254093, 28.483737],
            [-16.254154, 28.483724],
            [-16.254212, 28.483966],
            [-16.254512, 28.484382],
            [-16.254999, 28.484746],
            [-16.255304, 28.48491],
            [-16.256053, 28.485315],
            [-16.256583, 28.485845],
            [-16.25705, 28.486592],
            [-16.257287, 28.486867],
            [-16.257642, 28.487146],
            [-16.257997, 28.487381],
            [-16.258395, 28.487847],
            [-16.258587, 28.488843],
            [-16.258626, 28.489385],
            [-16.258645, 28.489565],
            [-16.25878, 28.489904],
            [-16.259075, 28.490653],
            [-16.259578, 28.490989],
            [-16.259901, 28.491319],
            [-16.260158, 28.491613],
            [-16.260668, 28.492512],
            [-16.26076, 28.492692],
            [-16.261117, 28.493115],
            [-16.261538, 28.493407],
            [-16.26214, 28.493806],
            [-16.262218, 28.49416],
            [-16.262253, 28.494398],
            [-16.262286, 28.494546],
            [-16.262394, 28.494704],
            [-16.262518, 28.494819],
            [-16.262691, 28.494925],
            [-16.262881, 28.495003],
            [-16.263037, 28.495052],
            [-16.263307, 28.495064],
            [-16.263414, 28.495128],
            [-16.263547, 28.495279],
            [-16.26376, 28.495349],
            [-16.26403, 28.495296],
            [-16.264218, 28.495302],
            [-16.264474, 28.495494],
            [-16.264664, 28.495666],
            [-16.264863, 28.495903],
            [-16.265016, 28.495941],
            [-16.265343, 28.495938],
            [-16.265646, 28.495928],
            [-16.265909, 28.495998],
            [-16.266262, 28.496139],
            [-16.26646, 28.496238],
            [-16.266714, 28.496294],
            [-16.266911, 28.496314],
            [-16.267125, 28.496435],
            [-16.26742, 28.496468],
            [-16.267666, 28.496516],
            [-16.267919, 28.496514],
            [-16.268157, 28.49657],
            [-16.268445, 28.496675],
            [-16.268701, 28.496883],
            [-16.26913, 28.497139],
            [-16.269337, 28.497361],
            [-16.269537, 28.497634],
            [-16.269745, 28.497928],
            [-16.269864, 28.498332],
            [-16.269995, 28.498569],
            [-16.270176, 28.498662],
            [-16.270266, 28.498697],
            [-16.270379, 28.498745],
            [-16.270376, 28.498813],
            [-16.270392, 28.498906],
            [-16.270442, 28.499009],
            [-16.270481, 28.499065],
            [-16.270533, 28.499135],
            [-16.270603, 28.499224],
            [-16.270641, 28.49926],
            [-16.270668, 28.499291],
            [-16.27073, 28.499352],
            [-16.270758, 28.499381],
            [-16.270834, 28.499452],
            [-16.270925, 28.49953],
            [-16.271028, 28.499615],
            [-16.271118, 28.499684],
            [-16.271241, 28.499776],
            [-16.271328, 28.499849],
            [-16.271422, 28.499968],
            [-16.271442, 28.500006],
            [-16.271465, 28.500094],
            [-16.271481, 28.50018],
            [-16.271491, 28.500249],
            [-16.271498, 28.500328],
            [-16.271504, 28.500416],
            [-16.271509, 28.500491],
            [-16.271512, 28.500576],
            [-16.271513, 28.500658],
            [-16.271498, 28.500739],
            [-16.271477, 28.500816],
            [-16.271458, 28.500886],
            [-16.27144, 28.500981],
            [-16.271439, 28.501049],
            [-16.271445, 28.501132],
            [-16.271462, 28.501213],
            [-16.27148, 28.501287],
            [-16.271492, 28.501375],
            [-16.271501, 28.501443],
            [-16.271514, 28.501526],
            [-16.271504, 28.501621],
            [-16.271517, 28.501695],
            [-16.271543, 28.501752],
            [-16.271589, 28.501785],
            [-16.271656, 28.501825],
            [-16.271739, 28.501883],
            [-16.271869, 28.502013],
            [-16.271949, 28.502109],
            [-16.272079, 28.502216],
            [-16.272117, 28.502238],
            [-16.272209, 28.502289],
            [-16.272284, 28.502291],
            [-16.2724, 28.502281],
            [-16.272482, 28.502246],
            [-16.272565, 28.50225],
            [-16.272645, 28.502285],
            [-16.272732, 28.502327],
            [-16.2729, 28.502425],
            [-16.27301, 28.502485],
            [-16.273104, 28.502538],
            [-16.273159, 28.502571],
            [-16.2732, 28.502594],
            [-16.27329, 28.502651],
            [-16.273393, 28.502714],
            [-16.273522, 28.502798],
            [-16.273567, 28.502829],
            [-16.273666, 28.502896],
            [-16.273788, 28.502983],
            [-16.273882, 28.503052],
            [-16.273978, 28.503119],
            [-16.274081, 28.503199],
            [-16.274174, 28.503282],
            [-16.274282, 28.503362],
            [-16.274406, 28.503437],
            [-16.274473, 28.503473],
            [-16.274572, 28.503524],
            [-16.274684, 28.503597],
            [-16.274766, 28.503671],
            [-16.274804, 28.503713],
            [-16.27487, 28.503817],
            [-16.274933, 28.503875],
            [-16.275012, 28.503915],
            [-16.275129, 28.50395],
            [-16.275274, 28.503993],
            [-16.275437, 28.504044],
            [-16.275528, 28.504061],
            [-16.275641, 28.504067],
            [-16.275655, 28.504068],
            [-16.27574, 28.504077],
            [-16.275798, 28.504072],
            [-16.275902, 28.504071],
            [-16.275985, 28.504093],
            [-16.276048, 28.504133],
            [-16.276119, 28.504179],
            [-16.276161, 28.504233],
            [-16.276275, 28.504361],
            [-16.276367, 28.504491],
            [-16.276393, 28.504533],
            [-16.276442, 28.504614],
            [-16.276486, 28.504688],
            [-16.276517, 28.504731],
            [-16.276562, 28.504784],
            [-16.276637, 28.504856],
            [-16.276711, 28.504907],
            [-16.276747, 28.504929],
            [-16.276807, 28.504969],
            [-16.276877, 28.505021],
            [-16.276913, 28.505045],
            [-16.276984, 28.505099],
            [-16.277016, 28.505128],
            [-16.277063, 28.505179],
            [-16.277117, 28.505253],
            [-16.277167, 28.505329],
            [-16.277203, 28.505385],
            [-16.277223, 28.505417],
            [-16.277266, 28.505491],
            [-16.277313, 28.505583],
            [-16.27735, 28.505653],
            [-16.277407, 28.505767],
            [-16.277434, 28.50581],
            [-16.277511, 28.505922],
            [-16.277544, 28.505969],
            [-16.277601, 28.50605],
            [-16.277662, 28.506135],
            [-16.277719, 28.506218],
            [-16.277775, 28.506294],
            [-16.277807, 28.506336],
            [-16.277841, 28.506377],
            [-16.277917, 28.506453],
            [-16.278001, 28.506526],
            [-16.278097, 28.506593],
            [-16.278134, 28.506613],
            [-16.278194, 28.50664],
            [-16.278283, 28.506666],
            [-16.278486, 28.5067],
            [-16.278778, 28.50677],
            [-16.278835, 28.506787],
            [-16.278887, 28.506811],
            [-16.278932, 28.506836],
            [-16.27899, 28.50688],
            [-16.279046, 28.506925],
            [-16.279079, 28.506952],
            [-16.27912, 28.50699],
            [-16.279171, 28.507037],
            [-16.279201, 28.507066],
            [-16.279239, 28.50711],
            [-16.279268, 28.507144],
            [-16.279315, 28.5072],
            [-16.279351, 28.507242],
            [-16.279378, 28.507272],
            [-16.279423, 28.507321],
            [-16.279474, 28.507361],
            [-16.279511, 28.50739],
            [-16.279565, 28.507428],
            [-16.279616, 28.507463],
            [-16.279662, 28.507492],
            [-16.279707, 28.507519],
            [-16.279764, 28.507552],
            [-16.279799, 28.507572],
            [-16.279861, 28.507608],
            [-16.279898, 28.507628],
            [-16.279954, 28.507661],
            [-16.279997, 28.507685],
            [-16.280056, 28.507721],
            [-16.280129, 28.507763],
            [-16.280202, 28.507805],
            [-16.280274, 28.507843],
            [-16.280318, 28.507865],
            [-16.280376, 28.507898],
            [-16.280424, 28.507923],
            [-16.280489, 28.507956],
            [-16.280573, 28.508],
            [-16.280623, 28.508025],
            [-16.280688, 28.50806],
            [-16.280734, 28.508085],
            [-16.280779, 28.508109],
            [-16.280835, 28.50814],
            [-16.280909, 28.508178],
            [-16.280987, 28.508211],
            [-16.281054, 28.508242],
            [-16.281111, 28.508264],
            [-16.281167, 28.508293],
            [-16.281208, 28.508313],
            [-16.281249, 28.508332],
            [-16.281311, 28.508366],
            [-16.281353, 28.508386],
            [-16.281395, 28.508408],
            [-16.281457, 28.508439],
            [-16.281518, 28.508468],
            [-16.28156, 28.508485],
            [-16.281671, 28.508527],
            [-16.281714, 28.508542],
            [-16.281778, 28.508562],
            [-16.28182, 28.508575],
            [-16.281892, 28.508597],
            [-16.281934, 28.508617],
            [-16.281975, 28.508637],
            [-16.282026, 28.508675],
            [-16.282061, 28.508758],
            [-16.282044, 28.508833],
            [-16.282032, 28.508869],
            [-16.282013, 28.508928],
            [-16.281998, 28.508991],
            [-16.282, 28.509038],
            [-16.282042, 28.509079],
            [-16.282158, 28.509114],
            [-16.282362, 28.509152],
            [-16.282622, 28.509238],
            [-16.282755, 28.509282],
            [-16.282816, 28.50929],
            [-16.282947, 28.509312],
            [-16.283024, 28.50932],
            [-16.283116, 28.50933],
            [-16.283174, 28.509339],
            [-16.283218, 28.509345],
            [-16.283259, 28.509349],
            [-16.283316, 28.509355],
            [-16.283387, 28.509362],
            [-16.283435, 28.509368],
            [-16.283516, 28.509381],
            [-16.283582, 28.509391],
            [-16.283629, 28.509402],
            [-16.283678, 28.509413],
            [-16.283745, 28.509426],
            [-16.283839, 28.509445],
            [-16.2839, 28.509465],
            [-16.283944, 28.50948],
            [-16.283986, 28.509496],
            [-16.284052, 28.509522],
            [-16.284093, 28.50954],
            [-16.284153, 28.509566],
            [-16.284194, 28.509584],
            [-16.284252, 28.509608],
            [-16.284289, 28.509626],
            [-16.284325, 28.509641],
            [-16.284383, 28.509668],
            [-16.284422, 28.509688],
            [-16.28448, 28.509723],
            [-16.284521, 28.509748],
            [-16.284558, 28.509777],
            [-16.284613, 28.509821],
            [-16.284645, 28.509846],
            [-16.284686, 28.509882],
            [-16.284729, 28.50992],
            [-16.284758, 28.509951],
            [-16.284791, 28.51],
            [-16.284815, 28.510041],
            [-16.284841, 28.510083],
            [-16.28487, 28.510139],
            [-16.284896, 28.510191],
            [-16.284915, 28.510227],
            [-16.284942, 28.510285],
            [-16.284962, 28.510328],
            [-16.284983, 28.510371],
            [-16.285015, 28.510438],
            [-16.28504, 28.510485],
            [-16.285074, 28.51055],
            [-16.285098, 28.510593],
            [-16.285131, 28.510656],
            [-16.285152, 28.510694],
            [-16.285172, 28.510732],
            [-16.285202, 28.510779],
            [-16.285233, 28.510838],
            [-16.285271, 28.51091],
            [-16.285288, 28.510957],
            [-16.285301, 28.510993],
            [-16.285314, 28.511049],
            [-16.285323, 28.51109],
            [-16.285332, 28.511148],
            [-16.285336, 28.511191],
            [-16.285343, 28.51125],
            [-16.285348, 28.511286],
            [-16.285353, 28.511351],
            [-16.285358, 28.511394],
            [-16.285364, 28.511459],
            [-16.285366, 28.5115],
            [-16.285375, 28.511581],
            [-16.285378, 28.511658],
            [-16.285373, 28.511712],
            [-16.28536, 28.511777],
            [-16.285345, 28.51182],
            [-16.28533, 28.511863],
            [-16.285305, 28.511931],
            [-16.285291, 28.511983],
            [-16.285279, 28.512058],
            [-16.285277, 28.512139],
            [-16.285282, 28.512218],
            [-16.285289, 28.512286],
            [-16.285297, 28.512326],
            [-16.285308, 28.512376],
            [-16.285316, 28.512412],
            [-16.28533, 28.512466],
            [-16.285337, 28.512506],
            [-16.285347, 28.512563],
            [-16.285354, 28.512608],
            [-16.28536, 28.512657],
            [-16.285366, 28.512723],
            [-16.28537, 28.512777],
            [-16.285371, 28.512815],
            [-16.285376, 28.512872],
            [-16.285377, 28.512912],
            [-16.285381, 28.512966],
            [-16.285384, 28.513036],
            [-16.285389, 28.513095],
            [-16.285396, 28.513138],
            [-16.285407, 28.513199],
            [-16.285428, 28.513289],
            [-16.285453, 28.513358],
            [-16.28547, 28.513405],
            [-16.285485, 28.513444],
            [-16.285497, 28.51352],
            [-16.285496, 28.513568],
            [-16.285492, 28.513644],
            [-16.285492, 28.513692],
            [-16.285494, 28.513735],
            [-16.285495, 28.513773],
            [-16.285477, 28.513836],
            [-16.285496, 28.513904],
            [-16.285506, 28.51394],
            [-16.285513, 28.513976],
            [-16.285523, 28.514012],
            [-16.285529, 28.514052],
            [-16.285535, 28.514089],
            [-16.285544, 28.514127],
            [-16.285552, 28.514167],
            [-16.28556, 28.51421],
            [-16.285563, 28.514253],
            [-16.285568, 28.514294],
            [-16.285574, 28.514336],
            [-16.28558, 28.514393],
            [-16.285586, 28.514447],
            [-16.285592, 28.514487],
            [-16.285597, 28.51453],
            [-16.285605, 28.514568],
            [-16.285611, 28.514616],
            [-16.285616, 28.514659],
            [-16.28562, 28.514697],
            [-16.285626, 28.514751],
            [-16.285634, 28.51481],
            [-16.285639, 28.514864],
            [-16.285643, 28.514904],
            [-16.285648, 28.514945],
            [-16.285652, 28.514985],
            [-16.285658, 28.515026],
            [-16.285663, 28.515073],
            [-16.285669, 28.515123],
            [-16.285676, 28.515175],
            [-16.285681, 28.515229],
            [-16.285686, 28.515274],
            [-16.285689, 28.515312],
            [-16.285692, 28.515369],
            [-16.285697, 28.515425],
            [-16.285699, 28.51547],
            [-16.2857, 28.515527],
            [-16.285704, 28.515581],
            [-16.285706, 28.515633],
            [-16.285708, 28.515682],
            [-16.285709, 28.51573],
            [-16.285708, 28.51577],
            [-16.285709, 28.515829],
            [-16.285713, 28.515887],
            [-16.285721, 28.515941],
            [-16.285733, 28.515991],
            [-16.285747, 28.516038],
            [-16.285768, 28.516083],
            [-16.285784, 28.516121],
            [-16.285809, 28.516162],
            [-16.28583, 28.516202],
            [-16.285852, 28.516236],
            [-16.285877, 28.516278],
            [-16.285895, 28.516319],
            [-16.285918, 28.516364],
            [-16.285935, 28.516402],
            [-16.285948, 28.516445],
            [-16.285961, 28.516478],
            [-16.285968, 28.516519],
            [-16.285974, 28.51656]
          ]
        ]
      }
    },
    {
      "type": "Feature",
      "properties": {
        "id": "22",
        "name": "San Andres",
        "cityId": "santa-cruz-de-tenerife"
      },
      "geometry": {
        "type": "Polygon",
        "coordinates": [
          [
            [-16.223191, 28.540531],
            [-16.223066, 28.540791],
            [-16.222958, 28.541016],
            [-16.222804, 28.541078],
            [-16.222158, 28.54101],
            [-16.221865, 28.541139],
            [-16.221626, 28.541188],
            [-16.221571, 28.541263],
            [-16.221561, 28.541408],
            [-16.221555, 28.541494],
            [-16.221523, 28.541559],
            [-16.221491, 28.541623],
            [-16.221211, 28.541688],
            [-16.22116, 28.541741],
            [-16.221086, 28.541816],
            [-16.220945, 28.541961],
            [-16.220726, 28.5422],
            [-16.220586, 28.542265],
            [-16.220443, 28.54224],
            [-16.220222, 28.542202],
            [-16.220038, 28.542171],
            [-16.219829, 28.542272],
            [-16.219917, 28.542679],
            [-16.21985, 28.542872],
            [-16.219785, 28.543025],
            [-16.219705, 28.543146],
            [-16.219602, 28.5433],
            [-16.21949, 28.543309],
            [-16.219406, 28.543316],
            [-16.219357, 28.543299],
            [-16.219293, 28.543278],
            [-16.219204, 28.543272],
            [-16.219153, 28.543268],
            [-16.218985, 28.543356],
            [-16.218937, 28.54342],
            [-16.218503, 28.544009],
            [-16.218101, 28.544555],
            [-16.218105, 28.544889],
            [-16.217785, 28.545253],
            [-16.217634, 28.545426],
            [-16.217228, 28.545578],
            [-16.217072, 28.545757],
            [-16.216966, 28.545878],
            [-16.216587, 28.546026],
            [-16.216351, 28.546118],
            [-16.216087, 28.546271],
            [-16.215849, 28.546407],
            [-16.215601, 28.546401],
            [-16.215336, 28.546394],
            [-16.215147, 28.546389],
            [-16.215025, 28.546455],
            [-16.214868, 28.54654],
            [-16.214602, 28.546581],
            [-16.214448, 28.54662],
            [-16.21429, 28.546661],
            [-16.214154, 28.546695],
            [-16.214056, 28.546702],
            [-16.213858, 28.546715],
            [-16.213655, 28.546728],
            [-16.213467, 28.54674],
            [-16.213279, 28.546871],
            [-16.213147, 28.546964],
            [-16.212867, 28.547005],
            [-16.212657, 28.547092],
            [-16.21232, 28.547143],
            [-16.211957, 28.547198],
            [-16.211832, 28.547304],
            [-16.211721, 28.547399],
            [-16.211637, 28.54744],
            [-16.211567, 28.547474],
            [-16.211342, 28.547476],
            [-16.21128, 28.547442],
            [-16.210947, 28.547257],
            [-16.210709, 28.547167],
            [-16.210468, 28.547076],
            [-16.210073, 28.546955],
            [-16.209766, 28.546712],
            [-16.209505, 28.546505],
            [-16.209104, 28.546188],
            [-16.208912, 28.546036],
            [-16.208615, 28.54584],
            [-16.208416, 28.545582],
            [-16.208353, 28.545583],
            [-16.208233, 28.545584],
            [-16.208207, 28.545708],
            [-16.208256, 28.545768],
            [-16.208349, 28.545881],
            [-16.208525, 28.545966],
            [-16.208674, 28.546038],
            [-16.208785, 28.54617],
            [-16.208944, 28.546358],
            [-16.208963, 28.546473],
            [-16.208974, 28.546543],
            [-16.208941, 28.546627],
            [-16.208898, 28.546737],
            [-16.208837, 28.546892],
            [-16.208783, 28.547028],
            [-16.208903, 28.547228],
            [-16.209027, 28.547436],
            [-16.209042, 28.547596],
            [-16.208917, 28.547708],
            [-16.20874, 28.547709],
            [-16.208482, 28.547712],
            [-16.208273, 28.547777],
            [-16.20809, 28.547754],
            [-16.208013, 28.547727],
            [-16.207738, 28.547633],
            [-16.207654, 28.547563],
            [-16.207369, 28.547327],
            [-16.207215, 28.547315],
            [-16.207063, 28.547446],
            [-16.206984, 28.547495],
            [-16.206933, 28.547553],
            [-16.206855, 28.54764],
            [-16.206784, 28.54779],
            [-16.206786, 28.547934],
            [-16.206843, 28.548026],
            [-16.206999, 28.548147],
            [-16.207089, 28.548254],
            [-16.207091, 28.548347],
            [-16.20704, 28.548435],
            [-16.206885, 28.548641],
            [-16.206675, 28.548894],
            [-16.206533, 28.549034],
            [-16.206455, 28.549093],
            [-16.206362, 28.549163],
            [-16.20613, 28.549312],
            [-16.205934, 28.549407],
            [-16.2057, 28.549499],
            [-16.205488, 28.549529],
            [-16.205328, 28.549552],
            [-16.205214, 28.549553],
            [-16.205055, 28.549441],
            [-16.20493, 28.549342],
            [-16.20478, 28.549214],
            [-16.20469, 28.549113],
            [-16.204591, 28.549014],
            [-16.204477, 28.548973],
            [-16.204397, 28.548973],
            [-16.204242, 28.548975],
            [-16.204095, 28.548897],
            [-16.203899, 28.548941],
            [-16.203896, 28.548942],
            [-16.203675, 28.549043],
            [-16.203517, 28.549171],
            [-16.203434, 28.549239],
            [-16.203357, 28.549367],
            [-16.203265, 28.549519],
            [-16.203131, 28.549743],
            [-16.20306, 28.549915],
            [-16.202989, 28.550109],
            [-16.202961, 28.550207],
            [-16.202903, 28.550413],
            [-16.20293, 28.550588],
            [-16.202551, 28.550388],
            [-16.202083, 28.55014],
            [-16.201038, 28.549587],
            [-16.20087, 28.549589],
            [-16.200716, 28.54969],
            [-16.200651, 28.549782],
            [-16.200551, 28.549926],
            [-16.200383, 28.550026],
            [-16.200113, 28.550128],
            [-16.199908, 28.550204],
            [-16.199616, 28.550381],
            [-16.199393, 28.550556],
            [-16.199242, 28.550712],
            [-16.199004, 28.550957],
            [-16.198754, 28.551095],
            [-16.198692, 28.551074],
            [-16.198429, 28.550987],
            [-16.198301, 28.55087],
            [-16.198132, 28.550716],
            [-16.197891, 28.550545],
            [-16.197738, 28.550527],
            [-16.197369, 28.550486],
            [-16.197104, 28.550461],
            [-16.196813, 28.550455],
            [-16.196627, 28.550457],
            [-16.196307, 28.550719],
            [-16.195847, 28.550922],
            [-16.195745, 28.551],
            [-16.195666, 28.551061],
            [-16.195556, 28.551285],
            [-16.195388, 28.551348],
            [-16.195222, 28.551523],
            [-16.195053, 28.551536],
            [-16.194857, 28.551551],
            [-16.194407, 28.551456],
            [-16.194304, 28.551462],
            [-16.194183, 28.551469],
            [-16.194065, 28.551513],
            [-16.193805, 28.55161],
            [-16.193469, 28.551624],
            [-16.193326, 28.551739],
            [-16.193232, 28.551813],
            [-16.193106, 28.551826],
            [-16.192839, 28.551741],
            [-16.192726, 28.551705],
            [-16.192572, 28.55172],
            [-16.192449, 28.551799],
            [-16.192223, 28.551946],
            [-16.192138, 28.55195],
            [-16.191915, 28.55196],
            [-16.191733, 28.551935],
            [-16.191264, 28.55187],
            [-16.191001, 28.551833],
            [-16.190907, 28.55185],
            [-16.190721, 28.551885],
            [-16.190631, 28.551876],
            [-16.190482, 28.551862],
            [-16.190342, 28.551805],
            [-16.19018, 28.551738],
            [-16.189834, 28.551595],
            [-16.189767, 28.551538],
            [-16.189706, 28.551486],
            [-16.189712, 28.5514],
            [-16.189718, 28.551298],
            [-16.189762, 28.551198],
            [-16.189882, 28.550924],
            [-16.189889, 28.550819],
            [-16.189894, 28.550728],
            [-16.189766, 28.550591],
            [-16.189474, 28.550453],
            [-16.188921, 28.55019],
            [-16.18852, 28.54998],
            [-16.188242, 28.549799],
            [-16.187972, 28.549504],
            [-16.187816, 28.549395],
            [-16.187448, 28.549138],
            [-16.187202, 28.549048],
            [-16.187082, 28.549004],
            [-16.186673, 28.548822],
            [-16.18643, 28.548842],
            [-16.186361, 28.548847],
            [-16.186301, 28.548762],
            [-16.186016, 28.548261],
            [-16.185738, 28.547772],
            [-16.184748, 28.545324],
            [-16.184025, 28.544085],
            [-16.18404, 28.543905],
            [-16.184064, 28.543626],
            [-16.184085, 28.54338],
            [-16.184067, 28.543205],
            [-16.184035, 28.542896],
            [-16.184003, 28.542591],
            [-16.183987, 28.542436],
            [-16.183961, 28.542397],
            [-16.183782, 28.542129],
            [-16.183622, 28.54189],
            [-16.182859, 28.541527],
            [-16.182799, 28.54129],
            [-16.182719, 28.54098],
            [-16.182544, 28.540916],
            [-16.182279, 28.540819],
            [-16.182163, 28.540739],
            [-16.182053, 28.540663],
            [-16.18206, 28.54057],
            [-16.182071, 28.540402],
            [-16.182088, 28.540151],
            [-16.181773, 28.539817],
            [-16.181648, 28.53952],
            [-16.18139, 28.539367],
            [-16.181142, 28.538999],
            [-16.180931, 28.538902],
            [-16.180587, 28.538907],
            [-16.180441, 28.538909],
            [-16.180216, 28.538906],
            [-16.180054, 28.538891],
            [-16.179816, 28.538868],
            [-16.179611, 28.538678],
            [-16.179448, 28.538683],
            [-16.179172, 28.538691],
            [-16.179037, 28.538695],
            [-16.178319, 28.537891],
            [-16.178045, 28.536632],
            [-16.17788, 28.536511],
            [-16.177747, 28.536413],
            [-16.177715, 28.536358],
            [-16.177651, 28.536245],
            [-16.177658, 28.536113],
            [-16.177665, 28.535984],
            [-16.177672, 28.535854],
            [-16.177699, 28.53571],
            [-16.17786, 28.535426],
            [-16.177927, 28.535271],
            [-16.178003, 28.535098],
            [-16.177912, 28.534986],
            [-16.17788, 28.534853],
            [-16.17782, 28.534614],
            [-16.177792, 28.534502],
            [-16.177737, 28.534277],
            [-16.177667, 28.53411],
            [-16.177552, 28.534032],
            [-16.177477, 28.533981],
            [-16.177447, 28.53379],
            [-16.177458, 28.533712],
            [-16.177477, 28.533586],
            [-16.177472, 28.533416],
            [-16.177469, 28.533264],
            [-16.177423, 28.532959],
            [-16.177395, 28.532775],
            [-16.177429, 28.532641],
            [-16.177121, 28.532457],
            [-16.176854, 28.532393],
            [-16.176754, 28.53231],
            [-16.176591, 28.532175],
            [-16.176404, 28.532057],
            [-16.176251, 28.531961],
            [-16.176014, 28.531688],
            [-16.175962, 28.531492],
            [-16.17585, 28.531072],
            [-16.175736, 28.530641],
            [-16.175598, 28.530414],
            [-16.175285, 28.53018],
            [-16.175204, 28.530055],
            [-16.17513, 28.52994],
            [-16.17506, 28.529832],
            [-16.174598, 28.529277],
            [-16.174481, 28.529224],
            [-16.174426, 28.529199],
            [-16.174304, 28.529108],
            [-16.174217, 28.529043],
            [-16.174201, 28.52898],
            [-16.17418, 28.528903],
            [-16.174142, 28.528853],
            [-16.174106, 28.528805],
            [-16.17411, 28.528728],
            [-16.174114, 28.528653],
            [-16.174118, 28.52859],
            [-16.174225, 28.528481],
            [-16.174232, 28.528332],
            [-16.174235, 28.528253],
            [-16.173947, 28.527849],
            [-16.174147, 28.52755],
            [-16.174209, 28.527315],
            [-16.17433, 28.527059],
            [-16.174321, 28.526946],
            [-16.174311, 28.526816],
            [-16.174299, 28.526678],
            [-16.174249, 28.52657],
            [-16.174216, 28.526498],
            [-16.174214, 28.526356],
            [-16.174285, 28.526207],
            [-16.174346, 28.526079],
            [-16.174345, 28.525901],
            [-16.17424, 28.525701],
            [-16.174176, 28.525486],
            [-16.174136, 28.525352],
            [-16.174132, 28.525007],
            [-16.174122, 28.524848],
            [-16.174113, 28.524719],
            [-16.1741, 28.524518],
            [-16.17384, 28.524306],
            [-16.173579, 28.524184],
            [-16.17331, 28.52406],
            [-16.173025, 28.52399],
            [-16.172839, 28.523923],
            [-16.172496, 28.523803],
            [-16.172386, 28.523637],
            [-16.172409, 28.52353],
            [-16.172378, 28.52341],
            [-16.172358, 28.523337],
            [-16.17222, 28.523232],
            [-16.172086, 28.523214],
            [-16.171993, 28.523202],
            [-16.171866, 28.52322],
            [-16.171736, 28.523239],
            [-16.171652, 28.52325],
            [-16.171557, 28.523311],
            [-16.171438, 28.523388],
            [-16.171005, 28.523211],
            [-16.170897, 28.522867],
            [-16.170669, 28.522546],
            [-16.170561, 28.522375],
            [-16.17061, 28.521921],
            [-16.170446, 28.521767],
            [-16.1703, 28.521746],
            [-16.170156, 28.521724],
            [-16.170038, 28.521724],
            [-16.169891, 28.521724],
            [-16.169676, 28.521799],
            [-16.169427, 28.521641],
            [-16.169176, 28.521482],
            [-16.168818, 28.521255],
            [-16.168681, 28.521245],
            [-16.168547, 28.521235],
            [-16.168305, 28.521307],
            [-16.168125, 28.521245],
            [-16.167954, 28.521186],
            [-16.167739, 28.521138],
            [-16.167613, 28.52111],
            [-16.167328, 28.520946],
            [-16.167254, 28.520791],
            [-16.167152, 28.520586],
            [-16.167037, 28.520364],
            [-16.167058, 28.520184],
            [-16.167069, 28.52009],
            [-16.167046, 28.519969],
            [-16.166946, 28.519953],
            [-16.166849, 28.519938],
            [-16.166762, 28.519924],
            [-16.166703, 28.519893],
            [-16.16657, 28.519825],
            [-16.166448, 28.519762],
            [-16.166317, 28.519712],
            [-16.166149, 28.519647],
            [-16.166005, 28.519556],
            [-16.165919, 28.519502],
            [-16.165696, 28.519447],
            [-16.16554, 28.519408],
            [-16.165447, 28.519414],
            [-16.16536, 28.51942],
            [-16.165294, 28.519424],
            [-16.165049, 28.519056],
            [-16.164872, 28.518938],
            [-16.164726, 28.518951],
            [-16.164726, 28.518951],
            [-16.164731, 28.518929],
            [-16.164734, 28.51892],
            [-16.164789, 28.518792],
            [-16.164859, 28.518705],
            [-16.165002, 28.518607],
            [-16.165031, 28.518589],
            [-16.165148, 28.518514],
            [-16.165274, 28.518456],
            [-16.165366, 28.518451],
            [-16.16545, 28.518439],
            [-16.165551, 28.518451],
            [-16.165667, 28.518482],
            [-16.165736, 28.518509],
            [-16.166041, 28.518581],
            [-16.166218, 28.518644],
            [-16.166262, 28.518654],
            [-16.166388, 28.518704],
            [-16.166521, 28.518749],
            [-16.166632, 28.518753],
            [-16.16685, 28.518698],
            [-16.167001, 28.518641],
            [-16.167109, 28.518593],
            [-16.167241, 28.518516],
            [-16.167279, 28.518497],
            [-16.167675, 28.51832],
            [-16.167817, 28.518237],
            [-16.168015, 28.518075],
            [-16.168057, 28.518026],
            [-16.168123, 28.517924],
            [-16.168232, 28.517877],
            [-16.168313, 28.517854],
            [-16.16845, 28.51777],
            [-16.16854, 28.517678],
            [-16.168655, 28.517568],
            [-16.168703, 28.517509],
            [-16.168828, 28.5173],
            [-16.168905, 28.51724],
            [-16.168961, 28.517204],
            [-16.169111, 28.517073],
            [-16.169227, 28.516978],
            [-16.169308, 28.516884],
            [-16.169322, 28.516813],
            [-16.169285, 28.516753],
            [-16.169352, 28.516716],
            [-16.169422, 28.516721],
            [-16.169446, 28.516703],
            [-16.169476, 28.516681],
            [-16.1695, 28.516656],
            [-16.169608, 28.516596],
            [-16.169693, 28.516566],
            [-16.169791, 28.516579],
            [-16.169827, 28.516578],
            [-16.169949, 28.516585],
            [-16.170073, 28.516572],
            [-16.170116, 28.516561],
            [-16.170178, 28.516527],
            [-16.170238, 28.516459],
            [-16.170295, 28.516468],
            [-16.170363, 28.516454],
            [-16.170576, 28.516369],
            [-16.170684, 28.516344],
            [-16.170757, 28.516352],
            [-16.170843, 28.516339],
            [-16.170944, 28.5163],
            [-16.171062, 28.516235],
            [-16.171419, 28.515995],
            [-16.171377, 28.515906],
            [-16.171349, 28.515834],
            [-16.171344, 28.515771],
            [-16.171435, 28.515739],
            [-16.171481, 28.51572],
            [-16.171694, 28.515621],
            [-16.171853, 28.515519],
            [-16.171884, 28.515491],
            [-16.172138, 28.515315],
            [-16.172289, 28.515243],
            [-16.172358, 28.515285],
            [-16.172412, 28.515372],
            [-16.172478, 28.515457],
            [-16.172503, 28.515507],
            [-16.172512, 28.51552],
            [-16.172572, 28.515521],
            [-16.172649, 28.515507],
            [-16.172687, 28.515496],
            [-16.172727, 28.515484],
            [-16.172814, 28.515457],
            [-16.172894, 28.51542],
            [-16.173029, 28.515355],
            [-16.173135, 28.515268],
            [-16.173167, 28.515247],
            [-16.173203, 28.515223],
            [-16.173228, 28.515209],
            [-16.173442, 28.515076],
            [-16.173566, 28.514953],
            [-16.173698, 28.514805],
            [-16.173808, 28.514711],
            [-16.173826, 28.514695],
            [-16.173865, 28.514613],
            [-16.173881, 28.514571],
            [-16.173884, 28.514535],
            [-16.173877, 28.514505],
            [-16.173864, 28.514488],
            [-16.173861, 28.514467],
            [-16.173873, 28.514455],
            [-16.173945, 28.514439],
            [-16.173976, 28.51439],
            [-16.173962, 28.514225],
            [-16.173935, 28.514149],
            [-16.173856, 28.514123],
            [-16.173801, 28.514123],
            [-16.173871, 28.514055],
            [-16.173918, 28.514042],
            [-16.173936, 28.514055],
            [-16.174029, 28.514044],
            [-16.174111, 28.513979],
            [-16.174137, 28.513901],
            [-16.174077, 28.513819],
            [-16.174125, 28.513775],
            [-16.174156, 28.513768],
            [-16.17427, 28.513756],
            [-16.174558, 28.513605],
            [-16.17471, 28.513539],
            [-16.174786, 28.513489],
            [-16.174841, 28.513495],
            [-16.174844, 28.513501],
            [-16.174895, 28.513526],
            [-16.175074, 28.513651],
            [-16.175136, 28.513686],
            [-16.175204, 28.513703],
            [-16.175253, 28.513713],
            [-16.17532, 28.513693],
            [-16.175423, 28.513648],
            [-16.175531, 28.513596],
            [-16.175614, 28.513541],
            [-16.17575, 28.513463],
            [-16.175846, 28.513415],
            [-16.175968, 28.51336],
            [-16.176246, 28.513114],
            [-16.176405, 28.512923],
            [-16.176514, 28.512757],
            [-16.176534, 28.512672],
            [-16.176601, 28.512564],
            [-16.176617, 28.512544],
            [-16.176706, 28.512484],
            [-16.17678, 28.512503],
            [-16.176793, 28.512467],
            [-16.176815, 28.512406],
            [-16.176829, 28.512318],
            [-16.176908, 28.512273],
            [-16.177029, 28.51218],
            [-16.177074, 28.512136],
            [-16.177107, 28.512103],
            [-16.177119, 28.511996],
            [-16.177112, 28.511903],
            [-16.177114, 28.511851],
            [-16.177086, 28.511738],
            [-16.17702, 28.511669],
            [-16.177018, 28.511611],
            [-16.17703, 28.511546],
            [-16.177082, 28.511394],
            [-16.177115, 28.511326],
            [-16.177284, 28.511176],
            [-16.177366, 28.51115],
            [-16.177384, 28.511114],
            [-16.177335, 28.511026],
            [-16.177322, 28.510992],
            [-16.17727, 28.510905],
            [-16.177237, 28.510768],
            [-16.177152, 28.510608],
            [-16.177118, 28.510555],
            [-16.177057, 28.51042],
            [-16.177027, 28.510303],
            [-16.177046, 28.510203],
            [-16.177076, 28.510183],
            [-16.177295, 28.510083],
            [-16.177333, 28.509991],
            [-16.177405, 28.510013],
            [-16.177493, 28.510065],
            [-16.177557, 28.510133],
            [-16.177646, 28.510205],
            [-16.177741, 28.510247],
            [-16.177788, 28.510298],
            [-16.17781, 28.510239],
            [-16.177861, 28.510191],
            [-16.177921, 28.510234],
            [-16.17797, 28.51031],
            [-16.178018, 28.510304],
            [-16.178056, 28.510247],
            [-16.177998, 28.510135],
            [-16.178001, 28.510045],
            [-16.177985, 28.510003],
            [-16.178042, 28.509966],
            [-16.178023, 28.509901],
            [-16.17801, 28.509815],
            [-16.178081, 28.509799],
            [-16.178162, 28.509788],
            [-16.178281, 28.509766],
            [-16.178339, 28.509789],
            [-16.178365, 28.509792],
            [-16.178421, 28.509755],
            [-16.178486, 28.509677],
            [-16.178588, 28.509586],
            [-16.178666, 28.509529],
            [-16.179231, 28.509079],
            [-16.179431, 28.50892],
            [-16.179897, 28.508582],
            [-16.180289, 28.508276],
            [-16.180479, 28.508157],
            [-16.180544, 28.508124],
            [-16.180636, 28.508114],
            [-16.180697, 28.508172],
            [-16.18073, 28.508276],
            [-16.180696, 28.508339],
            [-16.180457, 28.508524],
            [-16.180322, 28.508636],
            [-16.180143, 28.508773],
            [-16.180099, 28.508803],
            [-16.179885, 28.50897],
            [-16.179773, 28.509065],
            [-16.179685, 28.509145],
            [-16.179518, 28.509278],
            [-16.179502, 28.509304],
            [-16.179564, 28.509533],
            [-16.17963, 28.509611],
            [-16.179902, 28.509794],
            [-16.180037, 28.509867],
            [-16.18064, 28.510051],
            [-16.180844, 28.510103],
            [-16.181338, 28.510138],
            [-16.181699, 28.510134],
            [-16.182098, 28.510084],
            [-16.182355, 28.510029],
            [-16.182372, 28.510027],
            [-16.182969, 28.509888],
            [-16.183477, 28.509725],
            [-16.183601, 28.509679],
            [-16.183878, 28.509605],
            [-16.184094, 28.509536],
            [-16.184141, 28.509516],
            [-16.184276, 28.509426],
            [-16.184502, 28.509362],
            [-16.184759, 28.509281],
            [-16.184764, 28.509274],
            [-16.18496, 28.509177],
            [-16.185294, 28.509031],
            [-16.185897, 28.508754],
            [-16.186059, 28.508662],
            [-16.18646, 28.508392],
            [-16.186657, 28.508244],
            [-16.186776, 28.508145],
            [-16.186878, 28.508056],
            [-16.187003, 28.507949],
            [-16.18743, 28.507508],
            [-16.187696, 28.507214],
            [-16.187867, 28.507005],
            [-16.187962, 28.506905],
            [-16.188096, 28.506755],
            [-16.188211, 28.506587],
            [-16.188327, 28.506433],
            [-16.188477, 28.506221],
            [-16.188756, 28.505918],
            [-16.188931, 28.505682],
            [-16.189043, 28.505518],
            [-16.189128, 28.505344],
            [-16.189141, 28.505252],
            [-16.189165, 28.505118],
            [-16.18904, 28.505072],
            [-16.188983, 28.505054],
            [-16.188859, 28.505021],
            [-16.188853, 28.505018],
            [-16.188824, 28.505029],
            [-16.188702, 28.504924],
            [-16.1888, 28.504832],
            [-16.1888, 28.504832],
            [-16.188251, 28.504537],
            [-16.188201, 28.504492],
            [-16.188187, 28.504461],
            [-16.188195, 28.504415],
            [-16.188239, 28.504364],
            [-16.188298, 28.504357],
            [-16.1884, 28.504403],
            [-16.188546, 28.504482],
            [-16.188849, 28.504671],
            [-16.188949, 28.504726],
            [-16.189097, 28.50477],
            [-16.189207, 28.504775],
            [-16.189335, 28.50476],
            [-16.18949, 28.504748],
            [-16.189632, 28.504731],
            [-16.18979, 28.504688],
            [-16.190078, 28.504573],
            [-16.190178, 28.504525],
            [-16.190331, 28.504443],
            [-16.190798, 28.504214],
            [-16.191094, 28.50405],
            [-16.191371, 28.503868],
            [-16.19176, 28.503589],
            [-16.191881, 28.503508],
            [-16.191951, 28.503498],
            [-16.192007, 28.503452],
            [-16.19201, 28.503449],
            [-16.191949, 28.503293],
            [-16.192093, 28.503143],
            [-16.192134, 28.503175],
            [-16.192016, 28.503307],
            [-16.192026, 28.503331],
            [-16.192164, 28.503295],
            [-16.192276, 28.503279],
            [-16.192413, 28.503217],
            [-16.19254, 28.503133],
            [-16.192828, 28.502863],
            [-16.19301, 28.502657],
            [-16.193039, 28.502592],
            [-16.193346, 28.501711],
            [-16.193481, 28.501368],
            [-16.193709, 28.500941],
            [-16.1939, 28.500645],
            [-16.194011, 28.500519],
            [-16.194218, 28.500333],
            [-16.19445, 28.500197],
            [-16.194714, 28.500073],
            [-16.194986, 28.499985],
            [-16.195246, 28.499945],
            [-16.195323, 28.499909],
            [-16.195317, 28.499867],
            [-16.195295, 28.499818],
            [-16.19528, 28.499707],
            [-16.19528, 28.499624],
            [-16.195286, 28.49954],
            [-16.195257, 28.499478],
            [-16.195218, 28.499354],
            [-16.195141, 28.499018],
            [-16.194949, 28.498654],
            [-16.194866, 28.498365],
            [-16.19479, 28.498067],
            [-16.194795, 28.497781],
            [-16.194882, 28.497478],
            [-16.195198, 28.496912],
            [-16.195431, 28.496686],
            [-16.195559, 28.496563],
            [-16.195685, 28.496497],
            [-16.195836, 28.496486],
            [-16.195972, 28.496545],
            [-16.196269, 28.496461],
            [-16.196767, 28.496344],
            [-16.197354, 28.496242],
            [-16.197736, 28.496197],
            [-16.198121, 28.49617],
            [-16.198447, 28.496154],
            [-16.198917, 28.496129],
            [-16.200366, 28.496055],
            [-16.201032, 28.496041],
            [-16.201049, 28.495998],
            [-16.201091, 28.495957],
            [-16.201132, 28.495928],
            [-16.201182, 28.495899],
            [-16.201297, 28.495865],
            [-16.201728, 28.495865],
            [-16.201938, 28.495864],
            [-16.202007, 28.495871],
            [-16.20202, 28.495871],
            [-16.202033, 28.49587],
            [-16.202051, 28.49587],
            [-16.202069, 28.49587],
            [-16.202088, 28.49587],
            [-16.202108, 28.49587],
            [-16.202136, 28.495869],
            [-16.202163, 28.495869],
            [-16.202195, 28.495869],
            [-16.202227, 28.495868],
            [-16.202252, 28.495868],
            [-16.202277, 28.495867],
            [-16.202363, 28.495865],
            [-16.202449, 28.495863],
            [-16.202479, 28.495863],
            [-16.20251, 28.495863],
            [-16.202549, 28.495862],
            [-16.202588, 28.495862],
            [-16.202628, 28.495862],
            [-16.202669, 28.495861],
            [-16.202699, 28.495861],
            [-16.202729, 28.49586],
            [-16.202805, 28.495859],
            [-16.20288, 28.495857],
            [-16.202913, 28.495857],
            [-16.202945, 28.495856],
            [-16.202971, 28.495856],
            [-16.202998, 28.495856],
            [-16.203025, 28.495856],
            [-16.203051, 28.495855],
            [-16.203079, 28.495855],
            [-16.203107, 28.495855],
            [-16.203133, 28.495855],
            [-16.203158, 28.495855],
            [-16.203188, 28.495854],
            [-16.203217, 28.495853],
            [-16.203241, 28.495852],
            [-16.203265, 28.495851],
            [-16.203296, 28.49585],
            [-16.203328, 28.495848],
            [-16.203354, 28.495847],
            [-16.20338, 28.495846],
            [-16.203408, 28.495845],
            [-16.203436, 28.495845],
            [-16.203463, 28.495844],
            [-16.20349, 28.495843],
            [-16.203518, 28.495843],
            [-16.203545, 28.495842],
            [-16.203574, 28.49584],
            [-16.203603, 28.495838],
            [-16.203639, 28.495837],
            [-16.203676, 28.495836],
            [-16.203701, 28.495835],
            [-16.203727, 28.495833],
            [-16.203753, 28.495832],
            [-16.20378, 28.495832],
            [-16.203811, 28.495831],
            [-16.203843, 28.495831],
            [-16.203874, 28.495831],
            [-16.203905, 28.495831],
            [-16.203941, 28.49583],
            [-16.203977, 28.49583],
            [-16.204064, 28.495829],
            [-16.204151, 28.495828],
            [-16.204186, 28.495828],
            [-16.204222, 28.495828],
            [-16.204257, 28.495827],
            [-16.204293, 28.495827],
            [-16.204329, 28.495828],
            [-16.204365, 28.495828],
            [-16.204396, 28.495828],
            [-16.204428, 28.495828],
            [-16.204463, 28.495829],
            [-16.204498, 28.495829],
            [-16.204525, 28.495828],
            [-16.204552, 28.495826],
            [-16.20458, 28.495825],
            [-16.204607, 28.495824],
            [-16.204632, 28.495822],
            [-16.204657, 28.495819],
            [-16.204691, 28.495816],
            [-16.204726, 28.495813],
            [-16.204783, 28.495808],
            [-16.20484, 28.495804],
            [-16.204915, 28.495803],
            [-16.204989, 28.495798],
            [-16.205026, 28.495793],
            [-16.205062, 28.495787],
            [-16.205607, 28.495511],
            [-16.206229, 28.49518],
            [-16.206701, 28.494937],
            [-16.207069, 28.494735],
            [-16.207333, 28.494607],
            [-16.207764, 28.494388],
            [-16.208241, 28.49413],
            [-16.208584, 28.493927],
            [-16.20865, 28.493905],
            [-16.208765, 28.493858],
            [-16.208892, 28.493794],
            [-16.209042, 28.493719],
            [-16.209277, 28.493606],
            [-16.209391, 28.493538],
            [-16.209598, 28.493436],
            [-16.209895, 28.493281],
            [-16.210011, 28.493218],
            [-16.210138, 28.493158],
            [-16.210324, 28.49306],
            [-16.21069, 28.492886],
            [-16.210854, 28.492784],
            [-16.210943, 28.492763],
            [-16.211005, 28.492768],
            [-16.211069, 28.492829],
            [-16.211135, 28.492919],
            [-16.211169, 28.492982],
            [-16.211317, 28.493206],
            [-16.211404, 28.493325],
            [-16.211448, 28.493422],
            [-16.211463, 28.4935],
            [-16.211433, 28.493556],
            [-16.211371, 28.493613],
            [-16.211295, 28.493645],
            [-16.21121, 28.493635],
            [-16.211169, 28.493595],
            [-16.211057, 28.493387],
            [-16.211005, 28.49331],
            [-16.210925, 28.493219],
            [-16.210903, 28.49321],
            [-16.210849, 28.493233],
            [-16.210824, 28.493248],
            [-16.210864, 28.493308],
            [-16.210798, 28.493343],
            [-16.210779, 28.493353],
            [-16.210563, 28.493464],
            [-16.210543, 28.493474],
            [-16.210296, 28.493601],
            [-16.210276, 28.493611],
            [-16.20999, 28.493757],
            [-16.20997, 28.493767],
            [-16.209935, 28.493785],
            [-16.209661, 28.493926],
            [-16.209641, 28.493936],
            [-16.209297, 28.494112],
            [-16.209277, 28.494123],
            [-16.208948, 28.494292],
            [-16.208925, 28.494303],
            [-16.208614, 28.494463],
            [-16.208598, 28.494471],
            [-16.208219, 28.494666],
            [-16.208197, 28.494677],
            [-16.206258, 28.495672],
            [-16.203784, 28.496945],
            [-16.203403, 28.49714],
            [-16.20194, 28.497886],
            [-16.202717, 28.499067],
            [-16.203492, 28.498669],
            [-16.204239, 28.498285],
            [-16.20459, 28.498758],
            [-16.205096, 28.49851],
            [-16.205409, 28.498958],
            [-16.206404, 28.499099],
            [-16.206347, 28.49923],
            [-16.206548, 28.499396],
            [-16.206929, 28.499711],
            [-16.207142, 28.499809],
            [-16.207522, 28.500199],
            [-16.208258, 28.500799],
            [-16.208604, 28.500995],
            [-16.209459, 28.501481],
            [-16.209784, 28.501668],
            [-16.210548, 28.502189],
            [-16.211023, 28.502699],
            [-16.211558, 28.503272],
            [-16.212693, 28.504113],
            [-16.21349, 28.504771],
            [-16.214614, 28.505325],
            [-16.214863, 28.505929],
            [-16.215106, 28.506519],
            [-16.215499, 28.507515],
            [-16.215962, 28.508028],
            [-16.216979, 28.508718],
            [-16.217328, 28.511445],
            [-16.217334, 28.511497],
            [-16.218143, 28.513886],
            [-16.217819, 28.515777],
            [-16.217811, 28.516259],
            [-16.217789, 28.51756],
            [-16.21813, 28.51836],
            [-16.218118, 28.519182],
            [-16.218725, 28.519835],
            [-16.218902, 28.520802],
            [-16.219201, 28.521074],
            [-16.219299, 28.521164],
            [-16.219741, 28.521798],
            [-16.219727, 28.522203],
            [-16.219713, 28.522632],
            [-16.219731, 28.523105],
            [-16.219757, 28.523607],
            [-16.219763, 28.523734],
            [-16.219714, 28.524181],
            [-16.219688, 28.524412],
            [-16.219551, 28.525087],
            [-16.219765, 28.525708],
            [-16.219868, 28.526219],
            [-16.219941, 28.526582],
            [-16.219651, 28.527665],
            [-16.219483, 28.528283],
            [-16.219228, 28.529312],
            [-16.21996, 28.530037],
            [-16.220133, 28.530728],
            [-16.22085, 28.531655],
            [-16.221874, 28.533311],
            [-16.220639, 28.535209],
            [-16.220259, 28.536609],
            [-16.219856, 28.537098],
            [-16.219566, 28.537529],
            [-16.219112, 28.538029],
            [-16.218914, 28.538643],
            [-16.218968, 28.53889],
            [-16.219098, 28.539047],
            [-16.219215, 28.53906],
            [-16.219189, 28.539091],
            [-16.21926, 28.53924],
            [-16.219443, 28.539238],
            [-16.219644, 28.539226],
            [-16.219863, 28.539173],
            [-16.220006, 28.539179],
            [-16.220116, 28.539182],
            [-16.220173, 28.539254],
            [-16.220344, 28.539465],
            [-16.220583, 28.539551],
            [-16.220854, 28.539476],
            [-16.221143, 28.539397],
            [-16.221237, 28.53938],
            [-16.221367, 28.539358],
            [-16.221974, 28.539737],
            [-16.222253, 28.53988],
            [-16.222638, 28.540078],
            [-16.222947, 28.540148],
            [-16.223018, 28.540259],
            [-16.223191, 28.540531]
          ],
          [
            [-16.189415, 28.510853],
            [-16.189412, 28.510942],
            [-16.189408, 28.511031],
            [-16.189282, 28.511093],
            [-16.189109, 28.511014],
            [-16.189017, 28.511035],
            [-16.188818, 28.511136],
            [-16.188629, 28.511232],
            [-16.188417, 28.511401],
            [-16.188333, 28.511467],
            [-16.18823, 28.511664],
            [-16.188108, 28.511896],
            [-16.188017, 28.512003],
            [-16.187859, 28.512191],
            [-16.187721, 28.512312],
            [-16.187572, 28.512443],
            [-16.18745, 28.512551],
            [-16.187256, 28.512795],
            [-16.187166, 28.512908],
            [-16.187052, 28.512975],
            [-16.186904, 28.513061],
            [-16.186993, 28.513234],
            [-16.187057, 28.513356],
            [-16.187144, 28.513406],
            [-16.18723, 28.513456],
            [-16.187353, 28.513451],
            [-16.18753, 28.513445],
            [-16.187776, 28.513412],
            [-16.188112, 28.513332],
            [-16.188584, 28.513203],
            [-16.188947, 28.513054],
            [-16.189425, 28.512808],
            [-16.189908, 28.512536],
            [-16.190307, 28.512312],
            [-16.1905, 28.512179],
            [-16.19081, 28.512095],
            [-16.191152, 28.511858],
            [-16.191296, 28.511473],
            [-16.191165, 28.511007],
            [-16.190843, 28.51101],
            [-16.190696, 28.511142],
            [-16.190522, 28.511191],
            [-16.190215, 28.511279],
            [-16.189659, 28.510867],
            [-16.189415, 28.510853]
          ]
        ]
      }
    },
    {
      "type": "Feature",
      "properties": {
        "id": "23",
        "name": "Suculum",
        "cityId": "santa-cruz-de-tenerife"
      },
      "geometry": {
        "type": "Polygon",
        "coordinates": [
          [
            [-16.191296, 28.511473],
            [-16.191152, 28.511858],
            [-16.19081, 28.512095],
            [-16.1905, 28.512179],
            [-16.190307, 28.512312],
            [-16.189908, 28.512536],
            [-16.189425, 28.512808],
            [-16.188947, 28.513054],
            [-16.188584, 28.513203],
            [-16.188112, 28.513332],
            [-16.187776, 28.513412],
            [-16.18753, 28.513445],
            [-16.187353, 28.513451],
            [-16.18723, 28.513456],
            [-16.187144, 28.513406],
            [-16.187057, 28.513356],
            [-16.186993, 28.513234],
            [-16.186904, 28.513061],
            [-16.187052, 28.512975],
            [-16.187166, 28.512908],
            [-16.187256, 28.512795],
            [-16.18745, 28.512551],
            [-16.187572, 28.512443],
            [-16.187721, 28.512312],
            [-16.187859, 28.512191],
            [-16.188017, 28.512003],
            [-16.188108, 28.511896],
            [-16.18823, 28.511664],
            [-16.188333, 28.511467],
            [-16.188417, 28.511401],
            [-16.188629, 28.511232],
            [-16.188818, 28.511136],
            [-16.189017, 28.511035],
            [-16.189109, 28.511014],
            [-16.189282, 28.511093],
            [-16.189408, 28.511031],
            [-16.189412, 28.510942],
            [-16.189415, 28.510853],
            [-16.189659, 28.510867],
            [-16.190215, 28.511279],
            [-16.190522, 28.511191],
            [-16.190696, 28.511142],
            [-16.190843, 28.51101],
            [-16.191165, 28.511007],
            [-16.191296, 28.511473]
          ]
        ]
      }
    },
    {
      "type": "Feature",
      "properties": {
        "id": "24",
        "name": "Lomo de las Bodegas",
        "cityId": "santa-cruz-de-tenerife"
      },
      "geometry": {
        "type": "Polygon",
        "coordinates": [
          [
            [-16.176149, 28.556182],
            [-16.176118, 28.556369],
            [-16.176031, 28.5565],
            [-16.175951, 28.556621],
            [-16.175813, 28.556744],
            [-16.175742, 28.556808],
            [-16.175677, 28.556881],
            [-16.175622, 28.557019],
            [-16.175544, 28.55729],
            [-16.175441, 28.557506],
            [-16.175329, 28.557647],
            [-16.175123, 28.55791],
            [-16.174921, 28.558214],
            [-16.174891, 28.558309],
            [-16.174876, 28.558508],
            [-16.174788, 28.558624],
            [-16.174635, 28.558711],
            [-16.174396, 28.558783],
            [-16.174214, 28.558807],
            [-16.173996, 28.558917],
            [-16.173819, 28.559047],
            [-16.173654, 28.559243],
            [-16.173499, 28.559393],
            [-16.173345, 28.559451],
            [-16.173289, 28.559539],
            [-16.173298, 28.559632],
            [-16.173429, 28.559874],
            [-16.173408, 28.560017],
            [-16.173309, 28.56037],
            [-16.17319, 28.560792],
            [-16.173076, 28.56107],
            [-16.172905, 28.561506],
            [-16.172714, 28.561856],
            [-16.172573, 28.562078],
            [-16.17234, 28.562358],
            [-16.172025, 28.56266],
            [-16.171769, 28.562948],
            [-16.171548, 28.563141],
            [-16.171291, 28.563325],
            [-16.170937, 28.563531],
            [-16.170648, 28.563645],
            [-16.170245, 28.563762],
            [-16.169928, 28.563801],
            [-16.169645, 28.563869],
            [-16.169467, 28.563941],
            [-16.169316, 28.564222],
            [-16.169237, 28.56461],
            [-16.169193, 28.564796],
            [-16.169057, 28.564998],
            [-16.168904, 28.565189],
            [-16.168633, 28.565527],
            [-16.168533, 28.565657],
            [-16.168268, 28.565646],
            [-16.167648, 28.565576],
            [-16.16729, 28.565561],
            [-16.166902, 28.565492],
            [-16.166484, 28.565406],
            [-16.166129, 28.565174],
            [-16.165799, 28.564954],
            [-16.165561, 28.564796],
            [-16.165015, 28.564579],
            [-16.164852, 28.564558],
            [-16.164413, 28.564469],
            [-16.16417, 28.564458],
            [-16.163837, 28.564503],
            [-16.163741, 28.564561],
            [-16.163655, 28.564686],
            [-16.163517, 28.564863],
            [-16.163372, 28.565008],
            [-16.16317, 28.56506],
            [-16.162918, 28.565033],
            [-16.162761, 28.56498],
            [-16.16235, 28.564968],
            [-16.161832, 28.564999],
            [-16.161251, 28.56507],
            [-16.160824, 28.565123],
            [-16.1603, 28.565147],
            [-16.159617, 28.565165],
            [-16.159269, 28.565212],
            [-16.158628, 28.565345],
            [-16.15822, 28.565476],
            [-16.157736, 28.565556],
            [-16.157374, 28.56564],
            [-16.157183, 28.565716],
            [-16.157145, 28.565655],
            [-16.156985, 28.565539],
            [-16.156894, 28.5655],
            [-16.156599, 28.565398],
            [-16.156511, 28.565227],
            [-16.156236, 28.565072],
            [-16.15603, 28.56499],
            [-16.155902, 28.564869],
            [-16.15583, 28.564536],
            [-16.15584, 28.564349],
            [-16.155612, 28.564256],
            [-16.155502, 28.564204],
            [-16.155158, 28.564043],
            [-16.154966, 28.564017],
            [-16.154548, 28.56396],
            [-16.154105, 28.563968],
            [-16.153857, 28.563864],
            [-16.153746, 28.56368],
            [-16.153404, 28.563636],
            [-16.153142, 28.563494],
            [-16.152937, 28.563737],
            [-16.152872, 28.5639],
            [-16.152731, 28.564254],
            [-16.152527, 28.564765],
            [-16.152488, 28.564944],
            [-16.152346, 28.5656],
            [-16.152265, 28.56597],
            [-16.152207, 28.566488],
            [-16.152176, 28.566758],
            [-16.152067, 28.567104],
            [-16.15181, 28.567034],
            [-16.151481, 28.567001],
            [-16.15123, 28.567078],
            [-16.150847, 28.567209],
            [-16.150649, 28.567288],
            [-16.150416, 28.567526],
            [-16.150397, 28.567669],
            [-16.150436, 28.567856],
            [-16.150421, 28.568027],
            [-16.150351, 28.568235],
            [-16.150271, 28.568365],
            [-16.150212, 28.568405],
            [-16.150036, 28.568516],
            [-16.149801, 28.56861],
            [-16.149495, 28.568701],
            [-16.149009, 28.568727],
            [-16.148654, 28.568748],
            [-16.148191, 28.568755],
            [-16.147714, 28.568732],
            [-16.146987, 28.568636],
            [-16.146294, 28.568531],
            [-16.145776, 28.568452],
            [-16.145215, 28.568382],
            [-16.144687, 28.568306],
            [-16.144241, 28.568283],
            [-16.144046, 28.568289],
            [-16.143679, 28.568392],
            [-16.143423, 28.568507],
            [-16.143198, 28.568655],
            [-16.142916, 28.568885],
            [-16.142767, 28.568961],
            [-16.142578, 28.569089],
            [-16.142319, 28.569192],
            [-16.142076, 28.56928],
            [-16.141915, 28.569354],
            [-16.141471, 28.569579],
            [-16.141254, 28.569752],
            [-16.141061, 28.569941],
            [-16.140894, 28.570199],
            [-16.140743, 28.570523],
            [-16.140696, 28.570675],
            [-16.140707, 28.570939],
            [-16.140749, 28.57109],
            [-16.140818, 28.571418],
            [-16.140804, 28.571647],
            [-16.140702, 28.571986],
            [-16.140446, 28.572381],
            [-16.140196, 28.572676],
            [-16.139891, 28.573],
            [-16.139684, 28.573197],
            [-16.139297, 28.57343],
            [-16.138951, 28.573538],
            [-16.138545, 28.573658],
            [-16.138173, 28.573726],
            [-16.137986, 28.573784],
            [-16.137898, 28.573853],
            [-16.137638, 28.574069],
            [-16.137432, 28.574263],
            [-16.136562, 28.57487],
            [-16.136382, 28.574963],
            [-16.135801, 28.575284],
            [-16.135343, 28.575539],
            [-16.13511, 28.575729],
            [-16.134713, 28.576136],
            [-16.134211, 28.576508],
            [-16.134183, 28.576461],
            [-16.134173, 28.576413],
            [-16.13418, 28.576366],
            [-16.134201, 28.576318],
            [-16.13423, 28.576271],
            [-16.134268, 28.576225],
            [-16.134362, 28.576131],
            [-16.134413, 28.576084],
            [-16.134457, 28.576032],
            [-16.134522, 28.575931],
            [-16.134545, 28.575902],
            [-16.134585, 28.575894],
            [-16.13461, 28.575894],
            [-16.134646, 28.57587],
            [-16.134668, 28.575836],
            [-16.134678, 28.575796],
            [-16.134678, 28.575706],
            [-16.134666, 28.575636],
            [-16.134645, 28.575565],
            [-16.134611, 28.575498],
            [-16.134572, 28.57544],
            [-16.13454, 28.57538],
            [-16.134471, 28.575294],
            [-16.134429, 28.57525],
            [-16.134381, 28.575215],
            [-16.134326, 28.57519],
            [-16.134271, 28.575158],
            [-16.134218, 28.575103],
            [-16.13417, 28.575031],
            [-16.134146, 28.574989],
            [-16.134103, 28.574881],
            [-16.134087, 28.57476],
            [-16.134083, 28.574693],
            [-16.134088, 28.574633],
            [-16.134105, 28.574571],
            [-16.134134, 28.574513],
            [-16.134142, 28.574449],
            [-16.134129, 28.574393],
            [-16.134117, 28.574269],
            [-16.134123, 28.574169],
            [-16.134111, 28.574115],
            [-16.134087, 28.574062],
            [-16.134075, 28.574001],
            [-16.134078, 28.573945],
            [-16.134075, 28.573917],
            [-16.134034, 28.573874],
            [-16.133968, 28.573848],
            [-16.133898, 28.573838],
            [-16.133867, 28.573837],
            [-16.133827, 28.573807],
            [-16.133816, 28.573751],
            [-16.13382, 28.573727],
            [-16.13377, 28.573665],
            [-16.133756, 28.573662],
            [-16.133709, 28.57363],
            [-16.133654, 28.573587],
            [-16.133587, 28.573565],
            [-16.133519, 28.57356],
            [-16.133456, 28.573543],
            [-16.133392, 28.573518],
            [-16.133323, 28.573513],
            [-16.133192, 28.573511],
            [-16.133072, 28.573521],
            [-16.133016, 28.573514],
            [-16.132896, 28.573521],
            [-16.132809, 28.573542],
            [-16.132769, 28.573559],
            [-16.132733, 28.573583],
            [-16.132704, 28.57361],
            [-16.132629, 28.573711],
            [-16.132607, 28.573744],
            [-16.132579, 28.573825],
            [-16.132555, 28.573919],
            [-16.132537, 28.573959],
            [-16.132515, 28.573989],
            [-16.132505, 28.574033],
            [-16.132498, 28.574106],
            [-16.132506, 28.57414],
            [-16.132528, 28.574169],
            [-16.132605, 28.574216],
            [-16.132627, 28.574242],
            [-16.132631, 28.574276],
            [-16.132613, 28.574309],
            [-16.132508, 28.574435],
            [-16.132279, 28.574558],
            [-16.132232, 28.574571],
            [-16.132189, 28.574578],
            [-16.132145, 28.574572],
            [-16.132108, 28.574562],
            [-16.132075, 28.574539],
            [-16.132061, 28.574533],
            [-16.132028, 28.574556],
            [-16.132007, 28.57459],
            [-16.131932, 28.574734],
            [-16.131907, 28.574765],
            [-16.131878, 28.574782],
            [-16.131834, 28.574789],
            [-16.131791, 28.574789],
            [-16.131747, 28.574783],
            [-16.131703, 28.57477],
            [-16.131681, 28.57476],
            [-16.131663, 28.574727],
            [-16.131658, 28.574653],
            [-16.131661, 28.574616],
            [-16.131686, 28.574537],
            [-16.131683, 28.574515],
            [-16.131652, 28.574438],
            [-16.131658, 28.574287],
            [-16.13163, 28.57419],
            [-16.131589, 28.574139],
            [-16.131544, 28.574089],
            [-16.131496, 28.57405],
            [-16.131379, 28.574012],
            [-16.131257, 28.573966],
            [-16.131164, 28.57382],
            [-16.131098, 28.57369],
            [-16.131003, 28.57359],
            [-16.130811, 28.573569],
            [-16.130738, 28.573582],
            [-16.130591, 28.573561],
            [-16.130431, 28.573607],
            [-16.130312, 28.573635],
            [-16.13019, 28.573573],
            [-16.130063, 28.573502],
            [-16.129889, 28.573391],
            [-16.129692, 28.573298],
            [-16.129491, 28.573153],
            [-16.129374, 28.573029],
            [-16.129186, 28.572944],
            [-16.129004, 28.572849],
            [-16.128781, 28.572826],
            [-16.128734, 28.572809],
            [-16.128561, 28.572792],
            [-16.128382, 28.572755],
            [-16.12833, 28.572741],
            [-16.128238, 28.572691],
            [-16.128282, 28.572603],
            [-16.128404, 28.572494],
            [-16.128447, 28.572444],
            [-16.128497, 28.57236],
            [-16.128511, 28.572323],
            [-16.12851, 28.572249],
            [-16.128503, 28.572209],
            [-16.12845, 28.572094],
            [-16.128339, 28.571999],
            [-16.128201, 28.571999],
            [-16.128059, 28.572017],
            [-16.128026, 28.572026],
            [-16.127896, 28.572092],
            [-16.127785, 28.572111],
            [-16.127721, 28.572035],
            [-16.12777, 28.571942],
            [-16.127755, 28.571899],
            [-16.127722, 28.57184],
            [-16.127692, 28.57181],
            [-16.127557, 28.571737],
            [-16.12748, 28.571705],
            [-16.12744, 28.571695],
            [-16.127276, 28.571676],
            [-16.127247, 28.57165],
            [-16.127217, 28.57157],
            [-16.1272, 28.571508],
            [-16.127196, 28.571437],
            [-16.127214, 28.57138],
            [-16.127241, 28.571319],
            [-16.127259, 28.571259],
            [-16.127253, 28.571201],
            [-16.127214, 28.571158],
            [-16.12705, 28.571072],
            [-16.126941, 28.571034],
            [-16.12684, 28.570986],
            [-16.126791, 28.570949],
            [-16.126752, 28.570897],
            [-16.12662, 28.57057],
            [-16.126596, 28.570478],
            [-16.126597, 28.570447],
            [-16.126604, 28.57039],
            [-16.126622, 28.570337],
            [-16.126639, 28.570304],
            [-16.126646, 28.570261],
            [-16.126627, 28.570228],
            [-16.126565, 28.570175],
            [-16.126546, 28.570145],
            [-16.126542, 28.570108],
            [-16.126524, 28.570058],
            [-16.126523, 28.569984],
            [-16.126537, 28.569904],
            [-16.126551, 28.569881],
            [-16.126575, 28.569819],
            [-16.126597, 28.569782],
            [-16.126574, 28.569602],
            [-16.126571, 28.569543],
            [-16.126594, 28.569466],
            [-16.126551, 28.569299],
            [-16.126459, 28.569157],
            [-16.126319, 28.569069],
            [-16.126195, 28.569013],
            [-16.126161, 28.568973],
            [-16.1261, 28.568893],
            [-16.12611, 28.568741],
            [-16.126072, 28.568592],
            [-16.126042, 28.568534],
            [-16.125957, 28.568459],
            [-16.125975, 28.568314],
            [-16.125971, 28.568252],
            [-16.125959, 28.568185],
            [-16.125928, 28.568107],
            [-16.125896, 28.568048],
            [-16.125736, 28.567936],
            [-16.125636, 28.567899],
            [-16.125526, 28.567935],
            [-16.125467, 28.567903],
            [-16.125447, 28.567789],
            [-16.125377, 28.567701],
            [-16.125164, 28.567631],
            [-16.125117, 28.567528],
            [-16.125189, 28.567435],
            [-16.12529, 28.567415],
            [-16.125349, 28.567511],
            [-16.125424, 28.56756],
            [-16.125451, 28.56748],
            [-16.125415, 28.56739],
            [-16.125513, 28.567322],
            [-16.12565, 28.567339],
            [-16.125742, 28.567335],
            [-16.12575, 28.567249],
            [-16.125742, 28.567149],
            [-16.125802, 28.567044],
            [-16.12589, 28.567049],
            [-16.125973, 28.567063],
            [-16.126078, 28.567017],
            [-16.126193, 28.566919],
            [-16.126339, 28.566739],
            [-16.126362, 28.566702],
            [-16.126428, 28.566574],
            [-16.126426, 28.566415],
            [-16.126438, 28.566304],
            [-16.126469, 28.566174],
            [-16.126468, 28.566158],
            [-16.126504, 28.566023],
            [-16.126574, 28.565904],
            [-16.126673, 28.565782],
            [-16.126685, 28.565722],
            [-16.126654, 28.565445],
            [-16.126534, 28.5653],
            [-16.126543, 28.565268],
            [-16.126583, 28.565187],
            [-16.12655, 28.565109],
            [-16.126538, 28.565069],
            [-16.126531, 28.565028],
            [-16.126487, 28.564969],
            [-16.126359, 28.564912],
            [-16.126327, 28.564846],
            [-16.126292, 28.5648],
            [-16.126176, 28.564738],
            [-16.126127, 28.564716],
            [-16.126064, 28.564646],
            [-16.126221, 28.56458],
            [-16.126132, 28.564486],
            [-16.126113, 28.564408],
            [-16.126171, 28.564382],
            [-16.126107, 28.564295],
            [-16.126192, 28.564229],
            [-16.126288, 28.564222],
            [-16.126327, 28.564228],
            [-16.126385, 28.56423],
            [-16.12637, 28.564176],
            [-16.126367, 28.564152],
            [-16.12639, 28.564138],
            [-16.126449, 28.564133],
            [-16.126501, 28.564135],
            [-16.126557, 28.564148],
            [-16.126619, 28.564153],
            [-16.126657, 28.564142],
            [-16.126642, 28.564099],
            [-16.126582, 28.564051],
            [-16.126301, 28.563941],
            [-16.126247, 28.563887],
            [-16.126308, 28.563849],
            [-16.126411, 28.56387],
            [-16.126534, 28.563908],
            [-16.126637, 28.563916],
            [-16.126709, 28.563826],
            [-16.126722, 28.56376],
            [-16.126717, 28.563737],
            [-16.126652, 28.563711],
            [-16.126458, 28.563675],
            [-16.126414, 28.563662],
            [-16.126319, 28.563668],
            [-16.126242, 28.563629],
            [-16.126131, 28.563545],
            [-16.126004, 28.56352],
            [-16.125873, 28.563583],
            [-16.125772, 28.563604],
            [-16.125731, 28.563601],
            [-16.125591, 28.563561],
            [-16.125445, 28.563536],
            [-16.125273, 28.563502],
            [-16.125043, 28.563446],
            [-16.125099, 28.563385],
            [-16.125016, 28.563376],
            [-16.124904, 28.563407],
            [-16.124773, 28.563432],
            [-16.124653, 28.563386],
            [-16.12452, 28.563344],
            [-16.124447, 28.563256],
            [-16.124521, 28.563199],
            [-16.124674, 28.563229],
            [-16.124842, 28.563272],
            [-16.124969, 28.563291],
            [-16.125121, 28.563308],
            [-16.125215, 28.563333],
            [-16.125265, 28.563338],
            [-16.125384, 28.563346],
            [-16.125462, 28.563296],
            [-16.125509, 28.563125],
            [-16.125525, 28.563065],
            [-16.125606, 28.562957],
            [-16.125688, 28.562802],
            [-16.125686, 28.562688],
            [-16.125728, 28.562588],
            [-16.125747, 28.562435],
            [-16.125747, 28.562396],
            [-16.125739, 28.562312],
            [-16.125695, 28.562201],
            [-16.125656, 28.562149],
            [-16.125618, 28.5621],
            [-16.125603, 28.562085],
            [-16.125585, 28.562073],
            [-16.125546, 28.562055],
            [-16.125475, 28.562025],
            [-16.125405, 28.561996],
            [-16.125351, 28.561973],
            [-16.125296, 28.561952],
            [-16.125233, 28.561936],
            [-16.125169, 28.561925],
            [-16.125123, 28.561916],
            [-16.125078, 28.561907],
            [-16.125035, 28.561897],
            [-16.124991, 28.561889],
            [-16.12492, 28.561877],
            [-16.124848, 28.561866],
            [-16.124806, 28.561859],
            [-16.124763, 28.561853],
            [-16.124719, 28.561844],
            [-16.124674, 28.561834],
            [-16.124626, 28.561823],
            [-16.124578, 28.56181],
            [-16.124542, 28.561799],
            [-16.124505, 28.561788],
            [-16.124401, 28.561761],
            [-16.124353, 28.561748],
            [-16.124304, 28.561737],
            [-16.12423, 28.561725],
            [-16.124156, 28.561717],
            [-16.124007, 28.561709],
            [-16.12396, 28.561708],
            [-16.123913, 28.561708],
            [-16.12384, 28.561709],
            [-16.123767, 28.56171],
            [-16.123623, 28.561706],
            [-16.123479, 28.561701],
            [-16.123394, 28.561704],
            [-16.12331, 28.561708],
            [-16.123286, 28.561707],
            [-16.123263, 28.561703],
            [-16.123193, 28.561679],
            [-16.123125, 28.561673],
            [-16.123075, 28.561669],
            [-16.122989, 28.561656],
            [-16.12293, 28.561641],
            [-16.122893, 28.561626],
            [-16.122858, 28.561614],
            [-16.122847, 28.561593],
            [-16.122839, 28.561587],
            [-16.122827, 28.561572],
            [-16.122827, 28.56156],
            [-16.122826, 28.561551],
            [-16.122831, 28.561533],
            [-16.122847, 28.561511],
            [-16.122858, 28.561485],
            [-16.12287, 28.561473],
            [-16.122878, 28.561465],
            [-16.122888, 28.561456],
            [-16.122902, 28.561448],
            [-16.122931, 28.561437],
            [-16.122961, 28.561427],
            [-16.122991, 28.561417],
            [-16.123022, 28.561407],
            [-16.123051, 28.561394],
            [-16.123068, 28.561382],
            [-16.123083, 28.561368],
            [-16.123105, 28.561346],
            [-16.123128, 28.561324],
            [-16.123167, 28.561297],
            [-16.123209, 28.561273],
            [-16.123253, 28.56125],
            [-16.123299, 28.561228],
            [-16.123329, 28.561218],
            [-16.123359, 28.561215],
            [-16.123383, 28.561219],
            [-16.123406, 28.561228],
            [-16.123429, 28.561241],
            [-16.123452, 28.561253],
            [-16.12347, 28.561262],
            [-16.12349, 28.56127],
            [-16.123517, 28.561277],
            [-16.123544, 28.561277],
            [-16.123564, 28.561272],
            [-16.123584, 28.561267],
            [-16.123614, 28.56126],
            [-16.123644, 28.561255],
            [-16.123696, 28.561251],
            [-16.123748, 28.561249],
            [-16.123784, 28.561246],
            [-16.12382, 28.561242],
            [-16.123847, 28.561234],
            [-16.123872, 28.561223],
            [-16.1239, 28.561207],
            [-16.123925, 28.561188],
            [-16.12394, 28.561171],
            [-16.123951, 28.561152],
            [-16.123956, 28.56113],
            [-16.123957, 28.561108],
            [-16.123957, 28.561083],
            [-16.123953, 28.561058],
            [-16.123942, 28.561043],
            [-16.123897, 28.561001],
            [-16.12385, 28.560967],
            [-16.123754, 28.560906],
            [-16.123739, 28.560896],
            [-16.123725, 28.560886],
            [-16.12372, 28.560878],
            [-16.123722, 28.56087],
            [-16.123729, 28.560859],
            [-16.123738, 28.560849],
            [-16.123746, 28.560843],
            [-16.123753, 28.560837],
            [-16.123767, 28.560825],
            [-16.123781, 28.560814],
            [-16.123786, 28.560807],
            [-16.12379, 28.5608],
            [-16.123792, 28.560781],
            [-16.123785, 28.560762],
            [-16.123745, 28.560706],
            [-16.1237, 28.560653],
            [-16.123667, 28.560622],
            [-16.123618, 28.560586],
            [-16.123587, 28.560569],
            [-16.123521, 28.560537],
            [-16.123371, 28.560323],
            [-16.123345, 28.560309],
            [-16.123319, 28.560295],
            [-16.123293, 28.560283],
            [-16.123265, 28.560273],
            [-16.123235, 28.560264],
            [-16.123204, 28.560258],
            [-16.123144, 28.560248],
            [-16.123085, 28.560241],
            [-16.122974, 28.560235],
            [-16.122864, 28.560239],
            [-16.12277, 28.560252],
            [-16.122732, 28.560256],
            [-16.122694, 28.560256],
            [-16.122667, 28.560249],
            [-16.122642, 28.560232],
            [-16.122629, 28.560218],
            [-16.122624, 28.560204],
            [-16.122626, 28.560185],
            [-16.122632, 28.560166],
            [-16.122654, 28.560129],
            [-16.122683, 28.560097],
            [-16.122712, 28.560065],
            [-16.122741, 28.560018],
            [-16.122766, 28.559969],
            [-16.122773, 28.559943],
            [-16.122782, 28.559916],
            [-16.122799, 28.559893],
            [-16.122824, 28.559875],
            [-16.122843, 28.559868],
            [-16.122863, 28.559865],
            [-16.1229, 28.559863],
            [-16.122938, 28.559862],
            [-16.122973, 28.559858],
            [-16.123008, 28.559852],
            [-16.123033, 28.559847],
            [-16.123057, 28.559836],
            [-16.123072, 28.559824],
            [-16.123077, 28.559819],
            [-16.123077, 28.559814],
            [-16.12307, 28.559801],
            [-16.123061, 28.559789],
            [-16.123039, 28.559762],
            [-16.123017, 28.559736],
            [-16.122993, 28.559712],
            [-16.122964, 28.559691],
            [-16.122931, 28.559671],
            [-16.122896, 28.559656],
            [-16.122847, 28.55964],
            [-16.122798, 28.559623],
            [-16.122753, 28.559605],
            [-16.122708, 28.559588],
            [-16.122654, 28.559571],
            [-16.122599, 28.559558],
            [-16.122519, 28.559541],
            [-16.122437, 28.559528],
            [-16.122321, 28.559515],
            [-16.122205, 28.559502],
            [-16.12216, 28.559496],
            [-16.122116, 28.559489],
            [-16.122089, 28.559482],
            [-16.122063, 28.559473],
            [-16.122044, 28.559467],
            [-16.122027, 28.559458],
            [-16.122017, 28.559449],
            [-16.122005, 28.559426],
            [-16.121997, 28.559403],
            [-16.121987, 28.559356],
            [-16.12198, 28.559329],
            [-16.121977, 28.559303],
            [-16.121984, 28.559277],
            [-16.121994, 28.559251],
            [-16.122, 28.559223],
            [-16.121998, 28.559194],
            [-16.121992, 28.559177],
            [-16.121981, 28.559161],
            [-16.121949, 28.559133],
            [-16.121912, 28.559109],
            [-16.121874, 28.559089],
            [-16.121794, 28.559057],
            [-16.121701, 28.559029],
            [-16.121605, 28.55901],
            [-16.121557, 28.559007],
            [-16.121509, 28.559009],
            [-16.121473, 28.559012],
            [-16.121439, 28.559023],
            [-16.121407, 28.559046],
            [-16.121383, 28.559075],
            [-16.121368, 28.559094],
            [-16.121357, 28.559114],
            [-16.121341, 28.559163],
            [-16.121325, 28.559213],
            [-16.12131, 28.559244],
            [-16.121294, 28.559275],
            [-16.121271, 28.55931],
            [-16.121245, 28.559344],
            [-16.121209, 28.559382],
            [-16.121169, 28.559415],
            [-16.121137, 28.559434],
            [-16.121066, 28.559467],
            [-16.120992, 28.559488],
            [-16.120942, 28.559498],
            [-16.120874, 28.559507],
            [-16.120834, 28.559508],
            [-16.120794, 28.559506],
            [-16.120741, 28.5595],
            [-16.120689, 28.559489],
            [-16.120655, 28.559478],
            [-16.120627, 28.559462],
            [-16.120599, 28.559446],
            [-16.120558, 28.559426],
            [-16.120461, 28.559404],
            [-16.120407, 28.559398],
            [-16.120369, 28.559392],
            [-16.120331, 28.559386],
            [-16.120283, 28.559381],
            [-16.120236, 28.559377],
            [-16.120183, 28.55937],
            [-16.120129, 28.559363],
            [-16.120094, 28.559354],
            [-16.120059, 28.559338],
            [-16.120043, 28.559326],
            [-16.120035, 28.55931],
            [-16.120038, 28.559302],
            [-16.120082, 28.559279],
            [-16.120131, 28.559264],
            [-16.120165, 28.559258],
            [-16.120198, 28.559257],
            [-16.120231, 28.55926],
            [-16.120326, 28.559284],
            [-16.120421, 28.559308],
            [-16.120477, 28.559317],
            [-16.120534, 28.559323],
            [-16.120554, 28.559325],
            [-16.120574, 28.559324],
            [-16.120591, 28.559317],
            [-16.120608, 28.559309],
            [-16.120635, 28.559304],
            [-16.120663, 28.559298],
            [-16.120684, 28.559289],
            [-16.120702, 28.559278],
            [-16.120706, 28.559268],
            [-16.120698, 28.559252],
            [-16.120683, 28.559235],
            [-16.120667, 28.559219],
            [-16.120651, 28.559202],
            [-16.12064, 28.55919],
            [-16.120629, 28.559177],
            [-16.120623, 28.559162],
            [-16.120627, 28.559146],
            [-16.120635, 28.559138],
            [-16.120655, 28.559132],
            [-16.120676, 28.55913],
            [-16.120697, 28.559128],
            [-16.120718, 28.559126],
            [-16.120723, 28.559122],
            [-16.120723, 28.559115],
            [-16.120714, 28.559098],
            [-16.120706, 28.55909],
            [-16.120685, 28.559077],
            [-16.120665, 28.559065],
            [-16.120644, 28.55905],
            [-16.120624, 28.559036],
            [-16.120602, 28.559022],
            [-16.12058, 28.559008],
            [-16.120551, 28.558987],
            [-16.120525, 28.558963],
            [-16.120506, 28.55894],
            [-16.120491, 28.558914],
            [-16.120482, 28.558894],
            [-16.120481, 28.558873],
            [-16.120488, 28.558861],
            [-16.120496, 28.558857],
            [-16.120504, 28.558856],
            [-16.120521, 28.558859],
            [-16.120547, 28.558872],
            [-16.120574, 28.558884],
            [-16.12063, 28.558907],
            [-16.120687, 28.558928],
            [-16.120707, 28.55893],
            [-16.120727, 28.558924],
            [-16.120764, 28.558905],
            [-16.120784, 28.558872],
            [-16.120805, 28.558842],
            [-16.120809, 28.55882],
            [-16.120813, 28.55879],
            [-16.120816, 28.558765],
            [-16.120819, 28.558726],
            [-16.120829, 28.558696],
            [-16.12084, 28.55866],
            [-16.120844, 28.558624],
            [-16.120852, 28.558564],
            [-16.12086, 28.558504],
            [-16.120861, 28.558485],
            [-16.120863, 28.558453],
            [-16.12086, 28.558402],
            [-16.12085, 28.558357],
            [-16.120829, 28.558315],
            [-16.120808, 28.558288],
            [-16.120783, 28.558266],
            [-16.120755, 28.558249],
            [-16.120724, 28.558239],
            [-16.120693, 28.558231],
            [-16.120678, 28.55822],
            [-16.120659, 28.558193],
            [-16.120641, 28.558166],
            [-16.120621, 28.558133],
            [-16.120599, 28.5581],
            [-16.120585, 28.558088],
            [-16.120568, 28.55808],
            [-16.120534, 28.558063],
            [-16.120466, 28.558009],
            [-16.120451, 28.557997],
            [-16.120389, 28.557941],
            [-16.120328, 28.557886],
            [-16.120264, 28.557827],
            [-16.120204, 28.557766],
            [-16.120155, 28.557708],
            [-16.120108, 28.55765],
            [-16.120079, 28.557616],
            [-16.120049, 28.557583],
            [-16.120023, 28.55756],
            [-16.119995, 28.557539],
            [-16.119962, 28.557519],
            [-16.11993, 28.557499],
            [-16.119913, 28.557481],
            [-16.1199, 28.55746],
            [-16.11989, 28.557438],
            [-16.119886, 28.557417],
            [-16.119887, 28.557403],
            [-16.119901, 28.55738],
            [-16.119921, 28.55736],
            [-16.11994, 28.557345],
            [-16.119961, 28.557332],
            [-16.119991, 28.557322],
            [-16.120022, 28.557314],
            [-16.120042, 28.557305],
            [-16.120077, 28.557283],
            [-16.120085, 28.557275],
            [-16.120085, 28.557263],
            [-16.120074, 28.557246],
            [-16.120042, 28.557203],
            [-16.120022, 28.557176],
            [-16.120009, 28.55716],
            [-16.119996, 28.557145],
            [-16.119985, 28.557136],
            [-16.119971, 28.55713],
            [-16.119942, 28.557119],
            [-16.119924, 28.557109],
            [-16.119895, 28.557083],
            [-16.119891, 28.557074],
            [-16.119894, 28.557063],
            [-16.119913, 28.557052],
            [-16.119933, 28.55704],
            [-16.119953, 28.557027],
            [-16.119971, 28.557011],
            [-16.119978, 28.556995],
            [-16.119979, 28.556978],
            [-16.119973, 28.556945],
            [-16.119964, 28.556902],
            [-16.119956, 28.55686],
            [-16.119948, 28.556814],
            [-16.11994, 28.556769],
            [-16.119931, 28.556716],
            [-16.11992, 28.556663],
            [-16.119911, 28.556633],
            [-16.119901, 28.556602],
            [-16.119892, 28.556556],
            [-16.119882, 28.55651],
            [-16.119848, 28.556421],
            [-16.119812, 28.556333],
            [-16.119797, 28.556285],
            [-16.11978, 28.556236],
            [-16.119756, 28.556192],
            [-16.119725, 28.556151],
            [-16.119696, 28.556117],
            [-16.119668, 28.556083],
            [-16.119644, 28.556048],
            [-16.119621, 28.556014],
            [-16.119599, 28.55598],
            [-16.119579, 28.555946],
            [-16.119549, 28.55589],
            [-16.119526, 28.555831],
            [-16.11952, 28.555801],
            [-16.119523, 28.555771],
            [-16.119543, 28.55569],
            [-16.119571, 28.555611],
            [-16.119604, 28.55554],
            [-16.119633, 28.55547],
            [-16.119642, 28.555437],
            [-16.119649, 28.555404],
            [-16.119657, 28.555362],
            [-16.119664, 28.55532],
            [-16.119674, 28.555293],
            [-16.119687, 28.555267],
            [-16.11971, 28.555232],
            [-16.119737, 28.555204],
            [-16.119752, 28.555197],
            [-16.119787, 28.555218],
            [-16.119843, 28.555234],
            [-16.119938, 28.555235],
            [-16.119973, 28.55522],
            [-16.119992, 28.555205],
            [-16.120004, 28.555192],
            [-16.120021, 28.555172],
            [-16.120075, 28.555068],
            [-16.120121, 28.55496],
            [-16.12013, 28.554937],
            [-16.120136, 28.554914],
            [-16.120132, 28.5549],
            [-16.120123, 28.55489],
            [-16.120111, 28.554883],
            [-16.120084, 28.554873],
            [-16.120047, 28.554863],
            [-16.120011, 28.554854],
            [-16.119979, 28.554842],
            [-16.119949, 28.554825],
            [-16.119927, 28.554805],
            [-16.119912, 28.554783],
            [-16.119908, 28.554767],
            [-16.11991, 28.554741],
            [-16.119922, 28.554717],
            [-16.119969, 28.554654],
            [-16.119989, 28.554627],
            [-16.120009, 28.5546],
            [-16.12001, 28.554592],
            [-16.120005, 28.554584],
            [-16.119985, 28.554569],
            [-16.119962, 28.554559],
            [-16.119939, 28.554556],
            [-16.119893, 28.554558],
            [-16.119856, 28.554559],
            [-16.119819, 28.55456],
            [-16.119792, 28.554557],
            [-16.119765, 28.554548],
            [-16.119749, 28.554538],
            [-16.11974, 28.554526],
            [-16.119738, 28.554511],
            [-16.119749, 28.554482],
            [-16.11976, 28.554464],
            [-16.119774, 28.554449],
            [-16.119787, 28.554442],
            [-16.119808, 28.554437],
            [-16.119828, 28.554435],
            [-16.11987, 28.55444],
            [-16.11991, 28.554448],
            [-16.119948, 28.554459],
            [-16.119989, 28.554477],
            [-16.120028, 28.554496],
            [-16.120055, 28.554506],
            [-16.120083, 28.554514],
            [-16.120118, 28.554518],
            [-16.120154, 28.554522],
            [-16.120192, 28.554529],
            [-16.12023, 28.554536],
            [-16.120274, 28.554547],
            [-16.120317, 28.554558],
            [-16.120333, 28.554559],
            [-16.12035, 28.554556],
            [-16.120382, 28.554544],
            [-16.120416, 28.554529],
            [-16.120445, 28.554507],
            [-16.120466, 28.554483],
            [-16.120477, 28.554456],
            [-16.120481, 28.554424],
            [-16.12048, 28.554392],
            [-16.120477, 28.554358],
            [-16.120469, 28.554324],
            [-16.120455, 28.554293],
            [-16.120431, 28.554265],
            [-16.120401, 28.554241],
            [-16.120365, 28.554223],
            [-16.120332, 28.554214],
            [-16.120298, 28.554213],
            [-16.12024, 28.554222],
            [-16.120182, 28.554232],
            [-16.120133, 28.554238],
            [-16.120084, 28.554243],
            [-16.12006, 28.554243],
            [-16.120036, 28.554239],
            [-16.119989, 28.554223],
            [-16.11995, 28.554202],
            [-16.119917, 28.554172],
            [-16.119902, 28.554149],
            [-16.119895, 28.554126],
            [-16.119894, 28.554111],
            [-16.119899, 28.554091],
            [-16.119911, 28.554072],
            [-16.119924, 28.554061],
            [-16.119942, 28.554051],
            [-16.119959, 28.554046],
            [-16.119994, 28.554045],
            [-16.120037, 28.554053],
            [-16.120081, 28.554061],
            [-16.120117, 28.554064],
            [-16.120154, 28.554066],
            [-16.120206, 28.554066],
            [-16.120257, 28.554067],
            [-16.120291, 28.554069],
            [-16.120326, 28.554074],
            [-16.120352, 28.554081],
            [-16.120377, 28.554095],
            [-16.120399, 28.554115],
            [-16.120416, 28.554137],
            [-16.12043, 28.554164],
            [-16.120445, 28.554191],
            [-16.120471, 28.554228],
            [-16.120502, 28.554259],
            [-16.120513, 28.554262],
            [-16.120526, 28.554259],
            [-16.12055, 28.554242],
            [-16.120569, 28.554217],
            [-16.120581, 28.554191],
            [-16.12059, 28.55416],
            [-16.120596, 28.554128],
            [-16.120597, 28.554086],
            [-16.120598, 28.554044],
            [-16.120598, 28.554002],
            [-16.120599, 28.55396],
            [-16.120599, 28.553931],
            [-16.1206, 28.553902],
            [-16.120604, 28.553819],
            [-16.120606, 28.553793],
            [-16.120562, 28.553689],
            [-16.120496, 28.553591],
            [-16.120461, 28.553577],
            [-16.120441, 28.553575],
            [-16.120388, 28.553579],
            [-16.120335, 28.553588],
            [-16.120301, 28.553597],
            [-16.120206, 28.553632],
            [-16.120111, 28.553666],
            [-16.12008, 28.553677],
            [-16.120049, 28.553688],
            [-16.120024, 28.553701],
            [-16.119999, 28.553715],
            [-16.11997, 28.553728],
            [-16.11994, 28.553741],
            [-16.119913, 28.553752],
            [-16.119886, 28.553759],
            [-16.119862, 28.553757],
            [-16.119839, 28.553747],
            [-16.119793, 28.553718],
            [-16.119761, 28.553703],
            [-16.119705, 28.553685],
            [-16.119646, 28.553673],
            [-16.119603, 28.55367],
            [-16.119559, 28.553668],
            [-16.119513, 28.553664],
            [-16.119467, 28.553657],
            [-16.119445, 28.553651],
            [-16.119426, 28.553642],
            [-16.119421, 28.553633],
            [-16.119426, 28.553616],
            [-16.119437, 28.553599],
            [-16.119466, 28.553565],
            [-16.119507, 28.553513],
            [-16.119548, 28.553461],
            [-16.119561, 28.553434],
            [-16.119573, 28.553405],
            [-16.119589, 28.553387],
            [-16.119609, 28.553375],
            [-16.119619, 28.553374],
            [-16.11963, 28.553376],
            [-16.119651, 28.553385],
            [-16.119674, 28.553401],
            [-16.119696, 28.553417],
            [-16.11972, 28.553429],
            [-16.119743, 28.553438],
            [-16.119755, 28.553439],
            [-16.119767, 28.553437],
            [-16.119792, 28.553425],
            [-16.119806, 28.553412],
            [-16.11981, 28.553394],
            [-16.119804, 28.553377],
            [-16.119799, 28.553359],
            [-16.119794, 28.553342],
            [-16.11979, 28.553321],
            [-16.119789, 28.553301],
            [-16.119793, 28.553287],
            [-16.11981, 28.553261],
            [-16.119829, 28.553235],
            [-16.119843, 28.553218],
            [-16.119855, 28.553201],
            [-16.119872, 28.55317],
            [-16.119887, 28.553139],
            [-16.119904, 28.553094],
            [-16.119922, 28.553048],
            [-16.119932, 28.553035],
            [-16.119945, 28.553024],
            [-16.119977, 28.553005],
            [-16.12, 28.552998],
            [-16.120022, 28.552997],
            [-16.120034, 28.553002],
            [-16.120046, 28.553013],
            [-16.120068, 28.55304],
            [-16.120083, 28.55305],
            [-16.12009, 28.55305],
            [-16.120098, 28.553047],
            [-16.120113, 28.553034],
            [-16.120143, 28.552991],
            [-16.12016, 28.552963],
            [-16.120169, 28.552953],
            [-16.120182, 28.552902],
            [-16.120183, 28.552871],
            [-16.120181, 28.552841],
            [-16.12018, 28.552823],
            [-16.120174, 28.552807],
            [-16.120167, 28.552796],
            [-16.120154, 28.552786],
            [-16.12014, 28.55278],
            [-16.120111, 28.552769],
            [-16.120086, 28.552762],
            [-16.12006, 28.552755],
            [-16.120045, 28.552748],
            [-16.120031, 28.552738],
            [-16.120017, 28.552729],
            [-16.119976, 28.552705],
            [-16.119997, 28.552667],
            [-16.119999, 28.552667],
            [-16.120043, 28.55265],
            [-16.120091, 28.55263],
            [-16.120124, 28.552621],
            [-16.12029, 28.552599],
            [-16.12032, 28.552587],
            [-16.120339, 28.552576],
            [-16.120357, 28.552561],
            [-16.120373, 28.552543],
            [-16.12038, 28.552523],
            [-16.120379, 28.552497],
            [-16.120374, 28.552471],
            [-16.120361, 28.552419],
            [-16.120356, 28.552384],
            [-16.120356, 28.552338],
            [-16.120357, 28.552292],
            [-16.120359, 28.552249],
            [-16.120363, 28.552206],
            [-16.120371, 28.552165],
            [-16.12038, 28.552125],
            [-16.120392, 28.552078],
            [-16.120405, 28.552031],
            [-16.120423, 28.55198],
            [-16.120444, 28.551948],
            [-16.120473, 28.551922],
            [-16.120523, 28.551895],
            [-16.120572, 28.551868],
            [-16.120609, 28.551848],
            [-16.120643, 28.551824],
            [-16.120666, 28.5518],
            [-16.120686, 28.551774],
            [-16.120711, 28.551742],
            [-16.120737, 28.551709],
            [-16.120763, 28.551682],
            [-16.120789, 28.551652],
            [-16.120798, 28.551636],
            [-16.120803, 28.55162],
            [-16.120807, 28.551588],
            [-16.120802, 28.55157],
            [-16.120794, 28.551551],
            [-16.120792, 28.551539],
            [-16.120797, 28.551516],
            [-16.120811, 28.551495],
            [-16.120837, 28.551478],
            [-16.120864, 28.551463],
            [-16.120883, 28.551449],
            [-16.120898, 28.551432],
            [-16.120905, 28.551411],
            [-16.120908, 28.55139],
            [-16.120909, 28.551369],
            [-16.120911, 28.551349],
            [-16.120921, 28.551329],
            [-16.120939, 28.551315],
            [-16.12097, 28.551303],
            [-16.121002, 28.551293],
            [-16.121033, 28.551283],
            [-16.121064, 28.551273],
            [-16.121124, 28.551254],
            [-16.121185, 28.551234],
            [-16.121254, 28.551202],
            [-16.121321, 28.551168],
            [-16.121347, 28.551155],
            [-16.121374, 28.551142],
            [-16.121393, 28.551137],
            [-16.121437, 28.551134],
            [-16.121481, 28.551133],
            [-16.121569, 28.551135],
            [-16.121653, 28.551136],
            [-16.121736, 28.551135],
            [-16.121786, 28.551131],
            [-16.121835, 28.551122],
            [-16.121933, 28.551097],
            [-16.121984, 28.551082],
            [-16.122033, 28.551063],
            [-16.122075, 28.551042],
            [-16.122114, 28.551018],
            [-16.122171, 28.550978],
            [-16.122227, 28.550938],
            [-16.122261, 28.550914],
            [-16.122295, 28.55089],
            [-16.122327, 28.55087],
            [-16.122362, 28.550852],
            [-16.122436, 28.550824],
            [-16.122487, 28.550808],
            [-16.122557, 28.550791],
            [-16.122597, 28.550785],
            [-16.122636, 28.550778],
            [-16.122793, 28.550733],
            [-16.122947, 28.550681],
            [-16.123016, 28.550654],
            [-16.123084, 28.550625],
            [-16.123162, 28.550587],
            [-16.123237, 28.550543],
            [-16.123273, 28.550516],
            [-16.123307, 28.550487],
            [-16.123323, 28.550466],
            [-16.123338, 28.550444],
            [-16.123352, 28.550433],
            [-16.123375, 28.550422],
            [-16.123399, 28.550416],
            [-16.123448, 28.55041],
            [-16.123488, 28.550408],
            [-16.123528, 28.550406],
            [-16.123566, 28.550393],
            [-16.123599, 28.550372],
            [-16.123635, 28.550341],
            [-16.123664, 28.550306],
            [-16.123717, 28.550232],
            [-16.123754, 28.550189],
            [-16.123771, 28.550177],
            [-16.123858, 28.550147],
            [-16.123857, 28.550147],
            [-16.123912, 28.550146],
            [-16.124019, 28.550132],
            [-16.124071, 28.550123],
            [-16.124359, 28.550076],
            [-16.124396, 28.550064],
            [-16.124433, 28.550053],
            [-16.124448, 28.550049],
            [-16.124481, 28.550033],
            [-16.124512, 28.550013],
            [-16.124545, 28.549991],
            [-16.124577, 28.549967],
            [-16.124596, 28.549946],
            [-16.124611, 28.549923],
            [-16.124634, 28.549865],
            [-16.124657, 28.549807],
            [-16.124671, 28.549774],
            [-16.124692, 28.549744],
            [-16.124716, 28.549728],
            [-16.124745, 28.54972],
            [-16.124807, 28.549716],
            [-16.124848, 28.549711],
            [-16.124898, 28.54969],
            [-16.124926, 28.549674],
            [-16.124958, 28.549654],
            [-16.12499, 28.549635],
            [-16.125021, 28.549617],
            [-16.125052, 28.5496],
            [-16.125078, 28.549587],
            [-16.125104, 28.549575],
            [-16.125124, 28.54956],
            [-16.125139, 28.549542],
            [-16.125144, 28.54953],
            [-16.125145, 28.549517],
            [-16.125139, 28.549493],
            [-16.125129, 28.549477],
            [-16.12512, 28.549461],
            [-16.125109, 28.549438],
            [-16.125097, 28.549415],
            [-16.125088, 28.5494],
            [-16.125078, 28.549385],
            [-16.12507, 28.549364],
            [-16.125071, 28.549342],
            [-16.125079, 28.549322],
            [-16.125088, 28.549301],
            [-16.125103, 28.549267],
            [-16.125119, 28.549234],
            [-16.12514, 28.549196],
            [-16.125162, 28.549159],
            [-16.125182, 28.549127],
            [-16.125202, 28.549095],
            [-16.125218, 28.549063],
            [-16.125232, 28.549031],
            [-16.125267, 28.548977],
            [-16.125305, 28.548924],
            [-16.125327, 28.548887],
            [-16.125343, 28.54885],
            [-16.125358, 28.548812],
            [-16.125378, 28.548758],
            [-16.125398, 28.548704],
            [-16.125412, 28.548683],
            [-16.125432, 28.548667],
            [-16.125448, 28.548661],
            [-16.125509, 28.54865],
            [-16.125569, 28.54864],
            [-16.125618, 28.54863],
            [-16.125666, 28.548619],
            [-16.125702, 28.548607],
            [-16.125737, 28.548594],
            [-16.125801, 28.548576],
            [-16.125867, 28.54856],
            [-16.125915, 28.548548],
            [-16.125965, 28.54854],
            [-16.125995, 28.54854],
            [-16.126025, 28.548541],
            [-16.126068, 28.54854],
            [-16.12611, 28.548538],
            [-16.126143, 28.548535],
            [-16.126174, 28.548526],
            [-16.126194, 28.548516],
            [-16.126219, 28.548496],
            [-16.126235, 28.548471],
            [-16.126245, 28.548448],
            [-16.126254, 28.548424],
            [-16.126265, 28.548402],
            [-16.126276, 28.548379],
            [-16.126299, 28.548347],
            [-16.126329, 28.548319],
            [-16.126354, 28.548304],
            [-16.12638, 28.548292],
            [-16.126419, 28.548278],
            [-16.126457, 28.548264],
            [-16.1265, 28.548247],
            [-16.126542, 28.548228],
            [-16.126571, 28.548211],
            [-16.126597, 28.548189],
            [-16.126626, 28.548153],
            [-16.126649, 28.548114],
            [-16.126672, 28.548068],
            [-16.126691, 28.54802],
            [-16.1267, 28.547989],
            [-16.126708, 28.547957],
            [-16.126715, 28.547924],
            [-16.12672, 28.547891],
            [-16.126724, 28.547856],
            [-16.126722, 28.547822],
            [-16.12671, 28.547792],
            [-16.126693, 28.547764],
            [-16.126656, 28.547727],
            [-16.126632, 28.547701],
            [-16.126627, 28.547681],
            [-16.126612, 28.547602],
            [-16.126686, 28.547513],
            [-16.126733, 28.547477],
            [-16.126773, 28.547427],
            [-16.126795, 28.547388],
            [-16.126815, 28.547348],
            [-16.12685, 28.547294],
            [-16.126885, 28.547241],
            [-16.126915, 28.547203],
            [-16.126944, 28.547163],
            [-16.12696, 28.547131],
            [-16.12697, 28.547097],
            [-16.126979, 28.547028],
            [-16.126979, 28.546997],
            [-16.126978, 28.546966],
            [-16.12698, 28.546938],
            [-16.126986, 28.54691],
            [-16.127002, 28.546886],
            [-16.127028, 28.54687],
            [-16.127066, 28.546856],
            [-16.127105, 28.546842],
            [-16.127268, 28.546735],
            [-16.127358, 28.546645],
            [-16.12743, 28.546541],
            [-16.127481, 28.546455],
            [-16.127517, 28.546378],
            [-16.127539, 28.546315],
            [-16.127546, 28.546236],
            [-16.127537, 28.546166],
            [-16.127543, 28.546069],
            [-16.127519, 28.546041],
            [-16.127498, 28.546012],
            [-16.127491, 28.545986],
            [-16.12749, 28.54596],
            [-16.12749, 28.545925],
            [-16.127493, 28.54589],
            [-16.127498, 28.545867],
            [-16.127504, 28.545843],
            [-16.127513, 28.545813],
            [-16.127522, 28.545782],
            [-16.127546, 28.545713],
            [-16.127572, 28.545644],
            [-16.12759, 28.545601],
            [-16.12761, 28.545558],
            [-16.127626, 28.545529],
            [-16.127642, 28.545499],
            [-16.127656, 28.545452],
            [-16.127666, 28.545404],
            [-16.127672, 28.545374],
            [-16.127677, 28.545343],
            [-16.127682, 28.545304],
            [-16.127685, 28.545264],
            [-16.127685, 28.545226],
            [-16.127684, 28.545188],
            [-16.127683, 28.54514],
            [-16.127682, 28.545092],
            [-16.127673, 28.545014],
            [-16.127657, 28.544936],
            [-16.12765, 28.544901],
            [-16.12764, 28.544867],
            [-16.127616, 28.544817],
            [-16.127593, 28.544768],
            [-16.127572, 28.544708],
            [-16.127551, 28.544648],
            [-16.127538, 28.544614],
            [-16.127524, 28.544579],
            [-16.127499, 28.544522],
            [-16.127469, 28.544466],
            [-16.127451, 28.544443],
            [-16.127428, 28.544424],
            [-16.127399, 28.544406],
            [-16.127326, 28.544375],
            [-16.127296, 28.544365],
            [-16.127267, 28.544355],
            [-16.127237, 28.544345],
            [-16.127209, 28.544333],
            [-16.127187, 28.54432],
            [-16.127168, 28.544285],
            [-16.127174, 28.544269],
            [-16.127191, 28.54425],
            [-16.127209, 28.544232],
            [-16.12723, 28.544215],
            [-16.127251, 28.544199],
            [-16.127272, 28.544183],
            [-16.127294, 28.544167],
            [-16.127308, 28.544153],
            [-16.127319, 28.544138],
            [-16.127321, 28.544129],
            [-16.127314, 28.544101],
            [-16.127297, 28.544084],
            [-16.127263, 28.544061],
            [-16.127238, 28.544047],
            [-16.127214, 28.544034],
            [-16.127184, 28.544012],
            [-16.127156, 28.54399],
            [-16.127144, 28.543976],
            [-16.127132, 28.543961],
            [-16.127122, 28.543955],
            [-16.127096, 28.543949],
            [-16.127071, 28.543946],
            [-16.127048, 28.543943],
            [-16.127025, 28.54394],
            [-16.126996, 28.543933],
            [-16.126967, 28.543923],
            [-16.126948, 28.543911],
            [-16.126933, 28.543895],
            [-16.126918, 28.54387],
            [-16.126907, 28.543845],
            [-16.126902, 28.543831],
            [-16.126898, 28.543817],
            [-16.126895, 28.543804],
            [-16.126891, 28.543793],
            [-16.126885, 28.543786],
            [-16.126877, 28.543782],
            [-16.126868, 28.543782],
            [-16.126852, 28.543784],
            [-16.126818, 28.543785],
            [-16.126783, 28.543786],
            [-16.126755, 28.543787],
            [-16.126726, 28.543788],
            [-16.126688, 28.543788],
            [-16.126651, 28.543788],
            [-16.126611, 28.543788],
            [-16.126571, 28.543784],
            [-16.126552, 28.543777],
            [-16.126536, 28.543763],
            [-16.126522, 28.543747],
            [-16.126517, 28.54373],
            [-16.126525, 28.543717],
            [-16.126539, 28.543705],
            [-16.126561, 28.543694],
            [-16.126584, 28.543688],
            [-16.126614, 28.54368],
            [-16.126643, 28.543674],
            [-16.126678, 28.543668],
            [-16.126713, 28.543662],
            [-16.126741, 28.543656],
            [-16.12677, 28.543651],
            [-16.126794, 28.543643],
            [-16.126815, 28.543627],
            [-16.126823, 28.54361],
            [-16.126822, 28.543592],
            [-16.126814, 28.543572],
            [-16.1268, 28.543553],
            [-16.126783, 28.543536],
            [-16.126764, 28.543522],
            [-16.126742, 28.543511],
            [-16.12672, 28.5435],
            [-16.126702, 28.543489],
            [-16.126686, 28.543477],
            [-16.126669, 28.543461],
            [-16.126655, 28.543443],
            [-16.126653, 28.54343],
            [-16.126658, 28.543417],
            [-16.126674, 28.543397],
            [-16.126692, 28.543378],
            [-16.126713, 28.54336],
            [-16.126734, 28.543343],
            [-16.126749, 28.543327],
            [-16.126758, 28.543309],
            [-16.126761, 28.543281],
            [-16.12676, 28.543253],
            [-16.126757, 28.543225],
            [-16.126754, 28.543197],
            [-16.126755, 28.54316],
            [-16.12676, 28.543122],
            [-16.126768, 28.543096],
            [-16.126777, 28.54307],
            [-16.126789, 28.543035],
            [-16.126801, 28.543],
            [-16.126826, 28.542923],
            [-16.126841, 28.542893],
            [-16.126862, 28.542866],
            [-16.126913, 28.542817],
            [-16.126951, 28.542788],
            [-16.126985, 28.542764],
            [-16.127018, 28.542741],
            [-16.127059, 28.54271],
            [-16.127099, 28.542678],
            [-16.127165, 28.542627],
            [-16.127231, 28.542575],
            [-16.12726, 28.542554],
            [-16.12729, 28.542532],
            [-16.127309, 28.542519],
            [-16.127327, 28.542504],
            [-16.127341, 28.542485],
            [-16.127349, 28.542463],
            [-16.127353, 28.542435],
            [-16.127355, 28.542407],
            [-16.127355, 28.542365],
            [-16.127352, 28.542322],
            [-16.127348, 28.542291],
            [-16.127343, 28.542261],
            [-16.127335, 28.542231],
            [-16.127329, 28.542201],
            [-16.127332, 28.542165],
            [-16.127343, 28.542129],
            [-16.12738, 28.54206],
            [-16.127401, 28.542027],
            [-16.127422, 28.541996],
            [-16.127475, 28.541922],
            [-16.12753, 28.541849],
            [-16.127555, 28.541819],
            [-16.127579, 28.541789],
            [-16.127603, 28.541757],
            [-16.127626, 28.541725],
            [-16.127717, 28.541626],
            [-16.127809, 28.541529],
            [-16.12784, 28.541494],
            [-16.127869, 28.541457],
            [-16.127889, 28.541428],
            [-16.127907, 28.541397],
            [-16.127926, 28.541364],
            [-16.127944, 28.541331],
            [-16.127957, 28.541299],
            [-16.127968, 28.541267],
            [-16.127974, 28.541243],
            [-16.127974, 28.541219],
            [-16.127964, 28.541197],
            [-16.127945, 28.541177],
            [-16.127922, 28.541157],
            [-16.127894, 28.541144],
            [-16.127865, 28.541136],
            [-16.127835, 28.541137],
            [-16.127811, 28.541142],
            [-16.127786, 28.541151],
            [-16.127763, 28.54116],
            [-16.127741, 28.541172],
            [-16.127717, 28.541196],
            [-16.127693, 28.54122],
            [-16.127615, 28.541262],
            [-16.127534, 28.541297],
            [-16.127478, 28.541317],
            [-16.127401, 28.54134],
            [-16.127367, 28.541346],
            [-16.127334, 28.541349],
            [-16.127319, 28.54135],
            [-16.127303, 28.541348],
            [-16.127293, 28.541342],
            [-16.127279, 28.541326],
            [-16.127272, 28.54131],
            [-16.12727, 28.541276],
            [-16.12727, 28.541248],
            [-16.127277, 28.541221],
            [-16.127287, 28.541199],
            [-16.127298, 28.541177],
            [-16.12731, 28.541151],
            [-16.127322, 28.541124],
            [-16.127333, 28.54109],
            [-16.127345, 28.541056],
            [-16.127401, 28.540953],
            [-16.127463, 28.540854],
            [-16.127492, 28.540809],
            [-16.127521, 28.540765],
            [-16.127576, 28.540668],
            [-16.12763, 28.540572],
            [-16.127655, 28.540531],
            [-16.127684, 28.540492],
            [-16.127731, 28.540438],
            [-16.12778, 28.540385],
            [-16.127797, 28.540368],
            [-16.127814, 28.54035],
            [-16.127871, 28.540303],
            [-16.127927, 28.540255],
            [-16.128026, 28.540157],
            [-16.128141, 28.540064],
            [-16.128208, 28.539993],
            [-16.128344, 28.539873],
            [-16.128412, 28.539614],
            [-16.128601, 28.539489],
            [-16.128751, 28.539312],
            [-16.128793, 28.539172],
            [-16.128836, 28.53906],
            [-16.12886, 28.539007],
            [-16.128877, 28.53894],
            [-16.128884, 28.53882],
            [-16.12888, 28.538752],
            [-16.128861, 28.538696],
            [-16.128838, 28.538644],
            [-16.128829, 28.538598],
            [-16.128807, 28.538564],
            [-16.12872, 28.538512],
            [-16.128632, 28.538445],
            [-16.128538, 28.538392],
            [-16.128419, 28.538364],
            [-16.128396, 28.538353],
            [-16.128372, 28.538316],
            [-16.12836, 28.538286],
            [-16.128362, 28.538222],
            [-16.128376, 28.538162],
            [-16.128405, 28.538114],
            [-16.128463, 28.538054],
            [-16.128632, 28.537945],
            [-16.128684, 28.537915],
            [-16.128759, 28.537781],
            [-16.12872, 28.537746],
            [-16.128697, 28.537745],
            [-16.128688, 28.537703],
            [-16.128824, 28.537662],
            [-16.128934, 28.537615],
            [-16.129078, 28.537515],
            [-16.129162, 28.537367],
            [-16.129215, 28.537291],
            [-16.129233, 28.537244],
            [-16.129252, 28.53717],
            [-16.12922, 28.537106],
            [-16.129233, 28.536991],
            [-16.129245, 28.536942],
            [-16.129283, 28.53687],
            [-16.129399, 28.536866],
            [-16.129445, 28.53676],
            [-16.12951, 28.536635],
            [-16.129489, 28.536423],
            [-16.129441, 28.536283],
            [-16.129388, 28.536226],
            [-16.129233, 28.536112],
            [-16.129056, 28.536026],
            [-16.128894, 28.535966],
            [-16.128723, 28.535922],
            [-16.128475, 28.535834],
            [-16.128277, 28.53578],
            [-16.128111, 28.535739],
            [-16.127815, 28.535784],
            [-16.127669, 28.535791],
            [-16.127651, 28.535781],
            [-16.127677, 28.535707],
            [-16.127799, 28.53567],
            [-16.127823, 28.53563],
            [-16.127755, 28.535602],
            [-16.12768, 28.535625],
            [-16.127625, 28.535636],
            [-16.127514, 28.535636],
            [-16.127479, 28.535584],
            [-16.127508, 28.535525],
            [-16.127419, 28.535532],
            [-16.127357, 28.535552],
            [-16.127285, 28.535626],
            [-16.127211, 28.535653],
            [-16.127175, 28.535588],
            [-16.127175, 28.535571],
            [-16.127263, 28.535437],
            [-16.127358, 28.535381],
            [-16.12741, 28.535361],
            [-16.127518, 28.535358],
            [-16.127642, 28.535368],
            [-16.127715, 28.53535],
            [-16.12781, 28.53535],
            [-16.127878, 28.535382],
            [-16.127902, 28.535405],
            [-16.127911, 28.535448],
            [-16.127926, 28.535466],
            [-16.127946, 28.535477],
            [-16.127976, 28.535469],
            [-16.127987, 28.535436],
            [-16.127966, 28.535377],
            [-16.127898, 28.535308],
            [-16.127859, 28.535273],
            [-16.127853, 28.535254],
            [-16.127868, 28.535238],
            [-16.127894, 28.535227],
            [-16.127964, 28.535229],
            [-16.12797, 28.535202],
            [-16.127887, 28.535162],
            [-16.127723, 28.535161],
            [-16.127659, 28.535156],
            [-16.127626, 28.53514],
            [-16.127585, 28.535106],
            [-16.127515, 28.535088],
            [-16.127429, 28.53508],
            [-16.127371, 28.535091],
            [-16.127312, 28.535119],
            [-16.127197, 28.535141],
            [-16.127081, 28.535185],
            [-16.126968, 28.535256],
            [-16.126949, 28.535263],
            [-16.126899, 28.535268],
            [-16.12684, 28.535257],
            [-16.126774, 28.535197],
            [-16.126759, 28.535151],
            [-16.12683, 28.535015],
            [-16.12685, 28.534985],
            [-16.126925, 28.534846],
            [-16.126914, 28.534784],
            [-16.126819, 28.534781],
            [-16.126705, 28.534772],
            [-16.126626, 28.534759],
            [-16.126615, 28.53474],
            [-16.126625, 28.534669],
            [-16.12662, 28.534643],
            [-16.126601, 28.534621],
            [-16.126576, 28.5346],
            [-16.126475, 28.534578],
            [-16.126508, 28.534524],
            [-16.126577, 28.534466],
            [-16.126593, 28.534389],
            [-16.126503, 28.534296],
            [-16.126368, 28.534215],
            [-16.126312, 28.534177],
            [-16.12627, 28.53416],
            [-16.126235, 28.534168],
            [-16.126188, 28.534136],
            [-16.126152, 28.534067],
            [-16.126138, 28.534138],
            [-16.126124, 28.53418],
            [-16.126084, 28.534276],
            [-16.12607, 28.534319],
            [-16.126052, 28.534351],
            [-16.126031, 28.534373],
            [-16.12597, 28.534382],
            [-16.12593, 28.534379],
            [-16.125907, 28.53436],
            [-16.125891, 28.53426],
            [-16.125836, 28.534228],
            [-16.125795, 28.534198],
            [-16.125781, 28.534113],
            [-16.125738, 28.534073],
            [-16.125701, 28.534051],
            [-16.125681, 28.53402],
            [-16.125682, 28.533987],
            [-16.12564, 28.533945],
            [-16.125605, 28.533893],
            [-16.125605, 28.533873],
            [-16.12557, 28.533846],
            [-16.125512, 28.533829],
            [-16.125453, 28.533788],
            [-16.125349, 28.533663],
            [-16.125328, 28.53354],
            [-16.125343, 28.533383],
            [-16.12534, 28.533214],
            [-16.12537, 28.533053],
            [-16.125301, 28.532997],
            [-16.125087, 28.532875],
            [-16.125024, 28.532755],
            [-16.125099, 28.532707],
            [-16.12515, 28.532718],
            [-16.125268, 28.532771],
            [-16.12537, 28.532807],
            [-16.125402, 28.532842],
            [-16.125425, 28.532926],
            [-16.125464, 28.532972],
            [-16.125515, 28.532999],
            [-16.125598, 28.533084],
            [-16.125642, 28.533123],
            [-16.12569, 28.533139],
            [-16.125782, 28.533084],
            [-16.125807, 28.533016],
            [-16.125803, 28.532906],
            [-16.125809, 28.532848],
            [-16.125827, 28.532833],
            [-16.125858, 28.532825],
            [-16.125905, 28.532827],
            [-16.125908, 28.532804],
            [-16.125906, 28.532775],
            [-16.125895, 28.532741],
            [-16.125798, 28.532596],
            [-16.125759, 28.532499],
            [-16.125704, 28.532381],
            [-16.125664, 28.532303],
            [-16.125628, 28.532253],
            [-16.125601, 28.532223],
            [-16.125577, 28.532184],
            [-16.12558, 28.532135],
            [-16.125629, 28.532099],
            [-16.125666, 28.532083],
            [-16.125718, 28.532074],
            [-16.125795, 28.532068],
            [-16.12598, 28.532069],
            [-16.126018, 28.532066],
            [-16.126041, 28.532061],
            [-16.126061, 28.532047],
            [-16.126106, 28.532],
            [-16.12616, 28.531972],
            [-16.126192, 28.531959],
            [-16.126272, 28.531955],
            [-16.126299, 28.531938],
            [-16.126413, 28.531953],
            [-16.126478, 28.532011],
            [-16.126589, 28.5321],
            [-16.126702, 28.532157],
            [-16.126844, 28.532169],
            [-16.126975, 28.532147],
            [-16.127058, 28.532086],
            [-16.127163, 28.532133],
            [-16.127199, 28.532209],
            [-16.127195, 28.532249],
            [-16.127216, 28.532338],
            [-16.127272, 28.532418],
            [-16.127325, 28.532443],
            [-16.12768, 28.53258],
            [-16.127763, 28.532603],
            [-16.127804, 28.532636],
            [-16.127829, 28.532684],
            [-16.127863, 28.53273],
            [-16.127916, 28.53277],
            [-16.12798, 28.532801],
            [-16.128032, 28.532841],
            [-16.128129, 28.532943],
            [-16.128241, 28.533045],
            [-16.128318, 28.533126],
            [-16.128333, 28.533217],
            [-16.128406, 28.53332],
            [-16.128486, 28.533359],
            [-16.1286, 28.533376],
            [-16.128655, 28.53338],
            [-16.128833, 28.533391],
            [-16.12897, 28.533427],
            [-16.129052, 28.533494],
            [-16.129184, 28.533571],
            [-16.129298, 28.533617],
            [-16.129339, 28.533641],
            [-16.129399, 28.533633],
            [-16.129548, 28.533746],
            [-16.129519, 28.53377],
            [-16.12938, 28.533663],
            [-16.129129, 28.533692],
            [-16.129386, 28.533849],
            [-16.129454, 28.533898],
            [-16.129463, 28.533914],
            [-16.129523, 28.53396],
            [-16.129546, 28.534045],
            [-16.129548, 28.534114],
            [-16.129576, 28.534228],
            [-16.129597, 28.534334],
            [-16.129656, 28.534426],
            [-16.129664, 28.53448],
            [-16.129761, 28.534533],
            [-16.129698, 28.534604],
            [-16.129788, 28.534821],
            [-16.129777, 28.534898],
            [-16.129819, 28.534942],
            [-16.129902, 28.534994],
            [-16.13027, 28.535158],
            [-16.130379, 28.535183],
            [-16.130915, 28.535318],
            [-16.131224, 28.535328],
            [-16.131439, 28.535332],
            [-16.131743, 28.535302],
            [-16.131914, 28.535292],
            [-16.132117, 28.535275],
            [-16.132352, 28.535241],
            [-16.132595, 28.535195],
            [-16.132874, 28.535134],
            [-16.133164, 28.53504],
            [-16.133203, 28.535024],
            [-16.133647, 28.534833],
            [-16.133842, 28.534668],
            [-16.133957, 28.534578],
            [-16.13405, 28.534538],
            [-16.134195, 28.534499],
            [-16.134319, 28.534418],
            [-16.134352, 28.534351],
            [-16.134379, 28.534175],
            [-16.134382, 28.534095],
            [-16.134367, 28.533967],
            [-16.13434, 28.53387],
            [-16.134332, 28.533831],
            [-16.134333, 28.533783],
            [-16.134351, 28.533744],
            [-16.134391, 28.533723],
            [-16.13445, 28.533716],
            [-16.134499, 28.533718],
            [-16.134538, 28.533738],
            [-16.134573, 28.533749],
            [-16.134594, 28.533769],
            [-16.134608, 28.533804],
            [-16.134629, 28.533831],
            [-16.13467, 28.53386],
            [-16.134732, 28.533886],
            [-16.134754, 28.53389],
            [-16.134842, 28.533893],
            [-16.134985, 28.533889],
            [-16.13503, 28.533884],
            [-16.135069, 28.533874],
            [-16.135115, 28.533857],
            [-16.135161, 28.533845],
            [-16.135315, 28.53385],
            [-16.13534, 28.533846],
            [-16.135376, 28.533825],
            [-16.135464, 28.533741],
            [-16.135505, 28.533682],
            [-16.135498, 28.533633],
            [-16.135504, 28.533601],
            [-16.135543, 28.533578],
            [-16.135624, 28.533537],
            [-16.135643, 28.533524],
            [-16.135749, 28.533477],
            [-16.135807, 28.533459],
            [-16.135898, 28.533439],
            [-16.13594, 28.533439],
            [-16.136026, 28.533448],
            [-16.13611, 28.53343],
            [-16.136152, 28.533411],
            [-16.136191, 28.533385],
            [-16.136215, 28.533352],
            [-16.136232, 28.533318],
            [-16.136259, 28.533241],
            [-16.136278, 28.533202],
            [-16.136289, 28.533138],
            [-16.1363, 28.533125],
            [-16.136341, 28.533125],
            [-16.136361, 28.53313],
            [-16.136381, 28.533163],
            [-16.136446, 28.533216],
            [-16.136466, 28.533232],
            [-16.136485, 28.533231],
            [-16.136513, 28.5332],
            [-16.136526, 28.533162],
            [-16.136557, 28.533128],
            [-16.136574, 28.533112],
            [-16.136654, 28.53305],
            [-16.13667, 28.53303],
            [-16.136759, 28.532993],
            [-16.136963, 28.532902],
            [-16.137065, 28.532801],
            [-16.137189, 28.532727],
            [-16.137317, 28.532729],
            [-16.137419, 28.532692],
            [-16.137551, 28.532667],
            [-16.137723, 28.532578],
            [-16.13784, 28.53248],
            [-16.137979, 28.532368],
            [-16.138096, 28.532222],
            [-16.138213, 28.532101],
            [-16.138267, 28.532029],
            [-16.138292, 28.531978],
            [-16.138224, 28.531919],
            [-16.138215, 28.53185],
            [-16.138322, 28.531774],
            [-16.138476, 28.531714],
            [-16.138561, 28.53166],
            [-16.138808, 28.531598],
            [-16.138906, 28.531514],
            [-16.139003, 28.531475],
            [-16.13911, 28.531504],
            [-16.139246, 28.531364],
            [-16.13928, 28.531311],
            [-16.139307, 28.531259],
            [-16.139361, 28.53112],
            [-16.139405, 28.530979],
            [-16.139432, 28.530941],
            [-16.139417, 28.53085],
            [-16.139347, 28.530739],
            [-16.139233, 28.530633],
            [-16.139139, 28.530577],
            [-16.139052, 28.530559],
            [-16.139014, 28.530536],
            [-16.139005, 28.530501],
            [-16.139033, 28.530473],
            [-16.139076, 28.530448],
            [-16.139118, 28.530418],
            [-16.139147, 28.530378],
            [-16.139149, 28.530356],
            [-16.139118, 28.530329],
            [-16.139014, 28.53031],
            [-16.139, 28.5303],
            [-16.139005, 28.530272],
            [-16.139047, 28.530244],
            [-16.139097, 28.530227],
            [-16.139148, 28.530215],
            [-16.139172, 28.530205],
            [-16.139194, 28.530169],
            [-16.13918, 28.530133],
            [-16.13916, 28.530101],
            [-16.139161, 28.530082],
            [-16.139188, 28.530056],
            [-16.139246, 28.530054],
            [-16.139282, 28.530049],
            [-16.139311, 28.530016],
            [-16.139314, 28.529978],
            [-16.139294, 28.529942],
            [-16.139275, 28.529894],
            [-16.139246, 28.529853],
            [-16.139201, 28.529779],
            [-16.139206, 28.529746],
            [-16.139239, 28.529719],
            [-16.139285, 28.529696],
            [-16.139462, 28.529646],
            [-16.139508, 28.529628],
            [-16.139529, 28.5296],
            [-16.139535, 28.529489],
            [-16.139523, 28.529461],
            [-16.139457, 28.529405],
            [-16.139339, 28.529343],
            [-16.139305, 28.529321],
            [-16.13929, 28.529291],
            [-16.139313, 28.529261],
            [-16.139348, 28.52924],
            [-16.139392, 28.529229],
            [-16.13949, 28.529217],
            [-16.139584, 28.529219],
            [-16.139676, 28.529208],
            [-16.139715, 28.529192],
            [-16.13975, 28.529168],
            [-16.139787, 28.529129],
            [-16.139811, 28.529079],
            [-16.139823, 28.529004],
            [-16.139822, 28.528964],
            [-16.139805, 28.528921],
            [-16.139782, 28.52889],
            [-16.139756, 28.52887],
            [-16.13972, 28.528869],
            [-16.139631, 28.528871],
            [-16.139557, 28.528807],
            [-16.139484, 28.528682],
            [-16.139426, 28.5286],
            [-16.139354, 28.528484],
            [-16.139268, 28.528363],
            [-16.139118, 28.52821],
            [-16.138962, 28.528093],
            [-16.13888, 28.528022],
            [-16.138786, 28.527963],
            [-16.138626, 28.527843],
            [-16.138599, 28.527812],
            [-16.138549, 28.52774],
            [-16.138787, 28.527747],
            [-16.139164, 28.527772],
            [-16.139451, 28.527796],
            [-16.139828, 28.527993],
            [-16.140155, 28.528164],
            [-16.140409, 28.528298],
            [-16.141044, 28.528292],
            [-16.141172, 28.528199],
            [-16.141502, 28.527957],
            [-16.141816, 28.527573],
            [-16.142722, 28.52806],
            [-16.143122, 28.528275],
            [-16.143577, 28.528475],
            [-16.144717, 28.528977],
            [-16.145368, 28.529514],
            [-16.146028, 28.53006],
            [-16.14655, 28.530338],
            [-16.147017, 28.53035],
            [-16.147243, 28.530357],
            [-16.148021, 28.530224],
            [-16.14875, 28.530906],
            [-16.149155, 28.531004],
            [-16.150147, 28.531963],
            [-16.151268, 28.534147],
            [-16.151162, 28.535014],
            [-16.150921, 28.535748],
            [-16.150533, 28.536529],
            [-16.150893, 28.537264],
            [-16.151121, 28.537962],
            [-16.150879, 28.538878],
            [-16.15074, 28.539405],
            [-16.150578, 28.54069],
            [-16.149115, 28.541564],
            [-16.148581, 28.543272],
            [-16.149697, 28.544598],
            [-16.150153, 28.545147],
            [-16.150609, 28.545805],
            [-16.151137, 28.546308],
            [-16.151536, 28.546688],
            [-16.152244, 28.547167],
            [-16.15302, 28.548242],
            [-16.152629, 28.548784],
            [-16.152359, 28.549301],
            [-16.152456, 28.549812],
            [-16.153073, 28.550267],
            [-16.153717, 28.550422],
            [-16.154947, 28.551034],
            [-16.155485, 28.551388],
            [-16.155717, 28.55154],
            [-16.156471, 28.552087],
            [-16.156792, 28.55232],
            [-16.157076, 28.552507],
            [-16.157285, 28.552641],
            [-16.157718, 28.552895],
            [-16.158089, 28.553113],
            [-16.159551, 28.553764],
            [-16.160118, 28.553682],
            [-16.160686, 28.553743],
            [-16.161081, 28.553969],
            [-16.161548, 28.554108],
            [-16.162373, 28.554244],
            [-16.162878, 28.554332],
            [-16.163704, 28.554486],
            [-16.164201, 28.554701],
            [-16.164537, 28.555019],
            [-16.164657, 28.555132],
            [-16.165011, 28.555606],
            [-16.16526, 28.555821],
            [-16.165546, 28.556013],
            [-16.165817, 28.55619],
            [-16.166138, 28.556313],
            [-16.166344, 28.556467],
            [-16.166636, 28.556543],
            [-16.166723, 28.556566],
            [-16.166913, 28.556681],
            [-16.167047, 28.556885],
            [-16.167107, 28.557077],
            [-16.1671, 28.557197],
            [-16.167095, 28.557296],
            [-16.166962, 28.557439],
            [-16.166893, 28.557514],
            [-16.166706, 28.557644],
            [-16.16673, 28.557899],
            [-16.16674, 28.558082],
            [-16.166564, 28.558392],
            [-16.166633, 28.558471],
            [-16.166712, 28.55847],
            [-16.166789, 28.558399],
            [-16.166817, 28.55828],
            [-16.166855, 28.558166],
            [-16.166917, 28.558102],
            [-16.166971, 28.558046],
            [-16.167311, 28.557939],
            [-16.167643, 28.557775],
            [-16.167925, 28.557611],
            [-16.168068, 28.557517],
            [-16.168175, 28.557492],
            [-16.168253, 28.557491],
            [-16.168548, 28.557651],
            [-16.168873, 28.557874],
            [-16.16902, 28.557949],
            [-16.169167, 28.557957],
            [-16.169316, 28.55792],
            [-16.169536, 28.557841],
            [-16.16966, 28.557838],
            [-16.169878, 28.557831],
            [-16.170024, 28.557803],
            [-16.170122, 28.557845],
            [-16.170133, 28.557949],
            [-16.170056, 28.558019],
            [-16.16991, 28.558036],
            [-16.169704, 28.557986],
            [-16.169597, 28.558014],
            [-16.169432, 28.558092],
            [-16.169341, 28.558166],
            [-16.169248, 28.558241],
            [-16.169211, 28.558421],
            [-16.169281, 28.558561],
            [-16.169418, 28.558636],
            [-16.169512, 28.558639],
            [-16.169653, 28.558643],
            [-16.169809, 28.55859],
            [-16.169872, 28.558523],
            [-16.169924, 28.558467],
            [-16.17008, 28.558441],
            [-16.170179, 28.558449],
            [-16.170256, 28.558455],
            [-16.170421, 28.558325],
            [-16.170577, 28.558135],
            [-16.17081, 28.557826],
            [-16.170864, 28.557753],
            [-16.171029, 28.557675],
            [-16.171175, 28.557628],
            [-16.171379, 28.557568],
            [-16.17169, 28.557392],
            [-16.171829, 28.557214],
            [-16.171892, 28.557133],
            [-16.171979, 28.557028],
            [-16.172066, 28.557027],
            [-16.172144, 28.557099],
            [-16.172215, 28.557164],
            [-16.172324, 28.557327],
            [-16.172325, 28.557474],
            [-16.172415, 28.557618],
            [-16.172621, 28.557695],
            [-16.172816, 28.557718],
            [-16.173025, 28.55763],
            [-16.17322, 28.557666],
            [-16.173294, 28.55768],
            [-16.173421, 28.557679],
            [-16.173554, 28.55759],
            [-16.173788, 28.557434],
            [-16.173877, 28.557373],
            [-16.174013, 28.557371],
            [-16.174247, 28.557318],
            [-16.174349, 28.557341],
            [-16.174462, 28.557343],
            [-16.174734, 28.557194],
            [-16.174763, 28.557142],
            [-16.174967, 28.557054],
            [-16.175063, 28.556931],
            [-16.175085, 28.556872],
            [-16.175111, 28.556802],
            [-16.175241, 28.556774],
            [-16.175598, 28.556685],
            [-16.17568, 28.556606],
            [-16.175733, 28.556556],
            [-16.175867, 28.556322],
            [-16.175924, 28.556124],
            [-16.175952, 28.556028],
            [-16.175989, 28.555915],
            [-16.176116, 28.555914],
            [-16.176139, 28.555997],
            [-16.176149, 28.556182]
          ]
        ]
      }
    },
    {
      "type": "Feature",
      "properties": {
        "id": "25",
        "name": "Chamorga",
        "cityId": "santa-cruz-de-tenerife"
      },
      "geometry": {
        "type": "Polygon",
        "coordinates": [
          [
            [-16.170382, 28.569657],
            [-16.170246, 28.569805],
            [-16.17011, 28.570014],
            [-16.170032, 28.570188],
            [-16.16992, 28.570388],
            [-16.169764, 28.570563],
            [-16.169495, 28.570908],
            [-16.16888, 28.571125],
            [-16.168485, 28.571276],
            [-16.168276, 28.571469],
            [-16.168181, 28.571707],
            [-16.168054, 28.571988],
            [-16.167999, 28.57216],
            [-16.167985, 28.572338],
            [-16.16786, 28.572741],
            [-16.167607, 28.572926],
            [-16.167337, 28.573154],
            [-16.167226, 28.573378],
            [-16.167007, 28.573824],
            [-16.166852, 28.574036],
            [-16.166561, 28.574214],
            [-16.166359, 28.574272],
            [-16.166164, 28.57426],
            [-16.165676, 28.574156],
            [-16.165302, 28.57406],
            [-16.164977, 28.574013],
            [-16.1645, 28.573895],
            [-16.164074, 28.573798],
            [-16.163944, 28.573785],
            [-16.163806, 28.5738],
            [-16.163613, 28.573989],
            [-16.16346, 28.574105],
            [-16.16318, 28.574153],
            [-16.162797, 28.57426],
            [-16.162029, 28.574413],
            [-16.161467, 28.57456],
            [-16.160948, 28.574732],
            [-16.160499, 28.574911],
            [-16.159929, 28.575203],
            [-16.159288, 28.575515],
            [-16.158645, 28.575918],
            [-16.157999, 28.57635],
            [-16.157503, 28.576793],
            [-16.157206, 28.57709],
            [-16.157027, 28.577234],
            [-16.156785, 28.577385],
            [-16.156602, 28.577564],
            [-16.156472, 28.577789],
            [-16.156474, 28.577911],
            [-16.156541, 28.578124],
            [-16.156701, 28.578342],
            [-16.156903, 28.578566],
            [-16.156986, 28.578746],
            [-16.157079, 28.579059],
            [-16.157061, 28.579423],
            [-16.157026, 28.579666],
            [-16.15704, 28.579984],
            [-16.157268, 28.580287],
            [-16.157746, 28.580906],
            [-16.158329, 28.581748],
            [-16.158705, 28.582435],
            [-16.158831, 28.582663],
            [-16.158815, 28.582742],
            [-16.158462, 28.583068],
            [-16.158326, 28.583197],
            [-16.157911, 28.58329],
            [-16.157599, 28.583285],
            [-16.157113, 28.583256],
            [-16.156792, 28.583253],
            [-16.156687, 28.583311],
            [-16.156584, 28.583562],
            [-16.156511, 28.583971],
            [-16.15647, 28.584287],
            [-16.156465, 28.584517],
            [-16.156542, 28.584846],
            [-16.156512, 28.58514],
            [-16.156426, 28.585522],
            [-16.156305, 28.585921],
            [-16.156164, 28.586271],
            [-16.156081, 28.586511],
            [-16.156021, 28.586963],
            [-16.155966, 28.587144],
            [-16.155822, 28.587294],
            [-16.155661, 28.587417],
            [-16.155377, 28.58765],
            [-16.155291, 28.587569],
            [-16.155267, 28.587547],
            [-16.155225, 28.587493],
            [-16.155184, 28.587441],
            [-16.155151, 28.587378],
            [-16.155098, 28.587276],
            [-16.155073, 28.58725],
            [-16.155025, 28.587192],
            [-16.154968, 28.58715],
            [-16.154827, 28.587052],
            [-16.154798, 28.587031],
            [-16.154756, 28.587],
            [-16.154695, 28.586949],
            [-16.154637, 28.586919],
            [-16.154468, 28.586873],
            [-16.154417, 28.58685],
            [-16.15433, 28.586785],
            [-16.154269, 28.586754],
            [-16.154149, 28.586743],
            [-16.154033, 28.586752],
            [-16.153973, 28.586725],
            [-16.153904, 28.586706],
            [-16.153746, 28.58671],
            [-16.153638, 28.58671],
            [-16.153574, 28.586704],
            [-16.153518, 28.586706],
            [-16.153338, 28.586724],
            [-16.153179, 28.586745],
            [-16.153106, 28.586755],
            [-16.152808, 28.586762],
            [-16.152752, 28.586753],
            [-16.152698, 28.586733],
            [-16.152644, 28.586709],
            [-16.15259, 28.586693],
            [-16.152528, 28.586684],
            [-16.152464, 28.586681],
            [-16.152398, 28.586674],
            [-16.152234, 28.586619],
            [-16.152167, 28.586604],
            [-16.152114, 28.586593],
            [-16.152063, 28.586587],
            [-16.151879, 28.586574],
            [-16.151827, 28.586556],
            [-16.151775, 28.586547],
            [-16.151716, 28.586552],
            [-16.151656, 28.586565],
            [-16.151605, 28.586567],
            [-16.151534, 28.586563],
            [-16.151472, 28.586563],
            [-16.151409, 28.586578],
            [-16.151363, 28.586586],
            [-16.151315, 28.58661],
            [-16.151277, 28.586641],
            [-16.151227, 28.586694],
            [-16.151176, 28.58678],
            [-16.151141, 28.586815],
            [-16.151073, 28.586904],
            [-16.151038, 28.586945],
            [-16.151001, 28.586993],
            [-16.150969, 28.587017],
            [-16.150901, 28.58711],
            [-16.150841, 28.587181],
            [-16.150774, 28.587266],
            [-16.150714, 28.587357],
            [-16.150687, 28.58739],
            [-16.150646, 28.587416],
            [-16.150594, 28.587424],
            [-16.150529, 28.587423],
            [-16.150474, 28.587417],
            [-16.150422, 28.587409],
            [-16.150376, 28.587397],
            [-16.150349, 28.587372],
            [-16.150345, 28.587335],
            [-16.150331, 28.5873],
            [-16.150295, 28.587282],
            [-16.150199, 28.58725],
            [-16.150108, 28.587214],
            [-16.150075, 28.587177],
            [-16.150049, 28.587138],
            [-16.150001, 28.587112],
            [-16.149947, 28.587097],
            [-16.149891, 28.587092],
            [-16.149748, 28.587088],
            [-16.149619, 28.587051],
            [-16.149567, 28.587042],
            [-16.149429, 28.587005],
            [-16.149423, 28.587004],
            [-16.14937, 28.586993],
            [-16.149196, 28.586934],
            [-16.149097, 28.586904],
            [-16.149063, 28.586884],
            [-16.148999, 28.586857],
            [-16.148944, 28.586844],
            [-16.148889, 28.586838],
            [-16.148845, 28.586816],
            [-16.148805, 28.586784],
            [-16.148709, 28.586748],
            [-16.148688, 28.586711],
            [-16.148692, 28.586673],
            [-16.148701, 28.586639],
            [-16.148692, 28.586596],
            [-16.148664, 28.586567],
            [-16.148646, 28.586525],
            [-16.148607, 28.586403],
            [-16.148599, 28.586365],
            [-16.148595, 28.586311],
            [-16.148583, 28.586266],
            [-16.148532, 28.586106],
            [-16.148512, 28.586054],
            [-16.148422, 28.585895],
            [-16.148394, 28.585831],
            [-16.148363, 28.585746],
            [-16.148333, 28.585707],
            [-16.148292, 28.585677],
            [-16.14825, 28.585651],
            [-16.148207, 28.585632],
            [-16.14816, 28.585623],
            [-16.148105, 28.585597],
            [-16.148041, 28.585573],
            [-16.148023, 28.585567],
            [-16.147981, 28.585563],
            [-16.147938, 28.585546],
            [-16.147863, 28.585484],
            [-16.14779, 28.585431],
            [-16.147726, 28.585376],
            [-16.147685, 28.585362],
            [-16.147592, 28.585353],
            [-16.147561, 28.585337],
            [-16.147542, 28.585306],
            [-16.147536, 28.585253],
            [-16.147552, 28.585166],
            [-16.147544, 28.58515],
            [-16.147537, 28.585136],
            [-16.147452, 28.585084],
            [-16.147371, 28.58505],
            [-16.147157, 28.584988],
            [-16.147022, 28.584978],
            [-16.146861, 28.584979],
            [-16.146811, 28.584993],
            [-16.146673, 28.585024],
            [-16.146626, 28.585036],
            [-16.146583, 28.585061],
            [-16.146561, 28.585088],
            [-16.146516, 28.5851],
            [-16.146503, 28.585106],
            [-16.146466, 28.585108],
            [-16.146423, 28.585094],
            [-16.146378, 28.58509],
            [-16.14632, 28.585075],
            [-16.146275, 28.58506],
            [-16.146224, 28.585052],
            [-16.146178, 28.585051],
            [-16.146137, 28.585058],
            [-16.146097, 28.585078],
            [-16.146064, 28.585101],
            [-16.145875, 28.585209],
            [-16.145792, 28.585265],
            [-16.145742, 28.585291],
            [-16.145647, 28.585311],
            [-16.145604, 28.585313],
            [-16.145518, 28.585332],
            [-16.145459, 28.58534],
            [-16.145406, 28.585341],
            [-16.145357, 28.585356],
            [-16.145332, 28.585367],
            [-16.145285, 28.58536],
            [-16.14524, 28.585359],
            [-16.14519, 28.585339],
            [-16.145133, 28.585283],
            [-16.145097, 28.585256],
            [-16.145043, 28.585232],
            [-16.144998, 28.585204],
            [-16.144949, 28.585186],
            [-16.144902, 28.585178],
            [-16.144841, 28.585151],
            [-16.144819, 28.585127],
            [-16.144813, 28.585078],
            [-16.144818, 28.585027],
            [-16.144806, 28.584977],
            [-16.144793, 28.584936],
            [-16.144761, 28.584901],
            [-16.144728, 28.584877],
            [-16.144662, 28.584837],
            [-16.144626, 28.584772],
            [-16.144629, 28.584693],
            [-16.144594, 28.58461],
            [-16.14458, 28.584607],
            [-16.144522, 28.584594],
            [-16.144367, 28.584582],
            [-16.144242, 28.584563],
            [-16.144104, 28.584562],
            [-16.143988, 28.58456],
            [-16.143877, 28.584577],
            [-16.14378, 28.584614],
            [-16.143743, 28.584628],
            [-16.143643, 28.584676],
            [-16.143549, 28.584756],
            [-16.143503, 28.584785],
            [-16.143461, 28.584799],
            [-16.14341, 28.584802],
            [-16.14335, 28.584789],
            [-16.143088, 28.58471],
            [-16.143051, 28.584694],
            [-16.142985, 28.584648],
            [-16.142928, 28.584621],
            [-16.142872, 28.584595],
            [-16.142748, 28.584566],
            [-16.142661, 28.584554],
            [-16.142569, 28.584534],
            [-16.142526, 28.584538],
            [-16.142427, 28.584529],
            [-16.142385, 28.58453],
            [-16.142338, 28.584557],
            [-16.142304, 28.584573],
            [-16.142271, 28.584556],
            [-16.142254, 28.584513],
            [-16.14226, 28.584463],
            [-16.142257, 28.584428],
            [-16.142267, 28.584355],
            [-16.142267, 28.584325],
            [-16.142248, 28.584291],
            [-16.142237, 28.584251],
            [-16.142257, 28.584203],
            [-16.142302, 28.584172],
            [-16.14241, 28.584104],
            [-16.142441, 28.584071],
            [-16.142453, 28.584031],
            [-16.142431, 28.583994],
            [-16.142375, 28.583974],
            [-16.142367, 28.583971],
            [-16.142311, 28.583974],
            [-16.142256, 28.583968],
            [-16.142194, 28.58395],
            [-16.142148, 28.583913],
            [-16.142108, 28.5839],
            [-16.142027, 28.58388],
            [-16.141893, 28.583878],
            [-16.1417, 28.58389],
            [-16.14138, 28.583936],
            [-16.141277, 28.583958],
            [-16.141153, 28.584022],
            [-16.141045, 28.584103],
            [-16.140956, 28.584127],
            [-16.140913, 28.58413],
            [-16.14088, 28.584119],
            [-16.140865, 28.584104],
            [-16.140846, 28.584054],
            [-16.140817, 28.584048],
            [-16.140716, 28.584069],
            [-16.140673, 28.584068],
            [-16.140647, 28.584057],
            [-16.140629, 28.584022],
            [-16.140625, 28.583998],
            [-16.140653, 28.583933],
            [-16.14064, 28.583906],
            [-16.140603, 28.583881],
            [-16.14057, 28.583847],
            [-16.14057, 28.583808],
            [-16.140566, 28.583785],
            [-16.140551, 28.58377],
            [-16.140509, 28.583765],
            [-16.140468, 28.583767],
            [-16.140329, 28.583783],
            [-16.140161, 28.583823],
            [-16.140073, 28.583837],
            [-16.139912, 28.583851],
            [-16.139763, 28.583831],
            [-16.139703, 28.583811],
            [-16.139654, 28.583785],
            [-16.139602, 28.583765],
            [-16.13955, 28.583756],
            [-16.139451, 28.583751],
            [-16.139338, 28.583694],
            [-16.139286, 28.583685],
            [-16.139231, 28.583691],
            [-16.139175, 28.583701],
            [-16.139162, 28.583702],
            [-16.139117, 28.583705],
            [-16.139014, 28.58367],
            [-16.138966, 28.583638],
            [-16.138937, 28.5836],
            [-16.138893, 28.583583],
            [-16.138823, 28.583557],
            [-16.138756, 28.583568],
            [-16.138678, 28.583597],
            [-16.138579, 28.583742],
            [-16.138487, 28.583866],
            [-16.138425, 28.583869],
            [-16.138472, 28.583732],
            [-16.138436, 28.583415],
            [-16.138407, 28.583377],
            [-16.138401, 28.583335],
            [-16.138345, 28.583302],
            [-16.138125, 28.583073],
            [-16.137978, 28.582939],
            [-16.137868, 28.582933],
            [-16.137733, 28.582837],
            [-16.137693, 28.582825],
            [-16.137651, 28.58282],
            [-16.13761, 28.582824],
            [-16.137528, 28.582848],
            [-16.137492, 28.582862],
            [-16.137443, 28.582867],
            [-16.137402, 28.582843],
            [-16.13738, 28.58282],
            [-16.137314, 28.582774],
            [-16.137274, 28.582758],
            [-16.13723, 28.582742],
            [-16.137082, 28.582723],
            [-16.136974, 28.582742],
            [-16.136939, 28.582758],
            [-16.136875, 28.582759],
            [-16.136834, 28.582751],
            [-16.1368, 28.582766],
            [-16.136775, 28.582812],
            [-16.136761, 28.582863],
            [-16.136733, 28.582893],
            [-16.136671, 28.582915],
            [-16.136629, 28.582923],
            [-16.136576, 28.58291],
            [-16.136507, 28.582904],
            [-16.136466, 28.582913],
            [-16.136335, 28.582964],
            [-16.136209, 28.582942],
            [-16.13607, 28.58288],
            [-16.135983, 28.5828],
            [-16.135941, 28.582744],
            [-16.135928, 28.582709],
            [-16.135925, 28.582686],
            [-16.135928, 28.582669],
            [-16.135964, 28.582649],
            [-16.136005, 28.582637],
            [-16.136042, 28.582633],
            [-16.136142, 28.582663],
            [-16.136267, 28.582694],
            [-16.136308, 28.582694],
            [-16.136335, 28.582688],
            [-16.136371, 28.582668],
            [-16.13639, 28.582647],
            [-16.136392, 28.582623],
            [-16.136416, 28.582574],
            [-16.136479, 28.58252],
            [-16.136501, 28.582487],
            [-16.13652, 28.582396],
            [-16.136521, 28.582358],
            [-16.136514, 28.582332],
            [-16.136523, 28.582294],
            [-16.136551, 28.582236],
            [-16.136557, 28.582217],
            [-16.136561, 28.582082],
            [-16.136503, 28.581972],
            [-16.136507, 28.581891],
            [-16.136489, 28.58186],
            [-16.136434, 28.581839],
            [-16.136363, 28.5818],
            [-16.136337, 28.581771],
            [-16.136317, 28.581736],
            [-16.136292, 28.581714],
            [-16.136267, 28.5817],
            [-16.136172, 28.581664],
            [-16.136101, 28.581648],
            [-16.136008, 28.58164],
            [-16.135926, 28.581648],
            [-16.135887, 28.581661],
            [-16.135774, 28.581718],
            [-16.135734, 28.581731],
            [-16.135695, 28.581743],
            [-16.135651, 28.581747],
            [-16.135609, 28.581746],
            [-16.135569, 28.581733],
            [-16.135534, 28.581713],
            [-16.135501, 28.581688],
            [-16.135481, 28.581656],
            [-16.13548, 28.581539],
            [-16.135389, 28.581451],
            [-16.135291, 28.581452],
            [-16.135258, 28.581464],
            [-16.13525, 28.58146],
            [-16.135191, 28.58146],
            [-16.135125, 28.581435],
            [-16.135071, 28.581401],
            [-16.134963, 28.581323],
            [-16.134913, 28.581295],
            [-16.134814, 28.581249],
            [-16.134715, 28.581221],
            [-16.134652, 28.581221],
            [-16.134623, 28.581226],
            [-16.134561, 28.58127],
            [-16.134521, 28.58128],
            [-16.134436, 28.581276],
            [-16.134401, 28.581261],
            [-16.134361, 28.581253],
            [-16.134339, 28.58124],
            [-16.134332, 28.58122],
            [-16.134353, 28.581186],
            [-16.134411, 28.581134],
            [-16.134403, 28.581101],
            [-16.13439, 28.581084],
            [-16.134345, 28.581074],
            [-16.134303, 28.581073],
            [-16.134259, 28.581077],
            [-16.134219, 28.581085],
            [-16.134177, 28.581102],
            [-16.134139, 28.581123],
            [-16.134123, 28.581128],
            [-16.134108, 28.5811],
            [-16.13411, 28.581055],
            [-16.134117, 28.581017],
            [-16.134117, 28.580985],
            [-16.1341, 28.58095],
            [-16.134082, 28.580925],
            [-16.134078, 28.580895],
            [-16.13409, 28.580867],
            [-16.134121, 28.58084],
            [-16.134157, 28.580821],
            [-16.13418, 28.580777],
            [-16.134193, 28.58073],
            [-16.134192, 28.58068],
            [-16.134165, 28.580647],
            [-16.134097, 28.580624],
            [-16.134036, 28.580587],
            [-16.134002, 28.580551],
            [-16.13399, 28.580518],
            [-16.134015, 28.5805],
            [-16.134068, 28.580499],
            [-16.134123, 28.580507],
            [-16.134226, 28.580528],
            [-16.134274, 28.580531],
            [-16.134314, 28.580517],
            [-16.13434, 28.580476],
            [-16.134365, 28.580456],
            [-16.1344, 28.580437],
            [-16.134441, 28.58043],
            [-16.134485, 28.580435],
            [-16.134531, 28.580434],
            [-16.134576, 28.580422],
            [-16.134685, 28.580363],
            [-16.134805, 28.58018],
            [-16.134819, 28.580141],
            [-16.134871, 28.580035],
            [-16.134889, 28.579843],
            [-16.13487, 28.57964],
            [-16.134847, 28.579631],
            [-16.134756, 28.579603],
            [-16.134406, 28.57956],
            [-16.134357, 28.579727],
            [-16.134307, 28.579721],
            [-16.134357, 28.57955],
            [-16.134362, 28.579535],
            [-16.134302, 28.579502],
            [-16.134367, 28.57941],
            [-16.134302, 28.579375],
            [-16.134252, 28.579261],
            [-16.13427, 28.579162],
            [-16.134288, 28.579105],
            [-16.134306, 28.579092],
            [-16.134317, 28.579065],
            [-16.134345, 28.579041],
            [-16.134385, 28.579027],
            [-16.134472, 28.579007],
            [-16.134516, 28.579006],
            [-16.134538, 28.579009],
            [-16.134564, 28.579036],
            [-16.134579, 28.579073],
            [-16.13459, 28.579175],
            [-16.134652, 28.579253],
            [-16.134829, 28.579234],
            [-16.134993, 28.579138],
            [-16.135051, 28.579048],
            [-16.135072, 28.578852],
            [-16.135018, 28.578662],
            [-16.134998, 28.578592],
            [-16.134982, 28.578571],
            [-16.134945, 28.578364],
            [-16.13499, 28.578156],
            [-16.134993, 28.578145],
            [-16.134996, 28.578091],
            [-16.134995, 28.578008],
            [-16.134975, 28.577901],
            [-16.134967, 28.577824],
            [-16.134971, 28.577798],
            [-16.135021, 28.577737],
            [-16.135053, 28.577707],
            [-16.135079, 28.577676],
            [-16.135166, 28.577463],
            [-16.135178, 28.577144],
            [-16.135091, 28.576834],
            [-16.135077, 28.576805],
            [-16.134925, 28.576599],
            [-16.134715, 28.576459],
            [-16.134605, 28.576462],
            [-16.134543, 28.576472],
            [-16.134491, 28.576491],
            [-16.134429, 28.576529],
            [-16.13436, 28.576547],
            [-16.134303, 28.576547],
            [-16.134251, 28.576538],
            [-16.134211, 28.576508],
            [-16.134713, 28.576136],
            [-16.13511, 28.575729],
            [-16.135343, 28.575539],
            [-16.135801, 28.575284],
            [-16.136382, 28.574963],
            [-16.136562, 28.57487],
            [-16.137432, 28.574263],
            [-16.137638, 28.574069],
            [-16.137898, 28.573853],
            [-16.137986, 28.573784],
            [-16.138173, 28.573726],
            [-16.138545, 28.573658],
            [-16.138951, 28.573538],
            [-16.139297, 28.57343],
            [-16.139684, 28.573197],
            [-16.139891, 28.573],
            [-16.140196, 28.572676],
            [-16.140446, 28.572381],
            [-16.140702, 28.571986],
            [-16.140804, 28.571647],
            [-16.140818, 28.571418],
            [-16.140749, 28.57109],
            [-16.140707, 28.570939],
            [-16.140696, 28.570675],
            [-16.140743, 28.570523],
            [-16.140894, 28.570199],
            [-16.141061, 28.569941],
            [-16.141254, 28.569752],
            [-16.141471, 28.569579],
            [-16.141915, 28.569354],
            [-16.142076, 28.56928],
            [-16.142319, 28.569192],
            [-16.142578, 28.569089],
            [-16.142767, 28.568961],
            [-16.142916, 28.568885],
            [-16.143198, 28.568655],
            [-16.143423, 28.568507],
            [-16.143679, 28.568392],
            [-16.144046, 28.568289],
            [-16.144241, 28.568283],
            [-16.144687, 28.568306],
            [-16.145215, 28.568382],
            [-16.145776, 28.568452],
            [-16.146294, 28.568531],
            [-16.146987, 28.568636],
            [-16.147714, 28.568732],
            [-16.148191, 28.568755],
            [-16.148654, 28.568748],
            [-16.149009, 28.568727],
            [-16.149495, 28.568701],
            [-16.149801, 28.56861],
            [-16.150036, 28.568516],
            [-16.150212, 28.568405],
            [-16.150271, 28.568365],
            [-16.150351, 28.568235],
            [-16.150421, 28.568027],
            [-16.150436, 28.567856],
            [-16.150397, 28.567669],
            [-16.150416, 28.567526],
            [-16.150649, 28.567288],
            [-16.150847, 28.567209],
            [-16.15123, 28.567078],
            [-16.151481, 28.567001],
            [-16.15181, 28.567034],
            [-16.152067, 28.567104],
            [-16.152176, 28.566758],
            [-16.152207, 28.566488],
            [-16.152265, 28.56597],
            [-16.152346, 28.5656],
            [-16.152488, 28.564944],
            [-16.152527, 28.564765],
            [-16.152731, 28.564254],
            [-16.152872, 28.5639],
            [-16.152937, 28.563737],
            [-16.153142, 28.563494],
            [-16.153404, 28.563636],
            [-16.153746, 28.56368],
            [-16.153857, 28.563864],
            [-16.154105, 28.563968],
            [-16.154548, 28.56396],
            [-16.154966, 28.564017],
            [-16.155158, 28.564043],
            [-16.155502, 28.564204],
            [-16.155612, 28.564256],
            [-16.15584, 28.564349],
            [-16.15583, 28.564536],
            [-16.155902, 28.564869],
            [-16.15603, 28.56499],
            [-16.156236, 28.565072],
            [-16.156511, 28.565227],
            [-16.156599, 28.565398],
            [-16.156894, 28.5655],
            [-16.156985, 28.565539],
            [-16.157145, 28.565655],
            [-16.157183, 28.565716],
            [-16.157374, 28.56564],
            [-16.157736, 28.565556],
            [-16.15822, 28.565476],
            [-16.158628, 28.565345],
            [-16.159269, 28.565212],
            [-16.159617, 28.565165],
            [-16.1603, 28.565147],
            [-16.160824, 28.565123],
            [-16.161251, 28.56507],
            [-16.161832, 28.564999],
            [-16.16235, 28.564968],
            [-16.162761, 28.56498],
            [-16.162918, 28.565033],
            [-16.16317, 28.56506],
            [-16.163372, 28.565008],
            [-16.163517, 28.564863],
            [-16.163655, 28.564686],
            [-16.163741, 28.564561],
            [-16.163837, 28.564503],
            [-16.16417, 28.564458],
            [-16.164413, 28.564469],
            [-16.164852, 28.564558],
            [-16.165015, 28.564579],
            [-16.165561, 28.564796],
            [-16.165799, 28.564954],
            [-16.166129, 28.565174],
            [-16.166484, 28.565406],
            [-16.166902, 28.565492],
            [-16.16729, 28.565561],
            [-16.167648, 28.565576],
            [-16.168268, 28.565646],
            [-16.168533, 28.565657],
            [-16.168523, 28.565842],
            [-16.16863, 28.565976],
            [-16.168883, 28.566152],
            [-16.169145, 28.566358],
            [-16.169244, 28.566479],
            [-16.169277, 28.56656],
            [-16.169368, 28.566865],
            [-16.169495, 28.56723],
            [-16.169668, 28.567393],
            [-16.169886, 28.567556],
            [-16.169988, 28.567713],
            [-16.170022, 28.567905],
            [-16.170001, 28.568171],
            [-16.170015, 28.56846],
            [-16.170032, 28.568818],
            [-16.170061, 28.569238],
            [-16.170202, 28.56948],
            [-16.170382, 28.569657]
          ]
        ]
      }
    },
    {
      "type": "Feature",
      "properties": {
        "id": "26",
        "name": "Almaciga",
        "cityId": "santa-cruz-de-tenerife"
      },
      "geometry": {
        "type": "Polygon",
        "coordinates": [
          [
            [-16.200612, 28.571677],
            [-16.200554, 28.57202],
            [-16.200555, 28.572228],
            [-16.200535, 28.572229],
            [-16.200496, 28.572234],
            [-16.200458, 28.572239],
            [-16.200436, 28.572242],
            [-16.200415, 28.572245],
            [-16.200381, 28.572256],
            [-16.200348, 28.572272],
            [-16.200324, 28.572285],
            [-16.200301, 28.572302],
            [-16.200284, 28.572318],
            [-16.200268, 28.572336],
            [-16.200243, 28.572356],
            [-16.20022, 28.572378],
            [-16.2002, 28.572402],
            [-16.200183, 28.572427],
            [-16.200167, 28.572455],
            [-16.200149, 28.572482],
            [-16.200136, 28.57249],
            [-16.20012, 28.572494],
            [-16.200088, 28.572502],
            [-16.200048, 28.572526],
            [-16.200008, 28.572551],
            [-16.19998, 28.572574],
            [-16.199952, 28.572596],
            [-16.199912, 28.572619],
            [-16.199869, 28.572638],
            [-16.199838, 28.572641],
            [-16.199805, 28.572639],
            [-16.199785, 28.572643],
            [-16.199757, 28.572667],
            [-16.19973, 28.572694],
            [-16.199704, 28.572713],
            [-16.199676, 28.572726],
            [-16.199661, 28.572722],
            [-16.19964, 28.5727],
            [-16.19962, 28.572675],
            [-16.199591, 28.572649],
            [-16.199564, 28.57262],
            [-16.199556, 28.572601],
            [-16.199553, 28.572582],
            [-16.199557, 28.572542],
            [-16.199567, 28.572504],
            [-16.199575, 28.572465],
            [-16.19957, 28.57244],
            [-16.199561, 28.572415],
            [-16.199547, 28.572386],
            [-16.19953, 28.572358],
            [-16.199511, 28.572333],
            [-16.199488, 28.572311],
            [-16.199441, 28.572279],
            [-16.19939, 28.572253],
            [-16.199338, 28.57223],
            [-16.199285, 28.572209],
            [-16.199246, 28.572192],
            [-16.199205, 28.572182],
            [-16.199136, 28.572179],
            [-16.198967, 28.572145],
            [-16.19893, 28.572128],
            [-16.198893, 28.572112],
            [-16.198855, 28.572101],
            [-16.198815, 28.572099],
            [-16.198732, 28.572098],
            [-16.198666, 28.572091],
            [-16.198599, 28.572085],
            [-16.198558, 28.572083],
            [-16.198518, 28.572092],
            [-16.198483, 28.572112],
            [-16.198453, 28.572135],
            [-16.198427, 28.572154],
            [-16.198402, 28.572174],
            [-16.198373, 28.5722],
            [-16.198345, 28.572227],
            [-16.198319, 28.572251],
            [-16.198294, 28.572275],
            [-16.19827, 28.572305],
            [-16.198253, 28.572339],
            [-16.19824, 28.572393],
            [-16.198233, 28.572447],
            [-16.198228, 28.572478],
            [-16.198229, 28.572509],
            [-16.198242, 28.572534],
            [-16.198258, 28.57256],
            [-16.198274, 28.572592],
            [-16.198286, 28.572624],
            [-16.198282, 28.572656],
            [-16.198266, 28.572688],
            [-16.198249, 28.572713],
            [-16.19823, 28.572735],
            [-16.198197, 28.572766],
            [-16.198156, 28.572791],
            [-16.198126, 28.5728],
            [-16.198095, 28.572799],
            [-16.198055, 28.572789],
            [-16.198015, 28.572775],
            [-16.197988, 28.572756],
            [-16.197959, 28.57274],
            [-16.197936, 28.572737],
            [-16.197912, 28.572739],
            [-16.197846, 28.572753],
            [-16.197779, 28.572764],
            [-16.197733, 28.572761],
            [-16.197686, 28.572753],
            [-16.197656, 28.572744],
            [-16.197627, 28.572734],
            [-16.197608, 28.572733],
            [-16.197576, 28.572743],
            [-16.197545, 28.572757],
            [-16.1975, 28.57277],
            [-16.197455, 28.572782],
            [-16.197418, 28.572791],
            [-16.19738, 28.572797],
            [-16.197332, 28.572801],
            [-16.197285, 28.572801],
            [-16.19725, 28.572798],
            [-16.197215, 28.572795],
            [-16.197176, 28.572799],
            [-16.197137, 28.572803],
            [-16.197086, 28.57281],
            [-16.197035, 28.572817],
            [-16.197006, 28.572817],
            [-16.196976, 28.572807],
            [-16.196967, 28.572798],
            [-16.196963, 28.572786],
            [-16.196967, 28.572764],
            [-16.196985, 28.572745],
            [-16.197004, 28.572725],
            [-16.197018, 28.572701],
            [-16.197027, 28.572676],
            [-16.197027, 28.572647],
            [-16.197012, 28.572618],
            [-16.196991, 28.572601],
            [-16.196967, 28.57259],
            [-16.19693, 28.572578],
            [-16.196893, 28.572572],
            [-16.196859, 28.572569],
            [-16.196826, 28.572571],
            [-16.196797, 28.572575],
            [-16.196769, 28.572578],
            [-16.196726, 28.572581],
            [-16.196683, 28.572583],
            [-16.196646, 28.572584],
            [-16.196609, 28.572585],
            [-16.196568, 28.572589],
            [-16.196526, 28.572595],
            [-16.196482, 28.572602],
            [-16.196437, 28.57261],
            [-16.196403, 28.572616],
            [-16.196368, 28.572619],
            [-16.196333, 28.572607],
            [-16.196299, 28.572591],
            [-16.196262, 28.572577],
            [-16.196173, 28.572557],
            [-16.196121, 28.572548],
            [-16.196076, 28.57254],
            [-16.19603, 28.572532],
            [-16.195983, 28.572517],
            [-16.195937, 28.572499],
            [-16.195893, 28.572486],
            [-16.19585, 28.572473],
            [-16.195814, 28.572462],
            [-16.195778, 28.572452],
            [-16.195732, 28.572438],
            [-16.195685, 28.572424],
            [-16.195636, 28.572415],
            [-16.195585, 28.57241],
            [-16.195535, 28.572407],
            [-16.195486, 28.572405],
            [-16.195439, 28.572404],
            [-16.195391, 28.572403],
            [-16.195346, 28.572404],
            [-16.195301, 28.572408],
            [-16.195256, 28.57242],
            [-16.19521, 28.572432],
            [-16.195164, 28.572438],
            [-16.195117, 28.572445],
            [-16.19507, 28.57245],
            [-16.195023, 28.572456],
            [-16.194975, 28.572465],
            [-16.194928, 28.572474],
            [-16.194854, 28.572486],
            [-16.19478, 28.572497],
            [-16.194742, 28.572501],
            [-16.194704, 28.572496],
            [-16.194664, 28.572482],
            [-16.194624, 28.572468],
            [-16.19459, 28.572458],
            [-16.194556, 28.572448],
            [-16.194525, 28.572434],
            [-16.194495, 28.572418],
            [-16.19446, 28.5724],
            [-16.194427, 28.572379],
            [-16.194396, 28.57235],
            [-16.194366, 28.57232],
            [-16.194335, 28.572293],
            [-16.194302, 28.572268],
            [-16.194257, 28.572238],
            [-16.194212, 28.572208],
            [-16.194168, 28.572179],
            [-16.194124, 28.57215],
            [-16.194063, 28.572109],
            [-16.194002, 28.572069],
            [-16.193945, 28.572034],
            [-16.193885, 28.572004],
            [-16.193785, 28.571967],
            [-16.193681, 28.571948],
            [-16.193611, 28.571944],
            [-16.193566, 28.571944],
            [-16.193521, 28.571946],
            [-16.193479, 28.571948],
            [-16.193437, 28.57195],
            [-16.19339, 28.571955],
            [-16.193345, 28.571962],
            [-16.193302, 28.571971],
            [-16.193261, 28.57198],
            [-16.193214, 28.571988],
            [-16.193167, 28.571997],
            [-16.19313, 28.572006],
            [-16.193092, 28.572015],
            [-16.193046, 28.572026],
            [-16.193, 28.572036],
            [-16.192962, 28.572046],
            [-16.192925, 28.572055],
            [-16.192879, 28.572066],
            [-16.192833, 28.572077],
            [-16.192786, 28.572095],
            [-16.192741, 28.572116],
            [-16.192711, 28.572132],
            [-16.19268, 28.572146],
            [-16.192643, 28.572162],
            [-16.192605, 28.572177],
            [-16.192572, 28.572192],
            [-16.192539, 28.572206],
            [-16.1925, 28.572219],
            [-16.192461, 28.57223],
            [-16.192433, 28.57224],
            [-16.192404, 28.57225],
            [-16.192371, 28.57226],
            [-16.192338, 28.572268],
            [-16.1923, 28.572277],
            [-16.192263, 28.572286],
            [-16.192222, 28.572296],
            [-16.192183, 28.572309],
            [-16.192146, 28.572328],
            [-16.19211, 28.572348],
            [-16.19207, 28.572369],
            [-16.192031, 28.57239],
            [-16.191994, 28.572409],
            [-16.191958, 28.572428],
            [-16.191909, 28.572452],
            [-16.191861, 28.572478],
            [-16.1918, 28.572515],
            [-16.19174, 28.572553],
            [-16.191532, 28.572727],
            [-16.191467, 28.572809],
            [-16.191407, 28.572916],
            [-16.191346, 28.573035],
            [-16.191325, 28.573104],
            [-16.191286, 28.573306],
            [-16.19124, 28.573571],
            [-16.191183, 28.573846],
            [-16.191096, 28.574089],
            [-16.19103, 28.57432],
            [-16.190983, 28.574432],
            [-16.190913, 28.574555],
            [-16.19086, 28.574631],
            [-16.190781, 28.574725],
            [-16.190723, 28.574768],
            [-16.190682, 28.57482],
            [-16.190661, 28.574879],
            [-16.190506, 28.575027],
            [-16.190433, 28.575103],
            [-16.190385, 28.575137],
            [-16.190335, 28.575165],
            [-16.190292, 28.575188],
            [-16.190105, 28.575274],
            [-16.190043, 28.575277],
            [-16.190016, 28.575251],
            [-16.18998, 28.575234],
            [-16.189873, 28.575236],
            [-16.189782, 28.57523],
            [-16.189688, 28.575238],
            [-16.189543, 28.575191],
            [-16.18944, 28.575186],
            [-16.189374, 28.575174],
            [-16.189265, 28.575186],
            [-16.18917, 28.575224],
            [-16.189137, 28.575237],
            [-16.189032, 28.575271],
            [-16.188884, 28.575266],
            [-16.188813, 28.575282],
            [-16.188742, 28.575298],
            [-16.188713, 28.575309],
            [-16.188686, 28.575324],
            [-16.188657, 28.57534],
            [-16.188629, 28.575358],
            [-16.188612, 28.575374],
            [-16.188597, 28.575392],
            [-16.188582, 28.575414],
            [-16.188572, 28.575438],
            [-16.188567, 28.575466],
            [-16.188566, 28.575493],
            [-16.188568, 28.57551],
            [-16.188575, 28.575526],
            [-16.188584, 28.575535],
            [-16.1886, 28.575545],
            [-16.188615, 28.575556],
            [-16.188632, 28.575574],
            [-16.188641, 28.575593],
            [-16.188639, 28.575618],
            [-16.18863, 28.575643],
            [-16.188621, 28.575665],
            [-16.188612, 28.575688],
            [-16.188606, 28.575711],
            [-16.188597, 28.575734],
            [-16.188585, 28.575752],
            [-16.18857, 28.575768],
            [-16.18855, 28.575788],
            [-16.18853, 28.575809],
            [-16.188515, 28.575833],
            [-16.188498, 28.575859],
            [-16.188473, 28.57588],
            [-16.188459, 28.575887],
            [-16.188443, 28.575889],
            [-16.18841, 28.575887],
            [-16.188377, 28.575886],
            [-16.188347, 28.575884],
            [-16.188318, 28.575883],
            [-16.188306, 28.57588],
            [-16.188291, 28.57587],
            [-16.188277, 28.575857],
            [-16.188256, 28.575837],
            [-16.188241, 28.575814],
            [-16.188235, 28.575784],
            [-16.188234, 28.575755],
            [-16.188238, 28.575721],
            [-16.188241, 28.575688],
            [-16.188237, 28.57566],
            [-16.188226, 28.575634],
            [-16.188215, 28.575615],
            [-16.188204, 28.575597],
            [-16.188175, 28.575574],
            [-16.188146, 28.575551],
            [-16.188119, 28.575538],
            [-16.18809, 28.575528],
            [-16.188051, 28.57551],
            [-16.188012, 28.575492],
            [-16.187979, 28.575479],
            [-16.187945, 28.575467],
            [-16.187903, 28.575457],
            [-16.187861, 28.57545],
            [-16.187814, 28.575446],
            [-16.187767, 28.575445],
            [-16.187719, 28.575445],
            [-16.187671, 28.575449],
            [-16.187622, 28.575456],
            [-16.187574, 28.575464],
            [-16.187524, 28.575473],
            [-16.187476, 28.575484],
            [-16.187433, 28.575498],
            [-16.187391, 28.575514],
            [-16.187353, 28.575531],
            [-16.187316, 28.575549],
            [-16.187284, 28.575567],
            [-16.187253, 28.575585],
            [-16.187214, 28.575603],
            [-16.187174, 28.575619],
            [-16.18714, 28.575629],
            [-16.187105, 28.575639],
            [-16.187066, 28.575649],
            [-16.187027, 28.57566],
            [-16.186988, 28.575675],
            [-16.186952, 28.575694],
            [-16.186925, 28.575711],
            [-16.186899, 28.575728],
            [-16.186869, 28.575744],
            [-16.186837, 28.575755],
            [-16.186821, 28.575756],
            [-16.186794, 28.575751],
            [-16.186769, 28.575741],
            [-16.186734, 28.575717],
            [-16.186718, 28.575704],
            [-16.186699, 28.575695],
            [-16.186662, 28.575685],
            [-16.186625, 28.57568],
            [-16.18658, 28.57568],
            [-16.186535, 28.575683],
            [-16.186488, 28.575689],
            [-16.186441, 28.575695],
            [-16.186399, 28.575697],
            [-16.186357, 28.5757],
            [-16.186306, 28.57571],
            [-16.186257, 28.575722],
            [-16.186205, 28.575735],
            [-16.186153, 28.575749],
            [-16.186107, 28.57576],
            [-16.186061, 28.575772],
            [-16.186007, 28.575786],
            [-16.185953, 28.575802],
            [-16.185898, 28.575822],
            [-16.185844, 28.575845],
            [-16.185797, 28.575867],
            [-16.185749, 28.575889],
            [-16.18571, 28.575904],
            [-16.185672, 28.57592],
            [-16.185634, 28.575941],
            [-16.185596, 28.575962],
            [-16.185555, 28.575986],
            [-16.185514, 28.57601],
            [-16.185467, 28.576032],
            [-16.185416, 28.576049],
            [-16.185362, 28.576064],
            [-16.185308, 28.576078],
            [-16.185256, 28.576093],
            [-16.185205, 28.576108],
            [-16.185161, 28.576124],
            [-16.185117, 28.576142],
            [-16.185065, 28.576163],
            [-16.185014, 28.576186],
            [-16.184951, 28.576215],
            [-16.184888, 28.576245],
            [-16.18484, 28.576267],
            [-16.184791, 28.576289],
            [-16.18474, 28.576311],
            [-16.184688, 28.576333],
            [-16.184645, 28.576356],
            [-16.184604, 28.576382],
            [-16.184567, 28.576406],
            [-16.184531, 28.57643],
            [-16.184488, 28.576454],
            [-16.184445, 28.576479],
            [-16.184409, 28.576503],
            [-16.184376, 28.576529],
            [-16.184347, 28.576557],
            [-16.18432, 28.576585],
            [-16.184295, 28.576609],
            [-16.184275, 28.576634],
            [-16.184245, 28.576687],
            [-16.1842, 28.576749],
            [-16.184148, 28.576876],
            [-16.184107, 28.576958],
            [-16.184012, 28.577048],
            [-16.183927, 28.577093],
            [-16.183587, 28.577217],
            [-16.183279, 28.577325],
            [-16.183173, 28.577367],
            [-16.183029, 28.577447],
            [-16.182841, 28.577561],
            [-16.182708, 28.577666],
            [-16.182571, 28.577756],
            [-16.182416, 28.577815],
            [-16.182278, 28.577856],
            [-16.182124, 28.577885],
            [-16.182, 28.577897],
            [-16.181872, 28.577898],
            [-16.181736, 28.577894],
            [-16.181665, 28.577909],
            [-16.181564, 28.577942],
            [-16.181452, 28.577998],
            [-16.181147, 28.578142],
            [-16.180976, 28.578238],
            [-16.180855, 28.578335],
            [-16.180751, 28.578426],
            [-16.180669, 28.578494],
            [-16.180596, 28.578567],
            [-16.180527, 28.578643],
            [-16.180458, 28.578706],
            [-16.180408, 28.57877],
            [-16.180382, 28.578861],
            [-16.180354, 28.578941],
            [-16.180362, 28.57903],
            [-16.180335, 28.579118],
            [-16.180285, 28.57925],
            [-16.180215, 28.579541],
            [-16.180168, 28.579695],
            [-16.180151, 28.579826],
            [-16.180114, 28.57997],
            [-16.180104, 28.580099],
            [-16.180089, 28.580195],
            [-16.180088, 28.580287],
            [-16.180071, 28.58038],
            [-16.180039, 28.58046],
            [-16.179963, 28.580518],
            [-16.179947, 28.58053],
            [-16.179867, 28.580576],
            [-16.179781, 28.580592],
            [-16.179701, 28.580595],
            [-16.179659, 28.580591],
            [-16.17954, 28.58062],
            [-16.179405, 28.580692],
            [-16.179335, 28.580725],
            [-16.179179, 28.580793],
            [-16.17905, 28.580868],
            [-16.17889, 28.580945],
            [-16.178651, 28.58105],
            [-16.178545, 28.581092],
            [-16.178403, 28.581168],
            [-16.17833, 28.581212],
            [-16.178263, 28.581249],
            [-16.178211, 28.581283],
            [-16.178124, 28.581332],
            [-16.177845, 28.581535],
            [-16.177803, 28.581588],
            [-16.177758, 28.581655],
            [-16.177714, 28.5817],
            [-16.177627, 28.581699],
            [-16.177558, 28.581681],
            [-16.177466, 28.581684],
            [-16.177253, 28.581707],
            [-16.177071, 28.581701],
            [-16.176995, 28.581725],
            [-16.176963, 28.581767],
            [-16.17689, 28.58178],
            [-16.176854, 28.581767],
            [-16.176806, 28.581731],
            [-16.176779, 28.581722],
            [-16.176679, 28.581736],
            [-16.176545, 28.581782],
            [-16.176407, 28.581782],
            [-16.176333, 28.581798],
            [-16.176232, 28.581809],
            [-16.176191, 28.581809],
            [-16.176099, 28.5818],
            [-16.175872, 28.581788],
            [-16.175842, 28.581783],
            [-16.175711, 28.58178],
            [-16.17569, 28.581777],
            [-16.175601, 28.581763],
            [-16.175486, 28.581735],
            [-16.175439, 28.581716],
            [-16.175419, 28.581707],
            [-16.175328, 28.581683],
            [-16.17526, 28.581683],
            [-16.175161, 28.581692],
            [-16.174994, 28.581741],
            [-16.174893, 28.581775],
            [-16.174821, 28.581788],
            [-16.17476, 28.581821],
            [-16.174692, 28.581845],
            [-16.174613, 28.581851],
            [-16.174553, 28.581883],
            [-16.174415, 28.582013],
            [-16.174337, 28.582091],
            [-16.17429, 28.582126],
            [-16.174155, 28.582259],
            [-16.174126, 28.582323],
            [-16.174116, 28.582394],
            [-16.174138, 28.582434],
            [-16.174236, 28.582506],
            [-16.174223, 28.582536],
            [-16.174212, 28.582548],
            [-16.174163, 28.58258],
            [-16.17411, 28.582619],
            [-16.174058, 28.582697],
            [-16.173976, 28.582751],
            [-16.173875, 28.582775],
            [-16.17376, 28.582832],
            [-16.173668, 28.582906],
            [-16.173553, 28.582991],
            [-16.173484, 28.583051],
            [-16.173371, 28.583187],
            [-16.173291, 28.583294],
            [-16.173265, 28.583341],
            [-16.173114, 28.58354],
            [-16.173036, 28.583683],
            [-16.172971, 28.583818],
            [-16.172968, 28.583832],
            [-16.17298, 28.583891],
            [-16.173013, 28.58391],
            [-16.172963, 28.583984],
            [-16.172795, 28.584182],
            [-16.172786, 28.584192],
            [-16.172707, 28.584272],
            [-16.172619, 28.584339],
            [-16.172592, 28.584368],
            [-16.172502, 28.584461],
            [-16.172428, 28.584559],
            [-16.172312, 28.58474],
            [-16.172277, 28.584806],
            [-16.172283, 28.584876],
            [-16.172328, 28.584935],
            [-16.172402, 28.584989],
            [-16.17245, 28.585035],
            [-16.172385, 28.585098],
            [-16.172221, 28.585188],
            [-16.172137, 28.585199],
            [-16.172053, 28.585183],
            [-16.17203, 28.585175],
            [-16.17187, 28.585016],
            [-16.171702, 28.584859],
            [-16.171569, 28.584787],
            [-16.171455, 28.584742],
            [-16.171333, 28.584712],
            [-16.171235, 28.584681],
            [-16.17112, 28.584649],
            [-16.170961, 28.584641],
            [-16.170793, 28.584648],
            [-16.170678, 28.584636],
            [-16.170603, 28.584601],
            [-16.170506, 28.584534],
            [-16.17045, 28.584467],
            [-16.170377, 28.584397],
            [-16.17035, 28.584387],
            [-16.170179, 28.584321],
            [-16.169957, 28.584247],
            [-16.169842, 28.584199],
            [-16.169765, 28.584147],
            [-16.169655, 28.584108],
            [-16.16948, 28.584111],
            [-16.16937, 28.584118],
            [-16.169245, 28.584113],
            [-16.169031, 28.584062],
            [-16.168843, 28.583991],
            [-16.168728, 28.583979],
            [-16.168372, 28.584009],
            [-16.168254, 28.584042],
            [-16.16802, 28.584144],
            [-16.167942, 28.584184],
            [-16.167872, 28.584236],
            [-16.16781, 28.584295],
            [-16.1678, 28.584306],
            [-16.167748, 28.584371],
            [-16.167712, 28.58441],
            [-16.167679, 28.584445],
            [-16.167605, 28.584499],
            [-16.167526, 28.584542],
            [-16.167442, 28.584582],
            [-16.167258, 28.584656],
            [-16.167178, 28.584709],
            [-16.167111, 28.584771],
            [-16.167027, 28.584829],
            [-16.166893, 28.584886],
            [-16.166872, 28.584895],
            [-16.166794, 28.584932],
            [-16.166716, 28.584954],
            [-16.166623, 28.585008],
            [-16.166363, 28.585171],
            [-16.166265, 28.585235],
            [-16.166178, 28.585277],
            [-16.166091, 28.585327],
            [-16.165915, 28.585464],
            [-16.165865, 28.585504],
            [-16.16582, 28.585556],
            [-16.165778, 28.5857],
            [-16.16577, 28.585709],
            [-16.165702, 28.585782],
            [-16.165621, 28.585857],
            [-16.165587, 28.585898],
            [-16.165523, 28.58599],
            [-16.165486, 28.586023],
            [-16.16543, 28.586038],
            [-16.165369, 28.586067],
            [-16.165173, 28.586224],
            [-16.165092, 28.586294],
            [-16.165041, 28.58633],
            [-16.164915, 28.58641],
            [-16.164847, 28.586449],
            [-16.164786, 28.586482],
            [-16.164733, 28.586504],
            [-16.164682, 28.586522],
            [-16.164624, 28.586528],
            [-16.164562, 28.586527],
            [-16.164492, 28.586531],
            [-16.164338, 28.586555],
            [-16.164212, 28.586562],
            [-16.164155, 28.586568],
            [-16.164098, 28.586577],
            [-16.164022, 28.586603],
            [-16.16398, 28.586573],
            [-16.163959, 28.586539],
            [-16.163916, 28.586515],
            [-16.163851, 28.586507],
            [-16.163788, 28.586508],
            [-16.163732, 28.586499],
            [-16.16369, 28.586477],
            [-16.163633, 28.58647],
            [-16.16357, 28.586468],
            [-16.163356, 28.586471],
            [-16.163137, 28.586477],
            [-16.16302, 28.586495],
            [-16.162945, 28.586519],
            [-16.16289, 28.58652],
            [-16.162837, 28.586526],
            [-16.162777, 28.586557],
            [-16.162747, 28.586582],
            [-16.16274, 28.586639],
            [-16.162757, 28.586677],
            [-16.162752, 28.586705],
            [-16.162716, 28.586739],
            [-16.162652, 28.586752],
            [-16.162607, 28.586743],
            [-16.162571, 28.586719],
            [-16.162555, 28.586684],
            [-16.162557, 28.586623],
            [-16.162548, 28.586587],
            [-16.162489, 28.586561],
            [-16.162438, 28.586557],
            [-16.162381, 28.586564],
            [-16.162269, 28.586584],
            [-16.162218, 28.586596],
            [-16.162201, 28.586603],
            [-16.162171, 28.586615],
            [-16.16212, 28.586642],
            [-16.162061, 28.586665],
            [-16.162003, 28.586678],
            [-16.161892, 28.58669],
            [-16.161756, 28.5867],
            [-16.161685, 28.586709],
            [-16.161447, 28.586747],
            [-16.16138, 28.586762],
            [-16.16131, 28.58679],
            [-16.161198, 28.586845],
            [-16.161121, 28.586887],
            [-16.161043, 28.586935],
            [-16.160887, 28.587038],
            [-16.160755, 28.587131],
            [-16.160658, 28.587194],
            [-16.160514, 28.587301],
            [-16.160474, 28.58734],
            [-16.1604, 28.58743],
            [-16.160346, 28.587476],
            [-16.160284, 28.587519],
            [-16.160131, 28.587634],
            [-16.160027, 28.587699],
            [-16.159832, 28.587855],
            [-16.159749, 28.587928],
            [-16.159718, 28.587971],
            [-16.159678, 28.588067],
            [-16.159627, 28.588104],
            [-16.15957, 28.58812],
            [-16.159511, 28.58815],
            [-16.159294, 28.588332],
            [-16.159244, 28.588377],
            [-16.159215, 28.588398],
            [-16.159154, 28.588404],
            [-16.159102, 28.588404],
            [-16.159045, 28.588413],
            [-16.158782, 28.588499],
            [-16.158615, 28.588516],
            [-16.158563, 28.588522],
            [-16.158453, 28.588524],
            [-16.158374, 28.588565],
            [-16.158293, 28.588596],
            [-16.15825, 28.588592],
            [-16.158174, 28.588609],
            [-16.158108, 28.58862],
            [-16.158043, 28.588625],
            [-16.157985, 28.588637],
            [-16.157933, 28.588637],
            [-16.157884, 28.588617],
            [-16.157837, 28.588582],
            [-16.157776, 28.588558],
            [-16.157736, 28.588527],
            [-16.157665, 28.588438],
            [-16.157602, 28.588333],
            [-16.157532, 28.588211],
            [-16.15751, 28.588179],
            [-16.157467, 28.588139],
            [-16.157371, 28.588025],
            [-16.157317, 28.58798],
            [-16.157206, 28.587902],
            [-16.157141, 28.587873],
            [-16.157082, 28.587851],
            [-16.156979, 28.587835],
            [-16.156914, 28.587767],
            [-16.156865, 28.587744],
            [-16.156752, 28.58772],
            [-16.156616, 28.587705],
            [-16.156549, 28.5877],
            [-16.156407, 28.587699],
            [-16.15633, 28.587701],
            [-16.156279, 28.587707],
            [-16.156123, 28.587732],
            [-16.156051, 28.587736],
            [-16.155916, 28.587768],
            [-16.155844, 28.587762],
            [-16.155711, 28.587737],
            [-16.155658, 28.587721],
            [-16.155605, 28.587696],
            [-16.155555, 28.587685],
            [-16.155482, 28.587684],
            [-16.155431, 28.587679],
            [-16.155377, 28.58765],
            [-16.155661, 28.587417],
            [-16.155822, 28.587294],
            [-16.155966, 28.587144],
            [-16.156021, 28.586963],
            [-16.156081, 28.586511],
            [-16.156164, 28.586271],
            [-16.156305, 28.585921],
            [-16.156426, 28.585522],
            [-16.156512, 28.58514],
            [-16.156542, 28.584846],
            [-16.156465, 28.584517],
            [-16.15647, 28.584287],
            [-16.156511, 28.583971],
            [-16.156584, 28.583562],
            [-16.156687, 28.583311],
            [-16.156792, 28.583253],
            [-16.157113, 28.583256],
            [-16.157599, 28.583285],
            [-16.157911, 28.58329],
            [-16.158326, 28.583197],
            [-16.158462, 28.583068],
            [-16.158815, 28.582742],
            [-16.158831, 28.582663],
            [-16.158705, 28.582435],
            [-16.158329, 28.581748],
            [-16.157746, 28.580906],
            [-16.157268, 28.580287],
            [-16.15704, 28.579984],
            [-16.157026, 28.579666],
            [-16.157061, 28.579423],
            [-16.157079, 28.579059],
            [-16.156986, 28.578746],
            [-16.156903, 28.578566],
            [-16.156701, 28.578342],
            [-16.156541, 28.578124],
            [-16.156474, 28.577911],
            [-16.156472, 28.577789],
            [-16.156602, 28.577564],
            [-16.156785, 28.577385],
            [-16.157027, 28.577234],
            [-16.157206, 28.57709],
            [-16.157503, 28.576793],
            [-16.157999, 28.57635],
            [-16.158645, 28.575918],
            [-16.159288, 28.575515],
            [-16.159929, 28.575203],
            [-16.160499, 28.574911],
            [-16.160948, 28.574732],
            [-16.161467, 28.57456],
            [-16.162029, 28.574413],
            [-16.162797, 28.57426],
            [-16.16318, 28.574153],
            [-16.16346, 28.574105],
            [-16.163613, 28.573989],
            [-16.163806, 28.5738],
            [-16.163944, 28.573785],
            [-16.164074, 28.573798],
            [-16.1645, 28.573895],
            [-16.164977, 28.574013],
            [-16.165302, 28.57406],
            [-16.165676, 28.574156],
            [-16.166164, 28.57426],
            [-16.166359, 28.574272],
            [-16.166561, 28.574214],
            [-16.166852, 28.574036],
            [-16.167007, 28.573824],
            [-16.167226, 28.573378],
            [-16.167337, 28.573154],
            [-16.167607, 28.572926],
            [-16.16786, 28.572741],
            [-16.167985, 28.572338],
            [-16.167999, 28.57216],
            [-16.168054, 28.571988],
            [-16.168181, 28.571707],
            [-16.168276, 28.571469],
            [-16.168485, 28.571276],
            [-16.16888, 28.571125],
            [-16.169495, 28.570908],
            [-16.169764, 28.570563],
            [-16.16992, 28.570388],
            [-16.170032, 28.570188],
            [-16.17011, 28.570014],
            [-16.170246, 28.569805],
            [-16.170382, 28.569657],
            [-16.170202, 28.56948],
            [-16.170061, 28.569238],
            [-16.170032, 28.568818],
            [-16.170015, 28.56846],
            [-16.170001, 28.568171],
            [-16.170022, 28.567905],
            [-16.169988, 28.567713],
            [-16.169886, 28.567556],
            [-16.169668, 28.567393],
            [-16.169495, 28.56723],
            [-16.169368, 28.566865],
            [-16.169277, 28.56656],
            [-16.169244, 28.566479],
            [-16.169145, 28.566358],
            [-16.168883, 28.566152],
            [-16.16863, 28.565976],
            [-16.168523, 28.565842],
            [-16.168533, 28.565657],
            [-16.168633, 28.565527],
            [-16.168904, 28.565189],
            [-16.169057, 28.564998],
            [-16.169193, 28.564796],
            [-16.169237, 28.56461],
            [-16.169316, 28.564222],
            [-16.169467, 28.563941],
            [-16.169645, 28.563869],
            [-16.169928, 28.563801],
            [-16.170245, 28.563762],
            [-16.170648, 28.563645],
            [-16.170937, 28.563531],
            [-16.171291, 28.563325],
            [-16.171548, 28.563141],
            [-16.171769, 28.562948],
            [-16.172025, 28.56266],
            [-16.17234, 28.562358],
            [-16.172573, 28.562078],
            [-16.172714, 28.561856],
            [-16.172905, 28.561506],
            [-16.173076, 28.56107],
            [-16.17319, 28.560792],
            [-16.173309, 28.56037],
            [-16.173408, 28.560017],
            [-16.173429, 28.559874],
            [-16.173298, 28.559632],
            [-16.173289, 28.559539],
            [-16.173345, 28.559451],
            [-16.173499, 28.559393],
            [-16.173654, 28.559243],
            [-16.173819, 28.559047],
            [-16.173996, 28.558917],
            [-16.174214, 28.558807],
            [-16.174396, 28.558783],
            [-16.174635, 28.558711],
            [-16.174788, 28.558624],
            [-16.174876, 28.558508],
            [-16.174891, 28.558309],
            [-16.174921, 28.558214],
            [-16.175123, 28.55791],
            [-16.175329, 28.557647],
            [-16.175441, 28.557506],
            [-16.175544, 28.55729],
            [-16.175622, 28.557019],
            [-16.175677, 28.556881],
            [-16.175742, 28.556808],
            [-16.175813, 28.556744],
            [-16.175951, 28.556621],
            [-16.176031, 28.5565],
            [-16.176118, 28.556369],
            [-16.176149, 28.556182],
            [-16.176139, 28.555997],
            [-16.176116, 28.555914],
            [-16.176197, 28.555975],
            [-16.176275, 28.556034],
            [-16.176343, 28.556085],
            [-16.176482, 28.556331],
            [-16.176604, 28.556713],
            [-16.176609, 28.55681],
            [-16.176616, 28.556918],
            [-16.17653, 28.557092],
            [-16.176443, 28.557197],
            [-16.176503, 28.557291],
            [-16.176922, 28.557288],
            [-16.17706, 28.557211],
            [-16.177311, 28.557068],
            [-16.177417, 28.556954],
            [-16.177454, 28.556791],
            [-16.177501, 28.556644],
            [-16.177618, 28.556508],
            [-16.177665, 28.556453],
            [-16.177774, 28.556375],
            [-16.177849, 28.556321],
            [-16.178043, 28.556233],
            [-16.178127, 28.556229],
            [-16.178287, 28.556222],
            [-16.178435, 28.556315],
            [-16.178563, 28.556427],
            [-16.178653, 28.556591],
            [-16.178772, 28.556746],
            [-16.17889, 28.556794],
            [-16.178997, 28.556802],
            [-16.179094, 28.55675],
            [-16.179277, 28.556543],
            [-16.179538, 28.556315],
            [-16.179641, 28.556242],
            [-16.179824, 28.556059],
            [-16.179934, 28.555923],
            [-16.179943, 28.555838],
            [-16.179932, 28.555675],
            [-16.179929, 28.555434],
            [-16.179938, 28.555364],
            [-16.180045, 28.555286],
            [-16.180162, 28.555225],
            [-16.180248, 28.555181],
            [-16.180336, 28.555171],
            [-16.180484, 28.555246],
            [-16.180591, 28.555245],
            [-16.180737, 28.555185],
            [-16.180824, 28.555158],
            [-16.180981, 28.555183],
            [-16.18107, 28.555311],
            [-16.18114, 28.555482],
            [-16.181338, 28.555654],
            [-16.181535, 28.555824],
            [-16.181467, 28.555867],
            [-16.181574, 28.555934],
            [-16.18187, 28.555854],
            [-16.182028, 28.555811],
            [-16.182117, 28.555787],
            [-16.182248, 28.555669],
            [-16.182389, 28.555692],
            [-16.182577, 28.555817],
            [-16.182658, 28.55582],
            [-16.182785, 28.555824],
            [-16.182938, 28.555764],
            [-16.183013, 28.555657],
            [-16.183023, 28.555587],
            [-16.183034, 28.555502],
            [-16.18312, 28.555424],
            [-16.183208, 28.555394],
            [-16.183356, 28.5554],
            [-16.183557, 28.555408],
            [-16.183691, 28.555414],
            [-16.1838, 28.555418],
            [-16.183939, 28.555327],
            [-16.183903, 28.555176],
            [-16.183851, 28.554955],
            [-16.18399, 28.554868],
            [-16.184142, 28.55482],
            [-16.184438, 28.554727],
            [-16.184634, 28.554838],
            [-16.184989, 28.554985],
            [-16.185372, 28.555034],
            [-16.185809, 28.555045],
            [-16.18613, 28.555098],
            [-16.186286, 28.555218],
            [-16.186598, 28.555522],
            [-16.186843, 28.555658],
            [-16.18713, 28.555761],
            [-16.187479, 28.555959],
            [-16.187611, 28.556159],
            [-16.187687, 28.556388],
            [-16.187755, 28.556665],
            [-16.187896, 28.55696],
            [-16.188044, 28.557123],
            [-16.18855, 28.557376],
            [-16.188786, 28.557482],
            [-16.189139, 28.557851],
            [-16.190003, 28.558904],
            [-16.190089, 28.559169],
            [-16.190213, 28.559552],
            [-16.190272, 28.559689],
            [-16.190476, 28.559836],
            [-16.190607, 28.56011],
            [-16.190717, 28.560387],
            [-16.190808, 28.560486],
            [-16.191061, 28.560598],
            [-16.19141, 28.560661],
            [-16.191842, 28.560842],
            [-16.192276, 28.560906],
            [-16.192654, 28.560952],
            [-16.193064, 28.56124],
            [-16.193262, 28.56135],
            [-16.193779, 28.561609],
            [-16.194338, 28.561966],
            [-16.194807, 28.562535],
            [-16.194911, 28.562753],
            [-16.195053, 28.563147],
            [-16.195135, 28.56355],
            [-16.195119, 28.563771],
            [-16.195135, 28.564216],
            [-16.195235, 28.564474],
            [-16.195383, 28.564674],
            [-16.195742, 28.564932],
            [-16.196053, 28.56512],
            [-16.196411, 28.565303],
            [-16.196846, 28.565546],
            [-16.197125, 28.56573],
            [-16.197402, 28.565958],
            [-16.197681, 28.566287],
            [-16.197855, 28.566579],
            [-16.19801, 28.566837],
            [-16.198145, 28.567064],
            [-16.198334, 28.567458],
            [-16.198436, 28.567668],
            [-16.198469, 28.567861],
            [-16.198496, 28.56802],
            [-16.198529, 28.568307],
            [-16.198566, 28.568629],
            [-16.198604, 28.568964],
            [-16.198665, 28.569286],
            [-16.198919, 28.56955],
            [-16.19911, 28.569644],
            [-16.199458, 28.569816],
            [-16.19965, 28.569926],
            [-16.199924, 28.570128],
            [-16.200064, 28.570366],
            [-16.20014, 28.570589],
            [-16.200233, 28.570863],
            [-16.200461, 28.57096],
            [-16.200502, 28.571019],
            [-16.200579, 28.571165],
            [-16.200587, 28.571325],
            [-16.200612, 28.571677]
          ]
        ]
      }
    },
    {
      "type": "Feature",
      "properties": {
        "id": "27",
        "name": "El Bailadero",
        "cityId": "santa-cruz-de-tenerife"
      },
      "geometry": {
        "type": "Polygon",
        "coordinates": [
          [
            [-16.208937, 28.547737],
            [-16.208912, 28.547817],
            [-16.208876, 28.547943],
            [-16.208859, 28.548013],
            [-16.20882, 28.548124],
            [-16.208736, 28.548249],
            [-16.208687, 28.548297],
            [-16.208646, 28.548338],
            [-16.208559, 28.548372],
            [-16.208443, 28.548413],
            [-16.208361, 28.548442],
            [-16.208299, 28.548491],
            [-16.208244, 28.548533],
            [-16.208215, 28.548602],
            [-16.208185, 28.548671],
            [-16.208109, 28.548778],
            [-16.208018, 28.548861],
            [-16.207947, 28.548906],
            [-16.207815, 28.548963],
            [-16.207613, 28.549032],
            [-16.207458, 28.549082],
            [-16.20732, 28.549135],
            [-16.207209, 28.54919],
            [-16.207069, 28.54932],
            [-16.206921, 28.549457],
            [-16.206703, 28.549652],
            [-16.206575, 28.549762],
            [-16.206454, 28.549815],
            [-16.206292, 28.549886],
            [-16.20622, 28.54993],
            [-16.206091, 28.550007],
            [-16.20603, 28.550053],
            [-16.205906, 28.550147],
            [-16.205828, 28.550183],
            [-16.205656, 28.550264],
            [-16.205502, 28.550315],
            [-16.205323, 28.550337],
            [-16.205161, 28.550338],
            [-16.20498, 28.55034],
            [-16.204806, 28.550339],
            [-16.204606, 28.550336],
            [-16.204464, 28.550333],
            [-16.204293, 28.550355],
            [-16.204147, 28.550393],
            [-16.203932, 28.550449],
            [-16.203895, 28.550491],
            [-16.203849, 28.550544],
            [-16.203877, 28.550767],
            [-16.203788, 28.550862],
            [-16.203716, 28.55094],
            [-16.203636, 28.551027],
            [-16.203594, 28.551104],
            [-16.203597, 28.551225],
            [-16.203599, 28.55132],
            [-16.203463, 28.551538],
            [-16.203319, 28.551724],
            [-16.203251, 28.55173],
            [-16.203125, 28.55174],
            [-16.202995, 28.551705],
            [-16.202904, 28.551606],
            [-16.202854, 28.551498],
            [-16.202807, 28.551435],
            [-16.202747, 28.551355],
            [-16.202609, 28.551257],
            [-16.202421, 28.551222],
            [-16.202234, 28.551249],
            [-16.202095, 28.551275],
            [-16.201976, 28.551321],
            [-16.201885, 28.55131],
            [-16.201683, 28.551265],
            [-16.201602, 28.551263],
            [-16.201483, 28.55126],
            [-16.201417, 28.551211],
            [-16.201354, 28.551165],
            [-16.201235, 28.551077],
            [-16.20118, 28.55101],
            [-16.201107, 28.550941],
            [-16.200984, 28.550847],
            [-16.200902, 28.550815],
            [-16.200766, 28.550761],
            [-16.200698, 28.550777],
            [-16.200615, 28.550796],
            [-16.200583, 28.550841],
            [-16.200527, 28.550916],
            [-16.200471, 28.551005],
            [-16.200434, 28.551077],
            [-16.200371, 28.5511],
            [-16.200319, 28.551119],
            [-16.200229, 28.551129],
            [-16.200115, 28.551058],
            [-16.200018, 28.550959],
            [-16.199927, 28.550888],
            [-16.199819, 28.550857],
            [-16.199617, 28.550906],
            [-16.199557, 28.550943],
            [-16.199513, 28.550971],
            [-16.199368, 28.551035],
            [-16.199285, 28.551038],
            [-16.199143, 28.551044],
            [-16.198946, 28.551052],
            [-16.19888, 28.551025],
            [-16.199004, 28.550957],
            [-16.199242, 28.550712],
            [-16.199393, 28.550556],
            [-16.199616, 28.550381],
            [-16.199908, 28.550204],
            [-16.200113, 28.550128],
            [-16.200383, 28.550026],
            [-16.200551, 28.549926],
            [-16.200651, 28.549782],
            [-16.200716, 28.54969],
            [-16.20087, 28.549589],
            [-16.201038, 28.549587],
            [-16.202083, 28.55014],
            [-16.202551, 28.550388],
            [-16.20293, 28.550588],
            [-16.202903, 28.550413],
            [-16.202961, 28.550207],
            [-16.202989, 28.550109],
            [-16.20306, 28.549915],
            [-16.203131, 28.549743],
            [-16.203265, 28.549519],
            [-16.203357, 28.549367],
            [-16.203434, 28.549239],
            [-16.203517, 28.549171],
            [-16.203675, 28.549043],
            [-16.203896, 28.548942],
            [-16.204095, 28.548897],
            [-16.204242, 28.548975],
            [-16.204397, 28.548973],
            [-16.204477, 28.548973],
            [-16.204591, 28.549014],
            [-16.20469, 28.549113],
            [-16.20478, 28.549214],
            [-16.20493, 28.549342],
            [-16.205055, 28.549441],
            [-16.205214, 28.549553],
            [-16.205328, 28.549552],
            [-16.205488, 28.549529],
            [-16.2057, 28.549499],
            [-16.205934, 28.549407],
            [-16.20613, 28.549312],
            [-16.206362, 28.549163],
            [-16.206455, 28.549093],
            [-16.206533, 28.549034],
            [-16.206675, 28.548894],
            [-16.206885, 28.548641],
            [-16.20704, 28.548435],
            [-16.207091, 28.548347],
            [-16.207089, 28.548254],
            [-16.206999, 28.548147],
            [-16.206843, 28.548026],
            [-16.206786, 28.547934],
            [-16.206784, 28.54779],
            [-16.206855, 28.54764],
            [-16.206933, 28.547553],
            [-16.206984, 28.547495],
            [-16.207063, 28.547446],
            [-16.207215, 28.547315],
            [-16.207369, 28.547327],
            [-16.207654, 28.547563],
            [-16.207738, 28.547633],
            [-16.208013, 28.547727],
            [-16.20809, 28.547754],
            [-16.208273, 28.547777],
            [-16.208482, 28.547712],
            [-16.20874, 28.547709],
            [-16.208917, 28.547708],
            [-16.208937, 28.547737]
          ]
        ]
      }
    },
    {
      "type": "Feature",
      "properties": {
        "id": "28",
        "name": "Casas de la Cumbre",
        "cityId": "santa-cruz-de-tenerife"
      },
      "geometry": {
        "type": "Polygon",
        "coordinates": [
          [
            [-16.268508, 28.534984],
            [-16.268202, 28.535119],
            [-16.267916, 28.535271],
            [-16.267715, 28.53531],
            [-16.26742, 28.535189],
            [-16.267126, 28.535088],
            [-16.267008, 28.534985],
            [-16.266916, 28.53464],
            [-16.266831, 28.534246],
            [-16.266829, 28.534055],
            [-16.266692, 28.533842],
            [-16.266435, 28.533849],
            [-16.26605, 28.533836],
            [-16.265814, 28.533839],
            [-16.265504, 28.533986],
            [-16.26528, 28.534047],
            [-16.265087, 28.533956],
            [-16.264862, 28.533949],
            [-16.264483, 28.53405],
            [-16.264163, 28.534129],
            [-16.263965, 28.534102],
            [-16.263635, 28.533974],
            [-16.263512, 28.533725],
            [-16.263406, 28.533579],
            [-16.263206, 28.533364],
            [-16.263188, 28.533263],
            [-16.263164, 28.533049],
            [-16.263125, 28.532977],
            [-16.262904, 28.532889],
            [-16.262734, 28.532883],
            [-16.262449, 28.532873],
            [-16.262287, 28.532911],
            [-16.2621, 28.532934],
            [-16.261874, 28.532912],
            [-16.261595, 28.533029],
            [-16.26134, 28.533115],
            [-16.261029, 28.532994],
            [-16.260717, 28.532843],
            [-16.260585, 28.532779],
            [-16.260479, 28.532629],
            [-16.260523, 28.532446],
            [-16.260563, 28.532319],
            [-16.260557, 28.532213],
            [-16.260337, 28.531976],
            [-16.260172, 28.531835],
            [-16.259717, 28.53165],
            [-16.259602, 28.531656],
            [-16.25928, 28.531744],
            [-16.259132, 28.531786],
            [-16.258946, 28.531777],
            [-16.258775, 28.531722],
            [-16.258496, 28.531709],
            [-16.25831, 28.531803],
            [-16.258099, 28.532008],
            [-16.258034, 28.532081],
            [-16.257959, 28.532165],
            [-16.257681, 28.532303],
            [-16.257627, 28.532351],
            [-16.257475, 28.532533],
            [-16.257302, 28.532722],
            [-16.257149, 28.532732],
            [-16.257033, 28.532652],
            [-16.256846, 28.532615],
            [-16.256693, 28.532669],
            [-16.256503, 28.532822],
            [-16.256411, 28.532886],
            [-16.256194, 28.533007],
            [-16.256046, 28.533081],
            [-16.255873, 28.533219],
            [-16.255714, 28.533298],
            [-16.255583, 28.533257],
            [-16.255505, 28.533199],
            [-16.255444, 28.533086],
            [-16.255361, 28.533049],
            [-16.255109, 28.533076],
            [-16.254639, 28.533128],
            [-16.254316, 28.533189],
            [-16.254251, 28.533249],
            [-16.25407, 28.533485],
            [-16.254117, 28.53357],
            [-16.253929, 28.533615],
            [-16.253697, 28.533579],
            [-16.253436, 28.533405],
            [-16.253232, 28.533249],
            [-16.252886, 28.533214],
            [-16.252597, 28.533254],
            [-16.252379, 28.533358],
            [-16.252151, 28.533424],
            [-16.251967, 28.533518],
            [-16.251765, 28.533536],
            [-16.251263, 28.533457],
            [-16.250963, 28.533422],
            [-16.250475, 28.533389],
            [-16.250036, 28.5335],
            [-16.249834, 28.53344],
            [-16.249631, 28.533379],
            [-16.249382, 28.5334],
            [-16.249219, 28.533315],
            [-16.249054, 28.533248],
            [-16.248915, 28.533185],
            [-16.248688, 28.533196],
            [-16.248429, 28.533275],
            [-16.248075, 28.533459],
            [-16.24786, 28.533623],
            [-16.247756, 28.533712],
            [-16.247646, 28.533888],
            [-16.247458, 28.53416],
            [-16.24736, 28.534296],
            [-16.247253, 28.534459],
            [-16.247081, 28.53452],
            [-16.246858, 28.534526],
            [-16.246573, 28.534533],
            [-16.2464, 28.534555],
            [-16.246138, 28.53468],
            [-16.245971, 28.53476],
            [-16.245702, 28.534961],
            [-16.245439, 28.534978],
            [-16.245159, 28.534999],
            [-16.244978, 28.535015],
            [-16.244761, 28.535148],
            [-16.244392, 28.535208],
            [-16.244049, 28.535265],
            [-16.243605, 28.535477],
            [-16.243303, 28.535651],
            [-16.242987, 28.535893],
            [-16.242916, 28.536008],
            [-16.242792, 28.536208],
            [-16.242758, 28.536483],
            [-16.242726, 28.536737],
            [-16.242271, 28.536602],
            [-16.24192, 28.536498],
            [-16.241784, 28.536482],
            [-16.24142, 28.53644],
            [-16.241303, 28.536454],
            [-16.241155, 28.536526],
            [-16.240948, 28.536618],
            [-16.240687, 28.536663],
            [-16.240533, 28.536678],
            [-16.240482, 28.536611],
            [-16.240323, 28.536535],
            [-16.240136, 28.536533],
            [-16.239836, 28.536511],
            [-16.239742, 28.536455],
            [-16.239614, 28.536319],
            [-16.239526, 28.536285],
            [-16.239169, 28.53632],
            [-16.239047, 28.536376],
            [-16.238878, 28.536447],
            [-16.238749, 28.536563],
            [-16.238567, 28.536782],
            [-16.238477, 28.536852],
            [-16.238336, 28.536863],
            [-16.238192, 28.536783],
            [-16.238102, 28.536698],
            [-16.238005, 28.536509],
            [-16.237977, 28.536399],
            [-16.237883, 28.536253],
            [-16.237747, 28.536207],
            [-16.237642, 28.536194],
            [-16.237438, 28.536117],
            [-16.2373, 28.536125],
            [-16.237096, 28.536195],
            [-16.23688, 28.536301],
            [-16.236652, 28.536343],
            [-16.236484, 28.536435],
            [-16.236404, 28.536533],
            [-16.23631, 28.536766],
            [-16.236213, 28.536866],
            [-16.236124, 28.537025],
            [-16.235964, 28.537069],
            [-16.235803, 28.537114],
            [-16.23572, 28.537183],
            [-16.235613, 28.537274],
            [-16.235467, 28.537331],
            [-16.235351, 28.537296],
            [-16.235235, 28.537317],
            [-16.235173, 28.537392],
            [-16.235259, 28.537455],
            [-16.235337, 28.537513],
            [-16.235451, 28.537591],
            [-16.235477, 28.537696],
            [-16.235479, 28.537897],
            [-16.235569, 28.538059],
            [-16.235575, 28.538174],
            [-16.235581, 28.538269],
            [-16.235477, 28.538371],
            [-16.235339, 28.538393],
            [-16.235222, 28.538392],
            [-16.235104, 28.53839],
            [-16.234999, 28.538549],
            [-16.234888, 28.538697],
            [-16.234743, 28.538734],
            [-16.234626, 28.538695],
            [-16.234489, 28.538642],
            [-16.234382, 28.538615],
            [-16.234279, 28.53859],
            [-16.234052, 28.538598],
            [-16.233893, 28.538654],
            [-16.233786, 28.538795],
            [-16.233683, 28.538927],
            [-16.23366, 28.539017],
            [-16.233632, 28.539254],
            [-16.233573, 28.539341],
            [-16.233444, 28.539421],
            [-16.233389, 28.539493],
            [-16.233398, 28.539607],
            [-16.233407, 28.539802],
            [-16.233409, 28.539983],
            [-16.233371, 28.54008],
            [-16.233299, 28.540137],
            [-16.23316, 28.540103],
            [-16.232997, 28.540034],
            [-16.232835, 28.540063],
            [-16.232626, 28.54018],
            [-16.232396, 28.540323],
            [-16.232183, 28.54045],
            [-16.232113, 28.540608],
            [-16.2319, 28.540705],
            [-16.231782, 28.540826],
            [-16.231777, 28.540912],
            [-16.231793, 28.541083],
            [-16.231869, 28.541179],
            [-16.231836, 28.541353],
            [-16.231643, 28.541506],
            [-16.231277, 28.541187],
            [-16.230909, 28.54087],
            [-16.23108, 28.540805],
            [-16.231161, 28.540754],
            [-16.23132, 28.540628],
            [-16.23155, 28.540423],
            [-16.231925, 28.540089],
            [-16.232199, 28.539845],
            [-16.232425, 28.539644],
            [-16.232608, 28.539453],
            [-16.232725, 28.539233],
            [-16.232786, 28.539118],
            [-16.23282, 28.538933],
            [-16.232852, 28.538758],
            [-16.232808, 28.538547],
            [-16.232707, 28.538265],
            [-16.232622, 28.538239],
            [-16.232542, 28.538244],
            [-16.232291, 28.538258],
            [-16.231973, 28.538308],
            [-16.23186, 28.538316],
            [-16.231731, 28.538251],
            [-16.23168, 28.538212],
            [-16.231697, 28.538132],
            [-16.231771, 28.538046],
            [-16.231863, 28.537993],
            [-16.231971, 28.537881],
            [-16.232103, 28.537743],
            [-16.232199, 28.537604],
            [-16.232268, 28.537505],
            [-16.232329, 28.537338],
            [-16.23239, 28.537169],
            [-16.232436, 28.537099],
            [-16.232527, 28.536985],
            [-16.232613, 28.536931],
            [-16.232692, 28.53688],
            [-16.232781, 28.536784],
            [-16.232897, 28.536657],
            [-16.232995, 28.536566],
            [-16.233079, 28.536489],
            [-16.233184, 28.536454],
            [-16.233283, 28.536417],
            [-16.233404, 28.536422],
            [-16.233482, 28.536453],
            [-16.233596, 28.536497],
            [-16.233748, 28.536501],
            [-16.233907, 28.53644],
            [-16.233982, 28.536379],
            [-16.234051, 28.536322],
            [-16.23416, 28.536134],
            [-16.234226, 28.536016],
            [-16.234319, 28.535945],
            [-16.23452, 28.535878],
            [-16.234565, 28.535813],
            [-16.234608, 28.53575],
            [-16.234687, 28.535691],
            [-16.23485, 28.535678],
            [-16.235098, 28.535687],
            [-16.235336, 28.535656],
            [-16.235487, 28.535596],
            [-16.235593, 28.535554],
            [-16.235701, 28.53546],
            [-16.235764, 28.535406],
            [-16.235769, 28.535307],
            [-16.23572, 28.535208],
            [-16.235681, 28.535113],
            [-16.23567, 28.535016],
            [-16.235698, 28.534915],
            [-16.23575, 28.534826],
            [-16.23588, 28.534711],
            [-16.235928, 28.534669],
            [-16.23602, 28.534641],
            [-16.236112, 28.534637],
            [-16.236219, 28.534633],
            [-16.236407, 28.534626],
            [-16.236557, 28.534643],
            [-16.236744, 28.534781],
            [-16.236855, 28.534789],
            [-16.236972, 28.534797],
            [-16.23705, 28.534803],
            [-16.237129, 28.534845],
            [-16.237236, 28.534876],
            [-16.237335, 28.534805],
            [-16.237419, 28.534646],
            [-16.237481, 28.534552],
            [-16.237523, 28.534487],
            [-16.237608, 28.534396],
            [-16.23774, 28.534323],
            [-16.237837, 28.534246],
            [-16.23795, 28.534156],
            [-16.238002, 28.534039],
            [-16.238047, 28.533928],
            [-16.238093, 28.533857],
            [-16.238192, 28.533831],
            [-16.238259, 28.533896],
            [-16.238326, 28.533966],
            [-16.238439, 28.534041],
            [-16.238464, 28.534154],
            [-16.238555, 28.534225],
            [-16.238641, 28.534285],
            [-16.238701, 28.534344],
            [-16.238714, 28.534411],
            [-16.238714, 28.534546],
            [-16.238666, 28.534682],
            [-16.238647, 28.534764],
            [-16.238714, 28.53488],
            [-16.238788, 28.534956],
            [-16.238927, 28.534962],
            [-16.239053, 28.534936],
            [-16.239137, 28.534926],
            [-16.239265, 28.534887],
            [-16.239335, 28.534908],
            [-16.239418, 28.534933],
            [-16.239472, 28.535007],
            [-16.239552, 28.535067],
            [-16.239659, 28.53508],
            [-16.239798, 28.535097],
            [-16.239873, 28.535107],
            [-16.239983, 28.535133],
            [-16.240051, 28.535242],
            [-16.240085, 28.535297],
            [-16.24017, 28.535348],
            [-16.240265, 28.535406],
            [-16.240362, 28.535436],
            [-16.240504, 28.53548],
            [-16.240617, 28.535493],
            [-16.240757, 28.535536],
            [-16.240976, 28.535539],
            [-16.241055, 28.535491],
            [-16.24109, 28.535442],
            [-16.241143, 28.535366],
            [-16.241179, 28.535316],
            [-16.241213, 28.535307],
            [-16.241342, 28.535254],
            [-16.241519, 28.535204],
            [-16.241602, 28.535181],
            [-16.241698, 28.535088],
            [-16.241664, 28.534957],
            [-16.241532, 28.534816],
            [-16.24133, 28.534709],
            [-16.241214, 28.534648],
            [-16.241073, 28.534557],
            [-16.240934, 28.534468],
            [-16.240773, 28.534365],
            [-16.24072, 28.534306],
            [-16.240633, 28.534209],
            [-16.240632, 28.534116],
            [-16.240715, 28.534048],
            [-16.240833, 28.533963],
            [-16.240815, 28.533862],
            [-16.240763, 28.533729],
            [-16.24078, 28.533612],
            [-16.240878, 28.533502],
            [-16.24095, 28.533424],
            [-16.241041, 28.533355],
            [-16.2412, 28.53323],
            [-16.241334, 28.533119],
            [-16.241495, 28.533054],
            [-16.241535, 28.532982],
            [-16.241485, 28.532874],
            [-16.241479, 28.532768],
            [-16.241475, 28.532703],
            [-16.241526, 28.532616],
            [-16.241579, 28.532544],
            [-16.241737, 28.532541],
            [-16.241807, 28.532539],
            [-16.241863, 28.532557],
            [-16.241961, 28.532497],
            [-16.242016, 28.532411],
            [-16.242066, 28.532334],
            [-16.242119, 28.532252],
            [-16.242185, 28.53219],
            [-16.24231, 28.53207],
            [-16.242398, 28.532038],
            [-16.242475, 28.532021],
            [-16.242468, 28.531911],
            [-16.242454, 28.531769],
            [-16.24244, 28.531631],
            [-16.242425, 28.531486],
            [-16.242409, 28.531332],
            [-16.242394, 28.531182],
            [-16.242408, 28.531044],
            [-16.242419, 28.530939],
            [-16.242473, 28.530828],
            [-16.242545, 28.530678],
            [-16.242657, 28.530483],
            [-16.242664, 28.530338],
            [-16.242749, 28.530228],
            [-16.242802, 28.530159],
            [-16.242826, 28.529931],
            [-16.242709, 28.529819],
            [-16.242593, 28.529707],
            [-16.242485, 28.529683],
            [-16.242356, 28.529559],
            [-16.242239, 28.529446],
            [-16.242124, 28.529404],
            [-16.241937, 28.529334],
            [-16.241832, 28.529295],
            [-16.241755, 28.529155],
            [-16.241721, 28.529092],
            [-16.241736, 28.528971],
            [-16.241751, 28.528858],
            [-16.2418, 28.528701],
            [-16.24184, 28.528578],
            [-16.241889, 28.528423],
            [-16.241864, 28.528286],
            [-16.241839, 28.528148],
            [-16.241757, 28.527932],
            [-16.241664, 28.527685],
            [-16.241642, 28.527492],
            [-16.241624, 28.527341],
            [-16.241604, 28.52716],
            [-16.241625, 28.52708],
            [-16.241681, 28.526873],
            [-16.241741, 28.526778],
            [-16.241788, 28.526705],
            [-16.2419, 28.52662],
            [-16.241962, 28.526572],
            [-16.242068, 28.526379],
            [-16.242098, 28.526285],
            [-16.242133, 28.526176],
            [-16.242091, 28.526015],
            [-16.242049, 28.525852],
            [-16.242007, 28.525688],
            [-16.241942, 28.525534],
            [-16.241876, 28.52541],
            [-16.241798, 28.525263],
            [-16.241986, 28.525144],
            [-16.24252, 28.524829],
            [-16.243179, 28.524456],
            [-16.243826, 28.524093],
            [-16.244402, 28.523771],
            [-16.244614, 28.523653],
            [-16.244837, 28.523427],
            [-16.245156, 28.523104],
            [-16.245467, 28.522779],
            [-16.245771, 28.522456],
            [-16.245918, 28.522301],
            [-16.24621, 28.522284],
            [-16.246559, 28.522264],
            [-16.247036, 28.522218],
            [-16.247261, 28.522106],
            [-16.247654, 28.521911],
            [-16.24783, 28.521823],
            [-16.248299, 28.521843],
            [-16.248928, 28.521899],
            [-16.24967, 28.52198],
            [-16.249991, 28.522015],
            [-16.250193, 28.522225],
            [-16.251052, 28.522521],
            [-16.251595, 28.522727],
            [-16.25216, 28.52295],
            [-16.252542, 28.522927],
            [-16.252879, 28.522907],
            [-16.253435, 28.523045],
            [-16.253669, 28.523111],
            [-16.254082, 28.523242],
            [-16.254323, 28.523318],
            [-16.254761, 28.523241],
            [-16.254994, 28.523139],
            [-16.255357, 28.522979],
            [-16.255686, 28.522834],
            [-16.255786, 28.52279],
            [-16.255964, 28.522712],
            [-16.256153, 28.522628],
            [-16.256539, 28.522564],
            [-16.256829, 28.522516],
            [-16.25727, 28.522442],
            [-16.257676, 28.522461],
            [-16.258304, 28.522491],
            [-16.258698, 28.522522],
            [-16.25889, 28.522547],
            [-16.259237, 28.522593],
            [-16.259343, 28.522633],
            [-16.259572, 28.522769],
            [-16.259865, 28.522943],
            [-16.260132, 28.523102],
            [-16.260273, 28.523186],
            [-16.260395, 28.523385],
            [-16.260476, 28.523518],
            [-16.260691, 28.523871],
            [-16.260891, 28.5242],
            [-16.260992, 28.52448],
            [-16.261218, 28.525107],
            [-16.2614, 28.525612],
            [-16.261501, 28.525891],
            [-16.261577, 28.526103],
            [-16.261585, 28.526372],
            [-16.261598, 28.526792],
            [-16.261603, 28.526957],
            [-16.261615, 28.527329],
            [-16.26162, 28.527494],
            [-16.261624, 28.527632],
            [-16.261753, 28.527911],
            [-16.261879, 28.528184],
            [-16.262034, 28.528521],
            [-16.26213, 28.528729],
            [-16.262259, 28.52901],
            [-16.262397, 28.529309],
            [-16.262479, 28.529486],
            [-16.262513, 28.52956],
            [-16.262672, 28.529709],
            [-16.262933, 28.529954],
            [-16.263114, 28.530124],
            [-16.263558, 28.530541],
            [-16.263801, 28.530768],
            [-16.264105, 28.530954],
            [-16.264468, 28.531175],
            [-16.264731, 28.531336],
            [-16.264959, 28.531475],
            [-16.265408, 28.531699],
            [-16.265833, 28.531911],
            [-16.266176, 28.532083],
            [-16.266411, 28.532199],
            [-16.266885, 28.532654],
            [-16.26727, 28.533021],
            [-16.267624, 28.53336],
            [-16.267902, 28.533625],
            [-16.268074, 28.53379],
            [-16.268249, 28.534271],
            [-16.268343, 28.534531],
            [-16.26844, 28.534798],
            [-16.268508, 28.534984]
          ]
        ]
      }
    },
    {
      "type": "Feature",
      "properties": {
        "id": "29",
        "name": "Taganana",
        "cityId": "santa-cruz-de-tenerife"
      },
      "geometry": {
        "type": "Polygon",
        "coordinates": [
          [
            [-16.247006, 28.570935],
            [-16.24691, 28.570911],
            [-16.246692, 28.570808],
            [-16.246648, 28.570772],
            [-16.246644, 28.570727],
            [-16.246619, 28.570706],
            [-16.246558, 28.570705],
            [-16.246499, 28.570697],
            [-16.246423, 28.570648],
            [-16.246348, 28.570634],
            [-16.246275, 28.570632],
            [-16.246196, 28.570622],
            [-16.246184, 28.570617],
            [-16.246122, 28.570619],
            [-16.246053, 28.570655],
            [-16.246004, 28.570704],
            [-16.245938, 28.570751],
            [-16.245896, 28.570791],
            [-16.24588, 28.570851],
            [-16.245848, 28.570903],
            [-16.245771, 28.570952],
            [-16.24571, 28.570982],
            [-16.245645, 28.571032],
            [-16.245495, 28.571035],
            [-16.245424, 28.571062],
            [-16.245298, 28.571124],
            [-16.245284, 28.571155],
            [-16.245272, 28.571205],
            [-16.245187, 28.571246],
            [-16.245106, 28.571279],
            [-16.244919, 28.571328],
            [-16.244832, 28.571345],
            [-16.244758, 28.571346],
            [-16.244607, 28.571326],
            [-16.244497, 28.571368],
            [-16.244417, 28.571464],
            [-16.244407, 28.571608],
            [-16.244399, 28.571655],
            [-16.244453, 28.57168],
            [-16.244571, 28.571688],
            [-16.244706, 28.571685],
            [-16.244786, 28.571692],
            [-16.244936, 28.571737],
            [-16.244951, 28.571789],
            [-16.24488, 28.571816],
            [-16.244716, 28.571821],
            [-16.244695, 28.571824],
            [-16.24465, 28.571844],
            [-16.244594, 28.571843],
            [-16.24451, 28.571825],
            [-16.244326, 28.571817],
            [-16.244224, 28.571805],
            [-16.244146, 28.571785],
            [-16.24408, 28.57174],
            [-16.243988, 28.571708],
            [-16.243869, 28.571711],
            [-16.243767, 28.57172],
            [-16.243689, 28.571722],
            [-16.243589, 28.571719],
            [-16.24342, 28.5717],
            [-16.243356, 28.571743],
            [-16.243276, 28.571761],
            [-16.243201, 28.571768],
            [-16.243114, 28.571731],
            [-16.243016, 28.571665],
            [-16.242985, 28.571621],
            [-16.243002, 28.571574],
            [-16.24306, 28.571577],
            [-16.243117, 28.571538],
            [-16.243159, 28.571497],
            [-16.243202, 28.571522],
            [-16.243254, 28.571523],
            [-16.243284, 28.571489],
            [-16.243267, 28.571431],
            [-16.243142, 28.571392],
            [-16.243052, 28.57137],
            [-16.242973, 28.571355],
            [-16.242943, 28.571302],
            [-16.242936, 28.571241],
            [-16.242823, 28.571161],
            [-16.24279, 28.571109],
            [-16.242739, 28.571058],
            [-16.242615, 28.57099],
            [-16.242529, 28.570951],
            [-16.242469, 28.570891],
            [-16.242402, 28.570854],
            [-16.242344, 28.570848],
            [-16.242284, 28.570853],
            [-16.242255, 28.570856],
            [-16.242221, 28.570871],
            [-16.242182, 28.570921],
            [-16.24216, 28.570967],
            [-16.242167, 28.570991],
            [-16.242255, 28.571036],
            [-16.242266, 28.571079],
            [-16.242244, 28.571123],
            [-16.242187, 28.571143],
            [-16.242133, 28.571139],
            [-16.241885, 28.571139],
            [-16.241716, 28.571134],
            [-16.241663, 28.571113],
            [-16.241606, 28.571086],
            [-16.2416, 28.571034],
            [-16.24164, 28.570993],
            [-16.241725, 28.571004],
            [-16.241821, 28.570994],
            [-16.241823, 28.570928],
            [-16.24181, 28.570861],
            [-16.241782, 28.570814],
            [-16.241733, 28.570748],
            [-16.241686, 28.570698],
            [-16.241605, 28.570658],
            [-16.241479, 28.570607],
            [-16.241449, 28.570595],
            [-16.24137, 28.570554],
            [-16.241299, 28.570506],
            [-16.241253, 28.570471],
            [-16.241201, 28.570413],
            [-16.241193, 28.570396],
            [-16.241071, 28.570241],
            [-16.24103, 28.570196],
            [-16.240978, 28.570129],
            [-16.240906, 28.570067],
            [-16.240827, 28.570027],
            [-16.240623, 28.569936],
            [-16.240586, 28.569911],
            [-16.240424, 28.56986],
            [-16.240209, 28.569827],
            [-16.240084, 28.569821],
            [-16.240005, 28.569824],
            [-16.239849, 28.569821],
            [-16.239736, 28.569753],
            [-16.239686, 28.569678],
            [-16.239668, 28.569651],
            [-16.239624, 28.569539],
            [-16.239595, 28.569493],
            [-16.239467, 28.569403],
            [-16.239335, 28.569356],
            [-16.239196, 28.569343],
            [-16.23911, 28.569342],
            [-16.239093, 28.569342],
            [-16.238935, 28.569331],
            [-16.238815, 28.569271],
            [-16.238734, 28.569218],
            [-16.23864, 28.569173],
            [-16.238539, 28.569136],
            [-16.238394, 28.569101],
            [-16.238248, 28.569056],
            [-16.238164, 28.569028],
            [-16.23803, 28.568974],
            [-16.237829, 28.568858],
            [-16.237741, 28.568816],
            [-16.23761, 28.568762],
            [-16.237481, 28.56872],
            [-16.237376, 28.56866],
            [-16.237307, 28.568591],
            [-16.237197, 28.568518],
            [-16.237052, 28.568462],
            [-16.236931, 28.568427],
            [-16.236846, 28.568423],
            [-16.23675, 28.568423],
            [-16.236646, 28.568374],
            [-16.236464, 28.568226],
            [-16.236369, 28.568161],
            [-16.236261, 28.568141],
            [-16.2361, 28.568094],
            [-16.235983, 28.568053],
            [-16.235799, 28.567976],
            [-16.235672, 28.567932],
            [-16.235539, 28.56785],
            [-16.235437, 28.567779],
            [-16.235357, 28.567732],
            [-16.235235, 28.56768],
            [-16.235094, 28.567672],
            [-16.234971, 28.567684],
            [-16.234798, 28.567775],
            [-16.234527, 28.56774],
            [-16.2345, 28.567739],
            [-16.23441, 28.567707],
            [-16.234353, 28.567622],
            [-16.234344, 28.567609],
            [-16.234303, 28.567467],
            [-16.234241, 28.567384],
            [-16.234157, 28.567314],
            [-16.234118, 28.567234],
            [-16.234069, 28.567115],
            [-16.234001, 28.567014],
            [-16.23391, 28.566946],
            [-16.233832, 28.566872],
            [-16.233745, 28.566824],
            [-16.233676, 28.566771],
            [-16.233569, 28.566744],
            [-16.233342, 28.566739],
            [-16.233248, 28.566749],
            [-16.233138, 28.566818],
            [-16.233035, 28.566881],
            [-16.233007, 28.566911],
            [-16.232893, 28.566974],
            [-16.232808, 28.566967],
            [-16.232724, 28.566932],
            [-16.232635, 28.566803],
            [-16.232451, 28.566729],
            [-16.232312, 28.566697],
            [-16.232116, 28.566619],
            [-16.231937, 28.566557],
            [-16.231799, 28.566494],
            [-16.231713, 28.566424],
            [-16.23159, 28.566369],
            [-16.231481, 28.566342],
            [-16.2314, 28.56633],
            [-16.23118, 28.566346],
            [-16.230933, 28.566407],
            [-16.230851, 28.56642],
            [-16.230697, 28.566428],
            [-16.230496, 28.566395],
            [-16.230308, 28.566371],
            [-16.230107, 28.566376],
            [-16.229932, 28.56637],
            [-16.229797, 28.56633],
            [-16.229742, 28.566305],
            [-16.229631, 28.566274],
            [-16.229495, 28.566222],
            [-16.229389, 28.566193],
            [-16.229271, 28.566172],
            [-16.229187, 28.566167],
            [-16.229045, 28.566131],
            [-16.228949, 28.566115],
            [-16.228872, 28.566095],
            [-16.228808, 28.566042],
            [-16.228749, 28.565969],
            [-16.228684, 28.56595],
            [-16.228633, 28.565965],
            [-16.228617, 28.565976],
            [-16.228563, 28.565992],
            [-16.228463, 28.565994],
            [-16.228389, 28.565966],
            [-16.228313, 28.565921],
            [-16.228246, 28.565871],
            [-16.228205, 28.565821],
            [-16.228167, 28.565766],
            [-16.228099, 28.565754],
            [-16.227924, 28.565773],
            [-16.227847, 28.565798],
            [-16.227769, 28.565835],
            [-16.227662, 28.565917],
            [-16.227611, 28.565999],
            [-16.227594, 28.566086],
            [-16.227611, 28.566126],
            [-16.227633, 28.56618],
            [-16.227663, 28.566236],
            [-16.227571, 28.566277],
            [-16.227462, 28.566283],
            [-16.227407, 28.566277],
            [-16.227264, 28.566263],
            [-16.227169, 28.566223],
            [-16.227006, 28.566107],
            [-16.22695, 28.56608],
            [-16.226932, 28.566064],
            [-16.226856, 28.566037],
            [-16.226674, 28.566001],
            [-16.226586, 28.565976],
            [-16.226521, 28.56593],
            [-16.226423, 28.565899],
            [-16.22632, 28.56587],
            [-16.226122, 28.565825],
            [-16.226043, 28.565793],
            [-16.225964, 28.565747],
            [-16.225864, 28.565711],
            [-16.22578, 28.565675],
            [-16.225754, 28.565649],
            [-16.225716, 28.565586],
            [-16.225655, 28.56554],
            [-16.225561, 28.565511],
            [-16.225451, 28.565483],
            [-16.225323, 28.565477],
            [-16.225216, 28.565475],
            [-16.225105, 28.565507],
            [-16.224966, 28.565561],
            [-16.224864, 28.5656],
            [-16.224728, 28.565658],
            [-16.224608, 28.565694],
            [-16.224547, 28.565704],
            [-16.224343, 28.565698],
            [-16.224249, 28.565665],
            [-16.2242, 28.565616],
            [-16.224137, 28.565573],
            [-16.224035, 28.565533],
            [-16.22396, 28.565508],
            [-16.223881, 28.565467],
            [-16.223792, 28.565436],
            [-16.223664, 28.565432],
            [-16.223444, 28.56545],
            [-16.223355, 28.565461],
            [-16.222988, 28.565493],
            [-16.222793, 28.565539],
            [-16.222495, 28.565655],
            [-16.222382, 28.565707],
            [-16.222253, 28.565789],
            [-16.222186, 28.56584],
            [-16.222141, 28.56589],
            [-16.222095, 28.565954],
            [-16.221993, 28.566121],
            [-16.221932, 28.566233],
            [-16.22181, 28.566433],
            [-16.22175, 28.566479],
            [-16.221732, 28.566498],
            [-16.221676, 28.566544],
            [-16.221482, 28.566642],
            [-16.221355, 28.566689],
            [-16.22118, 28.566762],
            [-16.221103, 28.566788],
            [-16.220922, 28.566864],
            [-16.220902, 28.566872],
            [-16.220775, 28.566913],
            [-16.220644, 28.566949],
            [-16.220528, 28.566972],
            [-16.2204, 28.566993],
            [-16.220225, 28.566987],
            [-16.220097, 28.566987],
            [-16.219892, 28.567002],
            [-16.219788, 28.567025],
            [-16.219639, 28.567069],
            [-16.21951, 28.567094],
            [-16.219375, 28.567125],
            [-16.218944, 28.567297],
            [-16.21877, 28.567371],
            [-16.218422, 28.567487],
            [-16.218298, 28.567514],
            [-16.217996, 28.567603],
            [-16.217684, 28.567726],
            [-16.217485, 28.567813],
            [-16.217397, 28.567846],
            [-16.217142, 28.567939],
            [-16.217011, 28.56797],
            [-16.216916, 28.567981],
            [-16.216792, 28.56799],
            [-16.216692, 28.567982],
            [-16.216565, 28.567947],
            [-16.216423, 28.567902],
            [-16.216355, 28.567861],
            [-16.216161, 28.56779],
            [-16.216027, 28.56777],
            [-16.215915, 28.567763],
            [-16.215792, 28.567768],
            [-16.215656, 28.567791],
            [-16.215412, 28.567793],
            [-16.215305, 28.567798],
            [-16.215174, 28.567814],
            [-16.215036, 28.56785],
            [-16.215004, 28.567861],
            [-16.214921, 28.567889],
            [-16.21463, 28.567975],
            [-16.214544, 28.567988],
            [-16.214447, 28.567972],
            [-16.21433, 28.56799],
            [-16.214158, 28.568007],
            [-16.214075, 28.568014],
            [-16.213972, 28.568014],
            [-16.213852, 28.567994],
            [-16.213758, 28.567974],
            [-16.213651, 28.567973],
            [-16.213589, 28.567979],
            [-16.213514, 28.56801],
            [-16.213461, 28.568068],
            [-16.213383, 28.568121],
            [-16.213281, 28.568128],
            [-16.21319, 28.568127],
            [-16.213059, 28.568152],
            [-16.212998, 28.568174],
            [-16.21292, 28.568174],
            [-16.212797, 28.568157],
            [-16.212611, 28.568176],
            [-16.212543, 28.568176],
            [-16.212443, 28.568171],
            [-16.212337, 28.568191],
            [-16.212191, 28.568228],
            [-16.212058, 28.568271],
            [-16.212025, 28.568283],
            [-16.211832, 28.568387],
            [-16.211749, 28.568418],
            [-16.211659, 28.568434],
            [-16.211546, 28.568478],
            [-16.211345, 28.568575],
            [-16.211278, 28.568627],
            [-16.21121, 28.568712],
            [-16.21112, 28.568797],
            [-16.21108, 28.568821],
            [-16.211061, 28.568827],
            [-16.211004, 28.568822],
            [-16.210946, 28.568791],
            [-16.210884, 28.568801],
            [-16.210804, 28.568848],
            [-16.210724, 28.568877],
            [-16.21065, 28.568892],
            [-16.210594, 28.56892],
            [-16.210506, 28.568922],
            [-16.210415, 28.568893],
            [-16.210354, 28.568884],
            [-16.210258, 28.568898],
            [-16.210183, 28.568918],
            [-16.210103, 28.568926],
            [-16.20998, 28.568932],
            [-16.209883, 28.568921],
            [-16.209809, 28.568916],
            [-16.209579, 28.568962],
            [-16.209361, 28.569017],
            [-16.209266, 28.569045],
            [-16.209183, 28.569062],
            [-16.209106, 28.569061],
            [-16.209018, 28.569033],
            [-16.208903, 28.568988],
            [-16.208752, 28.568975],
            [-16.208667, 28.568973],
            [-16.20855, 28.568978],
            [-16.208491, 28.568946],
            [-16.208437, 28.568929],
            [-16.208393, 28.568941],
            [-16.208311, 28.56895],
            [-16.208233, 28.56893],
            [-16.208142, 28.568871],
            [-16.208038, 28.568823],
            [-16.20802, 28.568823],
            [-16.208001, 28.568822],
            [-16.207967, 28.568817],
            [-16.207934, 28.568807],
            [-16.207913, 28.568789],
            [-16.207894, 28.568771],
            [-16.207875, 28.568769],
            [-16.207856, 28.568767],
            [-16.207832, 28.568754],
            [-16.207816, 28.568736],
            [-16.207808, 28.568709],
            [-16.207802, 28.568682],
            [-16.207796, 28.568649],
            [-16.20779, 28.568617],
            [-16.207781, 28.568598],
            [-16.207766, 28.568583],
            [-16.207754, 28.56858],
            [-16.207727, 28.568584],
            [-16.207702, 28.568591],
            [-16.207664, 28.568602],
            [-16.207626, 28.568613],
            [-16.207594, 28.568615],
            [-16.207562, 28.568611],
            [-16.207529, 28.568599],
            [-16.207496, 28.56859],
            [-16.207454, 28.568589],
            [-16.207412, 28.568589],
            [-16.207379, 28.56859],
            [-16.207346, 28.568591],
            [-16.207309, 28.56859],
            [-16.207272, 28.568584],
            [-16.207238, 28.568571],
            [-16.207205, 28.568557],
            [-16.207165, 28.568541],
            [-16.207125, 28.568524],
            [-16.207045, 28.568499],
            [-16.206963, 28.568479],
            [-16.206917, 28.568469],
            [-16.206871, 28.568462],
            [-16.20682, 28.568456],
            [-16.20677, 28.568453],
            [-16.206709, 28.568452],
            [-16.206647, 28.568452],
            [-16.206583, 28.568453],
            [-16.206518, 28.568456],
            [-16.206459, 28.568469],
            [-16.206402, 28.568484],
            [-16.206355, 28.56849],
            [-16.206308, 28.568495],
            [-16.206289, 28.568509],
            [-16.206275, 28.568528],
            [-16.206264, 28.568534],
            [-16.206227, 28.568553],
            [-16.20619, 28.568571],
            [-16.206167, 28.56858],
            [-16.206143, 28.568586],
            [-16.20611, 28.568595],
            [-16.206077, 28.568603],
            [-16.206042, 28.568614],
            [-16.206008, 28.568627],
            [-16.205972, 28.568643],
            [-16.205938, 28.568662],
            [-16.205901, 28.568688],
            [-16.205866, 28.568715],
            [-16.205839, 28.568738],
            [-16.205812, 28.568761],
            [-16.205771, 28.568794],
            [-16.205731, 28.568827],
            [-16.205706, 28.568847],
            [-16.205682, 28.568868],
            [-16.205643, 28.568894],
            [-16.205602, 28.568917],
            [-16.205562, 28.568941],
            [-16.205521, 28.568964],
            [-16.205482, 28.568982],
            [-16.205443, 28.569002],
            [-16.20541, 28.569029],
            [-16.205378, 28.569057],
            [-16.205348, 28.569084],
            [-16.205319, 28.569111],
            [-16.205284, 28.569146],
            [-16.205248, 28.569181],
            [-16.20521, 28.569209],
            [-16.205169, 28.569235],
            [-16.205126, 28.569263],
            [-16.205083, 28.569289],
            [-16.20504, 28.569312],
            [-16.204998, 28.569335],
            [-16.204957, 28.56936],
            [-16.204917, 28.569386],
            [-16.204871, 28.569419],
            [-16.204828, 28.569455],
            [-16.204797, 28.569485],
            [-16.204766, 28.569515],
            [-16.204734, 28.569545],
            [-16.204703, 28.569576],
            [-16.204671, 28.569612],
            [-16.204641, 28.569649],
            [-16.204608, 28.569687],
            [-16.204573, 28.569724],
            [-16.204541, 28.569755],
            [-16.204509, 28.569785],
            [-16.204475, 28.56982],
            [-16.20444, 28.569854],
            [-16.204408, 28.56989],
            [-16.204376, 28.569926],
            [-16.204343, 28.569959],
            [-16.20431, 28.569993],
            [-16.204281, 28.570026],
            [-16.204255, 28.57006],
            [-16.204231, 28.570097],
            [-16.204211, 28.570135],
            [-16.204193, 28.570172],
            [-16.204177, 28.57021],
            [-16.204162, 28.570249],
            [-16.20415, 28.570288],
            [-16.20414, 28.570329],
            [-16.204131, 28.57037],
            [-16.204115, 28.57043],
            [-16.204097, 28.57049],
            [-16.204085, 28.570521],
            [-16.204073, 28.570551],
            [-16.204058, 28.570594],
            [-16.204045, 28.570638],
            [-16.20403, 28.5707],
            [-16.204017, 28.570762],
            [-16.204012, 28.57079],
            [-16.204007, 28.570815],
            [-16.204144, 28.570841],
            [-16.204134, 28.570912],
            [-16.204139, 28.570925],
            [-16.204145, 28.570941],
            [-16.204153, 28.570954],
            [-16.204162, 28.570968],
            [-16.204176, 28.570985],
            [-16.20419, 28.571002],
            [-16.204204, 28.571017],
            [-16.204218, 28.571031],
            [-16.204243, 28.571051],
            [-16.20427, 28.571068],
            [-16.204304, 28.571088],
            [-16.20434, 28.571106],
            [-16.20437, 28.571118],
            [-16.204401, 28.57113],
            [-16.204436, 28.571142],
            [-16.204473, 28.571151],
            [-16.204514, 28.571155],
            [-16.204556, 28.571159],
            [-16.204594, 28.57116],
            [-16.20465, 28.571161],
            [-16.204705, 28.571161],
            [-16.204756, 28.571164],
            [-16.204806, 28.571171],
            [-16.204844, 28.571181],
            [-16.204881, 28.571193],
            [-16.204923, 28.571208],
            [-16.204963, 28.571226],
            [-16.204991, 28.571241],
            [-16.205012, 28.571259],
            [-16.205009, 28.571267],
            [-16.204995, 28.571271],
            [-16.20498, 28.571273],
            [-16.204957, 28.571273],
            [-16.204935, 28.571273],
            [-16.204912, 28.571277],
            [-16.204883, 28.571278],
            [-16.204846, 28.571276],
            [-16.204817, 28.571272],
            [-16.204785, 28.571265],
            [-16.204754, 28.571254],
            [-16.204733, 28.571249],
            [-16.204706, 28.571244],
            [-16.204677, 28.571234],
            [-16.204647, 28.571237],
            [-16.204618, 28.571241],
            [-16.204587, 28.57125],
            [-16.20454, 28.57125],
            [-16.204505, 28.571244],
            [-16.204464, 28.571238],
            [-16.20442, 28.571239],
            [-16.204379, 28.571248],
            [-16.204339, 28.571258],
            [-16.204301, 28.571261],
            [-16.204264, 28.571259],
            [-16.204226, 28.571249],
            [-16.204192, 28.571232],
            [-16.204169, 28.571217],
            [-16.204146, 28.571201],
            [-16.204122, 28.571186],
            [-16.204098, 28.571171],
            [-16.204079, 28.571153],
            [-16.204066, 28.571131],
            [-16.20406, 28.5711],
            [-16.204053, 28.571069],
            [-16.204036, 28.571048],
            [-16.204014, 28.571033],
            [-16.203983, 28.571026],
            [-16.203952, 28.571032],
            [-16.20393, 28.571044],
            [-16.203912, 28.57106],
            [-16.203894, 28.571084],
            [-16.203877, 28.571108],
            [-16.203854, 28.571137],
            [-16.203832, 28.571166],
            [-16.203811, 28.571203],
            [-16.203791, 28.571242],
            [-16.203769, 28.571271],
            [-16.203738, 28.571294],
            [-16.203713, 28.5713],
            [-16.203689, 28.5713],
            [-16.203646, 28.571294],
            [-16.203602, 28.571291],
            [-16.203567, 28.571303],
            [-16.203535, 28.571321],
            [-16.203508, 28.571342],
            [-16.203481, 28.571362],
            [-16.203423, 28.571389],
            [-16.203361, 28.571407],
            [-16.203294, 28.571419],
            [-16.203226, 28.571427],
            [-16.203187, 28.57143],
            [-16.203149, 28.57143],
            [-16.203099, 28.571422],
            [-16.203048, 28.571414],
            [-16.203007, 28.571412],
            [-16.202966, 28.571411],
            [-16.202917, 28.57141],
            [-16.202868, 28.571409],
            [-16.202815, 28.571408],
            [-16.202762, 28.571406],
            [-16.202708, 28.571406],
            [-16.202654, 28.571409],
            [-16.20259, 28.571419],
            [-16.202526, 28.571432],
            [-16.202492, 28.57144],
            [-16.202459, 28.571449],
            [-16.202419, 28.571464],
            [-16.202381, 28.571483],
            [-16.202298, 28.571536],
            [-16.202266, 28.571558],
            [-16.202234, 28.571581],
            [-16.202183, 28.571616],
            [-16.202132, 28.571651],
            [-16.202093, 28.571681],
            [-16.202054, 28.571711],
            [-16.202018, 28.57174],
            [-16.201982, 28.571769],
            [-16.201956, 28.571798],
            [-16.201932, 28.571828],
            [-16.201899, 28.571854],
            [-16.201862, 28.571876],
            [-16.201819, 28.571892],
            [-16.201775, 28.571908],
            [-16.201734, 28.571926],
            [-16.201694, 28.571946],
            [-16.201653, 28.571969],
            [-16.201614, 28.571993],
            [-16.201584, 28.572013],
            [-16.201554, 28.572034],
            [-16.201513, 28.572061],
            [-16.201472, 28.572088],
            [-16.201441, 28.572113],
            [-16.201412, 28.572138],
            [-16.201367, 28.572172],
            [-16.201322, 28.572206],
            [-16.201282, 28.572234],
            [-16.20124, 28.572261],
            [-16.201195, 28.572285],
            [-16.201145, 28.572301],
            [-16.201096, 28.572311],
            [-16.201047, 28.572317],
            [-16.201001, 28.572321],
            [-16.200954, 28.57232],
            [-16.200909, 28.57231],
            [-16.200865, 28.572295],
            [-16.200824, 28.572278],
            [-16.200783, 28.572261],
            [-16.200732, 28.57224],
            [-16.200678, 28.572226],
            [-16.200626, 28.572224],
            [-16.200575, 28.572227],
            [-16.200555, 28.572228],
            [-16.200554, 28.57202],
            [-16.200612, 28.571677],
            [-16.200587, 28.571325],
            [-16.200579, 28.571165],
            [-16.200502, 28.571019],
            [-16.200461, 28.57096],
            [-16.200233, 28.570863],
            [-16.20014, 28.570589],
            [-16.200064, 28.570366],
            [-16.199924, 28.570128],
            [-16.19965, 28.569926],
            [-16.199458, 28.569816],
            [-16.19911, 28.569644],
            [-16.198919, 28.56955],
            [-16.198665, 28.569286],
            [-16.198604, 28.568964],
            [-16.198566, 28.568629],
            [-16.198529, 28.568307],
            [-16.198496, 28.56802],
            [-16.198469, 28.567861],
            [-16.198436, 28.567668],
            [-16.198334, 28.567458],
            [-16.198145, 28.567064],
            [-16.19801, 28.566837],
            [-16.197855, 28.566579],
            [-16.197681, 28.566287],
            [-16.197402, 28.565958],
            [-16.197125, 28.56573],
            [-16.196846, 28.565546],
            [-16.196411, 28.565303],
            [-16.196053, 28.56512],
            [-16.195742, 28.564932],
            [-16.195383, 28.564674],
            [-16.195235, 28.564474],
            [-16.195135, 28.564216],
            [-16.195119, 28.563771],
            [-16.195135, 28.56355],
            [-16.195053, 28.563147],
            [-16.194911, 28.562753],
            [-16.194807, 28.562535],
            [-16.194338, 28.561966],
            [-16.193779, 28.561609],
            [-16.193262, 28.56135],
            [-16.193064, 28.56124],
            [-16.192654, 28.560952],
            [-16.192276, 28.560906],
            [-16.191842, 28.560842],
            [-16.19141, 28.560661],
            [-16.191061, 28.560598],
            [-16.190808, 28.560486],
            [-16.190717, 28.560387],
            [-16.190607, 28.56011],
            [-16.190476, 28.559836],
            [-16.190272, 28.559689],
            [-16.190213, 28.559552],
            [-16.190089, 28.559169],
            [-16.190003, 28.558904],
            [-16.189139, 28.557851],
            [-16.188786, 28.557482],
            [-16.18855, 28.557376],
            [-16.188044, 28.557123],
            [-16.187896, 28.55696],
            [-16.187755, 28.556665],
            [-16.187687, 28.556388],
            [-16.187611, 28.556159],
            [-16.187479, 28.555959],
            [-16.18713, 28.555761],
            [-16.186843, 28.555658],
            [-16.186598, 28.555522],
            [-16.186286, 28.555218],
            [-16.18613, 28.555098],
            [-16.185809, 28.555045],
            [-16.185372, 28.555034],
            [-16.184989, 28.554985],
            [-16.184634, 28.554838],
            [-16.184438, 28.554727],
            [-16.184492, 28.554591],
            [-16.18435, 28.554432],
            [-16.184349, 28.554269],
            [-16.184444, 28.554034],
            [-16.184611, 28.553884],
            [-16.184928, 28.553993],
            [-16.185315, 28.554137],
            [-16.185497, 28.554099],
            [-16.185591, 28.554028],
            [-16.185691, 28.553899],
            [-16.185704, 28.553799],
            [-16.185635, 28.553718],
            [-16.185308, 28.553334],
            [-16.185221, 28.553233],
            [-16.185178, 28.553147],
            [-16.185177, 28.553059],
            [-16.18526, 28.552923],
            [-16.185244, 28.552775],
            [-16.185158, 28.552651],
            [-16.184989, 28.552578],
            [-16.184719, 28.552562],
            [-16.184624, 28.552557],
            [-16.184454, 28.552459],
            [-16.184368, 28.552263],
            [-16.18443, 28.552088],
            [-16.184491, 28.551915],
            [-16.184475, 28.551802],
            [-16.184321, 28.551767],
            [-16.18411, 28.551805],
            [-16.183663, 28.551933],
            [-16.183508, 28.551898],
            [-16.183394, 28.551787],
            [-16.183377, 28.5516],
            [-16.183342, 28.551189],
            [-16.18333, 28.551045],
            [-16.183244, 28.550922],
            [-16.182992, 28.550924],
            [-16.182892, 28.550825],
            [-16.182953, 28.550701],
            [-16.183057, 28.550526],
            [-16.183137, 28.550452],
            [-16.183305, 28.550295],
            [-16.183419, 28.550189],
            [-16.183501, 28.550053],
            [-16.183006, 28.549685],
            [-16.18299, 28.549536],
            [-16.183087, 28.549447],
            [-16.183214, 28.549421],
            [-16.183528, 28.549406],
            [-16.183972, 28.549385],
            [-16.184504, 28.54936],
            [-16.184645, 28.549409],
            [-16.184779, 28.549704],
            [-16.184904, 28.549977],
            [-16.185145, 28.550216],
            [-16.185335, 28.550338],
            [-16.185498, 28.550419],
            [-16.185695, 28.550417],
            [-16.185778, 28.550329],
            [-16.185677, 28.55007],
            [-16.185477, 28.549738],
            [-16.185433, 28.5496],
            [-16.185564, 28.549348],
            [-16.185639, 28.54919],
            [-16.185973, 28.548989],
            [-16.186082, 28.548946],
            [-16.186323, 28.54885],
            [-16.18643, 28.548842],
            [-16.186673, 28.548822],
            [-16.187082, 28.549004],
            [-16.187202, 28.549048],
            [-16.187448, 28.549138],
            [-16.187816, 28.549395],
            [-16.187972, 28.549504],
            [-16.188242, 28.549799],
            [-16.18852, 28.54998],
            [-16.188921, 28.55019],
            [-16.189474, 28.550453],
            [-16.189766, 28.550591],
            [-16.189894, 28.550728],
            [-16.189889, 28.550819],
            [-16.189882, 28.550924],
            [-16.189762, 28.551198],
            [-16.189718, 28.551298],
            [-16.189712, 28.5514],
            [-16.189706, 28.551486],
            [-16.189767, 28.551538],
            [-16.189834, 28.551595],
            [-16.19018, 28.551738],
            [-16.190342, 28.551805],
            [-16.190482, 28.551862],
            [-16.190631, 28.551876],
            [-16.190721, 28.551885],
            [-16.190907, 28.55185],
            [-16.191001, 28.551833],
            [-16.191264, 28.55187],
            [-16.191733, 28.551935],
            [-16.191915, 28.55196],
            [-16.192138, 28.55195],
            [-16.192223, 28.551946],
            [-16.192449, 28.551799],
            [-16.192572, 28.55172],
            [-16.192726, 28.551705],
            [-16.192839, 28.551741],
            [-16.193106, 28.551826],
            [-16.193232, 28.551813],
            [-16.193326, 28.551739],
            [-16.193469, 28.551624],
            [-16.193805, 28.55161],
            [-16.194065, 28.551513],
            [-16.194183, 28.551469],
            [-16.194304, 28.551462],
            [-16.194407, 28.551456],
            [-16.194857, 28.551551],
            [-16.195053, 28.551536],
            [-16.195222, 28.551523],
            [-16.195388, 28.551348],
            [-16.195556, 28.551285],
            [-16.195666, 28.551061],
            [-16.195745, 28.551],
            [-16.195847, 28.550922],
            [-16.196307, 28.550719],
            [-16.196627, 28.550457],
            [-16.196813, 28.550455],
            [-16.197104, 28.550461],
            [-16.197369, 28.550486],
            [-16.197738, 28.550527],
            [-16.197891, 28.550545],
            [-16.198132, 28.550716],
            [-16.198301, 28.55087],
            [-16.198429, 28.550987],
            [-16.198692, 28.551074],
            [-16.198754, 28.551095],
            [-16.19888, 28.551025],
            [-16.198946, 28.551052],
            [-16.199143, 28.551044],
            [-16.199285, 28.551038],
            [-16.199368, 28.551035],
            [-16.199513, 28.550971],
            [-16.199557, 28.550943],
            [-16.199617, 28.550906],
            [-16.199819, 28.550857],
            [-16.199927, 28.550888],
            [-16.200018, 28.550959],
            [-16.200115, 28.551058],
            [-16.200229, 28.551129],
            [-16.200319, 28.551119],
            [-16.200371, 28.5511],
            [-16.200434, 28.551077],
            [-16.200471, 28.551005],
            [-16.200527, 28.550916],
            [-16.200583, 28.550841],
            [-16.200615, 28.550796],
            [-16.200698, 28.550777],
            [-16.200766, 28.550761],
            [-16.200902, 28.550815],
            [-16.200984, 28.550847],
            [-16.201107, 28.550941],
            [-16.20118, 28.55101],
            [-16.201235, 28.551077],
            [-16.201354, 28.551165],
            [-16.201417, 28.551211],
            [-16.201483, 28.55126],
            [-16.201602, 28.551263],
            [-16.201683, 28.551265],
            [-16.201885, 28.55131],
            [-16.201976, 28.551321],
            [-16.202095, 28.551275],
            [-16.202234, 28.551249],
            [-16.202421, 28.551222],
            [-16.202609, 28.551257],
            [-16.202747, 28.551355],
            [-16.202807, 28.551435],
            [-16.202854, 28.551498],
            [-16.202904, 28.551606],
            [-16.202995, 28.551705],
            [-16.203125, 28.55174],
            [-16.203251, 28.55173],
            [-16.203319, 28.551724],
            [-16.203463, 28.551538],
            [-16.203599, 28.55132],
            [-16.203597, 28.551225],
            [-16.203594, 28.551104],
            [-16.203636, 28.551027],
            [-16.203716, 28.55094],
            [-16.203788, 28.550862],
            [-16.203877, 28.550767],
            [-16.203849, 28.550544],
            [-16.203895, 28.550491],
            [-16.203932, 28.550449],
            [-16.204147, 28.550393],
            [-16.204293, 28.550355],
            [-16.204464, 28.550333],
            [-16.204606, 28.550336],
            [-16.204806, 28.550339],
            [-16.20498, 28.55034],
            [-16.205161, 28.550338],
            [-16.205323, 28.550337],
            [-16.205502, 28.550315],
            [-16.205656, 28.550264],
            [-16.205828, 28.550183],
            [-16.205906, 28.550147],
            [-16.20603, 28.550053],
            [-16.206091, 28.550007],
            [-16.20622, 28.54993],
            [-16.206292, 28.549886],
            [-16.206454, 28.549815],
            [-16.206575, 28.549762],
            [-16.206703, 28.549652],
            [-16.206921, 28.549457],
            [-16.207069, 28.54932],
            [-16.207209, 28.54919],
            [-16.20732, 28.549135],
            [-16.207458, 28.549082],
            [-16.207613, 28.549032],
            [-16.207815, 28.548963],
            [-16.207947, 28.548906],
            [-16.208018, 28.548861],
            [-16.208109, 28.548778],
            [-16.208185, 28.548671],
            [-16.208215, 28.548602],
            [-16.208244, 28.548533],
            [-16.208299, 28.548491],
            [-16.208361, 28.548442],
            [-16.208443, 28.548413],
            [-16.208559, 28.548372],
            [-16.208646, 28.548338],
            [-16.208687, 28.548297],
            [-16.208736, 28.548249],
            [-16.20882, 28.548124],
            [-16.208859, 28.548013],
            [-16.208876, 28.547943],
            [-16.208912, 28.547817],
            [-16.208937, 28.547737],
            [-16.208917, 28.547708],
            [-16.209042, 28.547596],
            [-16.209027, 28.547436],
            [-16.208903, 28.547228],
            [-16.208783, 28.547028],
            [-16.208837, 28.546892],
            [-16.208898, 28.546737],
            [-16.208941, 28.546627],
            [-16.208974, 28.546543],
            [-16.208963, 28.546473],
            [-16.208944, 28.546358],
            [-16.208785, 28.54617],
            [-16.208674, 28.546038],
            [-16.208525, 28.545966],
            [-16.208349, 28.545881],
            [-16.208256, 28.545768],
            [-16.208207, 28.545708],
            [-16.208233, 28.545584],
            [-16.208353, 28.545583],
            [-16.208416, 28.545582],
            [-16.208615, 28.54584],
            [-16.208912, 28.546036],
            [-16.209104, 28.546188],
            [-16.209505, 28.546505],
            [-16.209766, 28.546712],
            [-16.210073, 28.546955],
            [-16.210468, 28.547076],
            [-16.210709, 28.547167],
            [-16.210947, 28.547257],
            [-16.21128, 28.547442],
            [-16.211342, 28.547476],
            [-16.211567, 28.547474],
            [-16.211637, 28.54744],
            [-16.211721, 28.547399],
            [-16.211832, 28.547304],
            [-16.211957, 28.547198],
            [-16.21232, 28.547143],
            [-16.212657, 28.547092],
            [-16.212867, 28.547005],
            [-16.213147, 28.546964],
            [-16.213279, 28.546871],
            [-16.213467, 28.54674],
            [-16.213655, 28.546728],
            [-16.213858, 28.546715],
            [-16.214056, 28.546702],
            [-16.214154, 28.546695],
            [-16.21429, 28.546661],
            [-16.214448, 28.54662],
            [-16.214602, 28.546581],
            [-16.214868, 28.54654],
            [-16.215025, 28.546455],
            [-16.215147, 28.546389],
            [-16.215336, 28.546394],
            [-16.215601, 28.546401],
            [-16.215849, 28.546407],
            [-16.216087, 28.546271],
            [-16.216351, 28.546118],
            [-16.216587, 28.546026],
            [-16.216966, 28.545878],
            [-16.217072, 28.545757],
            [-16.217228, 28.545578],
            [-16.217634, 28.545426],
            [-16.217785, 28.545253],
            [-16.218105, 28.544889],
            [-16.218101, 28.544555],
            [-16.218503, 28.544009],
            [-16.218937, 28.54342],
            [-16.218985, 28.543356],
            [-16.219153, 28.543268],
            [-16.219204, 28.543272],
            [-16.219293, 28.543278],
            [-16.219357, 28.543299],
            [-16.219406, 28.543316],
            [-16.21949, 28.543309],
            [-16.219602, 28.5433],
            [-16.219705, 28.543146],
            [-16.219785, 28.543025],
            [-16.21985, 28.542872],
            [-16.219917, 28.542679],
            [-16.219829, 28.542272],
            [-16.220038, 28.542171],
            [-16.220222, 28.542202],
            [-16.220443, 28.54224],
            [-16.220586, 28.542265],
            [-16.220726, 28.5422],
            [-16.220945, 28.541961],
            [-16.221086, 28.541816],
            [-16.22116, 28.541741],
            [-16.221211, 28.541688],
            [-16.221491, 28.541623],
            [-16.221523, 28.541559],
            [-16.221555, 28.541494],
            [-16.221561, 28.541408],
            [-16.221571, 28.541263],
            [-16.221626, 28.541188],
            [-16.221865, 28.541139],
            [-16.222158, 28.54101],
            [-16.222804, 28.541078],
            [-16.222958, 28.541016],
            [-16.223066, 28.540791],
            [-16.223191, 28.540531],
            [-16.223018, 28.540259],
            [-16.222947, 28.540148],
            [-16.222638, 28.540078],
            [-16.222253, 28.53988],
            [-16.221974, 28.539737],
            [-16.221367, 28.539358],
            [-16.221237, 28.53938],
            [-16.221143, 28.539397],
            [-16.220854, 28.539476],
            [-16.220583, 28.539551],
            [-16.220344, 28.539465],
            [-16.220173, 28.539254],
            [-16.220116, 28.539182],
            [-16.220006, 28.539179],
            [-16.219863, 28.539173],
            [-16.219644, 28.539226],
            [-16.219443, 28.539238],
            [-16.21926, 28.53924],
            [-16.219189, 28.539091],
            [-16.219223, 28.539051],
            [-16.219299, 28.538955],
            [-16.219464, 28.538938],
            [-16.219889, 28.538903],
            [-16.220253, 28.538883],
            [-16.220493, 28.539044],
            [-16.220719, 28.539166],
            [-16.221015, 28.539021],
            [-16.221272, 28.538913],
            [-16.221403, 28.538862],
            [-16.221823, 28.538808],
            [-16.222655, 28.539113],
            [-16.223571, 28.539448],
            [-16.223669, 28.539484],
            [-16.224321, 28.539945],
            [-16.224744, 28.540194],
            [-16.225053, 28.540228],
            [-16.225884, 28.540065],
            [-16.226173, 28.540008],
            [-16.22644, 28.540019],
            [-16.226667, 28.540238],
            [-16.226832, 28.54025],
            [-16.226828, 28.540486],
            [-16.226769, 28.540903],
            [-16.226722, 28.541188],
            [-16.226599, 28.541721],
            [-16.226299, 28.542234],
            [-16.226062, 28.54268],
            [-16.225994, 28.543062],
            [-16.226095, 28.543465],
            [-16.226239, 28.543876],
            [-16.226444, 28.544462],
            [-16.227808, 28.545833],
            [-16.227739, 28.546108],
            [-16.227218, 28.546858],
            [-16.22725, 28.547009],
            [-16.227295, 28.547218],
            [-16.227376, 28.547382],
            [-16.227516, 28.547663],
            [-16.22759, 28.547857],
            [-16.227635, 28.547975],
            [-16.227668, 28.548277],
            [-16.227828, 28.548385],
            [-16.228105, 28.548571],
            [-16.228205, 28.548931],
            [-16.228045, 28.549195],
            [-16.227972, 28.549595],
            [-16.228124, 28.550209],
            [-16.228202, 28.550698],
            [-16.228059, 28.550869],
            [-16.228085, 28.551017],
            [-16.228496, 28.551183],
            [-16.228908, 28.551371],
            [-16.229041, 28.551513],
            [-16.229225, 28.551709],
            [-16.229324, 28.55192],
            [-16.229316, 28.552357],
            [-16.229358, 28.553105],
            [-16.229441, 28.553706],
            [-16.229614, 28.554129],
            [-16.229736, 28.554241],
            [-16.229955, 28.554444],
            [-16.230106, 28.554521],
            [-16.230318, 28.554632],
            [-16.230752, 28.554671],
            [-16.231043, 28.55484],
            [-16.231503, 28.555048],
            [-16.231617, 28.555173],
            [-16.231869, 28.555448],
            [-16.232235, 28.555869],
            [-16.232418, 28.556009],
            [-16.232648, 28.556186],
            [-16.232921, 28.556519],
            [-16.233064, 28.556692],
            [-16.233561, 28.556967],
            [-16.233742, 28.557067],
            [-16.234263, 28.557422],
            [-16.234422, 28.55753],
            [-16.234758, 28.558062],
            [-16.235542, 28.558332],
            [-16.235708, 28.55839],
            [-16.236047, 28.558556],
            [-16.23629, 28.558745],
            [-16.236336, 28.558876],
            [-16.236415, 28.559105],
            [-16.23642, 28.559509],
            [-16.236303, 28.559831],
            [-16.236237, 28.560084],
            [-16.236296, 28.56023],
            [-16.236358, 28.560383],
            [-16.236483, 28.560485],
            [-16.236603, 28.560584],
            [-16.236677, 28.560748],
            [-16.236749, 28.56091],
            [-16.236992, 28.561056],
            [-16.237155, 28.561048],
            [-16.237473, 28.561032],
            [-16.23766, 28.561089],
            [-16.238005, 28.561196],
            [-16.23837, 28.561513],
            [-16.238698, 28.562029],
            [-16.238787, 28.562168],
            [-16.238765, 28.562333],
            [-16.238742, 28.562507],
            [-16.238939, 28.562846],
            [-16.239157, 28.56295],
            [-16.239638, 28.563033],
            [-16.240166, 28.563123],
            [-16.240864, 28.563247],
            [-16.241575, 28.563437],
            [-16.241949, 28.563584],
            [-16.242731, 28.564034],
            [-16.243304, 28.564394],
            [-16.243546, 28.564558],
            [-16.243987, 28.564903],
            [-16.244386, 28.565262],
            [-16.24473, 28.565655],
            [-16.244923, 28.565876],
            [-16.245191, 28.566323],
            [-16.245365, 28.566614],
            [-16.245683, 28.567037],
            [-16.245857, 28.567417],
            [-16.245912, 28.567854],
            [-16.245963, 28.568246],
            [-16.246062, 28.56848],
            [-16.246055, 28.568675],
            [-16.246044, 28.56899],
            [-16.246159, 28.569497],
            [-16.246247, 28.56988],
            [-16.246565, 28.570324],
            [-16.246753, 28.570498],
            [-16.246954, 28.570683],
            [-16.247006, 28.570935]
          ]
        ]
      }
    },
    {
      "type": "Feature",
      "properties": {
        "id": "3",
        "name": "Acoran",
        "cityId": "santa-cruz-de-tenerife"
      },
      "geometry": {
        "type": "Polygon",
        "coordinates": [
          [
            [-16.312053, 28.414664],
            [-16.312008, 28.414712],
            [-16.311657, 28.415058],
            [-16.311304, 28.415407],
            [-16.310848, 28.415862],
            [-16.310247, 28.416448],
            [-16.309874, 28.416807],
            [-16.309515, 28.417166],
            [-16.309179, 28.417498],
            [-16.308811, 28.417861],
            [-16.30847, 28.418198],
            [-16.308091, 28.418572],
            [-16.307946, 28.418713],
            [-16.307641, 28.419033],
            [-16.307335, 28.419379],
            [-16.307133, 28.419612],
            [-16.306989, 28.419783],
            [-16.306748, 28.420084],
            [-16.3066, 28.420282],
            [-16.3065, 28.420416],
            [-16.306375, 28.420601],
            [-16.30621, 28.420856],
            [-16.306051, 28.421112],
            [-16.305902, 28.421351],
            [-16.305813, 28.421495],
            [-16.305807, 28.421507],
            [-16.305807, 28.421507],
            [-16.305732, 28.42148],
            [-16.305615, 28.421473],
            [-16.305539, 28.421469],
            [-16.305414, 28.42149],
            [-16.305262, 28.421544],
            [-16.305144, 28.421612],
            [-16.305057, 28.421663],
            [-16.304923, 28.421732],
            [-16.304821, 28.421751],
            [-16.304725, 28.421752],
            [-16.304576, 28.421731],
            [-16.304483, 28.421731],
            [-16.304295, 28.421731],
            [-16.304132, 28.421708],
            [-16.304025, 28.421643],
            [-16.303942, 28.421583],
            [-16.303861, 28.421484],
            [-16.303788, 28.421393],
            [-16.303733, 28.421339],
            [-16.303628, 28.421209],
            [-16.303579, 28.421149],
            [-16.303485, 28.421068],
            [-16.303425, 28.421017],
            [-16.303311, 28.420901],
            [-16.303207, 28.420805],
            [-16.303153, 28.420679],
            [-16.303049, 28.420567],
            [-16.302875, 28.420481],
            [-16.302785, 28.420421],
            [-16.302744, 28.420374],
            [-16.302688, 28.420327],
            [-16.302621, 28.420249],
            [-16.302569, 28.42019],
            [-16.302513, 28.420128],
            [-16.302476, 28.420056],
            [-16.302442, 28.419987],
            [-16.302335, 28.419884],
            [-16.302254, 28.419756],
            [-16.30222, 28.419703],
            [-16.302143, 28.41964],
            [-16.302084, 28.4196],
            [-16.302046, 28.419553],
            [-16.301885, 28.419479],
            [-16.301773, 28.41943],
            [-16.30164, 28.419372],
            [-16.301499, 28.419303],
            [-16.301413, 28.41925],
            [-16.301353, 28.419207],
            [-16.301343, 28.419171],
            [-16.301318, 28.419027],
            [-16.301303, 28.418962],
            [-16.301279, 28.418852],
            [-16.30125, 28.418789],
            [-16.301209, 28.418766],
            [-16.301109, 28.418774],
            [-16.301033, 28.418779],
            [-16.300927, 28.418771],
            [-16.300834, 28.418711],
            [-16.300701, 28.418632],
            [-16.300631, 28.418591],
            [-16.300557, 28.418547],
            [-16.300457, 28.418494],
            [-16.300371, 28.418477],
            [-16.300271, 28.418428],
            [-16.3002, 28.418393],
            [-16.300071, 28.418331],
            [-16.299995, 28.418334],
            [-16.299842, 28.418311],
            [-16.299752, 28.418281],
            [-16.299651, 28.418259],
            [-16.299589, 28.418247],
            [-16.299533, 28.41825],
            [-16.299442, 28.418255],
            [-16.299332, 28.418272],
            [-16.299273, 28.418259],
            [-16.299203, 28.418244],
            [-16.299109, 28.418189],
            [-16.299038, 28.418134],
            [-16.298989, 28.418097],
            [-16.298922, 28.418069],
            [-16.298813, 28.41804],
            [-16.298737, 28.418043],
            [-16.298614, 28.418053],
            [-16.298558, 28.41804],
            [-16.298488, 28.418007],
            [-16.298441, 28.417949],
            [-16.298402, 28.417927],
            [-16.298291, 28.417885],
            [-16.298148, 28.417839],
            [-16.298002, 28.4178],
            [-16.297873, 28.417794],
            [-16.297859, 28.417786],
            [-16.297859, 28.417749],
            [-16.297844, 28.417656],
            [-16.297829, 28.417619],
            [-16.297832, 28.417571],
            [-16.297853, 28.417479],
            [-16.297854, 28.417432],
            [-16.297865, 28.417385],
            [-16.297879, 28.417363],
            [-16.297901, 28.417355],
            [-16.297942, 28.417384],
            [-16.297969, 28.417416],
            [-16.297986, 28.417424],
            [-16.298023, 28.41739],
            [-16.298049, 28.417358],
            [-16.298091, 28.417338],
            [-16.298135, 28.417333],
            [-16.298153, 28.417323],
            [-16.298165, 28.417231],
            [-16.298174, 28.41721],
            [-16.298204, 28.4172],
            [-16.298241, 28.417208],
            [-16.298254, 28.41721],
            [-16.29835, 28.417246],
            [-16.298379, 28.417253],
            [-16.298427, 28.417237],
            [-16.298465, 28.417205],
            [-16.298502, 28.417168],
            [-16.298554, 28.417086],
            [-16.298584, 28.417062],
            [-16.298635, 28.41705],
            [-16.298664, 28.417035],
            [-16.298691, 28.416993],
            [-16.298708, 28.416948],
            [-16.298711, 28.41691],
            [-16.298685, 28.416844],
            [-16.298702, 28.416814],
            [-16.298721, 28.416802],
            [-16.298723, 28.416801],
            [-16.298728, 28.416801],
            [-16.298774, 28.416807],
            [-16.298793, 28.416812],
            [-16.2988, 28.4168],
            [-16.298813, 28.416779],
            [-16.298813, 28.416775],
            [-16.298814, 28.416769],
            [-16.298815, 28.416759],
            [-16.298815, 28.416751],
            [-16.298815, 28.41675],
            [-16.298813, 28.416747],
            [-16.29881, 28.416742],
            [-16.298789, 28.416711],
            [-16.298783, 28.416706],
            [-16.298752, 28.416676],
            [-16.298724, 28.416634],
            [-16.298683, 28.41658],
            [-16.29871, 28.416566],
            [-16.298738, 28.416567],
            [-16.298804, 28.416569],
            [-16.298815, 28.416564],
            [-16.298823, 28.416561],
            [-16.298816, 28.416542],
            [-16.298767, 28.416523],
            [-16.298716, 28.41651],
            [-16.298697, 28.416499],
            [-16.298699, 28.416465],
            [-16.298725, 28.416425],
            [-16.298753, 28.416332],
            [-16.298781, 28.416294],
            [-16.298789, 28.416267],
            [-16.298774, 28.416228],
            [-16.298739, 28.416192],
            [-16.298674, 28.416139],
            [-16.298671, 28.416124],
            [-16.298702, 28.416116],
            [-16.298802, 28.416144],
            [-16.298822, 28.416155],
            [-16.298858, 28.416147],
            [-16.298866, 28.41614],
            [-16.298919, 28.416093],
            [-16.298935, 28.416089],
            [-16.29895, 28.416086],
            [-16.299049, 28.416118],
            [-16.29907, 28.416121],
            [-16.299083, 28.416095],
            [-16.299072, 28.416052],
            [-16.299071, 28.416048],
            [-16.299058, 28.416025],
            [-16.299063, 28.416009],
            [-16.299066, 28.415997],
            [-16.299095, 28.415978],
            [-16.29911, 28.415947],
            [-16.299128, 28.415934],
            [-16.299178, 28.415946],
            [-16.299263, 28.415996],
            [-16.299288, 28.416011],
            [-16.2993, 28.416006],
            [-16.299319, 28.416],
            [-16.299379, 28.415934],
            [-16.29942, 28.415889],
            [-16.299453, 28.415862],
            [-16.299471, 28.415828],
            [-16.299475, 28.415821],
            [-16.299497, 28.415741],
            [-16.2995, 28.415738],
            [-16.299552, 28.415687],
            [-16.299548, 28.415655],
            [-16.299518, 28.415614],
            [-16.299479, 28.41558],
            [-16.29947, 28.415562],
            [-16.299463, 28.41555],
            [-16.299472, 28.415457],
            [-16.299484, 28.415431],
            [-16.299509, 28.415418],
            [-16.29956, 28.415428],
            [-16.299609, 28.415442],
            [-16.299639, 28.415456],
            [-16.299644, 28.415458],
            [-16.299671, 28.415458],
            [-16.299747, 28.415393],
            [-16.299773, 28.415354],
            [-16.299785, 28.415309],
            [-16.299796, 28.415284],
            [-16.299826, 28.415266],
            [-16.299871, 28.415267],
            [-16.299919, 28.415249],
            [-16.299958, 28.415219],
            [-16.29999, 28.415183],
            [-16.300048, 28.415103],
            [-16.300052, 28.415099],
            [-16.300083, 28.415067],
            [-16.300128, 28.415039],
            [-16.300171, 28.415018],
            [-16.300224, 28.415012],
            [-16.300274, 28.414992],
            [-16.300315, 28.414962],
            [-16.30032, 28.414956],
            [-16.300345, 28.414924],
            [-16.300357, 28.414899],
            [-16.300364, 28.414881],
            [-16.300365, 28.41488],
            [-16.300373, 28.414831],
            [-16.300389, 28.414784],
            [-16.300412, 28.414739],
            [-16.300437, 28.414716],
            [-16.300487, 28.41467],
            [-16.300517, 28.414631],
            [-16.300555, 28.414594],
            [-16.300587, 28.414558],
            [-16.300616, 28.414521],
            [-16.300638, 28.414475],
            [-16.300643, 28.414463],
            [-16.300644, 28.414459],
            [-16.300673, 28.414385],
            [-16.300695, 28.414359],
            [-16.300705, 28.414347],
            [-16.300743, 28.414324],
            [-16.300782, 28.414318],
            [-16.300836, 28.414332],
            [-16.300925, 28.414382],
            [-16.300967, 28.414395],
            [-16.301057, 28.41439],
            [-16.30111, 28.414387],
            [-16.301187, 28.414422],
            [-16.301227, 28.41442],
            [-16.301266, 28.414397],
            [-16.30129, 28.414367],
            [-16.3013, 28.414321],
            [-16.301321, 28.414279],
            [-16.301345, 28.414256],
            [-16.301351, 28.414226],
            [-16.301351, 28.414226],
            [-16.301355, 28.414208],
            [-16.301373, 28.414165],
            [-16.301404, 28.414123],
            [-16.301434, 28.414101],
            [-16.301473, 28.414094],
            [-16.301498, 28.4141],
            [-16.30151, 28.414127],
            [-16.301494, 28.414191],
            [-16.30149, 28.414206],
            [-16.301495, 28.414225],
            [-16.301523, 28.414227],
            [-16.301567, 28.414197],
            [-16.301603, 28.414161],
            [-16.301671, 28.414082],
            [-16.301692, 28.414067],
            [-16.301696, 28.414064],
            [-16.3017, 28.414064],
            [-16.301718, 28.414064],
            [-16.30175, 28.414062],
            [-16.301776, 28.414071],
            [-16.301786, 28.414087],
            [-16.301823, 28.414087],
            [-16.301841, 28.414078],
            [-16.301862, 28.41411],
            [-16.301868, 28.414167],
            [-16.301871, 28.414205],
            [-16.301877, 28.41422],
            [-16.30191, 28.414213],
            [-16.301947, 28.414178],
            [-16.301963, 28.414151],
            [-16.301971, 28.414137],
            [-16.301985, 28.414092],
            [-16.302007, 28.41405],
            [-16.302021, 28.414006],
            [-16.302031, 28.413987],
            [-16.302059, 28.413987],
            [-16.302143, 28.414074],
            [-16.302181, 28.414066],
            [-16.302265, 28.41401],
            [-16.302277, 28.414003],
            [-16.302336, 28.413968],
            [-16.302346, 28.413969],
            [-16.302357, 28.413963],
            [-16.302365, 28.413956],
            [-16.30237, 28.41395],
            [-16.302376, 28.413943],
            [-16.302378, 28.413936],
            [-16.302379, 28.413922],
            [-16.302381, 28.413905],
            [-16.302385, 28.413885],
            [-16.302387, 28.413867],
            [-16.302391, 28.413849],
            [-16.302396, 28.413807],
            [-16.302399, 28.413783],
            [-16.302399, 28.413771],
            [-16.3024, 28.413752],
            [-16.302402, 28.41372],
            [-16.302403, 28.413704],
            [-16.302405, 28.413694],
            [-16.302414, 28.413674],
            [-16.302416, 28.413662],
            [-16.302425, 28.413647],
            [-16.302442, 28.41362],
            [-16.302448, 28.413614],
            [-16.302456, 28.41361],
            [-16.302459, 28.413607],
            [-16.302462, 28.413609],
            [-16.302466, 28.413618],
            [-16.302474, 28.413631],
            [-16.302481, 28.413644],
            [-16.302484, 28.413666],
            [-16.302485, 28.413686],
            [-16.302486, 28.4137],
            [-16.302487, 28.413709],
            [-16.302495, 28.413712],
            [-16.302515, 28.413718],
            [-16.302617, 28.413688],
            [-16.302635, 28.413686],
            [-16.30269, 28.413681],
            [-16.302693, 28.413635],
            [-16.302707, 28.413596],
            [-16.302745, 28.41356],
            [-16.302789, 28.413506],
            [-16.302827, 28.413514],
            [-16.302871, 28.413548],
            [-16.302898, 28.413569],
            [-16.302918, 28.413573],
            [-16.302927, 28.413575],
            [-16.302966, 28.41356],
            [-16.302977, 28.41355],
            [-16.303002, 28.413524],
            [-16.303023, 28.413483],
            [-16.303043, 28.413438],
            [-16.303048, 28.41342],
            [-16.303069, 28.413345],
            [-16.303078, 28.41333],
            [-16.303097, 28.413336],
            [-16.303103, 28.413381],
            [-16.303105, 28.413475],
            [-16.303106, 28.413479],
            [-16.303113, 28.4135],
            [-16.303136, 28.413516],
            [-16.303143, 28.413516],
            [-16.30317, 28.413515],
            [-16.303178, 28.41351],
            [-16.303214, 28.413489],
            [-16.303227, 28.413477],
            [-16.303252, 28.41349],
            [-16.303262, 28.413513],
            [-16.303286, 28.413524],
            [-16.303336, 28.413512],
            [-16.303383, 28.413492],
            [-16.303434, 28.413475],
            [-16.303477, 28.413451],
            [-16.303519, 28.413435],
            [-16.303522, 28.413434],
            [-16.303543, 28.413415],
            [-16.303554, 28.413405],
            [-16.30359, 28.413325],
            [-16.303644, 28.413275],
            [-16.303644, 28.413227],
            [-16.30362, 28.413167],
            [-16.303668, 28.413158],
            [-16.30372, 28.413168],
            [-16.303771, 28.413183],
            [-16.303934, 28.413276],
            [-16.303965, 28.413276],
            [-16.304009, 28.413251],
            [-16.30405, 28.413211],
            [-16.30408, 28.413184],
            [-16.304082, 28.413181],
            [-16.304145, 28.413139],
            [-16.304186, 28.413146],
            [-16.304202, 28.413157],
            [-16.304209, 28.413151],
            [-16.30424, 28.413126],
            [-16.304275, 28.413091],
            [-16.304297, 28.413073],
            [-16.304321, 28.413074],
            [-16.304349, 28.413103],
            [-16.304359, 28.413135],
            [-16.304369, 28.413144],
            [-16.304385, 28.413158],
            [-16.304416, 28.413165],
            [-16.304464, 28.413147],
            [-16.304509, 28.413124],
            [-16.304552, 28.413093],
            [-16.304592, 28.413057],
            [-16.30463, 28.413018],
            [-16.304722, 28.412893],
            [-16.304728, 28.412886],
            [-16.304757, 28.412852],
            [-16.304778, 28.412835],
            [-16.304819, 28.412832],
            [-16.304825, 28.412835],
            [-16.304889, 28.412865],
            [-16.304908, 28.412862],
            [-16.304923, 28.41286],
            [-16.304946, 28.412839],
            [-16.304958, 28.412794],
            [-16.304957, 28.412786],
            [-16.304955, 28.412755],
            [-16.304929, 28.412714],
            [-16.304928, 28.41271],
            [-16.304921, 28.412692],
            [-16.304946, 28.41265],
            [-16.304973, 28.412628],
            [-16.304991, 28.412585],
            [-16.305001, 28.41254],
            [-16.305, 28.412493],
            [-16.304994, 28.412447],
            [-16.304987, 28.41243],
            [-16.304985, 28.412424],
            [-16.304991, 28.41241],
            [-16.304998, 28.412394],
            [-16.305027, 28.412374],
            [-16.305035, 28.412359],
            [-16.305025, 28.412348],
            [-16.30502, 28.412341],
            [-16.305022, 28.412314],
            [-16.305045, 28.412291],
            [-16.305052, 28.412284],
            [-16.3051, 28.412263],
            [-16.305152, 28.412249],
            [-16.305204, 28.412239],
            [-16.305291, 28.412241],
            [-16.305336, 28.412216],
            [-16.305376, 28.412183],
            [-16.305433, 28.412098],
            [-16.305451, 28.412055],
            [-16.305453, 28.41201],
            [-16.305448, 28.411964],
            [-16.305438, 28.411915],
            [-16.305424, 28.411868],
            [-16.30542, 28.411821],
            [-16.305423, 28.411778],
            [-16.305468, 28.411693],
            [-16.305502, 28.41166],
            [-16.30552, 28.411652],
            [-16.305512, 28.411611],
            [-16.305495, 28.411585],
            [-16.305495, 28.411569],
            [-16.305562, 28.411564],
            [-16.305586, 28.411562],
            [-16.305598, 28.411555],
            [-16.305623, 28.411541],
            [-16.305675, 28.411533],
            [-16.30569, 28.411526],
            [-16.305704, 28.41152],
            [-16.305721, 28.411512],
            [-16.305739, 28.411506],
            [-16.305755, 28.411501],
            [-16.305774, 28.411482],
            [-16.305773, 28.411436],
            [-16.305772, 28.411428],
            [-16.305768, 28.411407],
            [-16.30579, 28.411369],
            [-16.305812, 28.411352],
            [-16.305816, 28.411329],
            [-16.305817, 28.411324],
            [-16.305782, 28.411269],
            [-16.305788, 28.411262],
            [-16.30582, 28.411233],
            [-16.305815, 28.411216],
            [-16.305769, 28.411191],
            [-16.305729, 28.411161],
            [-16.305715, 28.411143],
            [-16.305699, 28.41112],
            [-16.305684, 28.411093],
            [-16.30569, 28.411063],
            [-16.305715, 28.41104],
            [-16.305754, 28.411028],
            [-16.30578, 28.411031],
            [-16.305812, 28.411067],
            [-16.305826, 28.411091],
            [-16.305845, 28.411099],
            [-16.305847, 28.411097],
            [-16.305909, 28.411037],
            [-16.305951, 28.410996],
            [-16.305977, 28.410967],
            [-16.305982, 28.410937],
            [-16.306, 28.410915],
            [-16.306045, 28.41086],
            [-16.306047, 28.410857],
            [-16.306065, 28.410818],
            [-16.306074, 28.410784],
            [-16.306077, 28.410773],
            [-16.306076, 28.410737],
            [-16.306074, 28.410732],
            [-16.306066, 28.410718],
            [-16.306088, 28.410687],
            [-16.306131, 28.410662],
            [-16.306169, 28.410631],
            [-16.306205, 28.410594],
            [-16.306228, 28.41055],
            [-16.30625, 28.41052],
            [-16.306252, 28.410517],
            [-16.306268, 28.410498],
            [-16.306292, 28.41047],
            [-16.306386, 28.410303],
            [-16.306406, 28.41026],
            [-16.30641, 28.41023],
            [-16.306426, 28.410211],
            [-16.30648, 28.410211],
            [-16.306515, 28.410222],
            [-16.306573, 28.410274],
            [-16.30661, 28.410278],
            [-16.306614, 28.410278],
            [-16.30665, 28.410265],
            [-16.306683, 28.410229],
            [-16.306686, 28.410227],
            [-16.306723, 28.410197],
            [-16.306788, 28.410152],
            [-16.306806, 28.41014],
            [-16.306834, 28.410127],
            [-16.30685, 28.410095],
            [-16.306849, 28.410071],
            [-16.306865, 28.410055],
            [-16.306883, 28.410038],
            [-16.306931, 28.410017],
            [-16.306932, 28.410016],
            [-16.306977, 28.410003],
            [-16.307016, 28.409972],
            [-16.30708, 28.409902],
            [-16.307084, 28.4099],
            [-16.307132, 28.409876],
            [-16.307174, 28.409855],
            [-16.307203, 28.409828],
            [-16.307254, 28.40981],
            [-16.307281, 28.409793],
            [-16.307311, 28.409774],
            [-16.307343, 28.40976],
            [-16.307376, 28.409761],
            [-16.307397, 28.409775],
            [-16.307417, 28.409772],
            [-16.307439, 28.40977],
            [-16.307482, 28.409744],
            [-16.307491, 28.409736],
            [-16.307534, 28.409802],
            [-16.30761, 28.40993],
            [-16.307669, 28.410015],
            [-16.307698, 28.410044],
            [-16.307759, 28.410089],
            [-16.307817, 28.410127],
            [-16.307874, 28.410158],
            [-16.307901, 28.410176],
            [-16.307929, 28.410198],
            [-16.307949, 28.410241],
            [-16.307976, 28.410301],
            [-16.308, 28.410373],
            [-16.308033, 28.410472],
            [-16.308065, 28.410567],
            [-16.308077, 28.410603],
            [-16.308111, 28.410679],
            [-16.308147, 28.410762],
            [-16.308195, 28.410852],
            [-16.308236, 28.410894],
            [-16.308268, 28.410921],
            [-16.308325, 28.410963],
            [-16.308369, 28.411008],
            [-16.308426, 28.411071],
            [-16.308478, 28.411142],
            [-16.308529, 28.41123],
            [-16.308555, 28.411273],
            [-16.308575, 28.41136],
            [-16.308588, 28.411396],
            [-16.308612, 28.411448],
            [-16.30864, 28.411486],
            [-16.308664, 28.411515],
            [-16.308693, 28.411542],
            [-16.308714, 28.411558],
            [-16.30874, 28.411575],
            [-16.308742, 28.411593],
            [-16.30874, 28.411616],
            [-16.308745, 28.41163],
            [-16.308791, 28.411778],
            [-16.308803, 28.411825],
            [-16.308833, 28.411884],
            [-16.308888, 28.411953],
            [-16.308927, 28.411998],
            [-16.308987, 28.412063],
            [-16.309052, 28.412125],
            [-16.309103, 28.412161],
            [-16.30924, 28.41218],
            [-16.309273, 28.412207],
            [-16.309319, 28.412251],
            [-16.309353, 28.412292],
            [-16.309389, 28.412354],
            [-16.309414, 28.412381],
            [-16.30948, 28.412392],
            [-16.309577, 28.412398],
            [-16.309641, 28.412413],
            [-16.30971, 28.412435],
            [-16.309826, 28.412479],
            [-16.309859, 28.41249],
            [-16.30992, 28.412498],
            [-16.309969, 28.412505],
            [-16.309994, 28.412511],
            [-16.310022, 28.412536],
            [-16.310054, 28.412558],
            [-16.31011, 28.412578],
            [-16.310172, 28.412604],
            [-16.310219, 28.412631],
            [-16.310306, 28.412727],
            [-16.310374, 28.412808],
            [-16.310468, 28.412868],
            [-16.310596, 28.412927],
            [-16.310664, 28.412954],
            [-16.310741, 28.412991],
            [-16.310796, 28.413025],
            [-16.310823, 28.413058],
            [-16.310869, 28.413114],
            [-16.310897, 28.413136],
            [-16.310959, 28.413147],
            [-16.311079, 28.413148],
            [-16.311128, 28.413152],
            [-16.311215, 28.413163],
            [-16.3113, 28.413173],
            [-16.311323, 28.413177],
            [-16.31136, 28.413191],
            [-16.31137, 28.413197],
            [-16.311386, 28.413213],
            [-16.311396, 28.413229],
            [-16.311406, 28.413251],
            [-16.311435, 28.413334],
            [-16.311451, 28.413397],
            [-16.311451, 28.413422],
            [-16.311451, 28.413519],
            [-16.311468, 28.413551],
            [-16.311495, 28.413568],
            [-16.311511, 28.413573],
            [-16.311525, 28.413579],
            [-16.311542, 28.413591],
            [-16.311569, 28.413617],
            [-16.311618, 28.41373],
            [-16.311652, 28.413802],
            [-16.311688, 28.413885],
            [-16.31174, 28.413992],
            [-16.311766, 28.414042],
            [-16.311798, 28.414093],
            [-16.311842, 28.414134],
            [-16.311907, 28.414183],
            [-16.311924, 28.414205],
            [-16.311935, 28.414228],
            [-16.311947, 28.414273],
            [-16.311943, 28.414327],
            [-16.311911, 28.414386],
            [-16.311899, 28.41442],
            [-16.311892, 28.414458],
            [-16.31189, 28.414487],
            [-16.311891, 28.414499],
            [-16.311897, 28.414537],
            [-16.311915, 28.414577],
            [-16.311998, 28.414633],
            [-16.312053, 28.414664]
          ]
        ]
      }
    },
    {
      "type": "Feature",
      "properties": {
        "id": "30",
        "name": "Taborno",
        "cityId": "santa-cruz-de-tenerife"
      },
      "geometry": {
        "type": "Polygon",
        "coordinates": [
          [
            [-16.274977, 28.569944],
            [-16.274967, 28.569974],
            [-16.274934, 28.570017],
            [-16.274852, 28.570108],
            [-16.274812, 28.570169],
            [-16.274771, 28.570233],
            [-16.274733, 28.570315],
            [-16.274715, 28.570333],
            [-16.274593, 28.570435],
            [-16.274538, 28.570495],
            [-16.274497, 28.570545],
            [-16.274469, 28.570613],
            [-16.274453, 28.57064],
            [-16.274456, 28.57071],
            [-16.27446, 28.57078],
            [-16.274467, 28.57082],
            [-16.274441, 28.570863],
            [-16.274404, 28.570904],
            [-16.274332, 28.570961],
            [-16.274297, 28.571011],
            [-16.274275, 28.571043],
            [-16.274211, 28.571084],
            [-16.274154, 28.571103],
            [-16.274118, 28.571117],
            [-16.274081, 28.57114],
            [-16.274056, 28.571167],
            [-16.274033, 28.571199],
            [-16.274022, 28.571242],
            [-16.274026, 28.571503],
            [-16.274083, 28.571586],
            [-16.274119, 28.571629],
            [-16.274148, 28.571669],
            [-16.274166, 28.571703],
            [-16.274196, 28.571741],
            [-16.274254, 28.571817],
            [-16.274355, 28.571967],
            [-16.274394, 28.572019],
            [-16.274465, 28.572145],
            [-16.274464, 28.572145],
            [-16.274438, 28.572157],
            [-16.274429, 28.572202],
            [-16.274457, 28.572257],
            [-16.274474, 28.572313],
            [-16.274477, 28.572369],
            [-16.274493, 28.572401],
            [-16.274531, 28.572443],
            [-16.274562, 28.572458],
            [-16.274635, 28.572513],
            [-16.274712, 28.572552],
            [-16.274759, 28.572616],
            [-16.27477, 28.572697],
            [-16.274752, 28.572768],
            [-16.274693, 28.572872],
            [-16.274666, 28.572913],
            [-16.274623, 28.572967],
            [-16.27455, 28.573034],
            [-16.274519, 28.573082],
            [-16.274502, 28.573137],
            [-16.274501, 28.573229],
            [-16.27448, 28.573328],
            [-16.274462, 28.573378],
            [-16.274442, 28.573419],
            [-16.274414, 28.573466],
            [-16.274378, 28.573495],
            [-16.274311, 28.5735],
            [-16.274253, 28.573488],
            [-16.274185, 28.573509],
            [-16.274082, 28.573569],
            [-16.274013, 28.573602],
            [-16.273951, 28.573643],
            [-16.273926, 28.573687],
            [-16.27392, 28.573705],
            [-16.273931, 28.573799],
            [-16.273912, 28.573876],
            [-16.273865, 28.573904],
            [-16.273797, 28.573882],
            [-16.273687, 28.573825],
            [-16.273632, 28.573805],
            [-16.273577, 28.573789],
            [-16.273494, 28.573787],
            [-16.273385, 28.573795],
            [-16.273231, 28.573817],
            [-16.27318, 28.573828],
            [-16.273056, 28.573868],
            [-16.272882, 28.573931],
            [-16.27275, 28.574016],
            [-16.272677, 28.574084],
            [-16.272619, 28.574175],
            [-16.272586, 28.574248],
            [-16.272578, 28.574259],
            [-16.272522, 28.57444],
            [-16.272493, 28.574517],
            [-16.272484, 28.574577],
            [-16.272486, 28.574621],
            [-16.272493, 28.574648],
            [-16.272528, 28.574713],
            [-16.272556, 28.574751],
            [-16.27261, 28.574798],
            [-16.272662, 28.574818],
            [-16.272702, 28.574858],
            [-16.272736, 28.574858],
            [-16.272798, 28.574876],
            [-16.272834, 28.57495],
            [-16.272848, 28.574963],
            [-16.272909, 28.575003],
            [-16.273004, 28.575122],
            [-16.27305, 28.575159],
            [-16.273079, 28.5752],
            [-16.273082, 28.575249],
            [-16.273059, 28.575282],
            [-16.273033, 28.575281],
            [-16.272963, 28.575272],
            [-16.272909, 28.575254],
            [-16.27282, 28.575248],
            [-16.27275, 28.575226],
            [-16.272686, 28.575243],
            [-16.272603, 28.575274],
            [-16.272444, 28.575269],
            [-16.272293, 28.575222],
            [-16.272226, 28.575197],
            [-16.272202, 28.575239],
            [-16.27219, 28.575296],
            [-16.272206, 28.575334],
            [-16.272273, 28.575349],
            [-16.272342, 28.575397],
            [-16.272416, 28.57549],
            [-16.272446, 28.575511],
            [-16.272482, 28.57547],
            [-16.272544, 28.57545],
            [-16.272702, 28.575433],
            [-16.272768, 28.575437],
            [-16.272835, 28.575465],
            [-16.272911, 28.575507],
            [-16.272954, 28.575564],
            [-16.272973, 28.575612],
            [-16.272939, 28.575675],
            [-16.272777, 28.575732],
            [-16.272751, 28.575744],
            [-16.27273, 28.57575],
            [-16.272653, 28.575754],
            [-16.27257, 28.575739],
            [-16.272516, 28.575691],
            [-16.272439, 28.57559],
            [-16.272399, 28.575587],
            [-16.272341, 28.57562],
            [-16.272302, 28.575658],
            [-16.272221, 28.575771],
            [-16.272201, 28.575836],
            [-16.272206, 28.575871],
            [-16.272241, 28.575891],
            [-16.272338, 28.575915],
            [-16.27239, 28.575922],
            [-16.27248, 28.575917],
            [-16.272654, 28.575913],
            [-16.272715, 28.575917],
            [-16.272791, 28.57593],
            [-16.27284, 28.575958],
            [-16.272856, 28.575985],
            [-16.272865, 28.576033],
            [-16.272834, 28.576057],
            [-16.272746, 28.576043],
            [-16.272454, 28.576045],
            [-16.272356, 28.576042],
            [-16.272222, 28.576046],
            [-16.272172, 28.576082],
            [-16.272139, 28.576141],
            [-16.272127, 28.576194],
            [-16.272129, 28.576202],
            [-16.272161, 28.576234],
            [-16.272237, 28.576227],
            [-16.27264, 28.576216],
            [-16.2727, 28.576216],
            [-16.272781, 28.576228],
            [-16.272826, 28.576277],
            [-16.272864, 28.576343],
            [-16.272848, 28.576449],
            [-16.272849, 28.576458],
            [-16.272914, 28.576491],
            [-16.27297, 28.576543],
            [-16.273013, 28.576576],
            [-16.273045, 28.576576],
            [-16.273096, 28.576591],
            [-16.273087, 28.57671],
            [-16.273087, 28.576726],
            [-16.27314, 28.57675],
            [-16.2733, 28.576752],
            [-16.273364, 28.576769],
            [-16.273411, 28.576806],
            [-16.273305, 28.576944],
            [-16.273279, 28.576972],
            [-16.27326, 28.577001],
            [-16.273263, 28.577008],
            [-16.273299, 28.57704],
            [-16.273355, 28.57707],
            [-16.273395, 28.57712],
            [-16.273501, 28.577164],
            [-16.273561, 28.577193],
            [-16.273626, 28.577263],
            [-16.273632, 28.57727],
            [-16.273652, 28.577341],
            [-16.273715, 28.577449],
            [-16.273747, 28.577525],
            [-16.273737, 28.577618],
            [-16.27373, 28.577644],
            [-16.273659, 28.577697],
            [-16.273595, 28.577807],
            [-16.2735, 28.577843],
            [-16.273415, 28.577892],
            [-16.273282, 28.577925],
            [-16.273209, 28.57796],
            [-16.273131, 28.57796],
            [-16.27303, 28.577951],
            [-16.272917, 28.577959],
            [-16.272845, 28.578],
            [-16.272781, 28.578047],
            [-16.272713, 28.578067],
            [-16.272641, 28.57806],
            [-16.272546, 28.578058],
            [-16.272473, 28.578048],
            [-16.272459, 28.578047],
            [-16.272452, 28.578048],
            [-16.272391, 28.578007],
            [-16.272228, 28.577832],
            [-16.272198, 28.577877],
            [-16.272164, 28.577939],
            [-16.272086, 28.577925],
            [-16.272015, 28.577818],
            [-16.271993, 28.577791],
            [-16.27177, 28.577679],
            [-16.271699, 28.577627],
            [-16.271631, 28.57759],
            [-16.271551, 28.577575],
            [-16.271406, 28.577479],
            [-16.271378, 28.577418],
            [-16.271331, 28.57735],
            [-16.271284, 28.577357],
            [-16.27128, 28.577384],
            [-16.271259, 28.577403],
            [-16.271216, 28.577343],
            [-16.271211, 28.577272],
            [-16.271262, 28.577253],
            [-16.271344, 28.577263],
            [-16.271465, 28.577286],
            [-16.271478, 28.577252],
            [-16.271437, 28.577214],
            [-16.271374, 28.577194],
            [-16.271221, 28.577128],
            [-16.271157, 28.577108],
            [-16.271036, 28.57708],
            [-16.270963, 28.577053],
            [-16.270788, 28.57701],
            [-16.270683, 28.576988],
            [-16.270581, 28.576954],
            [-16.270485, 28.576909],
            [-16.270402, 28.57686],
            [-16.270325, 28.576807],
            [-16.270275, 28.576742],
            [-16.270277, 28.576668],
            [-16.270314, 28.576592],
            [-16.270381, 28.576536],
            [-16.270534, 28.576486],
            [-16.270593, 28.576447],
            [-16.27059, 28.57641],
            [-16.270475, 28.576382],
            [-16.270359, 28.576359],
            [-16.27025, 28.576324],
            [-16.270209, 28.576251],
            [-16.270143, 28.57627],
            [-16.270065, 28.57623],
            [-16.270109, 28.57616],
            [-16.270166, 28.576089],
            [-16.27015, 28.576011],
            [-16.269957, 28.575854],
            [-16.269904, 28.575824],
            [-16.269807, 28.575758],
            [-16.269715, 28.575672],
            [-16.269654, 28.575624],
            [-16.269506, 28.57548],
            [-16.269437, 28.575423],
            [-16.269346, 28.575398],
            [-16.269346, 28.575393],
            [-16.269257, 28.575344],
            [-16.269142, 28.575297],
            [-16.268868, 28.575151],
            [-16.268753, 28.575063],
            [-16.268698, 28.575027],
            [-16.268592, 28.574952],
            [-16.268433, 28.574827],
            [-16.26834, 28.574773],
            [-16.268259, 28.574734],
            [-16.268178, 28.574688],
            [-16.268079, 28.574595],
            [-16.268018, 28.57453],
            [-16.267984, 28.57449],
            [-16.267938, 28.574423],
            [-16.267886, 28.574364],
            [-16.267859, 28.574334],
            [-16.267778, 28.574259],
            [-16.267747, 28.574236],
            [-16.267683, 28.574177],
            [-16.267577, 28.574114],
            [-16.267436, 28.574055],
            [-16.267374, 28.574038],
            [-16.26726, 28.574044],
            [-16.267075, 28.573947],
            [-16.267002, 28.573879],
            [-16.266964, 28.573848],
            [-16.266908, 28.573843],
            [-16.266822, 28.573898],
            [-16.266772, 28.573965],
            [-16.266727, 28.57402],
            [-16.2667, 28.574037],
            [-16.266595, 28.574042],
            [-16.266502, 28.573988],
            [-16.26641, 28.574028],
            [-16.266345, 28.574013],
            [-16.266277, 28.573833],
            [-16.266267, 28.573785],
            [-16.26621, 28.573732],
            [-16.266125, 28.573717],
            [-16.265971, 28.573751],
            [-16.265912, 28.573773],
            [-16.265825, 28.573827],
            [-16.265688, 28.573948],
            [-16.265628, 28.573996],
            [-16.265603, 28.57403],
            [-16.265522, 28.574051],
            [-16.265541, 28.573978],
            [-16.265478, 28.573958],
            [-16.265305, 28.57396],
            [-16.265031, 28.573971],
            [-16.264934, 28.573946],
            [-16.264751, 28.57391],
            [-16.264626, 28.573871],
            [-16.264574, 28.573852],
            [-16.264606, 28.573804],
            [-16.264646, 28.573738],
            [-16.264705, 28.57366],
            [-16.264732, 28.573632],
            [-16.264759, 28.573572],
            [-16.264787, 28.573481],
            [-16.264783, 28.573419],
            [-16.26477, 28.573385],
            [-16.264721, 28.57335],
            [-16.264675, 28.573342],
            [-16.264625, 28.573295],
            [-16.264581, 28.573241],
            [-16.264554, 28.573193],
            [-16.264513, 28.57315],
            [-16.264488, 28.573133],
            [-16.264404, 28.57312],
            [-16.264292, 28.573141],
            [-16.26422, 28.573145],
            [-16.264047, 28.573179],
            [-16.264021, 28.573156],
            [-16.264052, 28.573089],
            [-16.264078, 28.573014],
            [-16.264074, 28.572967],
            [-16.264021, 28.572934],
            [-16.264009, 28.572931],
            [-16.263774, 28.572915],
            [-16.263654, 28.572914],
            [-16.263571, 28.572927],
            [-16.263513, 28.572988],
            [-16.263448, 28.573072],
            [-16.263376, 28.573177],
            [-16.263284, 28.573256],
            [-16.263225, 28.5733],
            [-16.263192, 28.573312],
            [-16.263097, 28.573282],
            [-16.263002, 28.573257],
            [-16.26291, 28.573227],
            [-16.262824, 28.573212],
            [-16.26274, 28.573223],
            [-16.262725, 28.573229],
            [-16.262649, 28.573273],
            [-16.262596, 28.573341],
            [-16.262586, 28.573424],
            [-16.262557, 28.573491],
            [-16.262479, 28.573553],
            [-16.262386, 28.573575],
            [-16.262347, 28.573574],
            [-16.262282, 28.573615],
            [-16.262216, 28.573595],
            [-16.262226, 28.573516],
            [-16.262147, 28.573364],
            [-16.262101, 28.573298],
            [-16.262041, 28.573273],
            [-16.261948, 28.573228],
            [-16.261847, 28.573209],
            [-16.261779, 28.573206],
            [-16.261707, 28.573196],
            [-16.261666, 28.573158],
            [-16.261607, 28.573147],
            [-16.26159, 28.573197],
            [-16.261631, 28.573293],
            [-16.261648, 28.573365],
            [-16.261593, 28.573396],
            [-16.26152, 28.573373],
            [-16.261503, 28.573361],
            [-16.261493, 28.57336],
            [-16.261408, 28.573283],
            [-16.261358, 28.573204],
            [-16.261309, 28.573119],
            [-16.261265, 28.573052],
            [-16.261209, 28.572991],
            [-16.2612, 28.572925],
            [-16.261199, 28.572884],
            [-16.261172, 28.57284],
            [-16.2611, 28.572742],
            [-16.261056, 28.572674],
            [-16.260989, 28.572628],
            [-16.260946, 28.572562],
            [-16.260912, 28.572502],
            [-16.260906, 28.572435],
            [-16.260891, 28.572361],
            [-16.260875, 28.572328],
            [-16.260852, 28.572309],
            [-16.260806, 28.57224],
            [-16.260748, 28.572182],
            [-16.260661, 28.57214],
            [-16.260413, 28.57214],
            [-16.260292, 28.572125],
            [-16.260171, 28.572098],
            [-16.260067, 28.572055],
            [-16.259945, 28.572013],
            [-16.259872, 28.57201],
            [-16.259802, 28.572043],
            [-16.259781, 28.57205],
            [-16.259683, 28.572055],
            [-16.259614, 28.571974],
            [-16.259603, 28.571893],
            [-16.259686, 28.571862],
            [-16.259808, 28.57186],
            [-16.259885, 28.57184],
            [-16.259844, 28.571811],
            [-16.259828, 28.571799],
            [-16.259746, 28.571756],
            [-16.259691, 28.571736],
            [-16.259647, 28.571757],
            [-16.259596, 28.571733],
            [-16.259563, 28.57157],
            [-16.259432, 28.571438],
            [-16.259255, 28.571276],
            [-16.2592, 28.571271],
            [-16.258946, 28.571278],
            [-16.258856, 28.571237],
            [-16.258801, 28.571156],
            [-16.258743, 28.571095],
            [-16.258636, 28.571081],
            [-16.258594, 28.571063],
            [-16.258566, 28.570998],
            [-16.258552, 28.570956],
            [-16.258495, 28.570923],
            [-16.258385, 28.570909],
            [-16.258342, 28.570866],
            [-16.258331, 28.570792],
            [-16.258363, 28.570691],
            [-16.25841, 28.570635],
            [-16.258467, 28.570601],
            [-16.258467, 28.57053],
            [-16.258455, 28.57047],
            [-16.258448, 28.570408],
            [-16.258028, 28.570416],
            [-16.257955, 28.570399],
            [-16.257764, 28.570314],
            [-16.257745, 28.570246],
            [-16.257838, 28.570193],
            [-16.257969, 28.57018],
            [-16.258082, 28.570172],
            [-16.258181, 28.570136],
            [-16.258278, 28.570037],
            [-16.258301, 28.57],
            [-16.258227, 28.569933],
            [-16.258084, 28.569821],
            [-16.257997, 28.569787],
            [-16.257888, 28.569782],
            [-16.257763, 28.569771],
            [-16.257411, 28.569784],
            [-16.257332, 28.569747],
            [-16.257301, 28.569659],
            [-16.257208, 28.569576],
            [-16.257192, 28.56957],
            [-16.257094, 28.569398],
            [-16.257023, 28.569338],
            [-16.256933, 28.569379],
            [-16.256814, 28.569418],
            [-16.256729, 28.569412],
            [-16.256727, 28.569414],
            [-16.256664, 28.569417],
            [-16.256518, 28.569408],
            [-16.2564, 28.569437],
            [-16.256323, 28.569494],
            [-16.256277, 28.569578],
            [-16.256211, 28.569684],
            [-16.25613, 28.569733],
            [-16.256017, 28.569715],
            [-16.255912, 28.569694],
            [-16.255792, 28.569736],
            [-16.25571, 28.569746],
            [-16.255699, 28.569749],
            [-16.255603, 28.569793],
            [-16.255602, 28.569871],
            [-16.255622, 28.569922],
            [-16.255713, 28.569937],
            [-16.255804, 28.569966],
            [-16.255859, 28.570006],
            [-16.255802, 28.570073],
            [-16.255715, 28.57016],
            [-16.255637, 28.570197],
            [-16.25562, 28.570248],
            [-16.255621, 28.570327],
            [-16.255605, 28.570404],
            [-16.255557, 28.570461],
            [-16.255502, 28.570511],
            [-16.255345, 28.57064],
            [-16.255246, 28.570685],
            [-16.255119, 28.570715],
            [-16.255073, 28.570715],
            [-16.254859, 28.570663],
            [-16.254801, 28.570624],
            [-16.254794, 28.570563],
            [-16.254793, 28.570522],
            [-16.254778, 28.570485],
            [-16.254689, 28.570435],
            [-16.254588, 28.57037],
            [-16.254547, 28.570329],
            [-16.254499, 28.570281],
            [-16.254476, 28.570246],
            [-16.254418, 28.57019],
            [-16.254345, 28.570105],
            [-16.254276, 28.570034],
            [-16.254243, 28.569957],
            [-16.254199, 28.569872],
            [-16.254185, 28.569862],
            [-16.254115, 28.569866],
            [-16.254042, 28.569896],
            [-16.253991, 28.569973],
            [-16.25393, 28.570021],
            [-16.253897, 28.570041],
            [-16.25385, 28.570078],
            [-16.253733, 28.570145],
            [-16.253622, 28.570193],
            [-16.253547, 28.570231],
            [-16.253461, 28.570283],
            [-16.253366, 28.570349],
            [-16.253253, 28.570406],
            [-16.253165, 28.570446],
            [-16.253069, 28.57051],
            [-16.25293, 28.570569],
            [-16.252749, 28.570625],
            [-16.252682, 28.570432],
            [-16.252542, 28.570343],
            [-16.252569, 28.570077],
            [-16.252591, 28.569936],
            [-16.252645, 28.569713],
            [-16.252726, 28.569378],
            [-16.252853, 28.56897],
            [-16.252881, 28.568786],
            [-16.252932, 28.568458],
            [-16.252916, 28.567963],
            [-16.252909, 28.567497],
            [-16.252922, 28.567161],
            [-16.252931, 28.566921],
            [-16.252963, 28.56674],
            [-16.253046, 28.566604],
            [-16.253233, 28.566541],
            [-16.253317, 28.566419],
            [-16.253331, 28.566335],
            [-16.253349, 28.566224],
            [-16.253089, 28.565909],
            [-16.253054, 28.565789],
            [-16.25315, 28.565698],
            [-16.253273, 28.565578],
            [-16.253487, 28.565503],
            [-16.25368, 28.565391],
            [-16.253689, 28.565244],
            [-16.253695, 28.565152],
            [-16.253591, 28.565017],
            [-16.253334, 28.564959],
            [-16.253027, 28.564989],
            [-16.252738, 28.565025],
            [-16.252506, 28.564995],
            [-16.252264, 28.564934],
            [-16.251986, 28.564792],
            [-16.251881, 28.564701],
            [-16.251772, 28.564535],
            [-16.251655, 28.56434],
            [-16.251653, 28.564191],
            [-16.251754, 28.564084],
            [-16.252043, 28.563991],
            [-16.252243, 28.563997],
            [-16.25247, 28.564003],
            [-16.25271, 28.564091],
            [-16.252967, 28.56406],
            [-16.253202, 28.56392],
            [-16.253309, 28.563767],
            [-16.253404, 28.563631],
            [-16.253437, 28.563527],
            [-16.253555, 28.56342],
            [-16.253587, 28.563253],
            [-16.253381, 28.563135],
            [-16.252971, 28.563123],
            [-16.252734, 28.562943],
            [-16.252197, 28.562605],
            [-16.251493, 28.562173],
            [-16.251388, 28.561949],
            [-16.251426, 28.561873],
            [-16.251471, 28.561783],
            [-16.251575, 28.561749],
            [-16.25176, 28.561688],
            [-16.251891, 28.561704],
            [-16.251999, 28.561717],
            [-16.252168, 28.561811],
            [-16.252291, 28.561879],
            [-16.252479, 28.561864],
            [-16.252591, 28.56178],
            [-16.252782, 28.561543],
            [-16.252848, 28.561333],
            [-16.252858, 28.561213],
            [-16.252878, 28.560985],
            [-16.252791, 28.560917],
            [-16.252635, 28.560795],
            [-16.252472, 28.560736],
            [-16.252345, 28.56069],
            [-16.252288, 28.560591],
            [-16.252223, 28.560479],
            [-16.252238, 28.56033],
            [-16.252302, 28.560258],
            [-16.252373, 28.560177],
            [-16.252753, 28.560174],
            [-16.253158, 28.56017],
            [-16.25329, 28.560091],
            [-16.253463, 28.559987],
            [-16.253553, 28.559859],
            [-16.253698, 28.559653],
            [-16.253714, 28.559506],
            [-16.253728, 28.559366],
            [-16.25359, 28.559216],
            [-16.253452, 28.559144],
            [-16.253281, 28.559054],
            [-16.253279, 28.558858],
            [-16.253322, 28.558695],
            [-16.253409, 28.55836],
            [-16.253305, 28.558165],
            [-16.253173, 28.558033],
            [-16.252953, 28.557884],
            [-16.252772, 28.557793],
            [-16.252599, 28.55763],
            [-16.252579, 28.557434],
            [-16.252662, 28.557208],
            [-16.252694, 28.556982],
            [-16.252794, 28.556769],
            [-16.252928, 28.556632],
            [-16.253227, 28.55652],
            [-16.253445, 28.556455],
            [-16.253625, 28.556416],
            [-16.254116, 28.556425],
            [-16.25486, 28.55643],
            [-16.255576, 28.556409],
            [-16.255941, 28.556398],
            [-16.256272, 28.55641],
            [-16.256355, 28.55642],
            [-16.256676, 28.556525],
            [-16.256937, 28.556611],
            [-16.257227, 28.556616],
            [-16.257467, 28.556619],
            [-16.257756, 28.556572],
            [-16.258405, 28.556374],
            [-16.258776, 28.556262],
            [-16.259029, 28.556048],
            [-16.259111, 28.555875],
            [-16.259314, 28.555578],
            [-16.259532, 28.555292],
            [-16.259604, 28.555117],
            [-16.259681, 28.554927],
            [-16.259755, 28.554656],
            [-16.259926, 28.554022],
            [-16.260019, 28.55383],
            [-16.26016, 28.553537],
            [-16.260157, 28.553184],
            [-16.260081, 28.552694],
            [-16.260128, 28.55243],
            [-16.260181, 28.552218],
            [-16.26024, 28.552026],
            [-16.260309, 28.551803],
            [-16.26033, 28.551697],
            [-16.26039, 28.551396],
            [-16.260447, 28.55131],
            [-16.260591, 28.551094],
            [-16.26076, 28.550924],
            [-16.261025, 28.550697],
            [-16.261148, 28.550606],
            [-16.261265, 28.550379],
            [-16.261294, 28.550205],
            [-16.261364, 28.549951],
            [-16.261478, 28.549639],
            [-16.261646, 28.549426],
            [-16.261865, 28.549339],
            [-16.262036, 28.549271],
            [-16.262479, 28.549142],
            [-16.262769, 28.549024],
            [-16.262971, 28.548933],
            [-16.263288, 28.548723],
            [-16.263479, 28.548596],
            [-16.263669, 28.548434],
            [-16.263875, 28.548259],
            [-16.264053, 28.548108],
            [-16.264302, 28.547816],
            [-16.264655, 28.547402],
            [-16.264951, 28.547086],
            [-16.265226, 28.5468],
            [-16.265465, 28.546552],
            [-16.265733, 28.546274],
            [-16.265838, 28.546165],
            [-16.265938, 28.545952],
            [-16.265935, 28.545782],
            [-16.265934, 28.545665],
            [-16.265618, 28.544984],
            [-16.265409, 28.544542],
            [-16.265406, 28.54433],
            [-16.265472, 28.544074],
            [-16.265558, 28.54398],
            [-16.26564, 28.54389],
            [-16.265835, 28.543764],
            [-16.266122, 28.543613],
            [-16.266531, 28.543427],
            [-16.266962, 28.543233],
            [-16.267145, 28.54315],
            [-16.267291, 28.543125],
            [-16.267288, 28.543177],
            [-16.267265, 28.543297],
            [-16.267247, 28.543336],
            [-16.267238, 28.543363],
            [-16.267238, 28.543381],
            [-16.267247, 28.543467],
            [-16.26725, 28.543579],
            [-16.267267, 28.543604],
            [-16.267298, 28.543723],
            [-16.267325, 28.54387],
            [-16.267328, 28.543913],
            [-16.267323, 28.543955],
            [-16.267348, 28.544043],
            [-16.267397, 28.544135],
            [-16.267419, 28.544142],
            [-16.267472, 28.544184],
            [-16.267692, 28.544257],
            [-16.267791, 28.54428],
            [-16.267822, 28.544296],
            [-16.267839, 28.544312],
            [-16.267896, 28.544392],
            [-16.267959, 28.5445],
            [-16.267988, 28.544588],
            [-16.268007, 28.544649],
            [-16.268059, 28.544709],
            [-16.26813, 28.544774],
            [-16.268257, 28.544865],
            [-16.268341, 28.544932],
            [-16.268435, 28.545037],
            [-16.268517, 28.545115],
            [-16.268641, 28.54527],
            [-16.268767, 28.545386],
            [-16.268785, 28.545408],
            [-16.268812, 28.545469],
            [-16.268861, 28.545523],
            [-16.268879, 28.545559],
            [-16.268908, 28.545701],
            [-16.268925, 28.545827],
            [-16.269, 28.545989],
            [-16.269003, 28.546126],
            [-16.268982, 28.546433],
            [-16.268994, 28.54648],
            [-16.269018, 28.546548],
            [-16.269048, 28.546606],
            [-16.269069, 28.54664],
            [-16.269141, 28.546716],
            [-16.269201, 28.546763],
            [-16.269416, 28.546871],
            [-16.269464, 28.546893],
            [-16.269525, 28.546958],
            [-16.269569, 28.547032],
            [-16.269605, 28.547102],
            [-16.26963, 28.547149],
            [-16.269737, 28.547275],
            [-16.26979, 28.547351],
            [-16.269801, 28.547364],
            [-16.269808, 28.547384],
            [-16.269812, 28.547409],
            [-16.269809, 28.547436],
            [-16.269792, 28.547511],
            [-16.269758, 28.547595],
            [-16.269702, 28.547692],
            [-16.269619, 28.547822],
            [-16.269594, 28.547894],
            [-16.269577, 28.547969],
            [-16.269589, 28.548027],
            [-16.269594, 28.548061],
            [-16.26961, 28.54809],
            [-16.269643, 28.548137],
            [-16.269725, 28.548202],
            [-16.269813, 28.548282],
            [-16.269892, 28.548349],
            [-16.269962, 28.548441],
            [-16.270057, 28.548578],
            [-16.270122, 28.548688],
            [-16.270214, 28.548849],
            [-16.27027, 28.548921],
            [-16.270319, 28.54897],
            [-16.270393, 28.549044],
            [-16.270504, 28.549138],
            [-16.270553, 28.549178],
            [-16.270671, 28.549292],
            [-16.270708, 28.549334],
            [-16.270777, 28.549431],
            [-16.270834, 28.54953],
            [-16.270848, 28.549554],
            [-16.270863, 28.549593],
            [-16.27087, 28.549635],
            [-16.270863, 28.549681],
            [-16.270836, 28.549746],
            [-16.270804, 28.549787],
            [-16.270777, 28.549805],
            [-16.270702, 28.549831],
            [-16.270655, 28.549856],
            [-16.270548, 28.549916],
            [-16.270491, 28.549957],
            [-16.270459, 28.549989],
            [-16.270445, 28.550016],
            [-16.270427, 28.550068],
            [-16.270423, 28.550098],
            [-16.270418, 28.550127],
            [-16.270417, 28.550161],
            [-16.270426, 28.550201],
            [-16.270537, 28.550349],
            [-16.270517, 28.550519],
            [-16.270509, 28.55058],
            [-16.27054, 28.550719],
            [-16.27057, 28.550852],
            [-16.270589, 28.55096],
            [-16.270616, 28.551077],
            [-16.270636, 28.551127],
            [-16.270655, 28.551154],
            [-16.270726, 28.551216],
            [-16.270772, 28.55125],
            [-16.270851, 28.551283],
            [-16.270909, 28.551307],
            [-16.271008, 28.551333],
            [-16.271093, 28.551364],
            [-16.271171, 28.551406],
            [-16.271221, 28.551448],
            [-16.27128, 28.5515],
            [-16.271305, 28.551527],
            [-16.271272, 28.551595],
            [-16.271271, 28.551608],
            [-16.271245, 28.551701],
            [-16.271212, 28.551866],
            [-16.271193, 28.551986],
            [-16.271194, 28.552096],
            [-16.271206, 28.552166],
            [-16.271216, 28.552247],
            [-16.271226, 28.552317],
            [-16.271226, 28.55236],
            [-16.271197, 28.552489],
            [-16.271182, 28.552559],
            [-16.271173, 28.552609],
            [-16.271178, 28.552715],
            [-16.271188, 28.552827],
            [-16.271195, 28.552893],
            [-16.271216, 28.552951],
            [-16.271254, 28.553023],
            [-16.271278, 28.553106],
            [-16.271282, 28.553181],
            [-16.27126, 28.553255],
            [-16.271217, 28.55329],
            [-16.271098, 28.553336],
            [-16.270998, 28.553364],
            [-16.270868, 28.553374],
            [-16.270824, 28.553368],
            [-16.270714, 28.55333],
            [-16.270698, 28.553317],
            [-16.270575, 28.553196],
            [-16.270508, 28.553129],
            [-16.270452, 28.553103],
            [-16.270403, 28.553078],
            [-16.270328, 28.553077],
            [-16.270247, 28.553098],
            [-16.270157, 28.553126],
            [-16.270025, 28.553183],
            [-16.269943, 28.553243],
            [-16.269936, 28.553403],
            [-16.269919, 28.553548],
            [-16.269902, 28.553613],
            [-16.269857, 28.55369],
            [-16.269812, 28.553844],
            [-16.269796, 28.553982],
            [-16.269787, 28.554239],
            [-16.269795, 28.554379],
            [-16.269784, 28.55442],
            [-16.269747, 28.554504],
            [-16.269713, 28.554588],
            [-16.269699, 28.554635],
            [-16.269666, 28.554676],
            [-16.26958, 28.554778],
            [-16.269551, 28.554828],
            [-16.269486, 28.554933],
            [-16.269487, 28.555012],
            [-16.269538, 28.555144],
            [-16.269544, 28.555196],
            [-16.269539, 28.555239],
            [-16.269499, 28.555294],
            [-16.269419, 28.555348],
            [-16.269344, 28.55539],
            [-16.269255, 28.555415],
            [-16.269193, 28.555427],
            [-16.269156, 28.555443],
            [-16.269146, 28.5555],
            [-16.26917, 28.555563],
            [-16.26922, 28.555626],
            [-16.269296, 28.555706],
            [-16.269372, 28.555755],
            [-16.269524, 28.555819],
            [-16.269631, 28.555852],
            [-16.269704, 28.55586],
            [-16.269869, 28.555845],
            [-16.269993, 28.555817],
            [-16.270051, 28.555762],
            [-16.27008, 28.555735],
            [-16.27021, 28.555738],
            [-16.270392, 28.555754],
            [-16.270546, 28.555776],
            [-16.270596, 28.5558],
            [-16.270648, 28.555833],
            [-16.270655, 28.55586],
            [-16.270674, 28.555935],
            [-16.270692, 28.556045],
            [-16.270684, 28.556129],
            [-16.270676, 28.556162],
            [-16.270639, 28.556201],
            [-16.270599, 28.556249],
            [-16.270506, 28.556311],
            [-16.270426, 28.556388],
            [-16.270356, 28.556481],
            [-16.27036, 28.556644],
            [-16.270363, 28.556757],
            [-16.27035, 28.556829],
            [-16.270302, 28.556933],
            [-16.270271, 28.557037],
            [-16.270275, 28.557085],
            [-16.270296, 28.557111],
            [-16.270382, 28.55712],
            [-16.270428, 28.557108],
            [-16.270562, 28.557062],
            [-16.270701, 28.557024],
            [-16.270771, 28.557019],
            [-16.270869, 28.557034],
            [-16.270904, 28.557052],
            [-16.270969, 28.557153],
            [-16.271076, 28.557316],
            [-16.27112, 28.557417],
            [-16.271148, 28.55755],
            [-16.271151, 28.557636],
            [-16.271128, 28.557675],
            [-16.271035, 28.557748],
            [-16.27091, 28.557778],
            [-16.270854, 28.557792],
            [-16.27074, 28.557852],
            [-16.270628, 28.557882],
            [-16.27056, 28.557899],
            [-16.270448, 28.557888],
            [-16.270339, 28.557878],
            [-16.270296, 28.557874],
            [-16.270225, 28.557909],
            [-16.270202, 28.558026],
            [-16.270238, 28.558103],
            [-16.270294, 28.558199],
            [-16.27057, 28.558526],
            [-16.270644, 28.558586],
            [-16.27074, 28.558644],
            [-16.270825, 28.558677],
            [-16.270875, 28.558683],
            [-16.270889, 28.558682],
            [-16.270911, 28.558681],
            [-16.270969, 28.558678],
            [-16.271119, 28.558654],
            [-16.271261, 28.558621],
            [-16.271436, 28.558601],
            [-16.271531, 28.558596],
            [-16.271614, 28.5586],
            [-16.271695, 28.558617],
            [-16.271741, 28.558634],
            [-16.271779, 28.558654],
            [-16.271791, 28.558677],
            [-16.271819, 28.558862],
            [-16.271816, 28.558923],
            [-16.271787, 28.558972],
            [-16.271781, 28.55902],
            [-16.271772, 28.559076],
            [-16.271767, 28.559106],
            [-16.271768, 28.559153],
            [-16.27176, 28.55921],
            [-16.2717, 28.559287],
            [-16.27159, 28.559362],
            [-16.271442, 28.559445],
            [-16.271381, 28.559486],
            [-16.271334, 28.559525],
            [-16.271312, 28.559582],
            [-16.271317, 28.559615],
            [-16.271342, 28.559687],
            [-16.271379, 28.55975],
            [-16.271392, 28.559766],
            [-16.271426, 28.559793],
            [-16.271518, 28.559841],
            [-16.271691, 28.559883],
            [-16.271786, 28.5599],
            [-16.27181, 28.5599],
            [-16.271848, 28.559904],
            [-16.271902, 28.559897],
            [-16.271967, 28.559855],
            [-16.272085, 28.559791],
            [-16.272166, 28.559774],
            [-16.272255, 28.559767],
            [-16.272308, 28.559762],
            [-16.272448, 28.559803],
            [-16.272507, 28.559834],
            [-16.272533, 28.559852],
            [-16.272576, 28.559883],
            [-16.272652, 28.559971],
            [-16.272785, 28.560123],
            [-16.272894, 28.560248],
            [-16.27301, 28.560385],
            [-16.273125, 28.560487],
            [-16.273184, 28.560537],
            [-16.273245, 28.560642],
            [-16.273332, 28.560851],
            [-16.273347, 28.560901],
            [-16.273357, 28.560997],
            [-16.273358, 28.56107],
            [-16.273341, 28.561119],
            [-16.273295, 28.561149],
            [-16.273193, 28.561173],
            [-16.273093, 28.56118],
            [-16.272913, 28.561187],
            [-16.272747, 28.561209],
            [-16.272614, 28.56123],
            [-16.272521, 28.561258],
            [-16.272464, 28.561288],
            [-16.272452, 28.561299],
            [-16.272439, 28.561338],
            [-16.272443, 28.561347],
            [-16.272502, 28.561506],
            [-16.272539, 28.561687],
            [-16.272539, 28.561725],
            [-16.272521, 28.561815],
            [-16.272493, 28.561919],
            [-16.272483, 28.56196],
            [-16.272467, 28.562001],
            [-16.272445, 28.562039],
            [-16.272265, 28.562122],
            [-16.272136, 28.562198],
            [-16.272009, 28.562251],
            [-16.27193, 28.562268],
            [-16.271816, 28.56226],
            [-16.271786, 28.562258],
            [-16.271685, 28.562241],
            [-16.271627, 28.562252],
            [-16.271589, 28.562266],
            [-16.271558, 28.562294],
            [-16.271535, 28.562326],
            [-16.271495, 28.562396],
            [-16.271478, 28.562443],
            [-16.271476, 28.562486],
            [-16.271492, 28.562518],
            [-16.27153, 28.562562],
            [-16.271681, 28.56269],
            [-16.271737, 28.562746],
            [-16.271773, 28.562793],
            [-16.271814, 28.562873],
            [-16.271871, 28.563058],
            [-16.271922, 28.563222],
            [-16.272017, 28.563291],
            [-16.272093, 28.563347],
            [-16.272136, 28.563362],
            [-16.272236, 28.563361],
            [-16.272308, 28.563325],
            [-16.27237, 28.563299],
            [-16.272437, 28.563271],
            [-16.272526, 28.563268],
            [-16.27262, 28.563288],
            [-16.272702, 28.563341],
            [-16.272782, 28.563408],
            [-16.272867, 28.563468],
            [-16.272927, 28.56352],
            [-16.273008, 28.563566],
            [-16.273044, 28.563564],
            [-16.273073, 28.563548],
            [-16.273084, 28.563532],
            [-16.273092, 28.563505],
            [-16.273114, 28.563441],
            [-16.273152, 28.563366],
            [-16.273186, 28.563328],
            [-16.273221, 28.563296],
            [-16.273247, 28.563259],
            [-16.273307, 28.56318],
            [-16.273345, 28.563082],
            [-16.27336, 28.563048],
            [-16.273388, 28.563014],
            [-16.273466, 28.562969],
            [-16.27354, 28.562929],
            [-16.273611, 28.56289],
            [-16.273658, 28.562874],
            [-16.273696, 28.562885],
            [-16.273752, 28.562916],
            [-16.273775, 28.562957],
            [-16.27379, 28.563002],
            [-16.273788, 28.563063],
            [-16.273785, 28.56311],
            [-16.273796, 28.5632],
            [-16.273796, 28.563266],
            [-16.27378, 28.563363],
            [-16.273741, 28.563478],
            [-16.273679, 28.563625],
            [-16.273651, 28.563745],
            [-16.273682, 28.56391],
            [-16.273719, 28.564054],
            [-16.273714, 28.564171],
            [-16.273684, 28.564327],
            [-16.273643, 28.564479],
            [-16.273558, 28.564646],
            [-16.27355, 28.564766],
            [-16.273545, 28.564836],
            [-16.273572, 28.564903],
            [-16.273675, 28.565011],
            [-16.273739, 28.565053],
            [-16.273815, 28.565106],
            [-16.273853, 28.565144],
            [-16.273848, 28.565176],
            [-16.273824, 28.565201],
            [-16.273808, 28.565222],
            [-16.27379, 28.565242],
            [-16.273744, 28.565283],
            [-16.273713, 28.565326],
            [-16.273667, 28.565367],
            [-16.273587, 28.565409],
            [-16.273523, 28.565425],
            [-16.273514, 28.565426],
            [-16.273463, 28.565432],
            [-16.273438, 28.565433],
            [-16.273395, 28.565426],
            [-16.273343, 28.565411],
            [-16.273313, 28.565384],
            [-16.273289, 28.565348],
            [-16.273251, 28.565288],
            [-16.273213, 28.56525],
            [-16.273192, 28.565232],
            [-16.273138, 28.56521],
            [-16.273074, 28.565195],
            [-16.272995, 28.565184],
            [-16.272935, 28.565185],
            [-16.272821, 28.565184],
            [-16.272783, 28.565188],
            [-16.27276, 28.5652],
            [-16.272721, 28.56523],
            [-16.272675, 28.565284],
            [-16.272635, 28.565343],
            [-16.272623, 28.565397],
            [-16.272621, 28.565481],
            [-16.27266, 28.565553],
            [-16.272684, 28.565575],
            [-16.272768, 28.565617],
            [-16.272832, 28.565648],
            [-16.272887, 28.565666],
            [-16.272965, 28.565697],
            [-16.273037, 28.565721],
            [-16.273228, 28.56576],
            [-16.273348, 28.565844],
            [-16.273415, 28.565891],
            [-16.273459, 28.565927],
            [-16.273524, 28.565958],
            [-16.273582, 28.565982],
            [-16.273608, 28.566025],
            [-16.273624, 28.566069],
            [-16.273624, 28.566121],
            [-16.273608, 28.566162],
            [-16.273558, 28.566203],
            [-16.273472, 28.566276],
            [-16.273395, 28.566351],
            [-16.273289, 28.566447],
            [-16.273191, 28.566516],
            [-16.273107, 28.566587],
            [-16.273042, 28.566698],
            [-16.273022, 28.566752],
            [-16.272971, 28.566854],
            [-16.272856, 28.567079],
            [-16.272802, 28.567187],
            [-16.272702, 28.567281],
            [-16.272644, 28.56732],
            [-16.272616, 28.567406],
            [-16.272627, 28.567471],
            [-16.272644, 28.567491],
            [-16.272662, 28.567516],
            [-16.272685, 28.567547],
            [-16.272714, 28.567594],
            [-16.272774, 28.567677],
            [-16.272818, 28.567821],
            [-16.272828, 28.567927],
            [-16.272817, 28.568027],
            [-16.272801, 28.568146],
            [-16.272879, 28.568376],
            [-16.272981, 28.568591],
            [-16.273041, 28.568665],
            [-16.273107, 28.56871],
            [-16.273219, 28.568745],
            [-16.273296, 28.568744],
            [-16.273447, 28.568718],
            [-16.273612, 28.568685],
            [-16.273681, 28.56867],
            [-16.27371, 28.568668],
            [-16.273798, 28.568676],
            [-16.273868, 28.568725],
            [-16.273915, 28.568756],
            [-16.273952, 28.568769],
            [-16.273979, 28.568787],
            [-16.274, 28.568807],
            [-16.273995, 28.568889],
            [-16.274014, 28.569064],
            [-16.274039, 28.569141],
            [-16.274041, 28.5692],
            [-16.274034, 28.569252],
            [-16.274012, 28.569317],
            [-16.273908, 28.569384],
            [-16.273845, 28.569402],
            [-16.273784, 28.569448],
            [-16.273741, 28.569532],
            [-16.273736, 28.569588],
            [-16.273771, 28.569635],
            [-16.273822, 28.569662],
            [-16.27387, 28.569675],
            [-16.273915, 28.569684],
            [-16.273984, 28.569697],
            [-16.274116, 28.569666],
            [-16.274175, 28.569643],
            [-16.274233, 28.569629],
            [-16.274302, 28.569633],
            [-16.274362, 28.569639],
            [-16.274409, 28.569652],
            [-16.274476, 28.569667],
            [-16.274566, 28.569696],
            [-16.27463, 28.569702],
            [-16.274729, 28.569696],
            [-16.274784, 28.569689],
            [-16.274883, 28.569708],
            [-16.274921, 28.569753],
            [-16.274935, 28.569794],
            [-16.274939, 28.569859],
            [-16.274977, 28.569944]
          ]
        ]
      }
    },
    {
      "type": "Feature",
      "properties": {
        "id": "31",
        "name": "Afur",
        "cityId": "santa-cruz-de-tenerife"
      },
      "geometry": {
        "type": "Polygon",
        "coordinates": [
          [
            [-16.265938, 28.545952],
            [-16.265838, 28.546165],
            [-16.265733, 28.546274],
            [-16.265465, 28.546552],
            [-16.265226, 28.5468],
            [-16.264951, 28.547086],
            [-16.264655, 28.547402],
            [-16.264302, 28.547816],
            [-16.264053, 28.548108],
            [-16.263875, 28.548259],
            [-16.263669, 28.548434],
            [-16.263479, 28.548596],
            [-16.263288, 28.548723],
            [-16.262971, 28.548933],
            [-16.262769, 28.549024],
            [-16.262479, 28.549142],
            [-16.262036, 28.549271],
            [-16.261865, 28.549339],
            [-16.261646, 28.549426],
            [-16.261478, 28.549639],
            [-16.261364, 28.549951],
            [-16.261294, 28.550205],
            [-16.261265, 28.550379],
            [-16.261148, 28.550606],
            [-16.261025, 28.550697],
            [-16.26076, 28.550924],
            [-16.260591, 28.551094],
            [-16.260447, 28.55131],
            [-16.26039, 28.551396],
            [-16.26033, 28.551697],
            [-16.260309, 28.551803],
            [-16.26024, 28.552026],
            [-16.260181, 28.552218],
            [-16.260128, 28.55243],
            [-16.260081, 28.552694],
            [-16.260157, 28.553184],
            [-16.26016, 28.553537],
            [-16.260019, 28.55383],
            [-16.259926, 28.554022],
            [-16.259755, 28.554656],
            [-16.259681, 28.554927],
            [-16.259604, 28.555117],
            [-16.259532, 28.555292],
            [-16.259314, 28.555578],
            [-16.259111, 28.555875],
            [-16.259029, 28.556048],
            [-16.258776, 28.556262],
            [-16.258405, 28.556374],
            [-16.257756, 28.556572],
            [-16.257467, 28.556619],
            [-16.257227, 28.556616],
            [-16.256937, 28.556611],
            [-16.256676, 28.556525],
            [-16.256355, 28.55642],
            [-16.256272, 28.55641],
            [-16.255941, 28.556398],
            [-16.255576, 28.556409],
            [-16.25486, 28.55643],
            [-16.254116, 28.556425],
            [-16.253625, 28.556416],
            [-16.253445, 28.556455],
            [-16.253227, 28.55652],
            [-16.252928, 28.556632],
            [-16.252794, 28.556769],
            [-16.252694, 28.556982],
            [-16.252662, 28.557208],
            [-16.252579, 28.557434],
            [-16.252599, 28.55763],
            [-16.252772, 28.557793],
            [-16.252953, 28.557884],
            [-16.253173, 28.558033],
            [-16.253305, 28.558165],
            [-16.253409, 28.55836],
            [-16.253322, 28.558695],
            [-16.253279, 28.558858],
            [-16.253281, 28.559054],
            [-16.253452, 28.559144],
            [-16.25359, 28.559216],
            [-16.253728, 28.559366],
            [-16.253714, 28.559506],
            [-16.253698, 28.559653],
            [-16.253553, 28.559859],
            [-16.253463, 28.559987],
            [-16.25329, 28.560091],
            [-16.253158, 28.56017],
            [-16.252753, 28.560174],
            [-16.252373, 28.560177],
            [-16.252302, 28.560258],
            [-16.252238, 28.56033],
            [-16.252223, 28.560479],
            [-16.252288, 28.560591],
            [-16.252345, 28.56069],
            [-16.252472, 28.560736],
            [-16.252635, 28.560795],
            [-16.252791, 28.560917],
            [-16.252878, 28.560985],
            [-16.252858, 28.561213],
            [-16.252848, 28.561333],
            [-16.252782, 28.561543],
            [-16.252591, 28.56178],
            [-16.252479, 28.561864],
            [-16.252291, 28.561879],
            [-16.252168, 28.561811],
            [-16.251999, 28.561717],
            [-16.251891, 28.561704],
            [-16.25176, 28.561688],
            [-16.251575, 28.561749],
            [-16.251471, 28.561783],
            [-16.251426, 28.561873],
            [-16.251388, 28.561949],
            [-16.251493, 28.562173],
            [-16.252197, 28.562605],
            [-16.252734, 28.562943],
            [-16.252971, 28.563123],
            [-16.253381, 28.563135],
            [-16.253587, 28.563253],
            [-16.253555, 28.56342],
            [-16.253437, 28.563527],
            [-16.253404, 28.563631],
            [-16.253309, 28.563767],
            [-16.253202, 28.56392],
            [-16.252967, 28.56406],
            [-16.25271, 28.564091],
            [-16.25247, 28.564003],
            [-16.252243, 28.563997],
            [-16.252043, 28.563991],
            [-16.251754, 28.564084],
            [-16.251653, 28.564191],
            [-16.251655, 28.56434],
            [-16.251772, 28.564535],
            [-16.251881, 28.564701],
            [-16.251986, 28.564792],
            [-16.252264, 28.564934],
            [-16.252506, 28.564995],
            [-16.252738, 28.565025],
            [-16.253027, 28.564989],
            [-16.253334, 28.564959],
            [-16.253591, 28.565017],
            [-16.253695, 28.565152],
            [-16.253689, 28.565244],
            [-16.25368, 28.565391],
            [-16.253487, 28.565503],
            [-16.253273, 28.565578],
            [-16.25315, 28.565698],
            [-16.253054, 28.565789],
            [-16.253089, 28.565909],
            [-16.253349, 28.566224],
            [-16.253331, 28.566335],
            [-16.253317, 28.566419],
            [-16.253233, 28.566541],
            [-16.253046, 28.566604],
            [-16.252963, 28.56674],
            [-16.252931, 28.566921],
            [-16.252922, 28.567161],
            [-16.252909, 28.567497],
            [-16.252916, 28.567963],
            [-16.252932, 28.568458],
            [-16.252881, 28.568786],
            [-16.252853, 28.56897],
            [-16.252726, 28.569378],
            [-16.252645, 28.569713],
            [-16.252591, 28.569936],
            [-16.252569, 28.570077],
            [-16.252542, 28.570343],
            [-16.252682, 28.570432],
            [-16.252749, 28.570625],
            [-16.25262, 28.570642],
            [-16.2526, 28.570648],
            [-16.252465, 28.570688],
            [-16.252378, 28.570707],
            [-16.252216, 28.570749],
            [-16.252103, 28.570784],
            [-16.251967, 28.570842],
            [-16.251953, 28.57088],
            [-16.251955, 28.570927],
            [-16.251971, 28.570986],
            [-16.251945, 28.571062],
            [-16.251931, 28.571085],
            [-16.251883, 28.571137],
            [-16.251825, 28.571136],
            [-16.251758, 28.571196],
            [-16.25169, 28.571247],
            [-16.251694, 28.571324],
            [-16.251691, 28.571371],
            [-16.25168, 28.571405],
            [-16.251556, 28.571481],
            [-16.251463, 28.571497],
            [-16.251395, 28.571485],
            [-16.25139, 28.571412],
            [-16.251396, 28.571346],
            [-16.25132, 28.571322],
            [-16.2511, 28.571287],
            [-16.250999, 28.571254],
            [-16.250928, 28.571201],
            [-16.250843, 28.571167],
            [-16.250739, 28.57116],
            [-16.250679, 28.571166],
            [-16.250569, 28.571211],
            [-16.250489, 28.57127],
            [-16.250409, 28.571264],
            [-16.250332, 28.571211],
            [-16.250287, 28.571124],
            [-16.25024, 28.571047],
            [-16.250214, 28.571023],
            [-16.250167, 28.571005],
            [-16.250068, 28.570983],
            [-16.249981, 28.571005],
            [-16.249911, 28.571034],
            [-16.249863, 28.571098],
            [-16.249818, 28.571143],
            [-16.249793, 28.571174],
            [-16.249735, 28.571224],
            [-16.249686, 28.571244],
            [-16.249626, 28.571234],
            [-16.249604, 28.571184],
            [-16.249564, 28.571149],
            [-16.249513, 28.571147],
            [-16.249403, 28.571085],
            [-16.24943, 28.571031],
            [-16.249453, 28.570971],
            [-16.249444, 28.570902],
            [-16.249411, 28.570864],
            [-16.249322, 28.570831],
            [-16.24922, 28.570818],
            [-16.249144, 28.570806],
            [-16.249087, 28.570781],
            [-16.249036, 28.570782],
            [-16.248991, 28.570808],
            [-16.24891, 28.570897],
            [-16.24888, 28.570925],
            [-16.248824, 28.570968],
            [-16.248779, 28.570964],
            [-16.248725, 28.570923],
            [-16.248656, 28.570891],
            [-16.248613, 28.570849],
            [-16.248609, 28.570795],
            [-16.248593, 28.57074],
            [-16.248534, 28.570703],
            [-16.248408, 28.570593],
            [-16.248314, 28.57052],
            [-16.248242, 28.570518],
            [-16.248137, 28.570545],
            [-16.248062, 28.570572],
            [-16.247992, 28.570613],
            [-16.247932, 28.570672],
            [-16.247897, 28.570715],
            [-16.247888, 28.570735],
            [-16.247871, 28.570757],
            [-16.247799, 28.570802],
            [-16.247729, 28.570837],
            [-16.247649, 28.570886],
            [-16.24759, 28.570915],
            [-16.247513, 28.570929],
            [-16.247431, 28.570932],
            [-16.247387, 28.570937],
            [-16.247182, 28.570939],
            [-16.247006, 28.570935],
            [-16.246954, 28.570683],
            [-16.246753, 28.570498],
            [-16.246565, 28.570324],
            [-16.246247, 28.56988],
            [-16.246159, 28.569497],
            [-16.246044, 28.56899],
            [-16.246055, 28.568675],
            [-16.246062, 28.56848],
            [-16.245963, 28.568246],
            [-16.245912, 28.567854],
            [-16.245857, 28.567417],
            [-16.245683, 28.567037],
            [-16.245365, 28.566614],
            [-16.245191, 28.566323],
            [-16.244923, 28.565876],
            [-16.24473, 28.565655],
            [-16.244386, 28.565262],
            [-16.243987, 28.564903],
            [-16.243546, 28.564558],
            [-16.243304, 28.564394],
            [-16.242731, 28.564034],
            [-16.241949, 28.563584],
            [-16.241575, 28.563437],
            [-16.240864, 28.563247],
            [-16.240166, 28.563123],
            [-16.239638, 28.563033],
            [-16.239157, 28.56295],
            [-16.238939, 28.562846],
            [-16.238742, 28.562507],
            [-16.238765, 28.562333],
            [-16.238787, 28.562168],
            [-16.238698, 28.562029],
            [-16.23837, 28.561513],
            [-16.238005, 28.561196],
            [-16.23766, 28.561089],
            [-16.237473, 28.561032],
            [-16.237155, 28.561048],
            [-16.236992, 28.561056],
            [-16.236749, 28.56091],
            [-16.236677, 28.560748],
            [-16.236603, 28.560584],
            [-16.236483, 28.560485],
            [-16.236358, 28.560383],
            [-16.236296, 28.56023],
            [-16.236237, 28.560084],
            [-16.236303, 28.559831],
            [-16.23642, 28.559509],
            [-16.236415, 28.559105],
            [-16.236336, 28.558876],
            [-16.23629, 28.558745],
            [-16.236047, 28.558556],
            [-16.235708, 28.55839],
            [-16.235542, 28.558332],
            [-16.234758, 28.558062],
            [-16.234422, 28.55753],
            [-16.234263, 28.557422],
            [-16.233742, 28.557067],
            [-16.233561, 28.556967],
            [-16.233064, 28.556692],
            [-16.232921, 28.556519],
            [-16.232648, 28.556186],
            [-16.232418, 28.556009],
            [-16.232235, 28.555869],
            [-16.231869, 28.555448],
            [-16.231617, 28.555173],
            [-16.231503, 28.555048],
            [-16.231043, 28.55484],
            [-16.230752, 28.554671],
            [-16.230318, 28.554632],
            [-16.230106, 28.554521],
            [-16.229955, 28.554444],
            [-16.229736, 28.554241],
            [-16.229614, 28.554129],
            [-16.229441, 28.553706],
            [-16.229358, 28.553105],
            [-16.229316, 28.552357],
            [-16.229324, 28.55192],
            [-16.229225, 28.551709],
            [-16.229041, 28.551513],
            [-16.228908, 28.551371],
            [-16.228496, 28.551183],
            [-16.228085, 28.551017],
            [-16.228059, 28.550869],
            [-16.228202, 28.550698],
            [-16.228124, 28.550209],
            [-16.227972, 28.549595],
            [-16.228045, 28.549195],
            [-16.228205, 28.548931],
            [-16.228105, 28.548571],
            [-16.227828, 28.548385],
            [-16.227668, 28.548277],
            [-16.227635, 28.547975],
            [-16.22759, 28.547857],
            [-16.227516, 28.547663],
            [-16.227376, 28.547382],
            [-16.227295, 28.547218],
            [-16.22725, 28.547009],
            [-16.227218, 28.546858],
            [-16.227739, 28.546108],
            [-16.227808, 28.545833],
            [-16.226444, 28.544462],
            [-16.226239, 28.543876],
            [-16.226095, 28.543465],
            [-16.225994, 28.543062],
            [-16.226062, 28.54268],
            [-16.226299, 28.542234],
            [-16.226599, 28.541721],
            [-16.226722, 28.541188],
            [-16.226769, 28.540903],
            [-16.226828, 28.540486],
            [-16.226832, 28.54025],
            [-16.226925, 28.540257],
            [-16.227131, 28.540272],
            [-16.227302, 28.540255],
            [-16.227397, 28.540245],
            [-16.227956, 28.540091],
            [-16.228281, 28.540262],
            [-16.228166, 28.541229],
            [-16.228334, 28.541493],
            [-16.228423, 28.541635],
            [-16.228664, 28.541806],
            [-16.229195, 28.541616],
            [-16.229306, 28.541559],
            [-16.229563, 28.541426],
            [-16.229816, 28.541295],
            [-16.230066, 28.541191],
            [-16.23074, 28.540935],
            [-16.230909, 28.54087],
            [-16.231277, 28.541187],
            [-16.231643, 28.541506],
            [-16.231893, 28.541718],
            [-16.233561, 28.542764],
            [-16.233907, 28.543234],
            [-16.234464, 28.543672],
            [-16.234774, 28.543856],
            [-16.235295, 28.544007],
            [-16.236081, 28.544566],
            [-16.236468, 28.544848],
            [-16.236964, 28.54521],
            [-16.237764, 28.545591],
            [-16.238054, 28.545788],
            [-16.238332, 28.545976],
            [-16.238762, 28.546268],
            [-16.239068, 28.546558],
            [-16.239238, 28.546779],
            [-16.239469, 28.547078],
            [-16.239717, 28.547478],
            [-16.239973, 28.54788],
            [-16.240113, 28.548047],
            [-16.240293, 28.548074],
            [-16.240487, 28.548102],
            [-16.240699, 28.5482],
            [-16.24085, 28.548342],
            [-16.240993, 28.548477],
            [-16.241032, 28.548538],
            [-16.241157, 28.548737],
            [-16.241434, 28.549175],
            [-16.241573, 28.549394],
            [-16.241684, 28.549535],
            [-16.241853, 28.54975],
            [-16.242146, 28.549806],
            [-16.242442, 28.550147],
            [-16.242808, 28.550039],
            [-16.243072, 28.549969],
            [-16.243203, 28.550054],
            [-16.24328, 28.550159],
            [-16.243368, 28.550296],
            [-16.243484, 28.55048],
            [-16.243599, 28.550581],
            [-16.243827, 28.550664],
            [-16.244129, 28.550878],
            [-16.244302, 28.551003],
            [-16.244594, 28.551],
            [-16.244768, 28.550921],
            [-16.244974, 28.550839],
            [-16.245288, 28.550734],
            [-16.245792, 28.550564],
            [-16.24621, 28.550442],
            [-16.246534, 28.550439],
            [-16.247099, 28.550228],
            [-16.247391, 28.550174],
            [-16.247796, 28.550111],
            [-16.248177, 28.550139],
            [-16.248412, 28.550115],
            [-16.248976, 28.550035],
            [-16.249465, 28.549924],
            [-16.24966, 28.549767],
            [-16.249787, 28.549664],
            [-16.250011, 28.549228],
            [-16.250528, 28.548304],
            [-16.250741, 28.547995],
            [-16.251052, 28.547568],
            [-16.25161, 28.5471],
            [-16.251893, 28.546903],
            [-16.252407, 28.54662],
            [-16.253138, 28.546314],
            [-16.253817, 28.54603],
            [-16.253994, 28.545943],
            [-16.254221, 28.545954],
            [-16.254483, 28.54611],
            [-16.254632, 28.546366],
            [-16.254746, 28.546563],
            [-16.254881, 28.546745],
            [-16.255089, 28.54698],
            [-16.255227, 28.547236],
            [-16.255494, 28.547569],
            [-16.255704, 28.547831],
            [-16.255872, 28.547955],
            [-16.256031, 28.548072],
            [-16.256276, 28.548129],
            [-16.256518, 28.548054],
            [-16.256671, 28.547874],
            [-16.256838, 28.547679],
            [-16.257165, 28.547489],
            [-16.257384, 28.547438],
            [-16.257824, 28.54737],
            [-16.258214, 28.547393],
            [-16.258581, 28.547254],
            [-16.258956, 28.547036],
            [-16.259344, 28.546825],
            [-16.259553, 28.546778],
            [-16.259846, 28.546794],
            [-16.260007, 28.546874],
            [-16.26021, 28.547052],
            [-16.260578, 28.547091],
            [-16.260985, 28.547054],
            [-16.26143, 28.546985],
            [-16.26246, 28.546796],
            [-16.262651, 28.54673],
            [-16.263077, 28.546581],
            [-16.263355, 28.546472],
            [-16.263919, 28.546205],
            [-16.264493, 28.545992],
            [-16.264949, 28.545955],
            [-16.265384, 28.545946],
            [-16.265938, 28.545952]
          ]
        ]
      }
    },
    {
      "type": "Feature",
      "properties": {
        "id": "32",
        "name": "Roque Negro",
        "cityId": "santa-cruz-de-tenerife"
      },
      "geometry": {
        "type": "Polygon",
        "coordinates": [
          [
            [-16.270117, 28.537379],
            [-16.270085, 28.537456],
            [-16.270047, 28.537538],
            [-16.270005, 28.537619],
            [-16.269964, 28.537706],
            [-16.269934, 28.53778],
            [-16.269904, 28.537848],
            [-16.269866, 28.537937],
            [-16.269829, 28.538014],
            [-16.269796, 28.538088],
            [-16.269765, 28.53817],
            [-16.269727, 28.538258],
            [-16.269696, 28.538335],
            [-16.269679, 28.538376],
            [-16.269662, 28.538417],
            [-16.269631, 28.538498],
            [-16.269625, 28.538516],
            [-16.269606, 28.538566],
            [-16.269587, 28.538605],
            [-16.269566, 28.538652],
            [-16.269535, 28.538725],
            [-16.269492, 28.538834],
            [-16.269464, 28.538899],
            [-16.269437, 28.538974],
            [-16.269398, 28.539089],
            [-16.269382, 28.539137],
            [-16.269353, 28.539221],
            [-16.269323, 28.5393],
            [-16.269309, 28.539338],
            [-16.269294, 28.539377],
            [-16.269266, 28.539454],
            [-16.269241, 28.539522],
            [-16.269211, 28.539608],
            [-16.269187, 28.539674],
            [-16.269164, 28.539746],
            [-16.269188, 28.540093],
            [-16.269207, 28.54019],
            [-16.269176, 28.540274],
            [-16.26914, 28.54031],
            [-16.26912, 28.540338],
            [-16.269107, 28.54039],
            [-16.269088, 28.540437],
            [-16.269058, 28.540487],
            [-16.268973, 28.540598],
            [-16.268939, 28.540698],
            [-16.268903, 28.540804],
            [-16.268872, 28.54089],
            [-16.268799, 28.541026],
            [-16.26873, 28.541124],
            [-16.268695, 28.541172],
            [-16.268447, 28.541456],
            [-16.268282, 28.54162],
            [-16.268248, 28.541648],
            [-16.268206, 28.541668],
            [-16.268149, 28.541691],
            [-16.267903, 28.541755],
            [-16.267851, 28.541746],
            [-16.267805, 28.541756],
            [-16.267778, 28.541783],
            [-16.267742, 28.541831],
            [-16.267733, 28.541867],
            [-16.267719, 28.541917],
            [-16.267727, 28.541998],
            [-16.267742, 28.542165],
            [-16.267751, 28.542266],
            [-16.267746, 28.542307],
            [-16.267759, 28.542361],
            [-16.267769, 28.542415],
            [-16.267766, 28.542462],
            [-16.267752, 28.542498],
            [-16.267723, 28.542544],
            [-16.267685, 28.542594],
            [-16.267631, 28.542653],
            [-16.267536, 28.542724],
            [-16.267484, 28.54276],
            [-16.267441, 28.542804],
            [-16.267402, 28.542851],
            [-16.267367, 28.542901],
            [-16.267334, 28.542963],
            [-16.267314, 28.543035],
            [-16.267291, 28.543125],
            [-16.267145, 28.54315],
            [-16.266962, 28.543233],
            [-16.266531, 28.543427],
            [-16.266122, 28.543613],
            [-16.265835, 28.543764],
            [-16.26564, 28.54389],
            [-16.265558, 28.54398],
            [-16.265472, 28.544074],
            [-16.265406, 28.54433],
            [-16.265409, 28.544542],
            [-16.265618, 28.544984],
            [-16.265934, 28.545665],
            [-16.265935, 28.545782],
            [-16.265938, 28.545952],
            [-16.265384, 28.545946],
            [-16.264949, 28.545955],
            [-16.264493, 28.545992],
            [-16.263919, 28.546205],
            [-16.263355, 28.546472],
            [-16.263077, 28.546581],
            [-16.262651, 28.54673],
            [-16.26246, 28.546796],
            [-16.26143, 28.546985],
            [-16.260985, 28.547054],
            [-16.260578, 28.547091],
            [-16.26021, 28.547052],
            [-16.260007, 28.546874],
            [-16.259846, 28.546794],
            [-16.259553, 28.546778],
            [-16.259344, 28.546825],
            [-16.258956, 28.547036],
            [-16.258581, 28.547254],
            [-16.258214, 28.547393],
            [-16.257824, 28.54737],
            [-16.257384, 28.547438],
            [-16.257165, 28.547489],
            [-16.256838, 28.547679],
            [-16.256671, 28.547874],
            [-16.256518, 28.548054],
            [-16.256276, 28.548129],
            [-16.256031, 28.548072],
            [-16.255872, 28.547955],
            [-16.255704, 28.547831],
            [-16.255494, 28.547569],
            [-16.255227, 28.547236],
            [-16.255089, 28.54698],
            [-16.254881, 28.546745],
            [-16.254746, 28.546563],
            [-16.254632, 28.546366],
            [-16.254483, 28.54611],
            [-16.254221, 28.545954],
            [-16.253994, 28.545943],
            [-16.253817, 28.54603],
            [-16.253138, 28.546314],
            [-16.252407, 28.54662],
            [-16.251893, 28.546903],
            [-16.25161, 28.5471],
            [-16.251052, 28.547568],
            [-16.250741, 28.547995],
            [-16.250528, 28.548304],
            [-16.250011, 28.549228],
            [-16.249787, 28.549664],
            [-16.24966, 28.549767],
            [-16.249465, 28.549924],
            [-16.248976, 28.550035],
            [-16.248412, 28.550115],
            [-16.248177, 28.550139],
            [-16.247796, 28.550111],
            [-16.247391, 28.550174],
            [-16.247099, 28.550228],
            [-16.246534, 28.550439],
            [-16.24621, 28.550442],
            [-16.245792, 28.550564],
            [-16.245288, 28.550734],
            [-16.244974, 28.550839],
            [-16.244768, 28.550921],
            [-16.244594, 28.551],
            [-16.244302, 28.551003],
            [-16.244129, 28.550878],
            [-16.243827, 28.550664],
            [-16.243599, 28.550581],
            [-16.243484, 28.55048],
            [-16.243368, 28.550296],
            [-16.24328, 28.550159],
            [-16.243203, 28.550054],
            [-16.243072, 28.549969],
            [-16.242808, 28.550039],
            [-16.242442, 28.550147],
            [-16.242146, 28.549806],
            [-16.241853, 28.54975],
            [-16.241684, 28.549535],
            [-16.241573, 28.549394],
            [-16.241434, 28.549175],
            [-16.241157, 28.548737],
            [-16.241032, 28.548538],
            [-16.240993, 28.548477],
            [-16.24085, 28.548342],
            [-16.240699, 28.5482],
            [-16.240487, 28.548102],
            [-16.240293, 28.548074],
            [-16.240113, 28.548047],
            [-16.239973, 28.54788],
            [-16.239717, 28.547478],
            [-16.239469, 28.547078],
            [-16.239238, 28.546779],
            [-16.239068, 28.546558],
            [-16.238762, 28.546268],
            [-16.238332, 28.545976],
            [-16.238054, 28.545788],
            [-16.237764, 28.545591],
            [-16.236964, 28.54521],
            [-16.236468, 28.544848],
            [-16.236081, 28.544566],
            [-16.235295, 28.544007],
            [-16.234774, 28.543856],
            [-16.234464, 28.543672],
            [-16.233907, 28.543234],
            [-16.233561, 28.542764],
            [-16.231893, 28.541718],
            [-16.231643, 28.541506],
            [-16.231836, 28.541353],
            [-16.231869, 28.541179],
            [-16.231793, 28.541083],
            [-16.231777, 28.540912],
            [-16.231782, 28.540826],
            [-16.2319, 28.540705],
            [-16.232113, 28.540608],
            [-16.232183, 28.54045],
            [-16.232396, 28.540323],
            [-16.232626, 28.54018],
            [-16.232835, 28.540063],
            [-16.232997, 28.540034],
            [-16.23316, 28.540103],
            [-16.233299, 28.540137],
            [-16.233371, 28.54008],
            [-16.233409, 28.539983],
            [-16.233407, 28.539802],
            [-16.233398, 28.539607],
            [-16.233389, 28.539493],
            [-16.233444, 28.539421],
            [-16.233573, 28.539341],
            [-16.233632, 28.539254],
            [-16.23366, 28.539017],
            [-16.233683, 28.538927],
            [-16.233786, 28.538795],
            [-16.233893, 28.538654],
            [-16.234052, 28.538598],
            [-16.234279, 28.53859],
            [-16.234382, 28.538615],
            [-16.234489, 28.538642],
            [-16.234626, 28.538695],
            [-16.234743, 28.538734],
            [-16.234888, 28.538697],
            [-16.234999, 28.538549],
            [-16.235104, 28.53839],
            [-16.235222, 28.538392],
            [-16.235339, 28.538393],
            [-16.235477, 28.538371],
            [-16.235581, 28.538269],
            [-16.235575, 28.538174],
            [-16.235569, 28.538059],
            [-16.235479, 28.537897],
            [-16.235477, 28.537696],
            [-16.235451, 28.537591],
            [-16.235337, 28.537513],
            [-16.235259, 28.537455],
            [-16.235173, 28.537392],
            [-16.235235, 28.537317],
            [-16.235351, 28.537296],
            [-16.235467, 28.537331],
            [-16.235613, 28.537274],
            [-16.23572, 28.537183],
            [-16.235803, 28.537114],
            [-16.235964, 28.537069],
            [-16.236124, 28.537025],
            [-16.236213, 28.536866],
            [-16.23631, 28.536766],
            [-16.236404, 28.536533],
            [-16.236484, 28.536435],
            [-16.236652, 28.536343],
            [-16.23688, 28.536301],
            [-16.237096, 28.536195],
            [-16.2373, 28.536125],
            [-16.237438, 28.536117],
            [-16.237642, 28.536194],
            [-16.237747, 28.536207],
            [-16.237883, 28.536253],
            [-16.237977, 28.536399],
            [-16.238005, 28.536509],
            [-16.238102, 28.536698],
            [-16.238192, 28.536783],
            [-16.238336, 28.536863],
            [-16.238477, 28.536852],
            [-16.238567, 28.536782],
            [-16.238749, 28.536563],
            [-16.238878, 28.536447],
            [-16.239047, 28.536376],
            [-16.239169, 28.53632],
            [-16.239526, 28.536285],
            [-16.239614, 28.536319],
            [-16.239742, 28.536455],
            [-16.239836, 28.536511],
            [-16.240136, 28.536533],
            [-16.240323, 28.536535],
            [-16.240482, 28.536611],
            [-16.240533, 28.536678],
            [-16.240687, 28.536663],
            [-16.240948, 28.536618],
            [-16.241155, 28.536526],
            [-16.241303, 28.536454],
            [-16.24142, 28.53644],
            [-16.241784, 28.536482],
            [-16.24192, 28.536498],
            [-16.242271, 28.536602],
            [-16.242726, 28.536737],
            [-16.242758, 28.536483],
            [-16.242792, 28.536208],
            [-16.242916, 28.536008],
            [-16.242987, 28.535893],
            [-16.243303, 28.535651],
            [-16.243605, 28.535477],
            [-16.244049, 28.535265],
            [-16.244392, 28.535208],
            [-16.244761, 28.535148],
            [-16.244978, 28.535015],
            [-16.245159, 28.534999],
            [-16.245439, 28.534978],
            [-16.245702, 28.534961],
            [-16.245971, 28.53476],
            [-16.246138, 28.53468],
            [-16.2464, 28.534555],
            [-16.246573, 28.534533],
            [-16.246858, 28.534526],
            [-16.247081, 28.53452],
            [-16.247253, 28.534459],
            [-16.24736, 28.534296],
            [-16.247458, 28.53416],
            [-16.247646, 28.533888],
            [-16.247756, 28.533712],
            [-16.24786, 28.533623],
            [-16.248075, 28.533459],
            [-16.248429, 28.533275],
            [-16.248688, 28.533196],
            [-16.248915, 28.533185],
            [-16.249054, 28.533248],
            [-16.249219, 28.533315],
            [-16.249382, 28.5334],
            [-16.249631, 28.533379],
            [-16.249834, 28.53344],
            [-16.250036, 28.5335],
            [-16.250475, 28.533389],
            [-16.250963, 28.533422],
            [-16.251263, 28.533457],
            [-16.251765, 28.533536],
            [-16.251967, 28.533518],
            [-16.252151, 28.533424],
            [-16.252379, 28.533358],
            [-16.252597, 28.533254],
            [-16.252886, 28.533214],
            [-16.253232, 28.533249],
            [-16.253436, 28.533405],
            [-16.253697, 28.533579],
            [-16.253929, 28.533615],
            [-16.254117, 28.53357],
            [-16.25407, 28.533485],
            [-16.254251, 28.533249],
            [-16.254316, 28.533189],
            [-16.254639, 28.533128],
            [-16.255109, 28.533076],
            [-16.255361, 28.533049],
            [-16.255444, 28.533086],
            [-16.255505, 28.533199],
            [-16.255583, 28.533257],
            [-16.255714, 28.533298],
            [-16.255873, 28.533219],
            [-16.256046, 28.533081],
            [-16.256194, 28.533007],
            [-16.256411, 28.532886],
            [-16.256503, 28.532822],
            [-16.256693, 28.532669],
            [-16.256846, 28.532615],
            [-16.257033, 28.532652],
            [-16.257149, 28.532732],
            [-16.257302, 28.532722],
            [-16.257475, 28.532533],
            [-16.257627, 28.532351],
            [-16.257681, 28.532303],
            [-16.257959, 28.532165],
            [-16.258034, 28.532081],
            [-16.258099, 28.532008],
            [-16.25831, 28.531803],
            [-16.258496, 28.531709],
            [-16.258775, 28.531722],
            [-16.258946, 28.531777],
            [-16.259132, 28.531786],
            [-16.25928, 28.531744],
            [-16.259602, 28.531656],
            [-16.259717, 28.53165],
            [-16.260172, 28.531835],
            [-16.260337, 28.531976],
            [-16.260557, 28.532213],
            [-16.260563, 28.532319],
            [-16.260523, 28.532446],
            [-16.260479, 28.532629],
            [-16.260585, 28.532779],
            [-16.260717, 28.532843],
            [-16.261029, 28.532994],
            [-16.26134, 28.533115],
            [-16.261595, 28.533029],
            [-16.261874, 28.532912],
            [-16.2621, 28.532934],
            [-16.262287, 28.532911],
            [-16.262449, 28.532873],
            [-16.262734, 28.532883],
            [-16.262904, 28.532889],
            [-16.263125, 28.532977],
            [-16.263164, 28.533049],
            [-16.263188, 28.533263],
            [-16.263206, 28.533364],
            [-16.263406, 28.533579],
            [-16.263512, 28.533725],
            [-16.263635, 28.533974],
            [-16.263965, 28.534102],
            [-16.264163, 28.534129],
            [-16.264483, 28.53405],
            [-16.264862, 28.533949],
            [-16.265087, 28.533956],
            [-16.26528, 28.534047],
            [-16.265504, 28.533986],
            [-16.265814, 28.533839],
            [-16.26605, 28.533836],
            [-16.266435, 28.533849],
            [-16.266692, 28.533842],
            [-16.266829, 28.534055],
            [-16.266831, 28.534246],
            [-16.266916, 28.53464],
            [-16.267008, 28.534985],
            [-16.267126, 28.535088],
            [-16.26742, 28.535189],
            [-16.267715, 28.53531],
            [-16.267916, 28.535271],
            [-16.268202, 28.535119],
            [-16.268508, 28.534984],
            [-16.268753, 28.535045],
            [-16.268877, 28.535078],
            [-16.269026, 28.53517],
            [-16.269172, 28.53526],
            [-16.269275, 28.535307],
            [-16.269383, 28.535355],
            [-16.26948, 28.535341],
            [-16.26955, 28.535331],
            [-16.269628, 28.535299],
            [-16.26964, 28.535302],
            [-16.269618, 28.535317],
            [-16.269579, 28.535353],
            [-16.269546, 28.535383],
            [-16.269514, 28.535417],
            [-16.269482, 28.535449],
            [-16.269447, 28.535486],
            [-16.269416, 28.535526],
            [-16.269393, 28.535563],
            [-16.269366, 28.535599],
            [-16.269336, 28.53564],
            [-16.26931, 28.535676],
            [-16.269285, 28.53571],
            [-16.269255, 28.535758],
            [-16.269236, 28.53579],
            [-16.269217, 28.535828],
            [-16.269201, 28.535871],
            [-16.269176, 28.535926],
            [-16.269161, 28.535962],
            [-16.26914, 28.536007],
            [-16.26912, 28.536053],
            [-16.269101, 28.536098],
            [-16.269083, 28.536141],
            [-16.269066, 28.536184],
            [-16.269051, 28.536234],
            [-16.269037, 28.536272],
            [-16.269022, 28.536318],
            [-16.269011, 28.536358],
            [-16.269002, 28.536397],
            [-16.268995, 28.536435],
            [-16.268988, 28.536483],
            [-16.268983, 28.536526],
            [-16.268974, 28.536569],
            [-16.269005, 28.536584],
            [-16.269065, 28.536622],
            [-16.269132, 28.536666],
            [-16.269169, 28.5367],
            [-16.269262, 28.536769],
            [-16.269365, 28.536838],
            [-16.269473, 28.536905],
            [-16.269555, 28.536956],
            [-16.269602, 28.536985],
            [-16.269658, 28.537018],
            [-16.269752, 28.537078],
            [-16.269856, 28.537149],
            [-16.269949, 28.537225],
            [-16.27005, 28.537312],
            [-16.270117, 28.537379]
          ]
        ]
      }
    },
    {
      "type": "Feature",
      "properties": {
        "id": "33",
        "name": "Barrio Nuevo",
        "cityId": "santa-cruz-de-tenerife"
      },
      "geometry": {
        "type": "Polygon",
        "coordinates": [
          [
            [-16.270963, 28.474885],
            [-16.27096, 28.47492],
            [-16.270899, 28.474991],
            [-16.270833, 28.475068],
            [-16.270719, 28.475202],
            [-16.270595, 28.475348],
            [-16.270498, 28.475427],
            [-16.270131, 28.475726],
            [-16.270052, 28.475804],
            [-16.269804, 28.476048],
            [-16.269625, 28.476174],
            [-16.269368, 28.476356],
            [-16.269086, 28.476517],
            [-16.268911, 28.476617],
            [-16.268435, 28.47688],
            [-16.268199, 28.47701],
            [-16.268002, 28.477134],
            [-16.267862, 28.477103],
            [-16.267498, 28.477023],
            [-16.266816, 28.476872],
            [-16.266364, 28.476772],
            [-16.265939, 28.476678],
            [-16.265702, 28.476626],
            [-16.265052, 28.476482],
            [-16.264487, 28.476357],
            [-16.264028, 28.476256],
            [-16.263818, 28.476209],
            [-16.26391, 28.476188],
            [-16.264017, 28.476138],
            [-16.264306, 28.475968],
            [-16.264555, 28.475823],
            [-16.264648, 28.475769],
            [-16.264693, 28.475673],
            [-16.264629, 28.475476],
            [-16.2646, 28.475354],
            [-16.264588, 28.475234],
            [-16.264627, 28.475041],
            [-16.264663, 28.47486],
            [-16.264675, 28.4748],
            [-16.264728, 28.474732],
            [-16.264784, 28.474735],
            [-16.264835, 28.474738],
            [-16.265112, 28.47483],
            [-16.265334, 28.474828],
            [-16.265425, 28.474802],
            [-16.265533, 28.474772],
            [-16.265659, 28.474692],
            [-16.265814, 28.474593],
            [-16.266004, 28.47449],
            [-16.266236, 28.474375],
            [-16.266431, 28.47428],
            [-16.266507, 28.474242],
            [-16.266603, 28.474245],
            [-16.266661, 28.474247],
            [-16.266892, 28.474185],
            [-16.266974, 28.474163],
            [-16.267133, 28.474082],
            [-16.267217, 28.474039],
            [-16.267323, 28.473889],
            [-16.267352, 28.473746],
            [-16.267336, 28.473663],
            [-16.267291, 28.47349],
            [-16.267242, 28.473341],
            [-16.267184, 28.473166],
            [-16.267143, 28.47296],
            [-16.267102, 28.472754],
            [-16.267082, 28.472635],
            [-16.267069, 28.472517],
            [-16.267079, 28.472447],
            [-16.26709, 28.472373],
            [-16.267157, 28.472189],
            [-16.267232, 28.472019],
            [-16.267355, 28.471749],
            [-16.267405, 28.47164],
            [-16.267439, 28.471566],
            [-16.26751, 28.471449],
            [-16.267575, 28.471355],
            [-16.267641, 28.471257],
            [-16.267659, 28.47123],
            [-16.267653, 28.471066],
            [-16.267648, 28.470905],
            [-16.267472, 28.470947],
            [-16.267287, 28.470902],
            [-16.267164, 28.470815],
            [-16.267078, 28.470674],
            [-16.267073, 28.47059],
            [-16.267079, 28.470451],
            [-16.267094, 28.470362],
            [-16.267117, 28.470251],
            [-16.26713, 28.470163],
            [-16.267167, 28.4701],
            [-16.26736, 28.469807],
            [-16.267443, 28.469681],
            [-16.267572, 28.469494],
            [-16.267643, 28.469393],
            [-16.267732, 28.469266],
            [-16.267818, 28.469144],
            [-16.267961, 28.469186],
            [-16.268061, 28.469215],
            [-16.268287, 28.469281],
            [-16.268446, 28.469325],
            [-16.268588, 28.469364],
            [-16.26875, 28.469408],
            [-16.268938, 28.46981],
            [-16.268824, 28.470114],
            [-16.26873, 28.470271],
            [-16.2687, 28.470309],
            [-16.268686, 28.47038],
            [-16.268685, 28.470427],
            [-16.268702, 28.47053],
            [-16.268755, 28.470632],
            [-16.268855, 28.470826],
            [-16.268874, 28.470888],
            [-16.268914, 28.470996],
            [-16.268964, 28.471076],
            [-16.269037, 28.471147],
            [-16.269151, 28.471241],
            [-16.269211, 28.471275],
            [-16.26931, 28.471316],
            [-16.269448, 28.471407],
            [-16.269567, 28.47151],
            [-16.269689, 28.471586],
            [-16.269854, 28.471654],
            [-16.269959, 28.4717],
            [-16.270109, 28.471821],
            [-16.270193, 28.472003],
            [-16.270225, 28.472127],
            [-16.270231, 28.472224],
            [-16.270214, 28.472303],
            [-16.27013, 28.472554],
            [-16.270109, 28.472703],
            [-16.27011, 28.472818],
            [-16.270176, 28.472933],
            [-16.270267, 28.473017],
            [-16.270404, 28.473113],
            [-16.270646, 28.473204],
            [-16.270742, 28.47327],
            [-16.270829, 28.473421],
            [-16.270847, 28.473463],
            [-16.270813, 28.473726],
            [-16.270777, 28.473997],
            [-16.270717, 28.474037],
            [-16.270659, 28.474077],
            [-16.270639, 28.474128],
            [-16.27062, 28.474179],
            [-16.270612, 28.47426],
            [-16.270663, 28.474363],
            [-16.270821, 28.474436],
            [-16.27087, 28.474515],
            [-16.270888, 28.474574],
            [-16.270928, 28.474701],
            [-16.270949, 28.474799],
            [-16.270963, 28.474885]
          ]
        ]
      }
    },
    {
      "type": "Feature",
      "properties": {
        "id": "34",
        "name": "La Salud",
        "cityId": "santa-cruz-de-tenerife"
      },
      "geometry": {
        "type": "Polygon",
        "coordinates": [
          [
            [-16.28072, 28.468414],
            [-16.280563, 28.468756],
            [-16.279201, 28.471771],
            [-16.278247, 28.473881],
            [-16.278181, 28.474026],
            [-16.27799, 28.474547],
            [-16.277919, 28.474521],
            [-16.277866, 28.474507],
            [-16.277709, 28.474469],
            [-16.277616, 28.474465],
            [-16.277605, 28.47458],
            [-16.277606, 28.474685],
            [-16.277608, 28.474783],
            [-16.277594, 28.4749],
            [-16.277585, 28.474977],
            [-16.277524, 28.475098],
            [-16.277382, 28.47514],
            [-16.277328, 28.475154],
            [-16.277244, 28.475177],
            [-16.277142, 28.475221],
            [-16.277047, 28.475262],
            [-16.276936, 28.475345],
            [-16.276861, 28.475353],
            [-16.276759, 28.475365],
            [-16.276682, 28.475374],
            [-16.27659, 28.475355],
            [-16.276351, 28.475307],
            [-16.276207, 28.475268],
            [-16.276002, 28.475211],
            [-16.275873, 28.475191],
            [-16.275672, 28.47516],
            [-16.275564, 28.475164],
            [-16.275492, 28.475166],
            [-16.275435, 28.475141],
            [-16.275348, 28.475102],
            [-16.27529, 28.475052],
            [-16.275228, 28.475],
            [-16.275147, 28.474951],
            [-16.275097, 28.474922],
            [-16.274985, 28.474927],
            [-16.274917, 28.47493],
            [-16.274833, 28.474963],
            [-16.274768, 28.474989],
            [-16.274675, 28.475025],
            [-16.274631, 28.475063],
            [-16.274577, 28.475109],
            [-16.274534, 28.475214],
            [-16.274505, 28.475329],
            [-16.274422, 28.475467],
            [-16.27436, 28.47557],
            [-16.274302, 28.475602],
            [-16.274252, 28.475619],
            [-16.274163, 28.47565],
            [-16.274064, 28.475694],
            [-16.274026, 28.475704],
            [-16.273906, 28.475734],
            [-16.273824, 28.475755],
            [-16.273669, 28.475772],
            [-16.273502, 28.475814],
            [-16.273395, 28.475856],
            [-16.273324, 28.475906],
            [-16.273275, 28.476013],
            [-16.273258, 28.476071],
            [-16.273234, 28.476153],
            [-16.273241, 28.476232],
            [-16.273208, 28.476272],
            [-16.273177, 28.476309],
            [-16.273063, 28.476349],
            [-16.272973, 28.47632],
            [-16.272943, 28.476273],
            [-16.27291, 28.476222],
            [-16.272805, 28.476132],
            [-16.272741, 28.476077],
            [-16.272591, 28.475999],
            [-16.272482, 28.475964],
            [-16.272336, 28.475965],
            [-16.272253, 28.475966],
            [-16.272133, 28.475954],
            [-16.272043, 28.475945],
            [-16.271967, 28.475998],
            [-16.271886, 28.476055],
            [-16.271779, 28.476068],
            [-16.271682, 28.47608],
            [-16.271567, 28.476051],
            [-16.271446, 28.475996],
            [-16.271341, 28.475928],
            [-16.271252, 28.475869],
            [-16.271096, 28.47576],
            [-16.270965, 28.475683],
            [-16.270927, 28.475615],
            [-16.270897, 28.475548],
            [-16.270881, 28.475424],
            [-16.270908, 28.475306],
            [-16.27095, 28.47518],
            [-16.270954, 28.475051],
            [-16.27096, 28.47492],
            [-16.270963, 28.474885],
            [-16.270949, 28.474799],
            [-16.270928, 28.474701],
            [-16.270888, 28.474574],
            [-16.27087, 28.474515],
            [-16.270821, 28.474436],
            [-16.270663, 28.474363],
            [-16.270612, 28.47426],
            [-16.27062, 28.474179],
            [-16.270639, 28.474128],
            [-16.270659, 28.474077],
            [-16.270717, 28.474037],
            [-16.270777, 28.473997],
            [-16.270813, 28.473726],
            [-16.270847, 28.473463],
            [-16.270829, 28.473421],
            [-16.270742, 28.47327],
            [-16.270646, 28.473204],
            [-16.270404, 28.473113],
            [-16.270267, 28.473017],
            [-16.270176, 28.472933],
            [-16.27011, 28.472818],
            [-16.270109, 28.472703],
            [-16.27013, 28.472554],
            [-16.270214, 28.472303],
            [-16.270231, 28.472224],
            [-16.270225, 28.472127],
            [-16.270193, 28.472003],
            [-16.270109, 28.471821],
            [-16.269959, 28.4717],
            [-16.269854, 28.471654],
            [-16.269689, 28.471586],
            [-16.269567, 28.47151],
            [-16.269448, 28.471407],
            [-16.26931, 28.471316],
            [-16.269233, 28.471284],
            [-16.269211, 28.471275],
            [-16.269151, 28.471241],
            [-16.269037, 28.471147],
            [-16.268964, 28.471076],
            [-16.268914, 28.470996],
            [-16.268874, 28.470888],
            [-16.268855, 28.470826],
            [-16.268755, 28.470632],
            [-16.268702, 28.47053],
            [-16.268685, 28.470427],
            [-16.268686, 28.47038],
            [-16.2687, 28.470309],
            [-16.26873, 28.470271],
            [-16.268824, 28.470114],
            [-16.268938, 28.46981],
            [-16.26875, 28.469408],
            [-16.268744, 28.469323],
            [-16.268736, 28.469191],
            [-16.268729, 28.469088],
            [-16.26872, 28.468952],
            [-16.268668, 28.468784],
            [-16.268585, 28.468516],
            [-16.26852, 28.468291],
            [-16.2684, 28.468063],
            [-16.268291, 28.467857],
            [-16.268199, 28.467682],
            [-16.268144, 28.467577],
            [-16.268007, 28.467518],
            [-16.267898, 28.467471],
            [-16.267931, 28.467455],
            [-16.268127, 28.467451],
            [-16.268259, 28.467448],
            [-16.26848, 28.467444],
            [-16.268637, 28.467441],
            [-16.268836, 28.467503],
            [-16.269146, 28.467599],
            [-16.269281, 28.467687],
            [-16.269421, 28.467777],
            [-16.269725, 28.467741],
            [-16.269986, 28.467711],
            [-16.270204, 28.467685],
            [-16.270514, 28.467649],
            [-16.270741, 28.467622],
            [-16.270905, 28.467603],
            [-16.270988, 28.467787],
            [-16.271016, 28.467858],
            [-16.271058, 28.467972],
            [-16.271064, 28.467985],
            [-16.271221, 28.46802],
            [-16.271404, 28.468101],
            [-16.271733, 28.468246],
            [-16.271807, 28.468278],
            [-16.271951, 28.468348],
            [-16.272045, 28.468394],
            [-16.272243, 28.468491],
            [-16.2725, 28.468616],
            [-16.272831, 28.468777],
            [-16.273048, 28.468883],
            [-16.273321, 28.469016],
            [-16.273533, 28.469119],
            [-16.273734, 28.469217],
            [-16.273738, 28.469218],
            [-16.27393, 28.469275],
            [-16.274234, 28.469363],
            [-16.274507, 28.469442],
            [-16.274657, 28.469485],
            [-16.27473, 28.469506],
            [-16.27485, 28.46954],
            [-16.274969, 28.469575],
            [-16.27528, 28.469665],
            [-16.275544, 28.46974],
            [-16.275728, 28.469791],
            [-16.275858, 28.469827],
            [-16.275918, 28.469844],
            [-16.275952, 28.469779],
            [-16.275978, 28.469728],
            [-16.276189, 28.469606],
            [-16.276325, 28.469527],
            [-16.276357, 28.469508],
            [-16.276426, 28.469467],
            [-16.2765, 28.469423],
            [-16.276595, 28.469383],
            [-16.276718, 28.469331],
            [-16.27686, 28.469271],
            [-16.27696, 28.469228],
            [-16.277028, 28.4692],
            [-16.277108, 28.469194],
            [-16.277219, 28.469187],
            [-16.277249, 28.469184],
            [-16.277277, 28.469182],
            [-16.277336, 28.469177],
            [-16.277385, 28.469174],
            [-16.277653, 28.469103],
            [-16.277895, 28.469039],
            [-16.278074, 28.468992],
            [-16.278291, 28.468935],
            [-16.278414, 28.468869],
            [-16.278506, 28.46882],
            [-16.278552, 28.468796],
            [-16.278602, 28.46877],
            [-16.27868, 28.468728],
            [-16.278786, 28.468672],
            [-16.278905, 28.468609],
            [-16.279042, 28.468536],
            [-16.27917, 28.468469],
            [-16.279325, 28.468461],
            [-16.279441, 28.468455],
            [-16.279486, 28.468452],
            [-16.279538, 28.468449],
            [-16.279586, 28.468447],
            [-16.279667, 28.468442],
            [-16.279818, 28.468434],
            [-16.280015, 28.468423],
            [-16.280318, 28.468406],
            [-16.280443, 28.468399],
            [-16.280549, 28.468395],
            [-16.28072, 28.468414]
          ]
        ]
      }
    },
    {
      "type": "Feature",
      "properties": {
        "id": "35",
        "name": "Buenavista",
        "cityId": "santa-cruz-de-tenerife"
      },
      "geometry": {
        "type": "Polygon",
        "coordinates": [
          [
            [-16.270905, 28.467603],
            [-16.270741, 28.467622],
            [-16.270514, 28.467649],
            [-16.270204, 28.467685],
            [-16.269986, 28.467711],
            [-16.269725, 28.467741],
            [-16.269421, 28.467777],
            [-16.269281, 28.467687],
            [-16.269146, 28.467599],
            [-16.268836, 28.467503],
            [-16.268637, 28.467441],
            [-16.26848, 28.467444],
            [-16.268259, 28.467448],
            [-16.268127, 28.467451],
            [-16.267931, 28.467455],
            [-16.267898, 28.467471],
            [-16.267894, 28.467455],
            [-16.267692, 28.467454],
            [-16.26708, 28.46745],
            [-16.266925, 28.467448],
            [-16.26669, 28.467543],
            [-16.266342, 28.467682],
            [-16.266057, 28.467797],
            [-16.26585, 28.46788],
            [-16.265731, 28.467927],
            [-16.265568, 28.467986],
            [-16.265386, 28.468045],
            [-16.2653, 28.468073],
            [-16.264921, 28.467968],
            [-16.264754, 28.467852],
            [-16.2645, 28.467676],
            [-16.264447, 28.467639],
            [-16.265957, 28.466466],
            [-16.266141, 28.464985],
            [-16.266305, 28.465015],
            [-16.266857, 28.465114],
            [-16.267727, 28.465262],
            [-16.268779, 28.465441],
            [-16.269835, 28.465088],
            [-16.270131, 28.465783],
            [-16.270307, 28.466196],
            [-16.27056, 28.466792],
            [-16.27072, 28.467169],
            [-16.270905, 28.467603]
          ]
        ]
      }
    },
    {
      "type": "Feature",
      "properties": {
        "id": "36",
        "name": "Cruz del Señor",
        "cityId": "santa-cruz-de-tenerife"
      },
      "geometry": {
        "type": "Polygon",
        "coordinates": [
          [
            [-16.273159, 28.461806],
            [-16.273734, 28.461374],
            [-16.273815, 28.461405],
            [-16.273903, 28.461416],
            [-16.274007, 28.461456],
            [-16.274192, 28.461527],
            [-16.274304, 28.461527],
            [-16.274364, 28.461528],
            [-16.274479, 28.461528],
            [-16.274604, 28.461514],
            [-16.274711, 28.461502],
            [-16.27478, 28.461494],
            [-16.274869, 28.461484],
            [-16.27494, 28.461494],
            [-16.275023, 28.461505],
            [-16.275068, 28.46148],
            [-16.275125, 28.461448],
            [-16.275175, 28.46142],
            [-16.275262, 28.461372],
            [-16.275336, 28.461352],
            [-16.275432, 28.461326],
            [-16.275487, 28.461311],
            [-16.275588, 28.461346],
            [-16.275664, 28.461506],
            [-16.275856, 28.461734],
            [-16.275954, 28.461796],
            [-16.275902, 28.461916],
            [-16.276047, 28.462014],
            [-16.276162, 28.462157],
            [-16.276027, 28.462212],
            [-16.275605, 28.462453],
            [-16.275284, 28.462688],
            [-16.274867, 28.462884],
            [-16.27479, 28.462896],
            [-16.274707, 28.462908],
            [-16.274015, 28.463009],
            [-16.273601, 28.463103],
            [-16.273486, 28.463157],
            [-16.27333, 28.463239],
            [-16.273201, 28.46337],
            [-16.273011, 28.46369],
            [-16.272841, 28.464011],
            [-16.272817, 28.46403],
            [-16.272684, 28.464134],
            [-16.272225, 28.464287],
            [-16.272137, 28.464318],
            [-16.271337, 28.464587],
            [-16.271812, 28.465686],
            [-16.270307, 28.466196],
            [-16.270131, 28.465783],
            [-16.269835, 28.465088],
            [-16.269827, 28.464983],
            [-16.269469, 28.464613],
            [-16.269516, 28.464577],
            [-16.270209, 28.464051],
            [-16.270925, 28.463505],
            [-16.271611, 28.462982],
            [-16.271631, 28.462967],
            [-16.272258, 28.462489],
            [-16.273159, 28.461806]
          ]
        ]
      }
    },
    {
      "type": "Feature",
      "properties": {
        "id": "37",
        "name": "Cuesta Piedra",
        "cityId": "santa-cruz-de-tenerife"
      },
      "geometry": {
        "type": "Polygon",
        "coordinates": [
          [
            [-16.281162, 28.467455],
            [-16.28072, 28.468414],
            [-16.280549, 28.468395],
            [-16.280443, 28.468399],
            [-16.280318, 28.468406],
            [-16.280015, 28.468423],
            [-16.279818, 28.468434],
            [-16.279667, 28.468442],
            [-16.279538, 28.468449],
            [-16.279486, 28.468452],
            [-16.279441, 28.468455],
            [-16.279325, 28.468461],
            [-16.27917, 28.468469],
            [-16.279042, 28.468536],
            [-16.278905, 28.468609],
            [-16.278786, 28.468672],
            [-16.27868, 28.468728],
            [-16.278602, 28.46877],
            [-16.278553, 28.468709],
            [-16.278456, 28.468624],
            [-16.278741, 28.468326],
            [-16.278789, 28.468247],
            [-16.278826, 28.468185],
            [-16.278821, 28.46804],
            [-16.278816, 28.467865],
            [-16.278832, 28.46738],
            [-16.278841, 28.467125],
            [-16.278871, 28.466973],
            [-16.279394, 28.467054],
            [-16.279525, 28.467069],
            [-16.279564, 28.467032],
            [-16.2796, 28.466964],
            [-16.279703, 28.466716],
            [-16.279857, 28.466337],
            [-16.279889, 28.46635],
            [-16.280157, 28.466502],
            [-16.280312, 28.46659],
            [-16.280748, 28.46692],
            [-16.281004, 28.467258],
            [-16.281162, 28.467455]
          ]
        ]
      }
    },
    {
      "type": "Feature",
      "properties": {
        "id": "38",
        "name": "El Peru",
        "cityId": "santa-cruz-de-tenerife"
      },
      "geometry": {
        "type": "Polygon",
        "coordinates": [
          [
            [-16.276989, 28.463456],
            [-16.276836, 28.463686],
            [-16.276638, 28.46387],
            [-16.27644, 28.464019],
            [-16.276276, 28.464143],
            [-16.276237, 28.464217],
            [-16.276205, 28.464279],
            [-16.276212, 28.464367],
            [-16.276221, 28.464467],
            [-16.276263, 28.464569],
            [-16.276332, 28.464648],
            [-16.276358, 28.464658],
            [-16.27643, 28.464686],
            [-16.276368, 28.464898],
            [-16.276188, 28.464808],
            [-16.27605, 28.466072],
            [-16.27602, 28.466234],
            [-16.275995, 28.46633],
            [-16.275927, 28.466593],
            [-16.27582, 28.467007],
            [-16.275645, 28.467319],
            [-16.275469, 28.467635],
            [-16.275257, 28.468016],
            [-16.275151, 28.468404],
            [-16.275064, 28.46872],
            [-16.274946, 28.469168],
            [-16.27485, 28.46954],
            [-16.27473, 28.469506],
            [-16.274657, 28.469485],
            [-16.274507, 28.469442],
            [-16.274234, 28.469363],
            [-16.27393, 28.469275],
            [-16.273734, 28.469217],
            [-16.273533, 28.469119],
            [-16.273321, 28.469016],
            [-16.273048, 28.468883],
            [-16.272831, 28.468777],
            [-16.2725, 28.468616],
            [-16.272243, 28.468491],
            [-16.272045, 28.468394],
            [-16.271951, 28.468348],
            [-16.271807, 28.468278],
            [-16.271733, 28.468246],
            [-16.271404, 28.468101],
            [-16.271221, 28.46802],
            [-16.271064, 28.467985],
            [-16.271058, 28.467972],
            [-16.271016, 28.467858],
            [-16.270988, 28.467787],
            [-16.270905, 28.467603],
            [-16.27072, 28.467169],
            [-16.27056, 28.466792],
            [-16.270307, 28.466196],
            [-16.271812, 28.465686],
            [-16.271337, 28.464587],
            [-16.272137, 28.464318],
            [-16.272225, 28.464287],
            [-16.272684, 28.464134],
            [-16.272841, 28.464011],
            [-16.273011, 28.46369],
            [-16.273201, 28.46337],
            [-16.27333, 28.463239],
            [-16.273486, 28.463157],
            [-16.273601, 28.463103],
            [-16.274015, 28.463009],
            [-16.274707, 28.462908],
            [-16.27479, 28.462896],
            [-16.274867, 28.462884],
            [-16.275284, 28.462688],
            [-16.275605, 28.462453],
            [-16.276027, 28.462212],
            [-16.276162, 28.462157],
            [-16.276345, 28.462137],
            [-16.276501, 28.462151],
            [-16.276623, 28.462213],
            [-16.27674, 28.462296],
            [-16.276771, 28.462349],
            [-16.276822, 28.462437],
            [-16.276852, 28.462604],
            [-16.276925, 28.463024],
            [-16.27695, 28.463182],
            [-16.276989, 28.463456]
          ]
        ]
      }
    },
    {
      "type": "Feature",
      "properties": {
        "id": "39",
        "name": "Villa Benitez",
        "cityId": "santa-cruz-de-tenerife"
      },
      "geometry": {
        "type": "Polygon",
        "coordinates": [
          [
            [-16.282826, 28.464165],
            [-16.282807, 28.464361],
            [-16.282794, 28.464488],
            [-16.282745, 28.464609],
            [-16.282675, 28.464783],
            [-16.282654, 28.464945],
            [-16.282663, 28.465081],
            [-16.282688, 28.465197],
            [-16.282105, 28.465612],
            [-16.281752, 28.46617],
            [-16.281162, 28.467455],
            [-16.281004, 28.467258],
            [-16.280748, 28.46692],
            [-16.280312, 28.46659],
            [-16.280157, 28.466502],
            [-16.279889, 28.46635],
            [-16.279857, 28.466337],
            [-16.279655, 28.466254],
            [-16.279005, 28.465988],
            [-16.2784, 28.465741],
            [-16.277676, 28.465441],
            [-16.277486, 28.465362],
            [-16.27677, 28.465065],
            [-16.276368, 28.464898],
            [-16.27643, 28.464686],
            [-16.276471, 28.464701],
            [-16.276631, 28.46472],
            [-16.276798, 28.464685],
            [-16.276989, 28.464614],
            [-16.277125, 28.464564],
            [-16.277352, 28.464499],
            [-16.277567, 28.464451],
            [-16.277914, 28.464362],
            [-16.278325, 28.464276],
            [-16.278712, 28.4642],
            [-16.278915, 28.464125],
            [-16.279146, 28.46404],
            [-16.279315, 28.463919],
            [-16.279544, 28.463667],
            [-16.279789, 28.463371],
            [-16.279964, 28.463152],
            [-16.280088, 28.462971],
            [-16.280207, 28.462798],
            [-16.280217, 28.462742],
            [-16.280241, 28.462597],
            [-16.280212, 28.462491],
            [-16.280188, 28.462405],
            [-16.280041, 28.462153],
            [-16.279928, 28.461959],
            [-16.2798, 28.461619],
            [-16.279814, 28.461501],
            [-16.27982, 28.461452],
            [-16.279883, 28.461357],
            [-16.279949, 28.461257],
            [-16.280066, 28.461159],
            [-16.280215, 28.461035],
            [-16.280417, 28.460924],
            [-16.280558, 28.460846],
            [-16.280663, 28.460788],
            [-16.280785, 28.460715],
            [-16.280858, 28.460671],
            [-16.28105, 28.460497],
            [-16.281279, 28.46029],
            [-16.281663, 28.459943],
            [-16.281822, 28.459834],
            [-16.281945, 28.459816],
            [-16.282047, 28.459802],
            [-16.282195, 28.459839],
            [-16.2823, 28.459871],
            [-16.282304, 28.459865],
            [-16.282456, 28.459988],
            [-16.282561, 28.460192],
            [-16.282548, 28.460391],
            [-16.282428, 28.460622],
            [-16.282274, 28.46092],
            [-16.28225, 28.460967],
            [-16.282187, 28.461173],
            [-16.282205, 28.46134],
            [-16.282232, 28.461483],
            [-16.28231, 28.461822],
            [-16.282505, 28.462675],
            [-16.282609, 28.463148],
            [-16.282699, 28.463553],
            [-16.282751, 28.463792],
            [-16.282826, 28.464165]
          ]
        ]
      }
    },
    {
      "type": "Feature",
      "properties": {
        "id": "4",
        "name": "La Gallega",
        "cityId": "santa-cruz-de-tenerife"
      },
      "geometry": {
        "type": "Polygon",
        "coordinates": [
          [
            [-16.321799, 28.438255],
            [-16.321716, 28.438231],
            [-16.321578, 28.438221],
            [-16.321462, 28.438213],
            [-16.321398, 28.438127],
            [-16.321298, 28.438058],
            [-16.321242, 28.43803],
            [-16.321108, 28.437966],
            [-16.321006, 28.437917],
            [-16.320904, 28.437868],
            [-16.320815, 28.437793],
            [-16.320697, 28.437695],
            [-16.320608, 28.437619],
            [-16.320533, 28.437578],
            [-16.32042, 28.437515],
            [-16.320345, 28.437492],
            [-16.320218, 28.437451],
            [-16.320138, 28.437476],
            [-16.320002, 28.437519],
            [-16.319907, 28.437577],
            [-16.319817, 28.437633],
            [-16.319754, 28.437681],
            [-16.319696, 28.437725],
            [-16.319616, 28.437788],
            [-16.319561, 28.437867],
            [-16.319521, 28.437926],
            [-16.319524, 28.437997],
            [-16.319528, 28.438075],
            [-16.319541, 28.438248],
            [-16.319548, 28.438337],
            [-16.319421, 28.438378],
            [-16.319377, 28.438377],
            [-16.319256, 28.438373],
            [-16.319069, 28.438375],
            [-16.318995, 28.438389],
            [-16.318853, 28.438417],
            [-16.318789, 28.438433],
            [-16.318688, 28.438457],
            [-16.31858, 28.438497],
            [-16.318525, 28.438526],
            [-16.318428, 28.438533],
            [-16.31838, 28.438516],
            [-16.318309, 28.438491],
            [-16.318278, 28.43848],
            [-16.318248, 28.438469],
            [-16.318196, 28.438428],
            [-16.318142, 28.438384],
            [-16.31812, 28.438338],
            [-16.318096, 28.438285],
            [-16.318027, 28.438213],
            [-16.317955, 28.438148],
            [-16.317876, 28.438076],
            [-16.317787, 28.438064],
            [-16.317696, 28.438051],
            [-16.31751, 28.438053],
            [-16.31736, 28.438054],
            [-16.317267, 28.43805],
            [-16.317113, 28.438044],
            [-16.317008, 28.438007],
            [-16.316872, 28.43796],
            [-16.31681, 28.437915],
            [-16.316729, 28.437856],
            [-16.316653, 28.437757],
            [-16.316549, 28.437695],
            [-16.316427, 28.437647],
            [-16.31629, 28.437478],
            [-16.316189, 28.437355],
            [-16.316095, 28.437269],
            [-16.316026, 28.437229],
            [-16.316376, 28.436757],
            [-16.316509, 28.43644],
            [-16.316633, 28.436206],
            [-16.316781, 28.435787],
            [-16.316888, 28.435348],
            [-16.316945, 28.434854],
            [-16.317087, 28.433786],
            [-16.317088, 28.433508],
            [-16.316854, 28.432867],
            [-16.316791, 28.431524],
            [-16.3168, 28.43104],
            [-16.316821, 28.430844],
            [-16.316877, 28.430665],
            [-16.31697, 28.430434],
            [-16.317164, 28.430159],
            [-16.317274, 28.430026],
            [-16.317376, 28.429772],
            [-16.317465, 28.429547],
            [-16.317469, 28.429475],
            [-16.317398, 28.429385],
            [-16.31736, 28.429249],
            [-16.317339, 28.429058],
            [-16.317367, 28.428968],
            [-16.317437, 28.428787],
            [-16.317469, 28.428652],
            [-16.317491, 28.428549],
            [-16.31748, 28.428405],
            [-16.317409, 28.428145],
            [-16.317359, 28.427967],
            [-16.31747, 28.427909],
            [-16.318059, 28.427404],
            [-16.319621, 28.426138],
            [-16.320087, 28.425762],
            [-16.321613, 28.424631],
            [-16.321479, 28.42442],
            [-16.321071, 28.424133],
            [-16.32154, 28.423965],
            [-16.32191, 28.423833],
            [-16.322289, 28.423627],
            [-16.322576, 28.423446],
            [-16.323007, 28.423204],
            [-16.323132, 28.423209],
            [-16.323292, 28.42327],
            [-16.323558, 28.42345],
            [-16.32363, 28.423503],
            [-16.32393, 28.423594],
            [-16.324437, 28.423574],
            [-16.324812, 28.423498],
            [-16.32509, 28.423422],
            [-16.325634, 28.423405],
            [-16.325718, 28.423383],
            [-16.325938, 28.423486],
            [-16.32605, 28.423553],
            [-16.326527, 28.423971],
            [-16.327148, 28.424508],
            [-16.32742, 28.424741],
            [-16.327609, 28.425344],
            [-16.327712, 28.425681],
            [-16.327806, 28.425991],
            [-16.327824, 28.426038],
            [-16.328008, 28.426429],
            [-16.328189, 28.426812],
            [-16.328335, 28.427142],
            [-16.328459, 28.427421],
            [-16.328548, 28.42762],
            [-16.328426, 28.427687],
            [-16.328306, 28.427795],
            [-16.328172, 28.427931],
            [-16.328056, 28.428051],
            [-16.328045, 28.42807],
            [-16.327992, 28.428144],
            [-16.32794, 28.428223],
            [-16.327876, 28.428314],
            [-16.32784, 28.428368],
            [-16.327809, 28.428424],
            [-16.327742, 28.428508],
            [-16.327693, 28.428566],
            [-16.32763, 28.428626],
            [-16.327541, 28.428693],
            [-16.327455, 28.428762],
            [-16.32733, 28.428848],
            [-16.32721, 28.42892],
            [-16.327132, 28.42898],
            [-16.326858, 28.429162],
            [-16.326677, 28.429296],
            [-16.326767, 28.429358],
            [-16.326829, 28.429388],
            [-16.326886, 28.429403],
            [-16.326973, 28.429413],
            [-16.327025, 28.429418],
            [-16.327115, 28.42943],
            [-16.327143, 28.429448],
            [-16.327211, 28.429522],
            [-16.327267, 28.429593],
            [-16.327294, 28.429635],
            [-16.327327, 28.429705],
            [-16.327368, 28.429827],
            [-16.327415, 28.429946],
            [-16.327464, 28.430057],
            [-16.327495, 28.430122],
            [-16.32752, 28.430181],
            [-16.327549, 28.430263],
            [-16.327579, 28.430345],
            [-16.327607, 28.430425],
            [-16.327633, 28.43046],
            [-16.327656, 28.43049],
            [-16.327702, 28.430572],
            [-16.327737, 28.430638],
            [-16.327776, 28.43071],
            [-16.327796, 28.430749],
            [-16.327764, 28.430807],
            [-16.327637, 28.431022],
            [-16.327562, 28.431232],
            [-16.327487, 28.43144],
            [-16.327461, 28.431921],
            [-16.327484, 28.432048],
            [-16.327579, 28.432565],
            [-16.327594, 28.432647],
            [-16.327698, 28.4329],
            [-16.327983, 28.433592],
            [-16.328212, 28.434158],
            [-16.328338, 28.434484],
            [-16.328468, 28.434819],
            [-16.328678, 28.435359],
            [-16.328753, 28.435554],
            [-16.328858, 28.435824],
            [-16.328938, 28.436029],
            [-16.329006, 28.436203],
            [-16.329048, 28.43631],
            [-16.329056, 28.436336],
            [-16.32916, 28.436696],
            [-16.329074, 28.436704],
            [-16.328941, 28.436748],
            [-16.328801, 28.436818],
            [-16.328738, 28.436854],
            [-16.328681, 28.436933],
            [-16.328546, 28.43698],
            [-16.328479, 28.436986],
            [-16.32837, 28.436995],
            [-16.328249, 28.43701],
            [-16.328058, 28.437085],
            [-16.327906, 28.437168],
            [-16.327577, 28.43734],
            [-16.327474, 28.437354],
            [-16.327361, 28.43729],
            [-16.327241, 28.437304],
            [-16.327129, 28.437311],
            [-16.326913, 28.437366],
            [-16.326871, 28.437365],
            [-16.326811, 28.437363],
            [-16.326741, 28.437361],
            [-16.326697, 28.437355],
            [-16.326612, 28.437343],
            [-16.326517, 28.437417],
            [-16.326471, 28.437441],
            [-16.326294, 28.437531],
            [-16.326076, 28.437594],
            [-16.325988, 28.43764],
            [-16.325937, 28.437686],
            [-16.325914, 28.437769],
            [-16.325864, 28.437932],
            [-16.3258, 28.438105],
            [-16.325779, 28.438105],
            [-16.325658, 28.438109],
            [-16.325531, 28.438113],
            [-16.325447, 28.438115],
            [-16.325312, 28.438089],
            [-16.325268, 28.438087],
            [-16.325088, 28.438078],
            [-16.32505, 28.438106],
            [-16.324965, 28.438138],
            [-16.324768, 28.438214],
            [-16.324679, 28.438234],
            [-16.324598, 28.438253],
            [-16.32432, 28.438317],
            [-16.32427, 28.438358],
            [-16.324237, 28.43837],
            [-16.324136, 28.438403],
            [-16.323956, 28.43846],
            [-16.323877, 28.438453],
            [-16.323813, 28.438448],
            [-16.323755, 28.438427],
            [-16.323702, 28.438407],
            [-16.323654, 28.43839],
            [-16.323601, 28.438381],
            [-16.323537, 28.438371],
            [-16.323494, 28.438374],
            [-16.323421, 28.438379],
            [-16.323374, 28.438383],
            [-16.32332, 28.438387],
            [-16.323253, 28.438384],
            [-16.323124, 28.438378],
            [-16.322981, 28.438367],
            [-16.322901, 28.438358],
            [-16.322721, 28.438307],
            [-16.322548, 28.438236],
            [-16.322467, 28.438229],
            [-16.322443, 28.438255],
            [-16.322398, 28.438337],
            [-16.322383, 28.43839],
            [-16.322363, 28.438463],
            [-16.32234, 28.438506],
            [-16.322318, 28.438551],
            [-16.322289, 28.438609],
            [-16.322247, 28.438647],
            [-16.322216, 28.438675],
            [-16.322146, 28.438668],
            [-16.322096, 28.438663],
            [-16.322048, 28.438631],
            [-16.321997, 28.438598],
            [-16.321966, 28.438525],
            [-16.321953, 28.438465],
            [-16.321927, 28.43834],
            [-16.321888, 28.438281],
            [-16.321799, 28.438255]
          ]
        ]
      }
    },
    {
      "type": "Feature",
      "properties": {
        "id": "40",
        "name": "Los Gladiolos",
        "cityId": "santa-cruz-de-tenerife"
      },
      "geometry": {
        "type": "Polygon",
        "coordinates": [
          [
            [-16.266101, 28.461147],
            [-16.264975, 28.46],
            [-16.264532, 28.45953],
            [-16.264199, 28.459186],
            [-16.26419, 28.459177],
            [-16.264351, 28.458512],
            [-16.264591, 28.457591],
            [-16.264783, 28.457292],
            [-16.264786, 28.457283],
            [-16.264826, 28.457147],
            [-16.264963, 28.456695],
            [-16.265023, 28.456501],
            [-16.265357, 28.456286],
            [-16.265509, 28.45628],
            [-16.265607, 28.45628],
            [-16.265712, 28.456279],
            [-16.265794, 28.456284],
            [-16.265848, 28.456288],
            [-16.265922, 28.456292],
            [-16.265996, 28.456297],
            [-16.266091, 28.456296],
            [-16.266174, 28.456296],
            [-16.266295, 28.456294],
            [-16.266348, 28.456291],
            [-16.266409, 28.456288],
            [-16.266535, 28.456286],
            [-16.26661, 28.456288],
            [-16.266699, 28.456291],
            [-16.266791, 28.456302],
            [-16.266861, 28.45631],
            [-16.266965, 28.456322],
            [-16.267012, 28.456345],
            [-16.267071, 28.456372],
            [-16.267139, 28.456431],
            [-16.267158, 28.456458],
            [-16.267158, 28.456459],
            [-16.2672, 28.456532],
            [-16.267265, 28.456656],
            [-16.26732, 28.456759],
            [-16.267366, 28.456846],
            [-16.26751, 28.457002],
            [-16.267626, 28.457128],
            [-16.267676, 28.457153],
            [-16.267872, 28.45725],
            [-16.26801, 28.457339],
            [-16.268208, 28.457468],
            [-16.268265, 28.4575],
            [-16.268265, 28.4575],
            [-16.268293, 28.457516],
            [-16.268371, 28.45758],
            [-16.268532, 28.457721],
            [-16.268754, 28.457939],
            [-16.268936, 28.45811],
            [-16.269078, 28.458242],
            [-16.269255, 28.458453],
            [-16.269399, 28.458626],
            [-16.269541, 28.458793],
            [-16.269693, 28.458944],
            [-16.269778, 28.459028],
            [-16.269862, 28.459112],
            [-16.269932, 28.459188],
            [-16.269984, 28.459258],
            [-16.269999, 28.459278],
            [-16.270052, 28.45935],
            [-16.270153, 28.459461],
            [-16.270235, 28.45955],
            [-16.270363, 28.45969],
            [-16.270496, 28.459815],
            [-16.27066, 28.459968],
            [-16.270731, 28.460008],
            [-16.270736, 28.460011],
            [-16.270794, 28.460048],
            [-16.270933, 28.460136],
            [-16.271101, 28.460243],
            [-16.271226, 28.460305],
            [-16.271464, 28.460425],
            [-16.271613, 28.460499],
            [-16.271754, 28.46057],
            [-16.271934, 28.460661],
            [-16.272055, 28.460721],
            [-16.272149, 28.460745],
            [-16.27225, 28.46077],
            [-16.272309, 28.460768],
            [-16.272429, 28.460768],
            [-16.272519, 28.460796],
            [-16.272624, 28.46083],
            [-16.272699, 28.460888],
            [-16.272783, 28.460953],
            [-16.272835, 28.460994],
            [-16.272888, 28.461036],
            [-16.273105, 28.461112],
            [-16.273386, 28.46122],
            [-16.273521, 28.461274],
            [-16.273734, 28.461374],
            [-16.273159, 28.461806],
            [-16.272258, 28.462489],
            [-16.271631, 28.462967],
            [-16.271611, 28.462982],
            [-16.270925, 28.463505],
            [-16.270209, 28.464051],
            [-16.269516, 28.464577],
            [-16.269469, 28.464613],
            [-16.268204, 28.46331],
            [-16.266728, 28.461787],
            [-16.266101, 28.461147]
          ]
        ]
      }
    },
    {
      "type": "Feature",
      "properties": {
        "id": "41",
        "name": "Somosierra",
        "cityId": "santa-cruz-de-tenerife"
      },
      "geometry": {
        "type": "Polygon",
        "coordinates": [
          [
            [-16.269143, 28.455361],
            [-16.269147, 28.455357],
            [-16.269156, 28.455358],
            [-16.269485, 28.455274],
            [-16.270325, 28.454788],
            [-16.270599, 28.454808],
            [-16.270765, 28.454808],
            [-16.271621, 28.454844],
            [-16.271771, 28.454856],
            [-16.271773, 28.454924],
            [-16.271778, 28.455054],
            [-16.271781, 28.455162],
            [-16.271784, 28.455345],
            [-16.2718, 28.455397],
            [-16.271834, 28.455462],
            [-16.27186, 28.455509],
            [-16.271897, 28.455572],
            [-16.271998, 28.455695],
            [-16.272126, 28.455838],
            [-16.272461, 28.456212],
            [-16.272676, 28.456454],
            [-16.272729, 28.456543],
            [-16.272786, 28.456723],
            [-16.272941, 28.457213],
            [-16.273061, 28.457592],
            [-16.273039, 28.457757],
            [-16.273021, 28.457886],
            [-16.273012, 28.45795],
            [-16.273005, 28.458007],
            [-16.273001, 28.458019],
            [-16.272939, 28.458229],
            [-16.272855, 28.458323],
            [-16.272748, 28.458443],
            [-16.27252, 28.458625],
            [-16.272338, 28.458769],
            [-16.272186, 28.45889],
            [-16.272109, 28.458951],
            [-16.272042, 28.459004],
            [-16.271999, 28.459039],
            [-16.271692, 28.459284],
            [-16.271671, 28.4593],
            [-16.270903, 28.459871],
            [-16.270736, 28.460011],
            [-16.270731, 28.460008],
            [-16.27066, 28.459968],
            [-16.270496, 28.459815],
            [-16.270363, 28.45969],
            [-16.270235, 28.45955],
            [-16.270153, 28.459461],
            [-16.270052, 28.45935],
            [-16.269999, 28.459278],
            [-16.269984, 28.459258],
            [-16.269932, 28.459188],
            [-16.269862, 28.459112],
            [-16.269778, 28.459028],
            [-16.269693, 28.458944],
            [-16.269541, 28.458793],
            [-16.269399, 28.458626],
            [-16.269255, 28.458453],
            [-16.269078, 28.458242],
            [-16.268936, 28.45811],
            [-16.268754, 28.457939],
            [-16.268532, 28.457721],
            [-16.268371, 28.45758],
            [-16.268293, 28.457516],
            [-16.268265, 28.4575],
            [-16.268265, 28.4575],
            [-16.268208, 28.457468],
            [-16.26801, 28.457339],
            [-16.267872, 28.45725],
            [-16.267676, 28.457153],
            [-16.267626, 28.457128],
            [-16.26751, 28.457002],
            [-16.267366, 28.456846],
            [-16.26732, 28.456759],
            [-16.267265, 28.456656],
            [-16.2672, 28.456532],
            [-16.267158, 28.456459],
            [-16.267282, 28.456403],
            [-16.267715, 28.456211],
            [-16.267881, 28.456137],
            [-16.268371, 28.455836],
            [-16.268808, 28.455567],
            [-16.269143, 28.455361]
          ]
        ]
      }
    },
    {
      "type": "Feature",
      "properties": {
        "id": "42",
        "name": "Chimisay",
        "cityId": "santa-cruz-de-tenerife"
      },
      "geometry": {
        "type": "Polygon",
        "coordinates": [
          [
            [-16.284213, 28.459741],
            [-16.284112, 28.459747],
            [-16.28399, 28.459754],
            [-16.283817, 28.459764],
            [-16.283591, 28.459777],
            [-16.283221, 28.459799],
            [-16.282867, 28.459819],
            [-16.28268, 28.45983],
            [-16.282394, 28.459722],
            [-16.282237, 28.459663],
            [-16.28208, 28.459605],
            [-16.281955, 28.459558],
            [-16.281941, 28.459553],
            [-16.281845, 28.459517],
            [-16.281764, 28.459487],
            [-16.281539, 28.459292],
            [-16.281361, 28.459138],
            [-16.281275, 28.45909],
            [-16.28112, 28.459002],
            [-16.280911, 28.458883],
            [-16.280664, 28.458743],
            [-16.280464, 28.45863],
            [-16.280358, 28.458615],
            [-16.280156, 28.458587],
            [-16.280011, 28.458566],
            [-16.280611, 28.457869],
            [-16.280735, 28.457772],
            [-16.281319, 28.457225],
            [-16.281533, 28.457023],
            [-16.282043, 28.456524],
            [-16.281866, 28.456439],
            [-16.281601, 28.456318],
            [-16.281235, 28.456152],
            [-16.280467, 28.455803],
            [-16.279712, 28.455456],
            [-16.279191, 28.455212],
            [-16.279035, 28.455147],
            [-16.278786, 28.455042],
            [-16.279248, 28.454305],
            [-16.279519, 28.453869],
            [-16.279776, 28.453472],
            [-16.279851, 28.453488],
            [-16.280056, 28.453534],
            [-16.280321, 28.453592],
            [-16.280744, 28.453685],
            [-16.281053, 28.453753],
            [-16.281052, 28.453779],
            [-16.281051, 28.453827],
            [-16.281049, 28.453873],
            [-16.281048, 28.453911],
            [-16.281052, 28.453966],
            [-16.281056, 28.454013],
            [-16.281091, 28.454082],
            [-16.281129, 28.454157],
            [-16.281342, 28.454583],
            [-16.281397, 28.454689],
            [-16.281433, 28.454754],
            [-16.281461, 28.454779],
            [-16.281497, 28.454812],
            [-16.28155, 28.454836],
            [-16.281675, 28.45488],
            [-16.281959, 28.454979],
            [-16.282208, 28.455066],
            [-16.282497, 28.455166],
            [-16.283276, 28.455439],
            [-16.283563, 28.455546],
            [-16.283843, 28.455645],
            [-16.28397, 28.455684],
            [-16.283856, 28.455923],
            [-16.283807, 28.456012],
            [-16.283705, 28.456183],
            [-16.283577, 28.456324],
            [-16.283477, 28.456378],
            [-16.283574, 28.456491],
            [-16.283867, 28.456861],
            [-16.283939, 28.456944],
            [-16.283986, 28.457045],
            [-16.284023, 28.457385],
            [-16.28412, 28.458648],
            [-16.284135, 28.458821],
            [-16.284184, 28.459408],
            [-16.284213, 28.459741]
          ]
        ]
      }
    },
    {
      "type": "Feature",
      "properties": {
        "id": "43",
        "name": "Las Delicias",
        "cityId": "santa-cruz-de-tenerife"
      },
      "geometry": {
        "type": "Polygon",
        "coordinates": [
          [
            [-16.286329, 28.450445],
            [-16.286256, 28.450607],
            [-16.286106, 28.450935],
            [-16.285943, 28.451293],
            [-16.28581, 28.451587],
            [-16.285761, 28.451695],
            [-16.285573, 28.452108],
            [-16.285432, 28.452417],
            [-16.285285, 28.452773],
            [-16.284979, 28.453455],
            [-16.284972, 28.45347],
            [-16.284611, 28.454263],
            [-16.284341, 28.454864],
            [-16.28397, 28.455684],
            [-16.283843, 28.455645],
            [-16.283563, 28.455546],
            [-16.283276, 28.455439],
            [-16.282497, 28.455166],
            [-16.282208, 28.455066],
            [-16.281959, 28.454979],
            [-16.281675, 28.45488],
            [-16.28155, 28.454836],
            [-16.281497, 28.454812],
            [-16.281461, 28.454779],
            [-16.281433, 28.454754],
            [-16.281397, 28.454689],
            [-16.281342, 28.454583],
            [-16.281129, 28.454157],
            [-16.281091, 28.454082],
            [-16.281056, 28.454013],
            [-16.281052, 28.453966],
            [-16.281048, 28.453911],
            [-16.281049, 28.453873],
            [-16.281051, 28.453827],
            [-16.281052, 28.453779],
            [-16.281053, 28.453753],
            [-16.280744, 28.453685],
            [-16.280321, 28.453592],
            [-16.280056, 28.453534],
            [-16.279851, 28.453488],
            [-16.279776, 28.453472],
            [-16.279519, 28.453869],
            [-16.279248, 28.454305],
            [-16.278786, 28.455042],
            [-16.278439, 28.45489],
            [-16.278373, 28.454839],
            [-16.278308, 28.454781],
            [-16.278219, 28.454703],
            [-16.278165, 28.45461],
            [-16.278128, 28.454548],
            [-16.278093, 28.454424],
            [-16.278073, 28.45416],
            [-16.278038, 28.453723],
            [-16.277997, 28.452967],
            [-16.277851, 28.452591],
            [-16.277574, 28.451871],
            [-16.277437, 28.451517],
            [-16.277371, 28.451433],
            [-16.277187, 28.451197],
            [-16.276993, 28.450948],
            [-16.277303, 28.450775],
            [-16.277692, 28.450559],
            [-16.278077, 28.450345],
            [-16.278438, 28.450145],
            [-16.278781, 28.449954],
            [-16.27897, 28.449849],
            [-16.279217, 28.44996],
            [-16.279454, 28.450067],
            [-16.279673, 28.450165],
            [-16.279856, 28.45029],
            [-16.279891, 28.450393],
            [-16.279761, 28.450641],
            [-16.27958, 28.450985],
            [-16.27957, 28.45103],
            [-16.279981, 28.451173],
            [-16.280288, 28.451202],
            [-16.280504, 28.451222],
            [-16.280713, 28.451319],
            [-16.280841, 28.451388],
            [-16.281052, 28.451511],
            [-16.281307, 28.451681],
            [-16.281515, 28.451824],
            [-16.281749, 28.451695],
            [-16.281857, 28.451636],
            [-16.281901, 28.451605],
            [-16.282074, 28.451483],
            [-16.282372, 28.451273],
            [-16.282769, 28.450993],
            [-16.282968, 28.450853],
            [-16.283248, 28.450655],
            [-16.283424, 28.450531],
            [-16.283694, 28.450341],
            [-16.284071, 28.450076],
            [-16.284329, 28.449894],
            [-16.284541, 28.449744],
            [-16.284661, 28.449883],
            [-16.284825, 28.450072],
            [-16.284943, 28.450208],
            [-16.285044, 28.450326],
            [-16.28513, 28.450425],
            [-16.285232, 28.450453],
            [-16.285437, 28.450452],
            [-16.285827, 28.450449],
            [-16.286062, 28.450447],
            [-16.286329, 28.450445]
          ]
        ]
      }
    },
    {
      "type": "Feature",
      "properties": {
        "id": "44",
        "name": "Tio Pino",
        "cityId": "santa-cruz-de-tenerife"
      },
      "geometry": {
        "type": "Polygon",
        "coordinates": [
          [
            [-16.274192, 28.461527],
            [-16.274007, 28.461456],
            [-16.273903, 28.461416],
            [-16.273815, 28.461405],
            [-16.273734, 28.461374],
            [-16.273521, 28.461274],
            [-16.273386, 28.46122],
            [-16.273105, 28.461112],
            [-16.272888, 28.461036],
            [-16.272835, 28.460994],
            [-16.272783, 28.460953],
            [-16.272699, 28.460888],
            [-16.272624, 28.46083],
            [-16.272519, 28.460796],
            [-16.272429, 28.460768],
            [-16.272309, 28.460768],
            [-16.27225, 28.46077],
            [-16.272149, 28.460745],
            [-16.272055, 28.460721],
            [-16.271934, 28.460661],
            [-16.271754, 28.46057],
            [-16.271613, 28.460499],
            [-16.271464, 28.460425],
            [-16.271226, 28.460305],
            [-16.271101, 28.460243],
            [-16.270933, 28.460136],
            [-16.270794, 28.460048],
            [-16.270736, 28.460011],
            [-16.270903, 28.459871],
            [-16.271671, 28.4593],
            [-16.271692, 28.459284],
            [-16.271999, 28.459039],
            [-16.272042, 28.459004],
            [-16.272109, 28.458951],
            [-16.272186, 28.45889],
            [-16.272338, 28.458769],
            [-16.27252, 28.458625],
            [-16.272748, 28.458443],
            [-16.272855, 28.458323],
            [-16.272939, 28.458229],
            [-16.273001, 28.458019],
            [-16.273005, 28.458007],
            [-16.273012, 28.45795],
            [-16.273021, 28.457886],
            [-16.273039, 28.457757],
            [-16.273061, 28.457592],
            [-16.273114, 28.457203],
            [-16.273225, 28.457465],
            [-16.273358, 28.457749],
            [-16.27358, 28.45834],
            [-16.27367, 28.458634],
            [-16.273753, 28.458905],
            [-16.274131, 28.460068],
            [-16.274779, 28.460381],
            [-16.274856, 28.460418],
            [-16.275553, 28.460826],
            [-16.275725, 28.460946],
            [-16.27568, 28.461101],
            [-16.275674, 28.461101],
            [-16.275638, 28.461207],
            [-16.275592, 28.461347],
            [-16.275588, 28.461346],
            [-16.275487, 28.461311],
            [-16.275432, 28.461326],
            [-16.275336, 28.461352],
            [-16.275262, 28.461372],
            [-16.275175, 28.46142],
            [-16.275125, 28.461448],
            [-16.275068, 28.46148],
            [-16.275023, 28.461505],
            [-16.27494, 28.461494],
            [-16.274869, 28.461484],
            [-16.27478, 28.461494],
            [-16.274711, 28.461502],
            [-16.274604, 28.461514],
            [-16.274479, 28.461528],
            [-16.274364, 28.461528],
            [-16.274304, 28.461527],
            [-16.274192, 28.461527]
          ]
        ]
      }
    },
    {
      "type": "Feature",
      "properties": {
        "id": "45",
        "name": "Miramar",
        "cityId": "santa-cruz-de-tenerife"
      },
      "geometry": {
        "type": "Polygon",
        "coordinates": [
          [
            [-16.276451, 28.455748],
            [-16.276177, 28.455525],
            [-16.276121, 28.455477],
            [-16.276048, 28.455413],
            [-16.275971, 28.45532],
            [-16.275948, 28.455212],
            [-16.27594, 28.455154],
            [-16.275961, 28.45507],
            [-16.276062, 28.454791],
            [-16.276009, 28.454691],
            [-16.275534, 28.454653],
            [-16.275595, 28.454551],
            [-16.275683, 28.454403],
            [-16.275719, 28.454342],
            [-16.275777, 28.454273],
            [-16.275922, 28.454095],
            [-16.276064, 28.453922],
            [-16.276268, 28.453673],
            [-16.276539, 28.453344],
            [-16.276728, 28.453113],
            [-16.276901, 28.452902],
            [-16.277048, 28.452723],
            [-16.27716, 28.452758],
            [-16.27741, 28.452833],
            [-16.27743, 28.452837],
            [-16.27751, 28.452856],
            [-16.277708, 28.452901],
            [-16.277997, 28.452967],
            [-16.278038, 28.453723],
            [-16.278073, 28.45416],
            [-16.278093, 28.454424],
            [-16.278128, 28.454548],
            [-16.278165, 28.45461],
            [-16.278219, 28.454703],
            [-16.278308, 28.454781],
            [-16.278373, 28.454839],
            [-16.278439, 28.45489],
            [-16.278786, 28.455042],
            [-16.279035, 28.455147],
            [-16.279191, 28.455212],
            [-16.279712, 28.455456],
            [-16.279498, 28.455814],
            [-16.279486, 28.456002],
            [-16.279463, 28.456101],
            [-16.279372, 28.456096],
            [-16.278879, 28.456032],
            [-16.278557, 28.455941],
            [-16.278385, 28.455721],
            [-16.278329, 28.455677],
            [-16.278223, 28.455696],
            [-16.27745, 28.456053],
            [-16.277268, 28.456133],
            [-16.276709, 28.455925],
            [-16.276615, 28.455888],
            [-16.276451, 28.455748]
          ]
        ]
      }
    },
    {
      "type": "Feature",
      "properties": {
        "id": "46",
        "name": "Cesar Casariego",
        "cityId": "santa-cruz-de-tenerife"
      },
      "geometry": {
        "type": "Polygon",
        "coordinates": [
          [
            [-16.287497, 28.458514],
            [-16.28749, 28.458521],
            [-16.287434, 28.45858],
            [-16.287342, 28.458666],
            [-16.287257, 28.458747],
            [-16.28716, 28.458909],
            [-16.287054, 28.459088],
            [-16.286812, 28.459495],
            [-16.286533, 28.459963],
            [-16.28625, 28.460426],
            [-16.2862, 28.460483],
            [-16.28615, 28.460539],
            [-16.286079, 28.460619],
            [-16.286047, 28.460653],
            [-16.285967, 28.460715],
            [-16.285844, 28.460809],
            [-16.285596, 28.460671],
            [-16.285163, 28.46043],
            [-16.28459, 28.460112],
            [-16.284248, 28.459944],
            [-16.284213, 28.459741],
            [-16.284184, 28.459408],
            [-16.284135, 28.458821],
            [-16.28412, 28.458648],
            [-16.284023, 28.457385],
            [-16.283986, 28.457045],
            [-16.283939, 28.456944],
            [-16.283867, 28.456861],
            [-16.283574, 28.456491],
            [-16.283477, 28.456378],
            [-16.283577, 28.456324],
            [-16.283705, 28.456183],
            [-16.283807, 28.456012],
            [-16.283856, 28.455923],
            [-16.28397, 28.455684],
            [-16.284341, 28.454864],
            [-16.284611, 28.454263],
            [-16.284808, 28.454331],
            [-16.285232, 28.454481],
            [-16.285308, 28.45451],
            [-16.285431, 28.454559],
            [-16.285532, 28.454598],
            [-16.285556, 28.45461],
            [-16.28564, 28.454653],
            [-16.285727, 28.454724],
            [-16.285764, 28.454801],
            [-16.285794, 28.454859],
            [-16.285815, 28.454957],
            [-16.285852, 28.455422],
            [-16.285887, 28.455862],
            [-16.285896, 28.455973],
            [-16.285914, 28.456067],
            [-16.28594, 28.456135],
            [-16.285976, 28.456206],
            [-16.286005, 28.456259],
            [-16.286099, 28.456411],
            [-16.286272, 28.456686],
            [-16.28651, 28.457064],
            [-16.286856, 28.457602],
            [-16.287209, 28.458172],
            [-16.287237, 28.458216],
            [-16.287497, 28.458514]
          ]
        ]
      }
    },
    {
      "type": "Feature",
      "properties": {
        "id": "47",
        "name": "Juan Xxiii",
        "cityId": "santa-cruz-de-tenerife"
      },
      "geometry": {
        "type": "Polygon",
        "coordinates": [
          [
            [-16.287359, 28.448249],
            [-16.287123, 28.448721],
            [-16.286775, 28.44948],
            [-16.286622, 28.449815],
            [-16.286329, 28.450445],
            [-16.286062, 28.450447],
            [-16.285827, 28.450449],
            [-16.285437, 28.450452],
            [-16.285232, 28.450453],
            [-16.28513, 28.450425],
            [-16.285044, 28.450326],
            [-16.284943, 28.450208],
            [-16.284825, 28.450072],
            [-16.284661, 28.449883],
            [-16.284541, 28.449744],
            [-16.284852, 28.449487],
            [-16.285131, 28.449259],
            [-16.285211, 28.449192],
            [-16.285464, 28.449025],
            [-16.285726, 28.448901],
            [-16.286037, 28.448761],
            [-16.286283, 28.448657],
            [-16.286491, 28.44857],
            [-16.286696, 28.448485],
            [-16.28679, 28.448446],
            [-16.28718, 28.448309],
            [-16.287359, 28.448249]
          ]
        ]
      }
    },
    {
      "type": "Feature",
      "properties": {
        "id": "48",
        "name": "Las Retamas",
        "cityId": "santa-cruz-de-tenerife"
      },
      "geometry": {
        "type": "Polygon",
        "coordinates": [
          [
            [-16.286329, 28.450445],
            [-16.286622, 28.449815],
            [-16.286636, 28.449785],
            [-16.287126, 28.449919],
            [-16.287227, 28.450016],
            [-16.287593, 28.450158],
            [-16.287622, 28.450074],
            [-16.287796, 28.450138],
            [-16.288419, 28.450369],
            [-16.288418, 28.450413],
            [-16.288431, 28.450438],
            [-16.288471, 28.450499],
            [-16.288515, 28.450554],
            [-16.288525, 28.450578],
            [-16.288505, 28.450625],
            [-16.288373, 28.450904],
            [-16.288295, 28.45107],
            [-16.288291, 28.451099],
            [-16.288284, 28.451149],
            [-16.288295, 28.451189],
            [-16.288311, 28.451207],
            [-16.288432, 28.451344],
            [-16.288593, 28.451529],
            [-16.288096, 28.451875],
            [-16.287479, 28.452304],
            [-16.287257, 28.452267],
            [-16.287331, 28.451911],
            [-16.286379, 28.4517],
            [-16.28581, 28.451587],
            [-16.285943, 28.451293],
            [-16.286106, 28.450935],
            [-16.286256, 28.450607],
            [-16.286329, 28.450445]
          ]
        ]
      }
    },
    {
      "type": "Feature",
      "properties": {
        "id": "49",
        "name": "Nuevo Obrero",
        "cityId": "santa-cruz-de-tenerife"
      },
      "geometry": {
        "type": "Polygon",
        "coordinates": [
          [
            [-16.287796, 28.450138],
            [-16.287622, 28.450074],
            [-16.287593, 28.450158],
            [-16.287227, 28.450016],
            [-16.287126, 28.449919],
            [-16.286636, 28.449785],
            [-16.286775, 28.44948],
            [-16.2871, 28.448769],
            [-16.287123, 28.448721],
            [-16.287359, 28.448249],
            [-16.287815, 28.448098],
            [-16.288165, 28.447977],
            [-16.288377, 28.447904],
            [-16.288894, 28.447714],
            [-16.289358, 28.447535],
            [-16.290035, 28.447275],
            [-16.290368, 28.447149],
            [-16.290368, 28.447149],
            [-16.290368, 28.447149],
            [-16.290429, 28.447194],
            [-16.29059, 28.447318],
            [-16.29069, 28.447432],
            [-16.290842, 28.447604],
            [-16.290975, 28.447808],
            [-16.291098, 28.447995],
            [-16.291151, 28.448134],
            [-16.291188, 28.448231],
            [-16.291244, 28.448379],
            [-16.291271, 28.448458],
            [-16.291336, 28.448714],
            [-16.291357, 28.448896],
            [-16.291372, 28.449053],
            [-16.291371, 28.449174],
            [-16.291366, 28.449443],
            [-16.291339, 28.44963],
            [-16.291241, 28.450327],
            [-16.291089, 28.451414],
            [-16.291019, 28.45197],
            [-16.290997, 28.452527],
            [-16.291012, 28.452837],
            [-16.291021, 28.452909],
            [-16.290595, 28.452744],
            [-16.28975, 28.452422],
            [-16.289283, 28.452287],
            [-16.288733, 28.452085],
            [-16.28836, 28.451963],
            [-16.288096, 28.451875],
            [-16.288593, 28.451529],
            [-16.288432, 28.451344],
            [-16.288311, 28.451207],
            [-16.288295, 28.451189],
            [-16.288284, 28.451149],
            [-16.288291, 28.451099],
            [-16.288295, 28.45107],
            [-16.288373, 28.450904],
            [-16.288505, 28.450625],
            [-16.288525, 28.450578],
            [-16.288515, 28.450554],
            [-16.288471, 28.450499],
            [-16.288431, 28.450438],
            [-16.288418, 28.450413],
            [-16.288419, 28.450369],
            [-16.287796, 28.450138]
          ]
        ]
      }
    },
    {
      "type": "Feature",
      "properties": {
        "id": "5",
        "name": "San Sebastian",
        "cityId": "santa-cruz-de-tenerife"
      },
      "geometry": {
        "type": "Polygon",
        "coordinates": [
          [
            [-16.256552, 28.463569],
            [-16.256401, 28.464861],
            [-16.256186, 28.464937],
            [-16.254726, 28.465154],
            [-16.253353, 28.464982],
            [-16.252602, 28.464849],
            [-16.251676, 28.464686],
            [-16.251613, 28.464675],
            [-16.251601, 28.464672],
            [-16.25179, 28.463739],
            [-16.252125, 28.463738],
            [-16.254827, 28.463644],
            [-16.256552, 28.463569]
          ]
        ]
      }
    },
    {
      "type": "Feature",
      "properties": {
        "id": "50",
        "name": "Chamberi",
        "cityId": "santa-cruz-de-tenerife"
      },
      "geometry": {
        "type": "Polygon",
        "coordinates": [
          [
            [-16.277736, 28.445403],
            [-16.277505, 28.446465],
            [-16.277353, 28.447178],
            [-16.277172, 28.44799],
            [-16.277059, 28.448531],
            [-16.276823, 28.449524],
            [-16.276667, 28.450188],
            [-16.276804, 28.450666],
            [-16.27689, 28.450804],
            [-16.276986, 28.450946],
            [-16.276773, 28.451072],
            [-16.275422, 28.451834],
            [-16.275051, 28.452045],
            [-16.274662, 28.452344],
            [-16.273281, 28.453111],
            [-16.272203, 28.453712],
            [-16.271711, 28.453994],
            [-16.270325, 28.454788],
            [-16.269485, 28.455274],
            [-16.269156, 28.455358],
            [-16.269147, 28.455357],
            [-16.269241, 28.455279],
            [-16.269406, 28.455124],
            [-16.269717, 28.454834],
            [-16.269981, 28.45455],
            [-16.270265, 28.454245],
            [-16.270454, 28.454017],
            [-16.270617, 28.453822],
            [-16.270683, 28.453658],
            [-16.270946, 28.453005],
            [-16.271084, 28.45264],
            [-16.27121, 28.452284],
            [-16.271334, 28.45193],
            [-16.271424, 28.451675],
            [-16.271544, 28.451413],
            [-16.271658, 28.451165],
            [-16.271763, 28.450957],
            [-16.272025, 28.450512],
            [-16.272224, 28.450174],
            [-16.272439, 28.449878],
            [-16.272673, 28.449567],
            [-16.272837, 28.449349],
            [-16.273013, 28.44915],
            [-16.273172, 28.44897],
            [-16.273333, 28.448788],
            [-16.273524, 28.448571],
            [-16.273709, 28.448362],
            [-16.273829, 28.448226],
            [-16.273974, 28.448061],
            [-16.274123, 28.447892],
            [-16.274337, 28.447649],
            [-16.274494, 28.447472],
            [-16.274653, 28.447292],
            [-16.274777, 28.447151],
            [-16.274937, 28.44697],
            [-16.275076, 28.446814],
            [-16.275228, 28.446646],
            [-16.275386, 28.446472],
            [-16.275503, 28.446342],
            [-16.275605, 28.446229],
            [-16.275744, 28.446074],
            [-16.275884, 28.44592],
            [-16.27603, 28.445758],
            [-16.276144, 28.445632],
            [-16.276248, 28.445517],
            [-16.276327, 28.445429],
            [-16.276435, 28.445307],
            [-16.276517, 28.445213],
            [-16.276576, 28.445145],
            [-16.276642, 28.44507],
            [-16.276723, 28.444977],
            [-16.276813, 28.444874],
            [-16.27689, 28.444786],
            [-16.276967, 28.444697],
            [-16.277034, 28.44462],
            [-16.277113, 28.44453],
            [-16.277365, 28.444701],
            [-16.277549, 28.444966],
            [-16.277716, 28.445294],
            [-16.277736, 28.445403]
          ]
        ]
      }
    },
    {
      "type": "Feature",
      "properties": {
        "id": "51",
        "name": "Añaza",
        "cityId": "santa-cruz-de-tenerife"
      },
      "geometry": {
        "type": "Polygon",
        "coordinates": [
          [
            [-16.305807, 28.421507],
            [-16.305795, 28.421532],
            [-16.305692, 28.421748],
            [-16.305409, 28.422341],
            [-16.305174, 28.422869],
            [-16.304982, 28.423304],
            [-16.30483, 28.423651],
            [-16.304718, 28.423908],
            [-16.304565, 28.42426],
            [-16.304444, 28.424539],
            [-16.304351, 28.424752],
            [-16.304125, 28.425273],
            [-16.30391, 28.425769],
            [-16.303747, 28.426143],
            [-16.30365, 28.426367],
            [-16.303603, 28.426476],
            [-16.303577, 28.426563],
            [-16.303309, 28.427193],
            [-16.303123, 28.42763],
            [-16.302981, 28.427947],
            [-16.302871, 28.42821],
            [-16.302747, 28.428484],
            [-16.302615, 28.428776],
            [-16.302515, 28.428975],
            [-16.302438, 28.429108],
            [-16.302348, 28.429254],
            [-16.302241, 28.429418],
            [-16.302102, 28.42961],
            [-16.301966, 28.42976],
            [-16.301817, 28.429921],
            [-16.301644, 28.43008],
            [-16.301547, 28.430167],
            [-16.30137, 28.430288],
            [-16.301188, 28.430416],
            [-16.300939, 28.430577],
            [-16.300622, 28.430737],
            [-16.300404, 28.430827],
            [-16.300087, 28.430938],
            [-16.299834, 28.431007],
            [-16.29968, 28.431042],
            [-16.299446, 28.431087],
            [-16.298963, 28.431161],
            [-16.298818, 28.431181],
            [-16.298043, 28.431287],
            [-16.29644, 28.431497],
            [-16.296446, 28.431479],
            [-16.29652, 28.431271],
            [-16.296397, 28.430974],
            [-16.296148, 28.430815],
            [-16.295752, 28.430554],
            [-16.295453, 28.430345],
            [-16.29512, 28.430094],
            [-16.294785, 28.42984],
            [-16.294593, 28.429696],
            [-16.294414, 28.429522],
            [-16.294375, 28.429484],
            [-16.294301, 28.429412],
            [-16.294227, 28.429319],
            [-16.29417, 28.429247],
            [-16.294094, 28.42915],
            [-16.294067, 28.428896],
            [-16.294197, 28.428725],
            [-16.294064, 28.428652],
            [-16.293919, 28.428559],
            [-16.293754, 28.428447],
            [-16.29364, 28.428369],
            [-16.29356, 28.428208],
            [-16.293553, 28.428193],
            [-16.293474, 28.428055],
            [-16.293397, 28.427926],
            [-16.293373, 28.427887],
            [-16.293358, 28.427862],
            [-16.293219, 28.42778],
            [-16.293128, 28.427727],
            [-16.292887, 28.427634],
            [-16.292813, 28.427486],
            [-16.292656, 28.427382],
            [-16.292575, 28.427234],
            [-16.292339, 28.426969],
            [-16.292159, 28.426804],
            [-16.292026, 28.426683],
            [-16.291859, 28.426534],
            [-16.291809, 28.426493],
            [-16.291884, 28.426251],
            [-16.291991, 28.425915],
            [-16.292002, 28.425846],
            [-16.29198, 28.425813],
            [-16.291976, 28.425798],
            [-16.291971, 28.425779],
            [-16.291964, 28.425755],
            [-16.291967, 28.42574],
            [-16.29197, 28.425728],
            [-16.291982, 28.425713],
            [-16.292001, 28.425702],
            [-16.292029, 28.425685],
            [-16.292059, 28.425669],
            [-16.292091, 28.425654],
            [-16.292123, 28.42564],
            [-16.292153, 28.425626],
            [-16.292182, 28.425612],
            [-16.292211, 28.425593],
            [-16.292223, 28.425584],
            [-16.292262, 28.425556],
            [-16.292287, 28.425539],
            [-16.292315, 28.425529],
            [-16.292342, 28.425518],
            [-16.292394, 28.425479],
            [-16.292445, 28.425441],
            [-16.29247, 28.425422],
            [-16.292494, 28.425403],
            [-16.292515, 28.425381],
            [-16.292532, 28.42535],
            [-16.292538, 28.425334],
            [-16.29254, 28.425329],
            [-16.292546, 28.425314],
            [-16.292569, 28.425273],
            [-16.292578, 28.425224],
            [-16.292578, 28.425204],
            [-16.292492, 28.425151],
            [-16.292479, 28.425137],
            [-16.29251, 28.4251],
            [-16.292587, 28.425036],
            [-16.292624, 28.425],
            [-16.292647, 28.424956],
            [-16.292665, 28.424914],
            [-16.292693, 28.424869],
            [-16.292729, 28.424829],
            [-16.292767, 28.424798],
            [-16.292815, 28.424764],
            [-16.292843, 28.424745],
            [-16.29285, 28.424739],
            [-16.292854, 28.424737],
            [-16.29287, 28.424729],
            [-16.292895, 28.424716],
            [-16.293061, 28.424648],
            [-16.293154, 28.424596],
            [-16.293177, 28.42459],
            [-16.293217, 28.424618],
            [-16.293231, 28.424635],
            [-16.293277, 28.424634],
            [-16.293308, 28.424621],
            [-16.293319, 28.424604],
            [-16.293331, 28.424586],
            [-16.293338, 28.424538],
            [-16.293341, 28.424495],
            [-16.29335, 28.424478],
            [-16.293385, 28.424483],
            [-16.293424, 28.424513],
            [-16.293458, 28.424528],
            [-16.293462, 28.42453],
            [-16.293493, 28.424529],
            [-16.293525, 28.424508],
            [-16.29355, 28.424465],
            [-16.293553, 28.424457],
            [-16.293565, 28.424422],
            [-16.29359, 28.424328],
            [-16.293606, 28.424231],
            [-16.293604, 28.424183],
            [-16.293596, 28.424135],
            [-16.293583, 28.424087],
            [-16.293582, 28.424048],
            [-16.293591, 28.424027],
            [-16.293582, 28.424008],
            [-16.293579, 28.424],
            [-16.293532, 28.423978],
            [-16.293522, 28.423974],
            [-16.293442, 28.423949],
            [-16.293408, 28.423915],
            [-16.293386, 28.423871],
            [-16.293358, 28.423776],
            [-16.293354, 28.42373],
            [-16.293356, 28.423682],
            [-16.293344, 28.423635],
            [-16.293346, 28.423587],
            [-16.293369, 28.423516],
            [-16.293345, 28.423475],
            [-16.293331, 28.423458],
            [-16.293339, 28.423425],
            [-16.29336, 28.423404],
            [-16.293367, 28.423358],
            [-16.29336, 28.42326],
            [-16.293343, 28.423217],
            [-16.293314, 28.423177],
            [-16.293277, 28.423145],
            [-16.293233, 28.423072],
            [-16.293255, 28.42305],
            [-16.293276, 28.423044],
            [-16.293289, 28.423011],
            [-16.293286, 28.422995],
            [-16.293367, 28.422993],
            [-16.293388, 28.422978],
            [-16.293396, 28.422939],
            [-16.293383, 28.422901],
            [-16.29337, 28.422887],
            [-16.293378, 28.422864],
            [-16.293398, 28.422853],
            [-16.293432, 28.422866],
            [-16.293444, 28.422879],
            [-16.293456, 28.422869],
            [-16.293466, 28.422862],
            [-16.293468, 28.422854],
            [-16.293469, 28.422847],
            [-16.293496, 28.422723],
            [-16.293499, 28.422625],
            [-16.293493, 28.42258],
            [-16.293477, 28.422533],
            [-16.293443, 28.422496],
            [-16.293385, 28.422449],
            [-16.293328, 28.422386],
            [-16.29326, 28.422283],
            [-16.293232, 28.422208],
            [-16.293239, 28.422147],
            [-16.293264, 28.422083],
            [-16.293465, 28.421762],
            [-16.293495, 28.421718],
            [-16.293545, 28.421633],
            [-16.293638, 28.421513],
            [-16.293665, 28.421471],
            [-16.293763, 28.421292],
            [-16.293797, 28.421253],
            [-16.293822, 28.421213],
            [-16.293843, 28.42117],
            [-16.293878, 28.421077],
            [-16.29389, 28.421028],
            [-16.293895, 28.42098],
            [-16.293894, 28.420932],
            [-16.29389, 28.420885],
            [-16.29388, 28.420839],
            [-16.293876, 28.42079],
            [-16.293877, 28.420744],
            [-16.29389, 28.420692],
            [-16.293914, 28.420648],
            [-16.294001, 28.420582],
            [-16.294084, 28.420527],
            [-16.294131, 28.420502],
            [-16.29417, 28.420471],
            [-16.29465, 28.420218],
            [-16.295242, 28.419943],
            [-16.295315, 28.419903],
            [-16.295369, 28.419876],
            [-16.29542, 28.419855],
            [-16.295466, 28.419842],
            [-16.295508, 28.419842],
            [-16.295563, 28.419864],
            [-16.295592, 28.419887],
            [-16.295613, 28.419931],
            [-16.295604, 28.419971],
            [-16.295613, 28.42],
            [-16.295618, 28.420021],
            [-16.29563, 28.420062],
            [-16.295328, 28.420219],
            [-16.295347, 28.420246],
            [-16.295581, 28.420124],
            [-16.295611, 28.420129],
            [-16.295612, 28.420141],
            [-16.29559, 28.420164],
            [-16.295581, 28.420193],
            [-16.295595, 28.420224],
            [-16.295617, 28.420261],
            [-16.295644, 28.420291],
            [-16.295674, 28.420325],
            [-16.295694, 28.420346],
            [-16.295694, 28.420346],
            [-16.295871, 28.420268],
            [-16.296058, 28.420178],
            [-16.296287, 28.42005],
            [-16.296323, 28.420017],
            [-16.296405, 28.419961],
            [-16.296447, 28.419926],
            [-16.296526, 28.419854],
            [-16.296559, 28.419819],
            [-16.296591, 28.419778],
            [-16.296649, 28.419697],
            [-16.296702, 28.419613],
            [-16.296732, 28.419575],
            [-16.296788, 28.419493],
            [-16.296868, 28.419348],
            [-16.2969, 28.419264],
            [-16.296926, 28.419221],
            [-16.296944, 28.419175],
            [-16.296964, 28.419138],
            [-16.297036, 28.419075],
            [-16.297046, 28.419048],
            [-16.29703, 28.419005],
            [-16.297001, 28.418965],
            [-16.296964, 28.418932],
            [-16.296931, 28.418896],
            [-16.296917, 28.418864],
            [-16.296923, 28.418833],
            [-16.296951, 28.418805],
            [-16.297001, 28.418789],
            [-16.29703, 28.418782],
            [-16.297054, 28.418756],
            [-16.297058, 28.41873],
            [-16.297079, 28.41871],
            [-16.297132, 28.418703],
            [-16.297184, 28.418702],
            [-16.297205, 28.418696],
            [-16.297199, 28.418666],
            [-16.29719, 28.418657],
            [-16.297168, 28.418634],
            [-16.297119, 28.418611],
            [-16.297077, 28.41858],
            [-16.297056, 28.418556],
            [-16.297044, 28.418541],
            [-16.297024, 28.418505],
            [-16.297022, 28.418479],
            [-16.297048, 28.418451],
            [-16.29708, 28.418438],
            [-16.297095, 28.418432],
            [-16.297125, 28.41841],
            [-16.297132, 28.418396],
            [-16.297146, 28.418368],
            [-16.297183, 28.418332],
            [-16.297208, 28.418318],
            [-16.297234, 28.41832],
            [-16.297288, 28.41837],
            [-16.297291, 28.418369],
            [-16.297341, 28.418367],
            [-16.297437, 28.418346],
            [-16.297489, 28.418359],
            [-16.297508, 28.418359],
            [-16.297512, 28.418353],
            [-16.297528, 28.418318],
            [-16.297541, 28.418279],
            [-16.297547, 28.418235],
            [-16.29754, 28.418203],
            [-16.297523, 28.418174],
            [-16.297497, 28.418149],
            [-16.297464, 28.41812],
            [-16.297437, 28.418094],
            [-16.297394, 28.418077],
            [-16.297302, 28.418058],
            [-16.29726, 28.418047],
            [-16.297135, 28.417996],
            [-16.297075, 28.41797],
            [-16.297026, 28.417959],
            [-16.296977, 28.417939],
            [-16.296983, 28.41791],
            [-16.297009, 28.417895],
            [-16.297061, 28.417889],
            [-16.297123, 28.417871],
            [-16.297175, 28.417848],
            [-16.297224, 28.417818],
            [-16.297262, 28.417804],
            [-16.297297, 28.417789],
            [-16.29731, 28.417782],
            [-16.297316, 28.417778],
            [-16.29738, 28.41774],
            [-16.297431, 28.417732],
            [-16.297485, 28.41773],
            [-16.297587, 28.41775],
            [-16.297629, 28.417776],
            [-16.297671, 28.417807],
            [-16.29772, 28.417831],
            [-16.297761, 28.417859],
            [-16.297774, 28.417872],
            [-16.297812, 28.417852],
            [-16.29786, 28.417796],
            [-16.297859, 28.417786],
            [-16.297873, 28.417794],
            [-16.298002, 28.4178],
            [-16.298148, 28.417839],
            [-16.298291, 28.417885],
            [-16.298402, 28.417927],
            [-16.298441, 28.417949],
            [-16.298488, 28.418007],
            [-16.298558, 28.41804],
            [-16.298614, 28.418053],
            [-16.298737, 28.418043],
            [-16.298813, 28.41804],
            [-16.298922, 28.418069],
            [-16.298989, 28.418097],
            [-16.299038, 28.418134],
            [-16.299109, 28.418189],
            [-16.299203, 28.418244],
            [-16.299273, 28.418259],
            [-16.299332, 28.418272],
            [-16.299442, 28.418255],
            [-16.299533, 28.41825],
            [-16.299589, 28.418247],
            [-16.299651, 28.418259],
            [-16.299752, 28.418281],
            [-16.299842, 28.418311],
            [-16.299995, 28.418334],
            [-16.300071, 28.418331],
            [-16.3002, 28.418393],
            [-16.300271, 28.418428],
            [-16.300371, 28.418477],
            [-16.300457, 28.418494],
            [-16.300557, 28.418547],
            [-16.300631, 28.418591],
            [-16.300701, 28.418632],
            [-16.300834, 28.418711],
            [-16.300927, 28.418771],
            [-16.301033, 28.418779],
            [-16.301109, 28.418774],
            [-16.301209, 28.418766],
            [-16.30125, 28.418789],
            [-16.301279, 28.418852],
            [-16.301303, 28.418962],
            [-16.301318, 28.419027],
            [-16.301343, 28.419171],
            [-16.301353, 28.419207],
            [-16.301413, 28.41925],
            [-16.301499, 28.419303],
            [-16.30164, 28.419372],
            [-16.301773, 28.41943],
            [-16.301885, 28.419479],
            [-16.302046, 28.419553],
            [-16.302084, 28.4196],
            [-16.302143, 28.41964],
            [-16.30222, 28.419703],
            [-16.302254, 28.419756],
            [-16.302335, 28.419884],
            [-16.302442, 28.419987],
            [-16.302476, 28.420056],
            [-16.302513, 28.420128],
            [-16.302569, 28.42019],
            [-16.302621, 28.420249],
            [-16.302688, 28.420327],
            [-16.302744, 28.420374],
            [-16.302785, 28.420421],
            [-16.302875, 28.420481],
            [-16.303049, 28.420567],
            [-16.303153, 28.420679],
            [-16.303207, 28.420805],
            [-16.303311, 28.420901],
            [-16.303425, 28.421017],
            [-16.303485, 28.421068],
            [-16.303579, 28.421149],
            [-16.303628, 28.421209],
            [-16.303733, 28.421339],
            [-16.303788, 28.421393],
            [-16.303861, 28.421484],
            [-16.303942, 28.421583],
            [-16.304025, 28.421643],
            [-16.304132, 28.421708],
            [-16.304295, 28.421731],
            [-16.304483, 28.421731],
            [-16.304576, 28.421731],
            [-16.304725, 28.421752],
            [-16.304821, 28.421751],
            [-16.304923, 28.421732],
            [-16.305057, 28.421663],
            [-16.305144, 28.421612],
            [-16.305262, 28.421544],
            [-16.305414, 28.42149],
            [-16.305539, 28.421469],
            [-16.305615, 28.421473],
            [-16.305732, 28.42148],
            [-16.305807, 28.421507],
            [-16.305807, 28.421507]
          ]
        ]
      }
    },
    {
      "type": "Feature",
      "properties": {
        "id": "52",
        "name": "Tincer",
        "cityId": "santa-cruz-de-tenerife"
      },
      "geometry": {
        "type": "Polygon",
        "coordinates": [
          [
            [-16.308527, 28.446058],
            [-16.308521, 28.446248],
            [-16.308514, 28.446358],
            [-16.308508, 28.446447],
            [-16.308479, 28.446539],
            [-16.308424, 28.446702],
            [-16.308353, 28.446889],
            [-16.308288, 28.447061],
            [-16.308226, 28.447082],
            [-16.308146, 28.44718],
            [-16.308125, 28.447189],
            [-16.308001, 28.447244],
            [-16.307869, 28.447178],
            [-16.307772, 28.447095],
            [-16.307645, 28.447002],
            [-16.307558, 28.446955],
            [-16.307472, 28.446924],
            [-16.307431, 28.446911],
            [-16.307381, 28.446916],
            [-16.307266, 28.446949],
            [-16.307106, 28.447007],
            [-16.307021, 28.447062],
            [-16.306947, 28.447162],
            [-16.306837, 28.447258],
            [-16.306742, 28.447302],
            [-16.306677, 28.447334],
            [-16.306636, 28.447354],
            [-16.30654, 28.447346],
            [-16.306414, 28.447343],
            [-16.306311, 28.447315],
            [-16.306161, 28.447181],
            [-16.305975, 28.447122],
            [-16.305914, 28.447127],
            [-16.305839, 28.44713],
            [-16.305754, 28.44718],
            [-16.305674, 28.447231],
            [-16.305524, 28.447336],
            [-16.305443, 28.447379],
            [-16.305343, 28.447412],
            [-16.305243, 28.447422],
            [-16.305178, 28.447423],
            [-16.304885, 28.447342],
            [-16.304716, 28.447292],
            [-16.304601, 28.447232],
            [-16.304428, 28.447143],
            [-16.303708, 28.446703],
            [-16.303205, 28.446392],
            [-16.303021, 28.446286],
            [-16.302692, 28.446255],
            [-16.302555, 28.446236],
            [-16.302485, 28.446219],
            [-16.302381, 28.446166],
            [-16.302274, 28.446117],
            [-16.30216, 28.446123],
            [-16.302064, 28.446146],
            [-16.301974, 28.446183],
            [-16.301832, 28.446184],
            [-16.301606, 28.446137],
            [-16.301439, 28.44608],
            [-16.301338, 28.446049],
            [-16.301101, 28.446056],
            [-16.300963, 28.446035],
            [-16.300882, 28.446008],
            [-16.300783, 28.44598],
            [-16.300728, 28.445967],
            [-16.300672, 28.445945],
            [-16.300581, 28.445901],
            [-16.300464, 28.445859],
            [-16.300348, 28.445819],
            [-16.300212, 28.445737],
            [-16.300141, 28.445697],
            [-16.30005, 28.445667],
            [-16.299975, 28.44563],
            [-16.300221, 28.445184],
            [-16.300397, 28.444768],
            [-16.300594, 28.444286],
            [-16.300688, 28.444099],
            [-16.300894, 28.443781],
            [-16.301427, 28.44296],
            [-16.30183, 28.442341],
            [-16.302403, 28.44147],
            [-16.302709, 28.441004],
            [-16.303078, 28.440434],
            [-16.303407, 28.440078],
            [-16.30364, 28.439838],
            [-16.303774, 28.439829],
            [-16.303898, 28.43982],
            [-16.304084, 28.43981],
            [-16.304312, 28.439816],
            [-16.304516, 28.439848],
            [-16.304692, 28.439896],
            [-16.304894, 28.439977],
            [-16.304954, 28.44001],
            [-16.305141, 28.440124],
            [-16.305256, 28.440206],
            [-16.305349, 28.440304],
            [-16.305466, 28.440456],
            [-16.305542, 28.440576],
            [-16.305583, 28.440666],
            [-16.305652, 28.440859],
            [-16.305693, 28.441099],
            [-16.305722, 28.441342],
            [-16.305741, 28.44153],
            [-16.305763, 28.441754],
            [-16.305785, 28.442016],
            [-16.305812, 28.442441],
            [-16.305844, 28.44259],
            [-16.305891, 28.442736],
            [-16.305955, 28.44286],
            [-16.306052, 28.442995],
            [-16.306106, 28.443063],
            [-16.30618, 28.443135],
            [-16.306299, 28.443226],
            [-16.306408, 28.443294],
            [-16.306556, 28.443377],
            [-16.306743, 28.443479],
            [-16.306928, 28.443581],
            [-16.307181, 28.443737],
            [-16.307391, 28.443872],
            [-16.307518, 28.443973],
            [-16.307735, 28.444169],
            [-16.307887, 28.44433],
            [-16.307957, 28.44443],
            [-16.308065, 28.444584],
            [-16.308182, 28.444762],
            [-16.308273, 28.444909],
            [-16.308292, 28.444957],
            [-16.308373, 28.44516],
            [-16.308437, 28.445374],
            [-16.308489, 28.445617],
            [-16.308509, 28.445806],
            [-16.308527, 28.446058]
          ]
        ]
      }
    },
    {
      "type": "Feature",
      "properties": {
        "id": "53",
        "name": "Barranco Grande",
        "cityId": "santa-cruz-de-tenerife"
      },
      "geometry": {
        "type": "Polygon",
        "coordinates": [
          [
            [-16.300851, 28.439941],
            [-16.30092, 28.439832],
            [-16.300969, 28.439728],
            [-16.300988, 28.439622],
            [-16.300997, 28.439541],
            [-16.300957, 28.439268],
            [-16.300848, 28.439133],
            [-16.300843, 28.439127],
            [-16.300793, 28.439087],
            [-16.300759, 28.439058],
            [-16.300717, 28.438993],
            [-16.300707, 28.438959],
            [-16.300696, 28.43893],
            [-16.300695, 28.438894],
            [-16.300695, 28.438808],
            [-16.300694, 28.438722],
            [-16.300697, 28.438672],
            [-16.300699, 28.438645],
            [-16.300697, 28.4386],
            [-16.300694, 28.438537],
            [-16.300689, 28.438478],
            [-16.300681, 28.438427],
            [-16.300668, 28.438373],
            [-16.300648, 28.438321],
            [-16.300615, 28.438258],
            [-16.300578, 28.438202],
            [-16.300547, 28.438166],
            [-16.300504, 28.438128],
            [-16.30045, 28.438093],
            [-16.300386, 28.438059],
            [-16.300317, 28.438033],
            [-16.300241, 28.438002],
            [-16.300164, 28.437967],
            [-16.300107, 28.437934],
            [-16.300055, 28.4379],
            [-16.300009, 28.437867],
            [-16.299973, 28.437842],
            [-16.299938, 28.437825],
            [-16.299882, 28.437791],
            [-16.299826, 28.437762],
            [-16.299774, 28.437736],
            [-16.299719, 28.437705],
            [-16.299655, 28.437665],
            [-16.2996, 28.437631],
            [-16.299533, 28.437594],
            [-16.299446, 28.43754],
            [-16.299353, 28.437483],
            [-16.299287, 28.437447],
            [-16.299263, 28.437434],
            [-16.299177, 28.437367],
            [-16.299086, 28.437307],
            [-16.299062, 28.437282],
            [-16.299037, 28.437256],
            [-16.299011, 28.437222],
            [-16.298986, 28.437184],
            [-16.298975, 28.437146],
            [-16.298964, 28.437112],
            [-16.298955, 28.437071],
            [-16.298973, 28.437028],
            [-16.29899, 28.436987],
            [-16.299017, 28.436947],
            [-16.299075, 28.436899],
            [-16.2991, 28.436878],
            [-16.299154, 28.436846],
            [-16.299201, 28.436828],
            [-16.299257, 28.436795],
            [-16.29933, 28.43677],
            [-16.299392, 28.436763],
            [-16.299434, 28.436753],
            [-16.299465, 28.436746],
            [-16.299496, 28.436739],
            [-16.299527, 28.436716],
            [-16.299552, 28.436698],
            [-16.299562, 28.436684],
            [-16.299584, 28.436628],
            [-16.299587, 28.436609],
            [-16.299575, 28.436569],
            [-16.299572, 28.436549],
            [-16.299559, 28.436504],
            [-16.299528, 28.436439],
            [-16.299477, 28.43634],
            [-16.299438, 28.436254],
            [-16.29941, 28.436173],
            [-16.2994, 28.436133],
            [-16.299396, 28.436101],
            [-16.299387, 28.43605],
            [-16.299383, 28.436007],
            [-16.299372, 28.435968],
            [-16.299362, 28.43591],
            [-16.299349, 28.43586],
            [-16.299346, 28.435818],
            [-16.299338, 28.435791],
            [-16.299319, 28.435732],
            [-16.299309, 28.435692],
            [-16.299296, 28.435651],
            [-16.299273, 28.435608],
            [-16.299238, 28.435566],
            [-16.2992, 28.435519],
            [-16.299167, 28.435494],
            [-16.299112, 28.435466],
            [-16.299051, 28.43543],
            [-16.299012, 28.435408],
            [-16.298952, 28.435381],
            [-16.29889, 28.435344],
            [-16.298862, 28.435324],
            [-16.298816, 28.435301],
            [-16.298761, 28.435273],
            [-16.298718, 28.435237],
            [-16.298693, 28.435206],
            [-16.298671, 28.435152],
            [-16.298695, 28.435075],
            [-16.298712, 28.435041],
            [-16.298731, 28.435002],
            [-16.298742, 28.434957],
            [-16.29875, 28.434907],
            [-16.298746, 28.43486],
            [-16.29872, 28.434819],
            [-16.298703, 28.434788],
            [-16.298687, 28.434766],
            [-16.298668, 28.434736],
            [-16.298643, 28.43471],
            [-16.29861, 28.43469],
            [-16.298561, 28.434665],
            [-16.298506, 28.43465],
            [-16.298418, 28.434635],
            [-16.298333, 28.434618],
            [-16.298261, 28.4346],
            [-16.298206, 28.434594],
            [-16.298134, 28.43457],
            [-16.298053, 28.434535],
            [-16.297999, 28.434495],
            [-16.297985, 28.434459],
            [-16.297969, 28.434414],
            [-16.297967, 28.434357],
            [-16.297982, 28.434308],
            [-16.297988, 28.434256],
            [-16.298002, 28.434199],
            [-16.297994, 28.434131],
            [-16.297954, 28.434066],
            [-16.297938, 28.434017],
            [-16.297917, 28.433976],
            [-16.2979, 28.433934],
            [-16.297855, 28.433887],
            [-16.297826, 28.433833],
            [-16.297818, 28.433799],
            [-16.297798, 28.433765],
            [-16.297768, 28.433712],
            [-16.2977, 28.43362],
            [-16.297662, 28.433534],
            [-16.297626, 28.433485],
            [-16.297604, 28.43337],
            [-16.297571, 28.433305],
            [-16.29756, 28.433249],
            [-16.297554, 28.43321],
            [-16.297528, 28.433159],
            [-16.297477, 28.433092],
            [-16.297405, 28.433031],
            [-16.297343, 28.432989],
            [-16.297279, 28.432942],
            [-16.297202, 28.432898],
            [-16.297148, 28.432858],
            [-16.297108, 28.432838],
            [-16.297056, 28.4328],
            [-16.297018, 28.432767],
            [-16.296952, 28.432702],
            [-16.296898, 28.432619],
            [-16.296838, 28.432545],
            [-16.296755, 28.432516],
            [-16.296625, 28.432457],
            [-16.296555, 28.432385],
            [-16.296531, 28.432309],
            [-16.29654, 28.432241],
            [-16.296547, 28.432196],
            [-16.296552, 28.432146],
            [-16.296556, 28.432103],
            [-16.296549, 28.432047],
            [-16.296513, 28.431964],
            [-16.296487, 28.431883],
            [-16.296494, 28.431795],
            [-16.296504, 28.431738],
            [-16.296484, 28.431655],
            [-16.296469, 28.431612],
            [-16.296397, 28.431623],
            [-16.296397, 28.431619],
            [-16.29644, 28.431497],
            [-16.298043, 28.431287],
            [-16.298818, 28.431181],
            [-16.298963, 28.431161],
            [-16.299446, 28.431087],
            [-16.29968, 28.431042],
            [-16.299834, 28.431007],
            [-16.299914, 28.430985],
            [-16.300087, 28.430938],
            [-16.300404, 28.430827],
            [-16.300622, 28.430737],
            [-16.300939, 28.430577],
            [-16.301188, 28.430416],
            [-16.30137, 28.430288],
            [-16.301547, 28.430167],
            [-16.301644, 28.43008],
            [-16.301817, 28.429921],
            [-16.301966, 28.42976],
            [-16.302037, 28.429682],
            [-16.302102, 28.42961],
            [-16.302241, 28.429418],
            [-16.302348, 28.429254],
            [-16.302438, 28.429108],
            [-16.302515, 28.428975],
            [-16.302615, 28.428776],
            [-16.302747, 28.428484],
            [-16.302871, 28.42821],
            [-16.302981, 28.427947],
            [-16.303123, 28.42763],
            [-16.303309, 28.427193],
            [-16.303577, 28.426563],
            [-16.303603, 28.426476],
            [-16.304347, 28.426724],
            [-16.30394, 28.427639],
            [-16.304056, 28.427722],
            [-16.30413, 28.428408],
            [-16.304189, 28.42894],
            [-16.304218, 28.429209],
            [-16.304279, 28.429455],
            [-16.304379, 28.429665],
            [-16.304437, 28.429789],
            [-16.304558, 28.429948],
            [-16.304672, 28.430099],
            [-16.304788, 28.430202],
            [-16.304959, 28.430355],
            [-16.305146, 28.430478],
            [-16.30538, 28.430631],
            [-16.305816, 28.430917],
            [-16.306092, 28.431099],
            [-16.306301, 28.431236],
            [-16.306413, 28.431309],
            [-16.306434, 28.431323],
            [-16.306225, 28.431573],
            [-16.306326, 28.431631],
            [-16.306467, 28.431711],
            [-16.306558, 28.431763],
            [-16.306636, 28.431812],
            [-16.306728, 28.431874],
            [-16.306814, 28.431932],
            [-16.306865, 28.431966],
            [-16.306963, 28.432051],
            [-16.306998, 28.432152],
            [-16.307175, 28.432137],
            [-16.3072, 28.43237],
            [-16.307215, 28.432512],
            [-16.307239, 28.432621],
            [-16.307347, 28.43269],
            [-16.307639, 28.432878],
            [-16.307843, 28.433008],
            [-16.30802, 28.433122],
            [-16.308311, 28.433042],
            [-16.308526, 28.432979],
            [-16.308663, 28.432939],
            [-16.308671, 28.432943],
            [-16.308866, 28.433019],
            [-16.309017, 28.43311],
            [-16.309134, 28.43318],
            [-16.309171, 28.433203],
            [-16.309333, 28.433317],
            [-16.309474, 28.433418],
            [-16.309598, 28.433506],
            [-16.309606, 28.434036],
            [-16.309673, 28.434115],
            [-16.309758, 28.434215],
            [-16.309783, 28.434232],
            [-16.309856, 28.434281],
            [-16.309941, 28.43434],
            [-16.310077, 28.434431],
            [-16.310261, 28.434483],
            [-16.310326, 28.434501],
            [-16.310374, 28.434529],
            [-16.310379, 28.434617],
            [-16.310365, 28.434688],
            [-16.310371, 28.434942],
            [-16.310389, 28.435056],
            [-16.310416, 28.43523],
            [-16.31044, 28.435382],
            [-16.31046, 28.435517],
            [-16.31057, 28.435383],
            [-16.310624, 28.435234],
            [-16.310803, 28.434045],
            [-16.310846, 28.433818],
            [-16.310813, 28.433564],
            [-16.311098, 28.433263],
            [-16.31132, 28.432925],
            [-16.311754, 28.432262],
            [-16.31202, 28.431835],
            [-16.312119, 28.431487],
            [-16.312125, 28.431338],
            [-16.312103, 28.431155],
            [-16.312039, 28.430942],
            [-16.311833, 28.430596],
            [-16.311765, 28.430448],
            [-16.311744, 28.430376],
            [-16.311749, 28.43023],
            [-16.311752, 28.430157],
            [-16.311877, 28.429882],
            [-16.312177, 28.429361],
            [-16.312351, 28.429066],
            [-16.312618, 28.42857],
            [-16.312911, 28.428059],
            [-16.313016, 28.427905],
            [-16.313016, 28.427904],
            [-16.31378, 28.427312],
            [-16.31378, 28.427312],
            [-16.313782, 28.42731],
            [-16.313782, 28.42731],
            [-16.314079, 28.427023],
            [-16.314255, 28.426883],
            [-16.314521, 28.426684],
            [-16.315108, 28.426283],
            [-16.316095, 28.427447],
            [-16.316509, 28.427788],
            [-16.317096, 28.428157],
            [-16.317359, 28.427967],
            [-16.317409, 28.428145],
            [-16.31748, 28.428405],
            [-16.317491, 28.428549],
            [-16.317469, 28.428652],
            [-16.317437, 28.428787],
            [-16.317367, 28.428968],
            [-16.317339, 28.429058],
            [-16.31736, 28.429249],
            [-16.317398, 28.429385],
            [-16.317469, 28.429475],
            [-16.317465, 28.429547],
            [-16.317376, 28.429772],
            [-16.317274, 28.430026],
            [-16.317164, 28.430159],
            [-16.31697, 28.430434],
            [-16.316877, 28.430665],
            [-16.316821, 28.430844],
            [-16.3168, 28.43104],
            [-16.316791, 28.431524],
            [-16.316854, 28.432867],
            [-16.317088, 28.433508],
            [-16.317087, 28.433786],
            [-16.316945, 28.434854],
            [-16.316888, 28.435348],
            [-16.316781, 28.435787],
            [-16.316633, 28.436206],
            [-16.316509, 28.43644],
            [-16.316376, 28.436757],
            [-16.316026, 28.437229],
            [-16.315989, 28.437286],
            [-16.315768, 28.437601],
            [-16.315506, 28.437898],
            [-16.315304, 28.438061],
            [-16.315159, 28.438125],
            [-16.315015, 28.438189],
            [-16.314436, 28.438343],
            [-16.313626, 28.438549],
            [-16.312999, 28.438739],
            [-16.312536, 28.438957],
            [-16.312222, 28.43913],
            [-16.311738, 28.439478],
            [-16.311408, 28.43974],
            [-16.311131, 28.440061],
            [-16.310635, 28.440579],
            [-16.309963, 28.441281],
            [-16.308969, 28.44235],
            [-16.308358, 28.443017],
            [-16.307917, 28.443505],
            [-16.307499, 28.443957],
            [-16.307498, 28.443957],
            [-16.307391, 28.443872],
            [-16.307181, 28.443737],
            [-16.306928, 28.443581],
            [-16.306743, 28.443479],
            [-16.306556, 28.443377],
            [-16.306408, 28.443294],
            [-16.306299, 28.443226],
            [-16.30618, 28.443135],
            [-16.306106, 28.443063],
            [-16.306052, 28.442995],
            [-16.305955, 28.44286],
            [-16.305891, 28.442736],
            [-16.305844, 28.44259],
            [-16.305812, 28.442441],
            [-16.305785, 28.442016],
            [-16.305763, 28.441754],
            [-16.305741, 28.44153],
            [-16.305722, 28.441342],
            [-16.305693, 28.441099],
            [-16.305652, 28.440859],
            [-16.305583, 28.440666],
            [-16.305542, 28.440576],
            [-16.305466, 28.440456],
            [-16.305349, 28.440304],
            [-16.305256, 28.440206],
            [-16.305141, 28.440124],
            [-16.304954, 28.44001],
            [-16.304894, 28.439977],
            [-16.304692, 28.439896],
            [-16.304516, 28.439848],
            [-16.304312, 28.439816],
            [-16.304084, 28.43981],
            [-16.303898, 28.43982],
            [-16.303774, 28.439829],
            [-16.30364, 28.439838],
            [-16.303407, 28.440078],
            [-16.303078, 28.440434],
            [-16.302709, 28.441004],
            [-16.302403, 28.44147],
            [-16.30183, 28.442341],
            [-16.301427, 28.44296],
            [-16.300894, 28.443781],
            [-16.300688, 28.444099],
            [-16.300594, 28.444286],
            [-16.300397, 28.444768],
            [-16.300221, 28.445184],
            [-16.299975, 28.44563],
            [-16.299944, 28.445561],
            [-16.29993, 28.445541],
            [-16.299877, 28.445446],
            [-16.299813, 28.445256],
            [-16.299795, 28.445125],
            [-16.29978, 28.445067],
            [-16.299747, 28.444979],
            [-16.299709, 28.444892],
            [-16.299673, 28.444823],
            [-16.299636, 28.444759],
            [-16.299589, 28.444688],
            [-16.299553, 28.444636],
            [-16.299525, 28.444598],
            [-16.299496, 28.444561],
            [-16.299466, 28.444525],
            [-16.299413, 28.444468],
            [-16.299356, 28.444415],
            [-16.299307, 28.444368],
            [-16.299259, 28.444315],
            [-16.299226, 28.44427],
            [-16.299172, 28.444204],
            [-16.299127, 28.44414],
            [-16.299096, 28.444085],
            [-16.299072, 28.444037],
            [-16.299048, 28.443986],
            [-16.299022, 28.44393],
            [-16.298997, 28.443873],
            [-16.29898, 28.443815],
            [-16.298971, 28.443722],
            [-16.298973, 28.443644],
            [-16.298982, 28.443572],
            [-16.299003, 28.443484],
            [-16.29902, 28.443413],
            [-16.299052, 28.443334],
            [-16.299084, 28.443246],
            [-16.299107, 28.443184],
            [-16.299132, 28.443103],
            [-16.299146, 28.443074],
            [-16.299172, 28.443012],
            [-16.299199, 28.442974],
            [-16.299288, 28.442916],
            [-16.29937, 28.442881],
            [-16.299455, 28.44285],
            [-16.299544, 28.442818],
            [-16.299614, 28.442791],
            [-16.299693, 28.442751],
            [-16.299769, 28.442707],
            [-16.299849, 28.442656],
            [-16.299916, 28.442608],
            [-16.299971, 28.442564],
            [-16.300026, 28.442503],
            [-16.300052, 28.442474],
            [-16.300095, 28.442421],
            [-16.300144, 28.442358],
            [-16.30023, 28.442252],
            [-16.300272, 28.442198],
            [-16.300321, 28.442131],
            [-16.300372, 28.442067],
            [-16.300427, 28.441992],
            [-16.300478, 28.441923],
            [-16.300528, 28.441853],
            [-16.300554, 28.441799],
            [-16.300588, 28.441722],
            [-16.300612, 28.441656],
            [-16.300662, 28.441544],
            [-16.300687, 28.441488],
            [-16.300723, 28.44142],
            [-16.300752, 28.441356],
            [-16.300779, 28.441289],
            [-16.300795, 28.441224],
            [-16.300796, 28.441162],
            [-16.300787, 28.441107],
            [-16.300772, 28.441062],
            [-16.300663, 28.440853],
            [-16.300521, 28.440603],
            [-16.300433, 28.440453],
            [-16.300425, 28.440331],
            [-16.300424, 28.440297],
            [-16.300451, 28.44027],
            [-16.300491, 28.440234],
            [-16.300561, 28.440188],
            [-16.300656, 28.44013],
            [-16.300736, 28.440071],
            [-16.300851, 28.439941]
          ]
        ]
      }
    },
    {
      "type": "Feature",
      "properties": {
        "id": "54",
        "name": "El Sobradillo",
        "cityId": "santa-cruz-de-tenerife"
      },
      "geometry": {
        "type": "Polygon",
        "coordinates": [
          [
            [-16.329436, 28.438102],
            [-16.329414, 28.43879],
            [-16.329275, 28.439208],
            [-16.329073, 28.439761],
            [-16.328621, 28.440892],
            [-16.327973, 28.442394],
            [-16.327282, 28.444275],
            [-16.326919, 28.445157],
            [-16.326186, 28.446935],
            [-16.326149, 28.446979],
            [-16.325593, 28.446831],
            [-16.325175, 28.446779],
            [-16.325065, 28.446776],
            [-16.324867, 28.446765],
            [-16.324477, 28.447213],
            [-16.323731, 28.448071],
            [-16.323224, 28.448654],
            [-16.323024, 28.448767],
            [-16.323111, 28.449186],
            [-16.323196, 28.449593],
            [-16.323269, 28.449952],
            [-16.323293, 28.450066],
            [-16.323305, 28.450117],
            [-16.323284, 28.450122],
            [-16.32318, 28.450168],
            [-16.32309, 28.450228],
            [-16.323031, 28.450319],
            [-16.322977, 28.450423],
            [-16.32293, 28.450548],
            [-16.322896, 28.450636],
            [-16.322868, 28.450684],
            [-16.322837, 28.450725],
            [-16.32279, 28.450752],
            [-16.322731, 28.450762],
            [-16.322692, 28.450753],
            [-16.322618, 28.450713],
            [-16.322524, 28.45066],
            [-16.32243, 28.450613],
            [-16.322349, 28.450578],
            [-16.322286, 28.450558],
            [-16.322232, 28.450552],
            [-16.322174, 28.450555],
            [-16.322131, 28.45056],
            [-16.32207, 28.450572],
            [-16.322027, 28.450581],
            [-16.321923, 28.450621],
            [-16.321849, 28.45066],
            [-16.321704, 28.450722],
            [-16.321586, 28.450786],
            [-16.321467, 28.450851],
            [-16.321336, 28.450924],
            [-16.321247, 28.450979],
            [-16.321163, 28.451027],
            [-16.321067, 28.451064],
            [-16.320988, 28.451085],
            [-16.320961, 28.451097],
            [-16.320832, 28.45113],
            [-16.320687, 28.451149],
            [-16.320581, 28.451153],
            [-16.320531, 28.451144],
            [-16.320477, 28.451129],
            [-16.320427, 28.451111],
            [-16.320392, 28.451089],
            [-16.320329, 28.45104],
            [-16.320292, 28.451011],
            [-16.320266, 28.450973],
            [-16.320217, 28.450908],
            [-16.320207, 28.450899],
            [-16.320172, 28.450866],
            [-16.320109, 28.450823],
            [-16.320065, 28.45081],
            [-16.320021, 28.450802],
            [-16.319954, 28.450804],
            [-16.319848, 28.450774],
            [-16.319827, 28.450776],
            [-16.319804, 28.450797],
            [-16.319794, 28.450815],
            [-16.319782, 28.450813],
            [-16.319768, 28.450811],
            [-16.319733, 28.450786],
            [-16.319722, 28.450762],
            [-16.319713, 28.450705],
            [-16.31971, 28.450631],
            [-16.319708, 28.450613],
            [-16.319568, 28.45056],
            [-16.319497, 28.450529],
            [-16.319454, 28.450496],
            [-16.319376, 28.450467],
            [-16.319303, 28.450434],
            [-16.319162, 28.45037],
            [-16.319055, 28.450344],
            [-16.318947, 28.450298],
            [-16.31885, 28.450244],
            [-16.318802, 28.450227],
            [-16.318699, 28.450187],
            [-16.318548, 28.450173],
            [-16.31849, 28.450173],
            [-16.318265, 28.450171],
            [-16.318116, 28.450141],
            [-16.317861, 28.450125],
            [-16.317572, 28.45013],
            [-16.317451, 28.450132],
            [-16.317322, 28.450099],
            [-16.317208, 28.4501],
            [-16.316978, 28.450147],
            [-16.316715, 28.450233],
            [-16.316606, 28.450266],
            [-16.31653, 28.450276],
            [-16.316485, 28.450285],
            [-16.316258, 28.450255],
            [-16.316247, 28.450254],
            [-16.316068, 28.450251],
            [-16.315705, 28.450239],
            [-16.315499, 28.450227],
            [-16.315406, 28.450214],
            [-16.315205, 28.450185],
            [-16.315025, 28.450166],
            [-16.314897, 28.450161],
            [-16.314681, 28.45017],
            [-16.314641, 28.450163],
            [-16.314571, 28.450153],
            [-16.314447, 28.450122],
            [-16.314251, 28.450045],
            [-16.314149, 28.450028],
            [-16.314024, 28.449975],
            [-16.313969, 28.449953],
            [-16.313858, 28.449886],
            [-16.313825, 28.449864],
            [-16.313765, 28.449811],
            [-16.313722, 28.449748],
            [-16.313701, 28.449703],
            [-16.313662, 28.449595],
            [-16.313638, 28.44955],
            [-16.31361, 28.449528],
            [-16.313541, 28.449486],
            [-16.313439, 28.449471],
            [-16.313314, 28.449479],
            [-16.313212, 28.449509],
            [-16.313122, 28.449535],
            [-16.313029, 28.449552],
            [-16.312888, 28.449573],
            [-16.312726, 28.449566],
            [-16.312679, 28.449559],
            [-16.312607, 28.449526],
            [-16.312541, 28.4495],
            [-16.312467, 28.449476],
            [-16.31235, 28.44947],
            [-16.312262, 28.44948],
            [-16.312125, 28.449493],
            [-16.312037, 28.449487],
            [-16.311939, 28.449517],
            [-16.311884, 28.449504],
            [-16.311832, 28.44948],
            [-16.31179, 28.449453],
            [-16.311755, 28.449424],
            [-16.311723, 28.449381],
            [-16.311722, 28.44925],
            [-16.311721, 28.449149],
            [-16.311727, 28.449041],
            [-16.3117, 28.448989],
            [-16.311647, 28.448947],
            [-16.311597, 28.448929],
            [-16.311423, 28.448892],
            [-16.311355, 28.448841],
            [-16.31132, 28.448803],
            [-16.311283, 28.448747],
            [-16.311259, 28.448648],
            [-16.311231, 28.448614],
            [-16.31117, 28.44857],
            [-16.311126, 28.448518],
            [-16.31113, 28.448475],
            [-16.311143, 28.448405],
            [-16.311132, 28.448381],
            [-16.311121, 28.448358],
            [-16.311069, 28.44832],
            [-16.311019, 28.448289],
            [-16.310907, 28.448238],
            [-16.310819, 28.448203],
            [-16.310766, 28.44819],
            [-16.310692, 28.44818],
            [-16.310624, 28.448162],
            [-16.31054, 28.448129],
            [-16.310444, 28.448078],
            [-16.310326, 28.447989],
            [-16.310223, 28.4479],
            [-16.310158, 28.447826],
            [-16.310113, 28.447788],
            [-16.310079, 28.447737],
            [-16.310066, 28.447707],
            [-16.31003, 28.447656],
            [-16.309924, 28.447598],
            [-16.309812, 28.447577],
            [-16.30954, 28.447579],
            [-16.309338, 28.447583],
            [-16.309201, 28.447601],
            [-16.309108, 28.447615],
            [-16.308927, 28.447617],
            [-16.308847, 28.447599],
            [-16.308769, 28.447569],
            [-16.308724, 28.447522],
            [-16.3087, 28.447387],
            [-16.308694, 28.447294],
            [-16.308684, 28.447179],
            [-16.308663, 28.447087],
            [-16.308619, 28.447008],
            [-16.308575, 28.446997],
            [-16.308445, 28.447026],
            [-16.308316, 28.447052],
            [-16.308288, 28.447061],
            [-16.308353, 28.446889],
            [-16.308424, 28.446702],
            [-16.308479, 28.446539],
            [-16.308508, 28.446447],
            [-16.308514, 28.446358],
            [-16.30852, 28.446272],
            [-16.308521, 28.446248],
            [-16.308527, 28.446058],
            [-16.308509, 28.445806],
            [-16.308489, 28.445617],
            [-16.308437, 28.445374],
            [-16.308373, 28.44516],
            [-16.308292, 28.444957],
            [-16.308273, 28.444909],
            [-16.308182, 28.444762],
            [-16.308065, 28.444584],
            [-16.307957, 28.44443],
            [-16.307887, 28.44433],
            [-16.307735, 28.444169],
            [-16.307518, 28.443973],
            [-16.307498, 28.443957],
            [-16.307499, 28.443957],
            [-16.307917, 28.443505],
            [-16.308358, 28.443017],
            [-16.308969, 28.44235],
            [-16.309963, 28.441281],
            [-16.310635, 28.440579],
            [-16.310635, 28.440578],
            [-16.311131, 28.440061],
            [-16.311408, 28.43974],
            [-16.311738, 28.439478],
            [-16.312222, 28.43913],
            [-16.312536, 28.438957],
            [-16.312999, 28.438739],
            [-16.313626, 28.438549],
            [-16.314436, 28.438343],
            [-16.315015, 28.438189],
            [-16.315159, 28.438125],
            [-16.315304, 28.438061],
            [-16.315506, 28.437898],
            [-16.315768, 28.437601],
            [-16.315989, 28.437286],
            [-16.316026, 28.437229],
            [-16.316095, 28.437269],
            [-16.316189, 28.437355],
            [-16.31629, 28.437478],
            [-16.316427, 28.437647],
            [-16.316549, 28.437695],
            [-16.316653, 28.437757],
            [-16.316729, 28.437856],
            [-16.31681, 28.437915],
            [-16.316872, 28.43796],
            [-16.317008, 28.438007],
            [-16.317113, 28.438044],
            [-16.317267, 28.43805],
            [-16.31736, 28.438054],
            [-16.31751, 28.438053],
            [-16.317696, 28.438051],
            [-16.317787, 28.438064],
            [-16.317876, 28.438076],
            [-16.317955, 28.438148],
            [-16.318027, 28.438213],
            [-16.318096, 28.438285],
            [-16.31812, 28.438338],
            [-16.318142, 28.438384],
            [-16.318196, 28.438428],
            [-16.318248, 28.438469],
            [-16.318309, 28.438491],
            [-16.31838, 28.438516],
            [-16.318428, 28.438533],
            [-16.318525, 28.438526],
            [-16.31858, 28.438497],
            [-16.318688, 28.438457],
            [-16.318789, 28.438433],
            [-16.318853, 28.438417],
            [-16.318995, 28.438389],
            [-16.319069, 28.438375],
            [-16.319256, 28.438373],
            [-16.319288, 28.438374],
            [-16.319377, 28.438377],
            [-16.319421, 28.438378],
            [-16.319548, 28.438337],
            [-16.319541, 28.438248],
            [-16.319528, 28.438075],
            [-16.319524, 28.437997],
            [-16.319521, 28.437926],
            [-16.319561, 28.437867],
            [-16.319616, 28.437788],
            [-16.319696, 28.437725],
            [-16.319754, 28.437681],
            [-16.319817, 28.437633],
            [-16.319907, 28.437577],
            [-16.320002, 28.437519],
            [-16.320138, 28.437476],
            [-16.320218, 28.437451],
            [-16.320345, 28.437492],
            [-16.32042, 28.437515],
            [-16.320533, 28.437578],
            [-16.320608, 28.437619],
            [-16.320697, 28.437695],
            [-16.320815, 28.437793],
            [-16.320904, 28.437868],
            [-16.321006, 28.437917],
            [-16.321108, 28.437966],
            [-16.321242, 28.43803],
            [-16.321298, 28.438058],
            [-16.321398, 28.438127],
            [-16.321462, 28.438213],
            [-16.321578, 28.438221],
            [-16.321716, 28.438231],
            [-16.321799, 28.438255],
            [-16.321888, 28.438281],
            [-16.321927, 28.43834],
            [-16.321953, 28.438465],
            [-16.321966, 28.438525],
            [-16.321997, 28.438598],
            [-16.322048, 28.438631],
            [-16.322096, 28.438663],
            [-16.322146, 28.438668],
            [-16.322216, 28.438675],
            [-16.322247, 28.438647],
            [-16.322289, 28.438609],
            [-16.322318, 28.438551],
            [-16.32234, 28.438506],
            [-16.322363, 28.438463],
            [-16.322383, 28.43839],
            [-16.322398, 28.438337],
            [-16.322443, 28.438255],
            [-16.322467, 28.438229],
            [-16.322548, 28.438236],
            [-16.322721, 28.438307],
            [-16.322901, 28.438358],
            [-16.322981, 28.438367],
            [-16.323124, 28.438378],
            [-16.323253, 28.438384],
            [-16.32332, 28.438387],
            [-16.323374, 28.438383],
            [-16.323421, 28.438379],
            [-16.323494, 28.438374],
            [-16.323537, 28.438371],
            [-16.323601, 28.438381],
            [-16.323654, 28.43839],
            [-16.323702, 28.438407],
            [-16.323755, 28.438427],
            [-16.323813, 28.438448],
            [-16.323877, 28.438453],
            [-16.323956, 28.43846],
            [-16.324136, 28.438403],
            [-16.324237, 28.43837],
            [-16.32427, 28.438358],
            [-16.32432, 28.438317],
            [-16.324598, 28.438253],
            [-16.324679, 28.438234],
            [-16.324768, 28.438214],
            [-16.324965, 28.438138],
            [-16.32505, 28.438106],
            [-16.325088, 28.438078],
            [-16.325268, 28.438087],
            [-16.325312, 28.438089],
            [-16.325447, 28.438115],
            [-16.325531, 28.438113],
            [-16.325658, 28.438109],
            [-16.325779, 28.438105],
            [-16.3258, 28.438105],
            [-16.325864, 28.437932],
            [-16.325914, 28.437769],
            [-16.325937, 28.437686],
            [-16.325988, 28.43764],
            [-16.326076, 28.437594],
            [-16.326294, 28.437531],
            [-16.326471, 28.437441],
            [-16.326517, 28.437417],
            [-16.326612, 28.437343],
            [-16.326697, 28.437355],
            [-16.326741, 28.437361],
            [-16.326811, 28.437363],
            [-16.326871, 28.437365],
            [-16.326913, 28.437366],
            [-16.327129, 28.437311],
            [-16.327241, 28.437304],
            [-16.327361, 28.43729],
            [-16.327474, 28.437354],
            [-16.327577, 28.43734],
            [-16.327906, 28.437168],
            [-16.328058, 28.437085],
            [-16.328249, 28.43701],
            [-16.32837, 28.436995],
            [-16.328479, 28.436986],
            [-16.328546, 28.43698],
            [-16.328681, 28.436933],
            [-16.328738, 28.436854],
            [-16.328801, 28.436818],
            [-16.328941, 28.436748],
            [-16.329074, 28.436704],
            [-16.32916, 28.436696],
            [-16.3293, 28.437169],
            [-16.329333, 28.437394],
            [-16.329436, 28.438102]
          ]
        ]
      }
    },
    {
      "type": "Feature",
      "properties": {
        "id": "55",
        "name": "Santa Maria del Mar",
        "cityId": "santa-cruz-de-tenerife"
      },
      "geometry": {
        "type": "Polygon",
        "coordinates": [
          [
            [-16.313782, 28.42731],
            [-16.313016, 28.427904],
            [-16.312881, 28.427783],
            [-16.312803, 28.427703],
            [-16.312771, 28.427639],
            [-16.312705, 28.427502],
            [-16.312661, 28.427364],
            [-16.312599, 28.427147],
            [-16.312584, 28.427094],
            [-16.312579, 28.427002],
            [-16.312615, 28.426924],
            [-16.31289, 28.426395],
            [-16.312916, 28.426308],
            [-16.31293, 28.426212],
            [-16.312919, 28.42615],
            [-16.312884, 28.426067],
            [-16.312777, 28.425946],
            [-16.312594, 28.425783],
            [-16.312158, 28.425411],
            [-16.312064, 28.425288],
            [-16.311993, 28.425118],
            [-16.311899, 28.424731],
            [-16.311835, 28.424536],
            [-16.311767, 28.424491],
            [-16.311734, 28.424469],
            [-16.311685, 28.42446],
            [-16.311569, 28.424446],
            [-16.311475, 28.42448],
            [-16.311282, 28.424578],
            [-16.310555, 28.424989],
            [-16.310171, 28.425208],
            [-16.310005, 28.425303],
            [-16.309827, 28.425406],
            [-16.309559, 28.425571],
            [-16.309495, 28.42563],
            [-16.309465, 28.425692],
            [-16.309424, 28.425779],
            [-16.309426, 28.425994],
            [-16.309435, 28.426085],
            [-16.309457, 28.426286],
            [-16.309475, 28.426472],
            [-16.309487, 28.426668],
            [-16.30946, 28.426754],
            [-16.309404, 28.426802],
            [-16.309346, 28.426821],
            [-16.309315, 28.426832],
            [-16.309206, 28.426833],
            [-16.309134, 28.426782],
            [-16.3091, 28.426757],
            [-16.309084, 28.426682],
            [-16.309069, 28.426609],
            [-16.309038, 28.426539],
            [-16.30899, 28.426433],
            [-16.308232, 28.425835],
            [-16.308122, 28.42575],
            [-16.307903, 28.425559],
            [-16.307886, 28.425591],
            [-16.307882, 28.425634],
            [-16.307927, 28.425812],
            [-16.30795, 28.425902],
            [-16.308019, 28.426083],
            [-16.308074, 28.42626],
            [-16.308089, 28.426309],
            [-16.308099, 28.426406],
            [-16.308051, 28.426506],
            [-16.307999, 28.426526],
            [-16.307922, 28.426514],
            [-16.307824, 28.426481],
            [-16.307524, 28.426348],
            [-16.307183, 28.426088],
            [-16.307041, 28.426037],
            [-16.306935, 28.426038],
            [-16.306806, 28.426057],
            [-16.306684, 28.426083],
            [-16.306571, 28.426127],
            [-16.306422, 28.426185],
            [-16.306342, 28.426204],
            [-16.306193, 28.426222],
            [-16.306025, 28.426217],
            [-16.305801, 28.426183],
            [-16.305771, 28.426176],
            [-16.305822, 28.425505],
            [-16.305762, 28.425185],
            [-16.305909, 28.424281],
            [-16.305159, 28.424502],
            [-16.304351, 28.424752],
            [-16.304444, 28.424539],
            [-16.304565, 28.42426],
            [-16.304718, 28.423908],
            [-16.30483, 28.423651],
            [-16.304982, 28.423304],
            [-16.305174, 28.422869],
            [-16.305409, 28.422341],
            [-16.305692, 28.421748],
            [-16.305795, 28.421532],
            [-16.305808, 28.421506],
            [-16.305931, 28.421518],
            [-16.306012, 28.421515],
            [-16.306062, 28.4215],
            [-16.306148, 28.421469],
            [-16.306185, 28.421454],
            [-16.306331, 28.421391],
            [-16.306376, 28.421371],
            [-16.306436, 28.421339],
            [-16.306508, 28.421294],
            [-16.306563, 28.421248],
            [-16.306621, 28.421195],
            [-16.306644, 28.421171],
            [-16.306721, 28.421102],
            [-16.306777, 28.421062],
            [-16.306867, 28.421023],
            [-16.306958, 28.420997],
            [-16.307004, 28.42099],
            [-16.307074, 28.420984],
            [-16.307161, 28.420979],
            [-16.307203, 28.420977],
            [-16.307293, 28.420972],
            [-16.307362, 28.420954],
            [-16.30744, 28.420932],
            [-16.307514, 28.42091],
            [-16.307573, 28.420909],
            [-16.307654, 28.420918],
            [-16.307725, 28.420917],
            [-16.307796, 28.420916],
            [-16.307846, 28.420915],
            [-16.307912, 28.420926],
            [-16.307954, 28.420965],
            [-16.307982, 28.421004],
            [-16.308067, 28.421041],
            [-16.30816, 28.421074],
            [-16.308263, 28.421102],
            [-16.308445, 28.421143],
            [-16.30854, 28.421166],
            [-16.308622, 28.421193],
            [-16.308661, 28.421201],
            [-16.308781, 28.421218],
            [-16.308842, 28.421226],
            [-16.308885, 28.42123],
            [-16.308965, 28.421235],
            [-16.309033, 28.421241],
            [-16.309099, 28.421254],
            [-16.309203, 28.421279],
            [-16.309299, 28.421296],
            [-16.309357, 28.421303],
            [-16.309415, 28.421308],
            [-16.309476, 28.421309],
            [-16.309537, 28.421311],
            [-16.309571, 28.421314],
            [-16.309606, 28.421316],
            [-16.309641, 28.421318],
            [-16.309709, 28.421324],
            [-16.309772, 28.421335],
            [-16.309803, 28.421343],
            [-16.309846, 28.421358],
            [-16.309929, 28.421403],
            [-16.309971, 28.421429],
            [-16.310042, 28.421478],
            [-16.310075, 28.421506],
            [-16.310107, 28.421534],
            [-16.310141, 28.421562],
            [-16.310205, 28.421605],
            [-16.310273, 28.421641],
            [-16.310327, 28.421673],
            [-16.310382, 28.421714],
            [-16.310458, 28.421765],
            [-16.310516, 28.421792],
            [-16.310578, 28.421818],
            [-16.310641, 28.421845],
            [-16.310683, 28.421858],
            [-16.310772, 28.421869],
            [-16.310817, 28.421872],
            [-16.3109, 28.421874],
            [-16.310983, 28.42187],
            [-16.311069, 28.421855],
            [-16.311129, 28.421846],
            [-16.311189, 28.421837],
            [-16.311231, 28.421832],
            [-16.311313, 28.421835],
            [-16.311349, 28.421848],
            [-16.311409, 28.421879],
            [-16.311456, 28.421888],
            [-16.311513, 28.421909],
            [-16.311531, 28.421927],
            [-16.311563, 28.421965],
            [-16.311595, 28.422001],
            [-16.31163, 28.422031],
            [-16.311667, 28.422047],
            [-16.311712, 28.422055],
            [-16.311767, 28.422055],
            [-16.311827, 28.422041],
            [-16.311866, 28.422034],
            [-16.311908, 28.42203],
            [-16.311965, 28.422033],
            [-16.312023, 28.422031],
            [-16.312063, 28.42203],
            [-16.3121, 28.422034],
            [-16.312161, 28.422053],
            [-16.312204, 28.422074],
            [-16.312252, 28.4221],
            [-16.312319, 28.42212],
            [-16.312385, 28.422132],
            [-16.312437, 28.422144],
            [-16.312495, 28.422159],
            [-16.31253, 28.422172],
            [-16.312596, 28.422202],
            [-16.312634, 28.422218],
            [-16.312773, 28.422244],
            [-16.312843, 28.422259],
            [-16.312953, 28.422283],
            [-16.313026, 28.422298],
            [-16.313087, 28.42231],
            [-16.31314, 28.422315],
            [-16.313206, 28.422318],
            [-16.313264, 28.422321],
            [-16.313328, 28.422327],
            [-16.313382, 28.422334],
            [-16.313436, 28.422338],
            [-16.313482, 28.422338],
            [-16.313553, 28.422334],
            [-16.313635, 28.42231],
            [-16.313547, 28.422512],
            [-16.313486, 28.422634],
            [-16.313314, 28.422981],
            [-16.313049, 28.423471],
            [-16.312961, 28.423666],
            [-16.312937, 28.42377],
            [-16.312922, 28.423986],
            [-16.312931, 28.424153],
            [-16.312972, 28.424241],
            [-16.313046, 28.424407],
            [-16.313131, 28.424762],
            [-16.313287, 28.425429],
            [-16.313379, 28.425789],
            [-16.313358, 28.425957],
            [-16.31332, 28.426131],
            [-16.313287, 28.426428],
            [-16.313248, 28.426711],
            [-16.313251, 28.42678],
            [-16.313271, 28.42685],
            [-16.313457, 28.42703],
            [-16.313782, 28.42731]
          ]
        ]
      }
    },
    {
      "type": "Feature",
      "properties": {
        "id": "56",
        "name": "Alisios",
        "cityId": "santa-cruz-de-tenerife"
      },
      "geometry": {
        "type": "Polygon",
        "coordinates": [
          [
            [-16.313016, 28.427904],
            [-16.313016, 28.427905],
            [-16.312911, 28.428059],
            [-16.312618, 28.42857],
            [-16.312351, 28.429066],
            [-16.312177, 28.429361],
            [-16.311877, 28.429882],
            [-16.311752, 28.430157],
            [-16.311749, 28.43023],
            [-16.311744, 28.430376],
            [-16.311765, 28.430448],
            [-16.311833, 28.430596],
            [-16.312039, 28.430942],
            [-16.312103, 28.431155],
            [-16.312125, 28.431338],
            [-16.312119, 28.431487],
            [-16.31202, 28.431835],
            [-16.311754, 28.432262],
            [-16.311098, 28.433263],
            [-16.310813, 28.433564],
            [-16.310846, 28.433818],
            [-16.310803, 28.434045],
            [-16.310624, 28.435234],
            [-16.31057, 28.435383],
            [-16.31046, 28.435517],
            [-16.31044, 28.435382],
            [-16.310416, 28.43523],
            [-16.310389, 28.435056],
            [-16.310371, 28.434942],
            [-16.310365, 28.434688],
            [-16.310379, 28.434617],
            [-16.310374, 28.434529],
            [-16.310326, 28.434501],
            [-16.310261, 28.434483],
            [-16.310077, 28.434431],
            [-16.309941, 28.43434],
            [-16.309856, 28.434281],
            [-16.309758, 28.434215],
            [-16.309673, 28.434115],
            [-16.309606, 28.434036],
            [-16.309598, 28.433506],
            [-16.309474, 28.433418],
            [-16.309333, 28.433317],
            [-16.309171, 28.433203],
            [-16.309017, 28.43311],
            [-16.308866, 28.433019],
            [-16.308663, 28.432939],
            [-16.308526, 28.432979],
            [-16.308311, 28.433042],
            [-16.30802, 28.433122],
            [-16.307843, 28.433008],
            [-16.307639, 28.432878],
            [-16.307347, 28.43269],
            [-16.307239, 28.432621],
            [-16.307215, 28.432512],
            [-16.3072, 28.43237],
            [-16.307175, 28.432137],
            [-16.306998, 28.432152],
            [-16.306963, 28.432051],
            [-16.306865, 28.431966],
            [-16.306814, 28.431932],
            [-16.306728, 28.431874],
            [-16.306636, 28.431812],
            [-16.306558, 28.431763],
            [-16.306467, 28.431711],
            [-16.306326, 28.431631],
            [-16.306225, 28.431573],
            [-16.306434, 28.431323],
            [-16.306413, 28.431309],
            [-16.306301, 28.431236],
            [-16.306092, 28.431099],
            [-16.305816, 28.430917],
            [-16.30538, 28.430631],
            [-16.305146, 28.430478],
            [-16.304959, 28.430355],
            [-16.304788, 28.430202],
            [-16.304672, 28.430099],
            [-16.304558, 28.429948],
            [-16.304437, 28.429789],
            [-16.304379, 28.429665],
            [-16.304279, 28.429455],
            [-16.304218, 28.429209],
            [-16.304189, 28.42894],
            [-16.30413, 28.428408],
            [-16.304056, 28.427722],
            [-16.30394, 28.427639],
            [-16.304347, 28.426724],
            [-16.303603, 28.426476],
            [-16.30365, 28.426367],
            [-16.303747, 28.426143],
            [-16.30391, 28.425769],
            [-16.304125, 28.425273],
            [-16.304351, 28.424752],
            [-16.305159, 28.424502],
            [-16.305909, 28.424281],
            [-16.305762, 28.425185],
            [-16.305822, 28.425505],
            [-16.305771, 28.426176],
            [-16.305801, 28.426183],
            [-16.306025, 28.426217],
            [-16.306193, 28.426222],
            [-16.306342, 28.426204],
            [-16.306422, 28.426185],
            [-16.306571, 28.426127],
            [-16.306684, 28.426083],
            [-16.306806, 28.426057],
            [-16.306935, 28.426038],
            [-16.307041, 28.426037],
            [-16.307183, 28.426088],
            [-16.307524, 28.426348],
            [-16.307824, 28.426481],
            [-16.307922, 28.426514],
            [-16.307999, 28.426526],
            [-16.308051, 28.426506],
            [-16.308099, 28.426406],
            [-16.308089, 28.426309],
            [-16.308074, 28.42626],
            [-16.308019, 28.426083],
            [-16.30795, 28.425902],
            [-16.307927, 28.425812],
            [-16.307882, 28.425634],
            [-16.307886, 28.425591],
            [-16.307903, 28.425559],
            [-16.308122, 28.42575],
            [-16.308232, 28.425835],
            [-16.30899, 28.426433],
            [-16.309038, 28.426539],
            [-16.309069, 28.426609],
            [-16.309084, 28.426682],
            [-16.3091, 28.426757],
            [-16.309134, 28.426782],
            [-16.309206, 28.426833],
            [-16.309315, 28.426832],
            [-16.309346, 28.426821],
            [-16.309404, 28.426802],
            [-16.30946, 28.426754],
            [-16.309487, 28.426668],
            [-16.309475, 28.426472],
            [-16.309457, 28.426286],
            [-16.309435, 28.426085],
            [-16.309426, 28.425994],
            [-16.309424, 28.425779],
            [-16.309465, 28.425692],
            [-16.309495, 28.42563],
            [-16.309559, 28.425571],
            [-16.309827, 28.425406],
            [-16.310005, 28.425303],
            [-16.310171, 28.425208],
            [-16.310555, 28.424989],
            [-16.311282, 28.424578],
            [-16.311475, 28.42448],
            [-16.311569, 28.424446],
            [-16.311685, 28.42446],
            [-16.311734, 28.424469],
            [-16.311767, 28.424491],
            [-16.311835, 28.424536],
            [-16.311876, 28.424659],
            [-16.311899, 28.424731],
            [-16.311993, 28.425118],
            [-16.312064, 28.425288],
            [-16.312158, 28.425411],
            [-16.312594, 28.425783],
            [-16.312777, 28.425946],
            [-16.312884, 28.426067],
            [-16.312919, 28.42615],
            [-16.31293, 28.426212],
            [-16.312916, 28.426308],
            [-16.31289, 28.426395],
            [-16.312615, 28.426924],
            [-16.312579, 28.427002],
            [-16.312584, 28.427094],
            [-16.312599, 28.427147],
            [-16.312661, 28.427364],
            [-16.312705, 28.427502],
            [-16.312771, 28.427639],
            [-16.312803, 28.427703],
            [-16.312881, 28.427783],
            [-16.313016, 28.427904]
          ]
        ]
      }
    },
    {
      "type": "Feature",
      "properties": {
        "id": "57",
        "name": "Llano del Moro",
        "cityId": "santa-cruz-de-tenerife"
      },
      "geometry": {
        "type": "MultiPolygon",
        "coordinates": [
          [
            [
              [-16.338637, 28.437761],
              [-16.338802, 28.437629],
              [-16.33864, 28.437759],
              [-16.338637, 28.437761]
            ]
          ],
          [
            [
              [-16.338637, 28.437761],
              [-16.338628, 28.437768],
              [-16.338491, 28.437864],
              [-16.338637, 28.437761]
            ]
          ],
          [
            [
              [-16.338491, 28.437864],
              [-16.338474, 28.437876],
              [-16.338436, 28.437915],
              [-16.338376, 28.437976],
              [-16.338325, 28.438047],
              [-16.338376, 28.437975],
              [-16.338475, 28.437875],
              [-16.338491, 28.437864]
            ]
          ],
          [
            [
              [-16.338325, 28.438047],
              [-16.338269, 28.438185],
              [-16.338219, 28.438312],
              [-16.338238, 28.438262],
              [-16.338288, 28.438139],
              [-16.338325, 28.438047]
            ]
          ],
          [
            [
              [-16.338219, 28.438312],
              [-16.338183, 28.438405],
              [-16.338177, 28.43842],
              [-16.338219, 28.438312]
            ]
          ],
          [
            [
              [-16.338177, 28.43842],
              [-16.33815, 28.43849],
              [-16.338133, 28.438533],
              [-16.338177, 28.43842]
            ]
          ],
          [
            [
              [-16.338133, 28.438533],
              [-16.338126, 28.43855],
              [-16.338073, 28.438631],
              [-16.338049, 28.438654],
              [-16.338073, 28.438631],
              [-16.338126, 28.438549],
              [-16.338133, 28.438533]
            ]
          ],
          [
            [
              [-16.338049, 28.438654],
              [-16.338001, 28.438701],
              [-16.337997, 28.438704],
              [-16.338049, 28.438654]
            ]
          ],
          [
            [
              [-16.337997, 28.438704],
              [-16.337996, 28.438705],
              [-16.337917, 28.438757],
              [-16.337825, 28.438796],
              [-16.337783, 28.438804],
              [-16.337672, 28.438823],
              [-16.337825, 28.438795],
              [-16.337917, 28.438756],
              [-16.337997, 28.438704]
            ]
          ],
          [
            [
              [-16.337513, 28.438853],
              [-16.337515, 28.438852],
              [-16.337669, 28.438824],
              [-16.337513, 28.438853]
            ]
          ],
          [
            [
              [-16.337513, 28.438853],
              [-16.337451, 28.438868],
              [-16.337368, 28.438889],
              [-16.337464, 28.438865],
              [-16.33751, 28.438853],
              [-16.337513, 28.438853]
            ]
          ],
          [
            [
              [-16.337368, 28.438889],
              [-16.337355, 28.438893],
              [-16.337135, 28.438935],
              [-16.336951, 28.438982],
              [-16.336803, 28.439042],
              [-16.336654, 28.439127],
              [-16.33648, 28.439233],
              [-16.336342, 28.439347],
              [-16.336149, 28.439588],
              [-16.335924, 28.439881],
              [-16.335688, 28.440179],
              [-16.33549, 28.440429],
              [-16.335311, 28.44065],
              [-16.335208, 28.440773],
              [-16.334914, 28.44125],
              [-16.334653, 28.44167],
              [-16.33455, 28.441853],
              [-16.334503, 28.441998],
              [-16.334387, 28.442367],
              [-16.334403, 28.442414],
              [-16.334395, 28.442514],
              [-16.334241, 28.442734],
              [-16.333814, 28.443363],
              [-16.333557, 28.443804],
              [-16.333147, 28.444469],
              [-16.332796, 28.444964],
              [-16.332398, 28.445523],
              [-16.332225, 28.445716],
              [-16.332009, 28.445885],
              [-16.331794, 28.44612],
              [-16.331569, 28.446438],
              [-16.331503, 28.446552],
              [-16.331343, 28.446745],
              [-16.331037, 28.446994],
              [-16.330857, 28.447138],
              [-16.330733, 28.44731],
              [-16.330608, 28.44756],
              [-16.330487, 28.448574],
              [-16.330427, 28.449146],
              [-16.330384, 28.449602],
              [-16.330416, 28.449877],
              [-16.330469, 28.450307],
              [-16.330511, 28.450763],
              [-16.330497, 28.450975],
              [-16.330467, 28.451318],
              [-16.330481, 28.451553],
              [-16.330615, 28.452228],
              [-16.330624, 28.452278],
              [-16.330633, 28.452332],
              [-16.33064, 28.452372],
              [-16.33065, 28.452431],
              [-16.330656, 28.452476],
              [-16.330662, 28.45253],
              [-16.330692, 28.452834],
              [-16.330668, 28.453175],
              [-16.330576, 28.45377],
              [-16.330482, 28.454563],
              [-16.330515, 28.454849],
              [-16.33041, 28.454793],
              [-16.330332, 28.454767],
              [-16.330231, 28.454741],
              [-16.330177, 28.45473],
              [-16.330113, 28.454715],
              [-16.33002, 28.454678],
              [-16.32997, 28.454644],
              [-16.3299, 28.454607],
              [-16.329849, 28.454569],
              [-16.329799, 28.454529],
              [-16.329685, 28.454417],
              [-16.329652, 28.454365],
              [-16.329627, 28.45432],
              [-16.329572, 28.454163],
              [-16.329559, 28.454123],
              [-16.329538, 28.45408],
              [-16.329521, 28.454037],
              [-16.329511, 28.454026],
              [-16.329504, 28.454017],
              [-16.329479, 28.453983],
              [-16.329455, 28.453959],
              [-16.32942, 28.453928],
              [-16.329379, 28.453908],
              [-16.329341, 28.453883],
              [-16.329302, 28.453857],
              [-16.329224, 28.453801],
              [-16.329171, 28.453765],
              [-16.329146, 28.453748],
              [-16.329134, 28.453739],
              [-16.329118, 28.453725],
              [-16.32909, 28.453703],
              [-16.329069, 28.453685],
              [-16.329044, 28.45366],
              [-16.329021, 28.453631],
              [-16.329, 28.453605],
              [-16.32898, 28.453569],
              [-16.328964, 28.453539],
              [-16.32895, 28.453508],
              [-16.328941, 28.453479],
              [-16.32894, 28.453449],
              [-16.328963, 28.453388],
              [-16.328988, 28.453345],
              [-16.329023, 28.453315],
              [-16.329034, 28.453306],
              [-16.329059, 28.453275],
              [-16.32908, 28.45322],
              [-16.329089, 28.453193],
              [-16.329122, 28.453073],
              [-16.329126, 28.453017],
              [-16.329121, 28.452992],
              [-16.329109, 28.452954],
              [-16.329103, 28.452938],
              [-16.329085, 28.452909],
              [-16.329066, 28.452886],
              [-16.329041, 28.452864],
              [-16.329011, 28.452846],
              [-16.328912, 28.452807],
              [-16.328836, 28.452783],
              [-16.328786, 28.45277],
              [-16.328728, 28.452738],
              [-16.328702, 28.452725],
              [-16.3286, 28.452661],
              [-16.328532, 28.452612],
              [-16.328471, 28.452567],
              [-16.328415, 28.452523],
              [-16.328347, 28.452469],
              [-16.328299, 28.452429],
              [-16.328158, 28.452322],
              [-16.328098, 28.452271],
              [-16.328054, 28.452224],
              [-16.327988, 28.452155],
              [-16.32794, 28.452103],
              [-16.327907, 28.452063],
              [-16.327879, 28.452034],
              [-16.327838, 28.452005],
              [-16.327779, 28.451974],
              [-16.327691, 28.451936],
              [-16.327584, 28.45189],
              [-16.327541, 28.451861],
              [-16.327504, 28.451819],
              [-16.327477, 28.451783],
              [-16.327454, 28.451738],
              [-16.32744, 28.451659],
              [-16.327419, 28.451546],
              [-16.327407, 28.451506],
              [-16.32739, 28.451443],
              [-16.327361, 28.451344],
              [-16.327337, 28.451263],
              [-16.327317, 28.4512],
              [-16.327296, 28.451153],
              [-16.32724, 28.451034],
              [-16.327205, 28.450978],
              [-16.327159, 28.450908],
              [-16.32712, 28.450848],
              [-16.327105, 28.450818],
              [-16.327087, 28.450785],
              [-16.327037, 28.450684],
              [-16.327014, 28.450634],
              [-16.326971, 28.450567],
              [-16.326947, 28.450527],
              [-16.326905, 28.450473],
              [-16.326844, 28.45041],
              [-16.326796, 28.450377],
              [-16.326694, 28.450337],
              [-16.326589, 28.450307],
              [-16.32657, 28.450305],
              [-16.326493, 28.450269],
              [-16.326408, 28.450236],
              [-16.326246, 28.450175],
              [-16.326115, 28.450117],
              [-16.32601, 28.45008],
              [-16.32592, 28.450058],
              [-16.325818, 28.450041],
              [-16.325724, 28.450029],
              [-16.325656, 28.450018],
              [-16.325538, 28.450008],
              [-16.325439, 28.450009],
              [-16.325327, 28.450028],
              [-16.325173, 28.450066],
              [-16.325046, 28.450103],
              [-16.324976, 28.450113],
              [-16.32488, 28.450111],
              [-16.324836, 28.450098],
              [-16.324727, 28.450045],
              [-16.324603, 28.449997],
              [-16.324492, 28.449962],
              [-16.324397, 28.449972],
              [-16.324345, 28.449974],
              [-16.324175, 28.450048],
              [-16.324101, 28.450071],
              [-16.32393, 28.450116],
              [-16.323808, 28.450142],
              [-16.323758, 28.45014],
              [-16.323679, 28.450123],
              [-16.323544, 28.450106],
              [-16.323437, 28.450103],
              [-16.323385, 28.450094],
              [-16.323305, 28.450117],
              [-16.323293, 28.450066],
              [-16.323269, 28.449952],
              [-16.323196, 28.449593],
              [-16.323111, 28.449186],
              [-16.323024, 28.448767],
              [-16.323224, 28.448654],
              [-16.323731, 28.448071],
              [-16.324477, 28.447213],
              [-16.324867, 28.446765],
              [-16.325065, 28.446776],
              [-16.325175, 28.446779],
              [-16.325593, 28.446831],
              [-16.326149, 28.446979],
              [-16.326186, 28.446935],
              [-16.326919, 28.445157],
              [-16.327282, 28.444275],
              [-16.327972, 28.442397],
              [-16.327973, 28.442394],
              [-16.328621, 28.440892],
              [-16.329073, 28.439761],
              [-16.329275, 28.439208],
              [-16.329414, 28.43879],
              [-16.329436, 28.438102],
              [-16.329333, 28.437394],
              [-16.3293, 28.437169],
              [-16.32916, 28.436696],
              [-16.329056, 28.436336],
              [-16.329048, 28.43631],
              [-16.329006, 28.436203],
              [-16.328938, 28.436029],
              [-16.328858, 28.435824],
              [-16.328753, 28.435554],
              [-16.328678, 28.435359],
              [-16.328468, 28.434819],
              [-16.328338, 28.434484],
              [-16.328212, 28.434158],
              [-16.327983, 28.433592],
              [-16.327698, 28.4329],
              [-16.327594, 28.432647],
              [-16.327579, 28.432565],
              [-16.327484, 28.432048],
              [-16.327461, 28.431921],
              [-16.327487, 28.43144],
              [-16.327562, 28.431232],
              [-16.327637, 28.431022],
              [-16.327764, 28.430807],
              [-16.327796, 28.430749],
              [-16.327838, 28.430827],
              [-16.327882, 28.430893],
              [-16.327919, 28.430949],
              [-16.327962, 28.431015],
              [-16.327996, 28.431037],
              [-16.328042, 28.431074],
              [-16.328143, 28.431169],
              [-16.328206, 28.431228],
              [-16.328277, 28.431294],
              [-16.328381, 28.431392],
              [-16.328529, 28.431531],
              [-16.328622, 28.431641],
              [-16.328678, 28.431707],
              [-16.328748, 28.431789],
              [-16.328822, 28.431877],
              [-16.328866, 28.431934],
              [-16.32891, 28.432007],
              [-16.328968, 28.432106],
              [-16.329005, 28.432182],
              [-16.329023, 28.432219],
              [-16.329089, 28.432272],
              [-16.329133, 28.43233],
              [-16.329144, 28.432404],
              [-16.329182, 28.4325],
              [-16.329201, 28.432542],
              [-16.329249, 28.4326],
              [-16.329299, 28.432663],
              [-16.329343, 28.432721],
              [-16.329378, 28.432764],
              [-16.329417, 28.432811],
              [-16.329454, 28.432853],
              [-16.329496, 28.432886],
              [-16.329517, 28.432902],
              [-16.329574, 28.432913],
              [-16.329616, 28.432921],
              [-16.329695, 28.432921],
              [-16.329849, 28.432917],
              [-16.329943, 28.432912],
              [-16.330036, 28.432905],
              [-16.330187, 28.43289],
              [-16.330319, 28.432868],
              [-16.330442, 28.432848],
              [-16.330577, 28.432834],
              [-16.330701, 28.432822],
              [-16.330816, 28.432808],
              [-16.330984, 28.432754],
              [-16.332163, 28.432653],
              [-16.332188, 28.432651],
              [-16.332191, 28.432668],
              [-16.33218, 28.432723],
              [-16.332157, 28.432793],
              [-16.33212, 28.432898],
              [-16.332081, 28.432984],
              [-16.332039, 28.433066],
              [-16.331991, 28.433143],
              [-16.331949, 28.433208],
              [-16.331939, 28.433272],
              [-16.331932, 28.433354],
              [-16.331935, 28.43343],
              [-16.331928, 28.433514],
              [-16.331921, 28.433578],
              [-16.331892, 28.433644],
              [-16.33185, 28.433756],
              [-16.331808, 28.433847],
              [-16.331758, 28.433951],
              [-16.33173, 28.434046],
              [-16.331707, 28.434175],
              [-16.3317, 28.434266],
              [-16.331693, 28.434369],
              [-16.33167, 28.434479],
              [-16.331682, 28.434598],
              [-16.331726, 28.434825],
              [-16.331753, 28.435051],
              [-16.331814, 28.435159],
              [-16.331908, 28.435337],
              [-16.33235, 28.436341],
              [-16.33247, 28.43661],
              [-16.332504, 28.436685],
              [-16.332575, 28.436884],
              [-16.332591, 28.43693],
              [-16.332591, 28.436931],
              [-16.332677, 28.436854],
              [-16.332771, 28.436773],
              [-16.332793, 28.436754],
              [-16.332793, 28.436754],
              [-16.332852, 28.436703],
              [-16.33302, 28.436694],
              [-16.33304, 28.436696],
              [-16.33304, 28.436696],
              [-16.333107, 28.436703],
              [-16.333107, 28.436703],
              [-16.333168, 28.436711],
              [-16.333236, 28.436716],
              [-16.333414, 28.436737],
              [-16.333506, 28.436749],
              [-16.333637, 28.436757],
              [-16.333668, 28.436759],
              [-16.333739, 28.436765],
              [-16.333799, 28.436765],
              [-16.333846, 28.436765],
              [-16.33386, 28.436755],
              [-16.333873, 28.436746],
              [-16.333873, 28.436745],
              [-16.333878, 28.436703],
              [-16.333878, 28.436703],
              [-16.333836, 28.436674],
              [-16.333738, 28.436647],
              [-16.333644, 28.436632],
              [-16.333447, 28.4366],
              [-16.333448, 28.436599],
              [-16.333398, 28.436591],
              [-16.333215, 28.436554],
              [-16.333217, 28.436554],
              [-16.333147, 28.43654],
              [-16.333076, 28.436507],
              [-16.332936, 28.436445],
              [-16.332793, 28.436285],
              [-16.332794, 28.436286],
              [-16.332774, 28.436263],
              [-16.332749, 28.436144],
              [-16.332726, 28.436038],
              [-16.332758, 28.435859],
              [-16.33276, 28.435845],
              [-16.33276, 28.435845],
              [-16.332834, 28.435738],
              [-16.332915, 28.435676],
              [-16.332966, 28.435721],
              [-16.333018, 28.435825],
              [-16.33312, 28.435922],
              [-16.333227, 28.435967],
              [-16.33337, 28.435988],
              [-16.333432, 28.435972],
              [-16.333521, 28.435952],
              [-16.333631, 28.435933],
              [-16.333864, 28.435894],
              [-16.334167, 28.435844],
              [-16.334305, 28.43582],
              [-16.33442, 28.435806],
              [-16.334673, 28.435776],
              [-16.334968, 28.435739],
              [-16.33502, 28.435733],
              [-16.335393, 28.435734],
              [-16.335483, 28.43575],
              [-16.335787, 28.435829],
              [-16.335832, 28.435852],
              [-16.335969, 28.435921],
              [-16.336068, 28.435972],
              [-16.336117, 28.436012],
              [-16.336206, 28.436087],
              [-16.336237, 28.436113],
              [-16.336278, 28.436147],
              [-16.336316, 28.436181],
              [-16.336376, 28.436242],
              [-16.336498, 28.436366],
              [-16.336635, 28.43653],
              [-16.336687, 28.436593],
              [-16.337332, 28.438697],
              [-16.337368, 28.438889]
            ]
          ]
        ]
      }
    },
    {
      "type": "Feature",
      "properties": {
        "id": "58",
        "name": "Buenos Aires",
        "cityId": "santa-cruz-de-tenerife"
      },
      "geometry": {
        "type": "Polygon",
        "coordinates": [
          [
            [-16.29652, 28.431271],
            [-16.296446, 28.431479],
            [-16.296397, 28.431619],
            [-16.296397, 28.431623],
            [-16.294178, 28.431971],
            [-16.294035, 28.431895],
            [-16.293804, 28.431822],
            [-16.293744, 28.431831],
            [-16.293582, 28.431853],
            [-16.2933, 28.431892],
            [-16.292626, 28.431985],
            [-16.292142, 28.432051],
            [-16.291827, 28.432094],
            [-16.291459, 28.432145],
            [-16.291168, 28.432185],
            [-16.290917, 28.43222],
            [-16.290633, 28.432259],
            [-16.290321, 28.432302],
            [-16.290069, 28.432336],
            [-16.289928, 28.432364],
            [-16.289745, 28.432401],
            [-16.289441, 28.432461],
            [-16.289159, 28.432517],
            [-16.288944, 28.43256],
            [-16.288694, 28.432615],
            [-16.288446, 28.432673],
            [-16.288156, 28.432742],
            [-16.287951, 28.43279],
            [-16.287683, 28.432854],
            [-16.287431, 28.432913],
            [-16.287145, 28.432981],
            [-16.286865, 28.433047],
            [-16.286575, 28.433121],
            [-16.286275, 28.433204],
            [-16.286007, 28.433279],
            [-16.285653, 28.433377],
            [-16.285456, 28.433431],
            [-16.285276, 28.43351],
            [-16.285111, 28.433582],
            [-16.284933, 28.43366],
            [-16.284638, 28.433789],
            [-16.284391, 28.433897],
            [-16.284344, 28.433934],
            [-16.28428, 28.433984],
            [-16.284187, 28.434058],
            [-16.284084, 28.434139],
            [-16.283965, 28.434232],
            [-16.28385, 28.434323],
            [-16.283684, 28.434454],
            [-16.283616, 28.434516],
            [-16.2835, 28.43462],
            [-16.283308, 28.434794],
            [-16.283082, 28.434997],
            [-16.283011, 28.435079],
            [-16.282896, 28.435209],
            [-16.282803, 28.435314],
            [-16.282727, 28.435401],
            [-16.282607, 28.435536],
            [-16.28252, 28.435636],
            [-16.282428, 28.43574],
            [-16.282304, 28.43588],
            [-16.282233, 28.435961],
            [-16.282155, 28.43605],
            [-16.282038, 28.436183],
            [-16.281901, 28.436338],
            [-16.281748, 28.436512],
            [-16.281615, 28.436663],
            [-16.281463, 28.436836],
            [-16.281339, 28.436976],
            [-16.281205, 28.437128],
            [-16.281022, 28.437337],
            [-16.280844, 28.437539],
            [-16.280678, 28.437727],
            [-16.280502, 28.437928],
            [-16.280364, 28.438084],
            [-16.280249, 28.438217],
            [-16.280112, 28.438379],
            [-16.280007, 28.438503],
            [-16.279924, 28.438601],
            [-16.279804, 28.438743],
            [-16.279662, 28.438912],
            [-16.279512, 28.439089],
            [-16.279405, 28.439215],
            [-16.279343, 28.439323],
            [-16.279286, 28.439423],
            [-16.279228, 28.439526],
            [-16.279197, 28.43958],
            [-16.279137, 28.439686],
            [-16.279084, 28.439777],
            [-16.27903, 28.439873],
            [-16.278975, 28.440008],
            [-16.278923, 28.440138],
            [-16.278883, 28.440238],
            [-16.278838, 28.440351],
            [-16.278798, 28.440451],
            [-16.278747, 28.440577],
            [-16.278716, 28.440692],
            [-16.278677, 28.44083],
            [-16.278636, 28.44098],
            [-16.278582, 28.441175],
            [-16.278539, 28.44133],
            [-16.278481, 28.44154],
            [-16.278432, 28.441717],
            [-16.278389, 28.44187],
            [-16.278352, 28.442005],
            [-16.278297, 28.442174],
            [-16.278265, 28.44227],
            [-16.2782, 28.442463],
            [-16.278137, 28.442651],
            [-16.278052, 28.442905],
            [-16.277972, 28.443143],
            [-16.277906, 28.443305],
            [-16.277813, 28.443536],
            [-16.277763, 28.443637],
            [-16.277663, 28.443811],
            [-16.277562, 28.443988],
            [-16.277511, 28.444075],
            [-16.277468, 28.444125],
            [-16.277392, 28.444212],
            [-16.277258, 28.444364],
            [-16.277167, 28.444468],
            [-16.277113, 28.44453],
            [-16.277034, 28.44462],
            [-16.276967, 28.444697],
            [-16.27689, 28.444786],
            [-16.276813, 28.444874],
            [-16.276723, 28.444977],
            [-16.276642, 28.44507],
            [-16.276576, 28.445145],
            [-16.276517, 28.445213],
            [-16.276435, 28.445307],
            [-16.276327, 28.445429],
            [-16.276248, 28.445517],
            [-16.276144, 28.445632],
            [-16.27603, 28.445758],
            [-16.275884, 28.44592],
            [-16.275744, 28.446074],
            [-16.275605, 28.446229],
            [-16.275503, 28.446342],
            [-16.275386, 28.446472],
            [-16.275228, 28.446646],
            [-16.275076, 28.446814],
            [-16.274937, 28.44697],
            [-16.274777, 28.447151],
            [-16.274653, 28.447292],
            [-16.274494, 28.447472],
            [-16.274337, 28.447649],
            [-16.274123, 28.447892],
            [-16.273974, 28.448061],
            [-16.273829, 28.448226],
            [-16.273709, 28.448362],
            [-16.273524, 28.448571],
            [-16.273333, 28.448788],
            [-16.273172, 28.44897],
            [-16.273013, 28.44915],
            [-16.272837, 28.449349],
            [-16.272673, 28.449567],
            [-16.272439, 28.449878],
            [-16.272224, 28.450174],
            [-16.272025, 28.450512],
            [-16.271763, 28.450957],
            [-16.271658, 28.451165],
            [-16.271544, 28.451413],
            [-16.271424, 28.451675],
            [-16.271334, 28.45193],
            [-16.27121, 28.452284],
            [-16.271084, 28.45264],
            [-16.270946, 28.453005],
            [-16.270683, 28.453658],
            [-16.270617, 28.453822],
            [-16.270454, 28.454017],
            [-16.270265, 28.454245],
            [-16.269981, 28.45455],
            [-16.269717, 28.454834],
            [-16.269406, 28.455124],
            [-16.269241, 28.455279],
            [-16.269143, 28.455361],
            [-16.268808, 28.455567],
            [-16.268371, 28.455836],
            [-16.267881, 28.456137],
            [-16.267715, 28.456211],
            [-16.267282, 28.456403],
            [-16.267158, 28.456459],
            [-16.267158, 28.456458],
            [-16.267139, 28.456431],
            [-16.267071, 28.456372],
            [-16.267012, 28.456345],
            [-16.266965, 28.456322],
            [-16.266861, 28.45631],
            [-16.266791, 28.456302],
            [-16.266699, 28.456291],
            [-16.26661, 28.456288],
            [-16.266535, 28.456286],
            [-16.266409, 28.456288],
            [-16.266348, 28.456291],
            [-16.266295, 28.456294],
            [-16.266174, 28.456296],
            [-16.266091, 28.456296],
            [-16.265996, 28.456297],
            [-16.265922, 28.456292],
            [-16.265848, 28.456288],
            [-16.265794, 28.456284],
            [-16.265712, 28.456279],
            [-16.265607, 28.45628],
            [-16.265509, 28.45628],
            [-16.265357, 28.456286],
            [-16.265023, 28.456501],
            [-16.264689, 28.456145],
            [-16.264479, 28.456025],
            [-16.26434, 28.455736],
            [-16.264106, 28.455235],
            [-16.263597, 28.45465],
            [-16.263379, 28.454469],
            [-16.263198, 28.454449],
            [-16.262816, 28.454487],
            [-16.262571, 28.454449],
            [-16.262398, 28.45438],
            [-16.262276, 28.454332],
            [-16.26194, 28.454183],
            [-16.261043, 28.453727],
            [-16.260635, 28.45334],
            [-16.260188, 28.453017],
            [-16.259719, 28.452969],
            [-16.259603, 28.452959],
            [-16.259549, 28.452896],
            [-16.259656, 28.45209],
            [-16.259627, 28.451802],
            [-16.259734, 28.451791],
            [-16.259838, 28.451788],
            [-16.259887, 28.45178],
            [-16.259946, 28.451766],
            [-16.260011, 28.451758],
            [-16.260068, 28.451743],
            [-16.260124, 28.451726],
            [-16.260231, 28.451705],
            [-16.260337, 28.451682],
            [-16.260429, 28.451657],
            [-16.260521, 28.451632],
            [-16.260612, 28.45161],
            [-16.260703, 28.451586],
            [-16.260805, 28.451553],
            [-16.260906, 28.451521],
            [-16.261012, 28.451486],
            [-16.261119, 28.451454],
            [-16.261245, 28.451423],
            [-16.261371, 28.451391],
            [-16.261485, 28.451346],
            [-16.261598, 28.451301],
            [-16.261662, 28.451273],
            [-16.261755, 28.451227],
            [-16.261848, 28.45118],
            [-16.261995, 28.451106],
            [-16.26214, 28.451027],
            [-16.262308, 28.450922],
            [-16.262472, 28.450812],
            [-16.262598, 28.450722],
            [-16.262662, 28.450678],
            [-16.262727, 28.450636],
            [-16.262801, 28.450595],
            [-16.262887, 28.450555],
            [-16.262597, 28.449875],
            [-16.26257, 28.449885],
            [-16.26255, 28.449844],
            [-16.262425, 28.449886],
            [-16.262415, 28.449866],
            [-16.262374, 28.449777],
            [-16.262471, 28.449744],
            [-16.26248, 28.449771],
            [-16.262655, 28.449704],
            [-16.262696, 28.449792],
            [-16.262651, 28.449808],
            [-16.262959, 28.450522],
            [-16.263031, 28.450487],
            [-16.263208, 28.450392],
            [-16.263386, 28.450298],
            [-16.263499, 28.450247],
            [-16.263617, 28.450203],
            [-16.263666, 28.450187],
            [-16.263715, 28.450171],
            [-16.263773, 28.450146],
            [-16.263831, 28.450122],
            [-16.263918, 28.450093],
            [-16.264007, 28.450066],
            [-16.264084, 28.450036],
            [-16.26416, 28.450003],
            [-16.26421, 28.449978],
            [-16.264258, 28.44995],
            [-16.264304, 28.44992],
            [-16.264348, 28.449886],
            [-16.264374, 28.449855],
            [-16.264394, 28.449821],
            [-16.264401, 28.449799],
            [-16.264411, 28.449779],
            [-16.264418, 28.449771],
            [-16.264426, 28.449764],
            [-16.264437, 28.449652],
            [-16.264448, 28.44954],
            [-16.264451, 28.449481],
            [-16.264447, 28.449393],
            [-16.264442, 28.449304],
            [-16.264438, 28.449208],
            [-16.264436, 28.449111],
            [-16.264438, 28.44903],
            [-16.264442, 28.448949],
            [-16.264444, 28.448881],
            [-16.264446, 28.448813],
            [-16.264451, 28.448783],
            [-16.264462, 28.448754],
            [-16.264478, 28.44873],
            [-16.2645, 28.448712],
            [-16.264524, 28.448699],
            [-16.264548, 28.448686],
            [-16.26477, 28.448674],
            [-16.264768, 28.450017],
            [-16.264988, 28.44995],
            [-16.265066, 28.449923],
            [-16.265169, 28.449897],
            [-16.265333, 28.449869],
            [-16.265573, 28.449815],
            [-16.265797, 28.44977],
            [-16.266047, 28.449692],
            [-16.266248, 28.449627],
            [-16.266394, 28.449557],
            [-16.266397, 28.449555],
            [-16.266582, 28.449455],
            [-16.266673, 28.449383],
            [-16.266767, 28.449292],
            [-16.266902, 28.449146],
            [-16.267061, 28.44905],
            [-16.267161, 28.448961],
            [-16.267281, 28.448877],
            [-16.267331, 28.448805],
            [-16.26739, 28.448529],
            [-16.26739, 28.448463],
            [-16.267422, 28.448311],
            [-16.267468, 28.448229],
            [-16.267568, 28.448168],
            [-16.267672, 28.448131],
            [-16.267757, 28.448108],
            [-16.26787, 28.44807],
            [-16.268096, 28.447986],
            [-16.268236, 28.447923],
            [-16.268347, 28.447877],
            [-16.268434, 28.447848],
            [-16.268762, 28.447707],
            [-16.268937, 28.447627],
            [-16.269101, 28.44757],
            [-16.26927, 28.447503],
            [-16.2694, 28.447444],
            [-16.269513, 28.447387],
            [-16.269702, 28.447285],
            [-16.269778, 28.447232],
            [-16.269811, 28.447204],
            [-16.269859, 28.447153],
            [-16.269885, 28.447105],
            [-16.269934, 28.447057],
            [-16.270048, 28.446874],
            [-16.270097, 28.446813],
            [-16.270171, 28.446774],
            [-16.270247, 28.446692],
            [-16.270304, 28.446614],
            [-16.270343, 28.44655],
            [-16.270355, 28.446488],
            [-16.27051, 28.446308],
            [-16.270657, 28.446083],
            [-16.270685, 28.445983],
            [-16.270728, 28.445926],
            [-16.270737, 28.445919],
            [-16.270749, 28.445886],
            [-16.270875, 28.445804],
            [-16.270956, 28.445712],
            [-16.27104, 28.445669],
            [-16.271086, 28.445658],
            [-16.271135, 28.445614],
            [-16.271174, 28.445545],
            [-16.271217, 28.445511],
            [-16.271275, 28.445487],
            [-16.271368, 28.445479],
            [-16.271412, 28.445438],
            [-16.271495, 28.445373],
            [-16.27153, 28.445352],
            [-16.271604, 28.445288],
            [-16.271685, 28.445212],
            [-16.271725, 28.445187],
            [-16.27176, 28.445123],
            [-16.271907, 28.444958],
            [-16.271951, 28.44489],
            [-16.271951, 28.444813],
            [-16.271905, 28.444782],
            [-16.271899, 28.444753],
            [-16.271942, 28.444717],
            [-16.27195, 28.444646],
            [-16.27195, 28.444589],
            [-16.271918, 28.444539],
            [-16.271947, 28.444507],
            [-16.272031, 28.444483],
            [-16.272076, 28.44448],
            [-16.272073, 28.444434],
            [-16.272081, 28.444396],
            [-16.272131, 28.444397],
            [-16.272215, 28.444414],
            [-16.272269, 28.444421],
            [-16.272319, 28.444448],
            [-16.272332, 28.444466],
            [-16.272354, 28.444458],
            [-16.272355, 28.444454],
            [-16.272366, 28.444409],
            [-16.272361, 28.444376],
            [-16.272399, 28.444384],
            [-16.27243, 28.444409],
            [-16.272433, 28.444411],
            [-16.27244, 28.444417],
            [-16.272469, 28.444391],
            [-16.272409, 28.444334],
            [-16.272388, 28.444294],
            [-16.272391, 28.444247],
            [-16.272384, 28.444202],
            [-16.272393, 28.444174],
            [-16.272435, 28.444142],
            [-16.272464, 28.444105],
            [-16.272517, 28.444084],
            [-16.272526, 28.444041],
            [-16.272568, 28.443969],
            [-16.272645, 28.443903],
            [-16.272716, 28.443857],
            [-16.272829, 28.443815],
            [-16.272912, 28.443795],
            [-16.272945, 28.443789],
            [-16.27298, 28.443782],
            [-16.27298, 28.44377],
            [-16.27298, 28.443736],
            [-16.272951, 28.443655],
            [-16.272927, 28.443622],
            [-16.272924, 28.443588],
            [-16.272947, 28.443494],
            [-16.272979, 28.443429],
            [-16.273033, 28.443383],
            [-16.273085, 28.443364],
            [-16.273055, 28.443314],
            [-16.273035, 28.443273],
            [-16.273032, 28.443251],
            [-16.273009, 28.443186],
            [-16.272968, 28.44315],
            [-16.272941, 28.443137],
            [-16.272895, 28.44315],
            [-16.272857, 28.443139],
            [-16.272819, 28.443113],
            [-16.272787, 28.443103],
            [-16.272791, 28.443063],
            [-16.27279, 28.443019],
            [-16.272818, 28.443009],
            [-16.272917, 28.443052],
            [-16.272999, 28.443059],
            [-16.273073, 28.443049],
            [-16.273118, 28.443036],
            [-16.273299, 28.442972],
            [-16.273397, 28.442926],
            [-16.27345, 28.442893],
            [-16.273516, 28.442874],
            [-16.273529, 28.442834],
            [-16.273558, 28.442805],
            [-16.273662, 28.44276],
            [-16.273727, 28.442756],
            [-16.273784, 28.442728],
            [-16.273787, 28.442703],
            [-16.273782, 28.442671],
            [-16.273758, 28.442614],
            [-16.273719, 28.442581],
            [-16.273758, 28.442508],
            [-16.273789, 28.442491],
            [-16.273823, 28.442477],
            [-16.273842, 28.442428],
            [-16.273876, 28.442401],
            [-16.273898, 28.442402],
            [-16.273912, 28.442403],
            [-16.273929, 28.442388],
            [-16.273921, 28.442336],
            [-16.273915, 28.44231],
            [-16.273913, 28.442301],
            [-16.273908, 28.442281],
            [-16.273873, 28.442226],
            [-16.273874, 28.442191],
            [-16.273907, 28.442156],
            [-16.273911, 28.442148],
            [-16.273936, 28.44209],
            [-16.273932, 28.442039],
            [-16.27393, 28.442025],
            [-16.273933, 28.442013],
            [-16.273942, 28.441975],
            [-16.273938, 28.44193],
            [-16.27396, 28.44189],
            [-16.273953, 28.441854],
            [-16.27391, 28.441833],
            [-16.273892, 28.441795],
            [-16.273884, 28.441754],
            [-16.273844, 28.441684],
            [-16.273829, 28.441677],
            [-16.273769, 28.441651],
            [-16.273751, 28.441615],
            [-16.27375, 28.441573],
            [-16.273752, 28.441551],
            [-16.273754, 28.441531],
            [-16.273762, 28.441509],
            [-16.273765, 28.441504],
            [-16.273791, 28.441464],
            [-16.2738, 28.441456],
            [-16.273818, 28.441422],
            [-16.273818, 28.441421],
            [-16.273922, 28.441355],
            [-16.273957, 28.441346],
            [-16.273993, 28.441338],
            [-16.274026, 28.441332],
            [-16.274045, 28.441328],
            [-16.27406, 28.441325],
            [-16.274089, 28.441315],
            [-16.274117, 28.441303],
            [-16.274149, 28.441289],
            [-16.274156, 28.441285],
            [-16.274165, 28.441281],
            [-16.274207, 28.441273],
            [-16.274236, 28.441249],
            [-16.274246, 28.441219],
            [-16.274251, 28.441202],
            [-16.274248, 28.441153],
            [-16.274239, 28.441118],
            [-16.274246, 28.44109],
            [-16.27428, 28.441066],
            [-16.274303, 28.441061],
            [-16.274336, 28.44109],
            [-16.274358, 28.441134],
            [-16.274384, 28.441171],
            [-16.274405, 28.441185],
            [-16.274457, 28.441178],
            [-16.274488, 28.441167],
            [-16.274576, 28.441179],
            [-16.274625, 28.441159],
            [-16.274668, 28.441134],
            [-16.274709, 28.4411],
            [-16.274739, 28.44106],
            [-16.27476, 28.441019],
            [-16.274764, 28.441004],
            [-16.274787, 28.440922],
            [-16.27479, 28.440847],
            [-16.274791, 28.440824],
            [-16.274789, 28.440777],
            [-16.274782, 28.44073],
            [-16.274764, 28.440681],
            [-16.27474, 28.440639],
            [-16.274714, 28.4406],
            [-16.274676, 28.440564],
            [-16.27462, 28.440483],
            [-16.274602, 28.44044],
            [-16.274589, 28.440395],
            [-16.274583, 28.440306],
            [-16.274559, 28.440262],
            [-16.274544, 28.440192],
            [-16.274565, 28.440163],
            [-16.274611, 28.44014],
            [-16.274661, 28.440119],
            [-16.274697, 28.44009],
            [-16.274702, 28.440087],
            [-16.274728, 28.440046],
            [-16.274729, 28.440044],
            [-16.274748, 28.44],
            [-16.274773, 28.439956],
            [-16.274808, 28.439921],
            [-16.274839, 28.439878],
            [-16.274879, 28.439749],
            [-16.274861, 28.439661],
            [-16.274869, 28.439624],
            [-16.274894, 28.439596],
            [-16.274976, 28.439559],
            [-16.275002, 28.43952],
            [-16.275011, 28.439475],
            [-16.275047, 28.439352],
            [-16.275037, 28.439326],
            [-16.275026, 28.439297],
            [-16.275026, 28.439293],
            [-16.275036, 28.439275],
            [-16.275053, 28.439264],
            [-16.275071, 28.439253],
            [-16.275073, 28.439241],
            [-16.275067, 28.439219],
            [-16.275067, 28.439208],
            [-16.275073, 28.4392],
            [-16.275096, 28.43919],
            [-16.275131, 28.439199],
            [-16.275157, 28.439206],
            [-16.275195, 28.439209],
            [-16.275234, 28.439213],
            [-16.275257, 28.439219],
            [-16.275281, 28.439226],
            [-16.275317, 28.439232],
            [-16.275353, 28.439232],
            [-16.275382, 28.439225],
            [-16.27541, 28.439212],
            [-16.275497, 28.439157],
            [-16.275582, 28.439102],
            [-16.275662, 28.43906],
            [-16.275739, 28.439013],
            [-16.275772, 28.438986],
            [-16.275805, 28.438958],
            [-16.275837, 28.438931],
            [-16.27587, 28.438904],
            [-16.275907, 28.438884],
            [-16.27591, 28.438882],
            [-16.275944, 28.438864],
            [-16.275951, 28.43886],
            [-16.275976, 28.438841],
            [-16.276001, 28.438821],
            [-16.276032, 28.438796],
            [-16.276062, 28.438771],
            [-16.276092, 28.438738],
            [-16.27612, 28.438704],
            [-16.276133, 28.438689],
            [-16.276144, 28.438671],
            [-16.276149, 28.438639],
            [-16.27615, 28.438632],
            [-16.276146, 28.438593],
            [-16.276144, 28.438577],
            [-16.276142, 28.438561],
            [-16.276155, 28.438528],
            [-16.276159, 28.438523],
            [-16.276177, 28.438499],
            [-16.276194, 28.438481],
            [-16.276211, 28.438462],
            [-16.27623, 28.43844],
            [-16.276249, 28.438419],
            [-16.276281, 28.438395],
            [-16.276319, 28.438379],
            [-16.276348, 28.438369],
            [-16.276376, 28.438358],
            [-16.276408, 28.438346],
            [-16.276438, 28.438332],
            [-16.27646, 28.438316],
            [-16.276476, 28.438295],
            [-16.276485, 28.438263],
            [-16.276487, 28.43823],
            [-16.276485, 28.438206],
            [-16.276484, 28.438182],
            [-16.27649, 28.438131],
            [-16.276507, 28.438082],
            [-16.276512, 28.438075],
            [-16.276518, 28.438068],
            [-16.276542, 28.438053],
            [-16.27656, 28.438034],
            [-16.276568, 28.438007],
            [-16.276576, 28.437981],
            [-16.276578, 28.437977],
            [-16.276588, 28.437957],
            [-16.276601, 28.437934],
            [-16.276612, 28.43791],
            [-16.276631, 28.437887],
            [-16.276646, 28.437879],
            [-16.27667, 28.437877],
            [-16.276694, 28.437878],
            [-16.276711, 28.43788],
            [-16.276728, 28.43788],
            [-16.276745, 28.437875],
            [-16.276761, 28.437868],
            [-16.276787, 28.437856],
            [-16.276811, 28.437842],
            [-16.276839, 28.437822],
            [-16.276849, 28.437812],
            [-16.276885, 28.437773],
            [-16.276901, 28.437745],
            [-16.276909, 28.437717],
            [-16.276917, 28.437689],
            [-16.276927, 28.437671],
            [-16.276937, 28.437654],
            [-16.276967, 28.437611],
            [-16.276995, 28.437567],
            [-16.277007, 28.437519],
            [-16.277016, 28.43747],
            [-16.277023, 28.437444],
            [-16.277033, 28.437418],
            [-16.277047, 28.437394],
            [-16.277063, 28.437372],
            [-16.277082, 28.437351],
            [-16.277101, 28.437328],
            [-16.277105, 28.437311],
            [-16.277102, 28.437293],
            [-16.277095, 28.437268],
            [-16.277088, 28.437242],
            [-16.277079, 28.437212],
            [-16.277077, 28.437197],
            [-16.277082, 28.437184],
            [-16.277095, 28.437165],
            [-16.277147, 28.437122],
            [-16.277155, 28.437116],
            [-16.277183, 28.437103],
            [-16.277211, 28.43709],
            [-16.277212, 28.437089],
            [-16.277239, 28.43708],
            [-16.277268, 28.437073],
            [-16.277331, 28.437065],
            [-16.277359, 28.437063],
            [-16.277394, 28.437059],
            [-16.277418, 28.437046],
            [-16.277437, 28.437039],
            [-16.277442, 28.437037],
            [-16.277447, 28.437038],
            [-16.277447, 28.437038],
            [-16.277437, 28.437027],
            [-16.277375, 28.436955],
            [-16.277393, 28.436942],
            [-16.277486, 28.437045],
            [-16.277503, 28.437048],
            [-16.277551, 28.437061],
            [-16.277575, 28.437065],
            [-16.277597, 28.437061],
            [-16.277624, 28.437043],
            [-16.277649, 28.437021],
            [-16.277669, 28.437006],
            [-16.27767, 28.437005],
            [-16.277689, 28.436991],
            [-16.277718, 28.43697],
            [-16.277751, 28.436951],
            [-16.27778, 28.436943],
            [-16.277804, 28.436943],
            [-16.277811, 28.436942],
            [-16.277843, 28.436944],
            [-16.277874, 28.436946],
            [-16.277903, 28.436945],
            [-16.277931, 28.43694],
            [-16.277954, 28.436929],
            [-16.277968, 28.436915],
            [-16.27797, 28.436913],
            [-16.277971, 28.436909],
            [-16.277974, 28.436893],
            [-16.277963, 28.436861],
            [-16.277942, 28.436831],
            [-16.27792, 28.436813],
            [-16.2779, 28.436794],
            [-16.277893, 28.436779],
            [-16.277888, 28.436763],
            [-16.277885, 28.436743],
            [-16.277885, 28.436741],
            [-16.277888, 28.436722],
            [-16.277898, 28.4367],
            [-16.277914, 28.436679],
            [-16.277938, 28.436656],
            [-16.277963, 28.436634],
            [-16.277985, 28.436618],
            [-16.278005, 28.436598],
            [-16.27801, 28.436578],
            [-16.278007, 28.436558],
            [-16.278003, 28.43653],
            [-16.278, 28.436503],
            [-16.277997, 28.436472],
            [-16.277997, 28.436441],
            [-16.278008, 28.436421],
            [-16.278025, 28.436408],
            [-16.278029, 28.436405],
            [-16.278047, 28.4364],
            [-16.27808, 28.436402],
            [-16.278094, 28.4364],
            [-16.278103, 28.436393],
            [-16.278104, 28.43637],
            [-16.278095, 28.436346],
            [-16.278091, 28.43634],
            [-16.278082, 28.436326],
            [-16.278071, 28.436306],
            [-16.278075, 28.436281],
            [-16.278096, 28.436256],
            [-16.278109, 28.436249],
            [-16.278128, 28.436248],
            [-16.278147, 28.43625],
            [-16.27818, 28.436255],
            [-16.278213, 28.436259],
            [-16.27825, 28.436268],
            [-16.278268, 28.43627],
            [-16.278286, 28.436266],
            [-16.278307, 28.436252],
            [-16.278329, 28.436221],
            [-16.278351, 28.43619],
            [-16.278368, 28.436171],
            [-16.278375, 28.436163],
            [-16.278386, 28.436152],
            [-16.278397, 28.436148],
            [-16.278417, 28.436151],
            [-16.278436, 28.436158],
            [-16.278457, 28.436173],
            [-16.278468, 28.436181],
            [-16.278478, 28.436183],
            [-16.278499, 28.436172],
            [-16.278518, 28.436153],
            [-16.278531, 28.436121],
            [-16.278541, 28.436091],
            [-16.278563, 28.436048],
            [-16.278592, 28.436008],
            [-16.278614, 28.435988],
            [-16.278637, 28.435969],
            [-16.27866, 28.435947],
            [-16.278682, 28.435924],
            [-16.278702, 28.435903],
            [-16.278721, 28.435882],
            [-16.278728, 28.435875],
            [-16.278742, 28.435861],
            [-16.278764, 28.435839],
            [-16.278765, 28.435829],
            [-16.278753, 28.435814],
            [-16.278744, 28.435798],
            [-16.278743, 28.435781],
            [-16.27875, 28.435764],
            [-16.278782, 28.435746],
            [-16.278827, 28.435733],
            [-16.278861, 28.435724],
            [-16.278896, 28.435716],
            [-16.278931, 28.435708],
            [-16.27896, 28.435698],
            [-16.278989, 28.435687],
            [-16.279005, 28.43568],
            [-16.279019, 28.435675],
            [-16.279048, 28.435662],
            [-16.279052, 28.43566],
            [-16.279077, 28.435645],
            [-16.279094, 28.435619],
            [-16.279098, 28.435573],
            [-16.279096, 28.435527],
            [-16.279098, 28.435477],
            [-16.27911, 28.435428],
            [-16.279124, 28.435414],
            [-16.279144, 28.435405],
            [-16.279169, 28.435397],
            [-16.279193, 28.435393],
            [-16.279217, 28.435392],
            [-16.279241, 28.435391],
            [-16.279268, 28.435387],
            [-16.279294, 28.435378],
            [-16.279321, 28.435356],
            [-16.27934, 28.435329],
            [-16.279359, 28.435287],
            [-16.27937, 28.435244],
            [-16.279369, 28.435219],
            [-16.279369, 28.435194],
            [-16.279374, 28.43516],
            [-16.279385, 28.435127],
            [-16.279404, 28.4351],
            [-16.279423, 28.435073],
            [-16.279439, 28.435045],
            [-16.279455, 28.435017],
            [-16.279466, 28.434992],
            [-16.279481, 28.43496],
            [-16.27951, 28.434904],
            [-16.279511, 28.434903],
            [-16.279528, 28.434876],
            [-16.279546, 28.434848],
            [-16.279569, 28.43481],
            [-16.279592, 28.434772],
            [-16.279617, 28.434745],
            [-16.279645, 28.434719],
            [-16.279682, 28.434684],
            [-16.279722, 28.434651],
            [-16.279751, 28.434645],
            [-16.27978, 28.434639],
            [-16.279824, 28.434597],
            [-16.279859, 28.434548],
            [-16.279869, 28.434527],
            [-16.27988, 28.434507],
            [-16.279892, 28.434483],
            [-16.279908, 28.434461],
            [-16.279931, 28.434445],
            [-16.279958, 28.434434],
            [-16.279991, 28.434422],
            [-16.280024, 28.43441],
            [-16.280059, 28.43439],
            [-16.280089, 28.434365],
            [-16.280114, 28.434336],
            [-16.280138, 28.434307],
            [-16.280191, 28.434258],
            [-16.280243, 28.434209],
            [-16.280268, 28.434177],
            [-16.280293, 28.434146],
            [-16.280331, 28.434096],
            [-16.280366, 28.434045],
            [-16.280375, 28.43403],
            [-16.280382, 28.434014],
            [-16.280395, 28.433989],
            [-16.280407, 28.433964],
            [-16.280409, 28.433942],
            [-16.280411, 28.433919],
            [-16.280424, 28.433897],
            [-16.280444, 28.433881],
            [-16.280464, 28.433872],
            [-16.280484, 28.433865],
            [-16.280515, 28.433857],
            [-16.280546, 28.433848],
            [-16.280576, 28.433838],
            [-16.280604, 28.433826],
            [-16.280621, 28.433814],
            [-16.280626, 28.433811],
            [-16.280628, 28.433808],
            [-16.280644, 28.433792],
            [-16.280681, 28.433743],
            [-16.280715, 28.433693],
            [-16.280727, 28.433671],
            [-16.280739, 28.433648],
            [-16.280763, 28.433623],
            [-16.280794, 28.433608],
            [-16.280819, 28.433604],
            [-16.280845, 28.433605],
            [-16.280875, 28.433606],
            [-16.280898, 28.433615],
            [-16.280901, 28.433616],
            [-16.280927, 28.433641],
            [-16.280932, 28.433646],
            [-16.280952, 28.433666],
            [-16.280954, 28.433666],
            [-16.28099, 28.433665],
            [-16.281027, 28.433664],
            [-16.281049, 28.433657],
            [-16.28107, 28.433643],
            [-16.281104, 28.433615],
            [-16.28111, 28.433606],
            [-16.281128, 28.433582],
            [-16.281125, 28.433562],
            [-16.28112, 28.433543],
            [-16.281123, 28.433528],
            [-16.281129, 28.43352],
            [-16.281133, 28.433516],
            [-16.281163, 28.433511],
            [-16.281172, 28.433511],
            [-16.281193, 28.433513],
            [-16.281229, 28.433514],
            [-16.281266, 28.433515],
            [-16.281303, 28.433514],
            [-16.281307, 28.433514],
            [-16.28134, 28.433512],
            [-16.281372, 28.433509],
            [-16.281403, 28.433506],
            [-16.281432, 28.433504],
            [-16.281451, 28.433503],
            [-16.281461, 28.433503],
            [-16.281497, 28.433501],
            [-16.281534, 28.433498],
            [-16.281555, 28.433491],
            [-16.281572, 28.433475],
            [-16.281575, 28.433455],
            [-16.281567, 28.433436],
            [-16.281549, 28.433419],
            [-16.281533, 28.4334],
            [-16.281523, 28.433359],
            [-16.281522, 28.433318],
            [-16.281524, 28.433298],
            [-16.281531, 28.433278],
            [-16.281552, 28.433252],
            [-16.281559, 28.433244],
            [-16.281576, 28.433233],
            [-16.281596, 28.433228],
            [-16.281618, 28.433231],
            [-16.281642, 28.433236],
            [-16.281665, 28.433236],
            [-16.281688, 28.433237],
            [-16.281717, 28.433237],
            [-16.281745, 28.433238],
            [-16.281776, 28.433242],
            [-16.281806, 28.433248],
            [-16.281858, 28.433256],
            [-16.28191, 28.433263],
            [-16.281928, 28.433257],
            [-16.281945, 28.433246],
            [-16.281968, 28.433231],
            [-16.281991, 28.433215],
            [-16.282017, 28.433199],
            [-16.282045, 28.433186],
            [-16.282075, 28.433182],
            [-16.282105, 28.433178],
            [-16.282135, 28.433173],
            [-16.282165, 28.433166],
            [-16.282198, 28.433157],
            [-16.282231, 28.433145],
            [-16.282263, 28.433134],
            [-16.282294, 28.433121],
            [-16.282322, 28.433106],
            [-16.282348, 28.433088],
            [-16.282378, 28.433065],
            [-16.282408, 28.433042],
            [-16.282434, 28.433021],
            [-16.282459, 28.433],
            [-16.282486, 28.432968],
            [-16.282512, 28.432935],
            [-16.28254, 28.43291],
            [-16.282569, 28.432887],
            [-16.282596, 28.432869],
            [-16.282622, 28.432851],
            [-16.282649, 28.43283],
            [-16.282675, 28.432809],
            [-16.28271, 28.432776],
            [-16.282745, 28.432744],
            [-16.282803, 28.432713],
            [-16.282863, 28.432684],
            [-16.282899, 28.432655],
            [-16.282934, 28.432624],
            [-16.282958, 28.432597],
            [-16.282985, 28.432572],
            [-16.28302, 28.43255],
            [-16.283056, 28.43253],
            [-16.283088, 28.432513],
            [-16.28312, 28.432496],
            [-16.283177, 28.432466],
            [-16.283234, 28.432436],
            [-16.283267, 28.432418],
            [-16.283301, 28.4324],
            [-16.283327, 28.432386],
            [-16.283354, 28.432372],
            [-16.283386, 28.432356],
            [-16.283418, 28.432339],
            [-16.283454, 28.432315],
            [-16.283489, 28.43229],
            [-16.28352, 28.43227],
            [-16.283551, 28.43225],
            [-16.283574, 28.432232],
            [-16.283595, 28.432213],
            [-16.283636, 28.432172],
            [-16.283658, 28.432139],
            [-16.283668, 28.432116],
            [-16.283673, 28.432095],
            [-16.283678, 28.432075],
            [-16.283688, 28.432054],
            [-16.2837, 28.432035],
            [-16.283723, 28.432014],
            [-16.283747, 28.431995],
            [-16.283758, 28.431974],
            [-16.283763, 28.431936],
            [-16.283754, 28.431902],
            [-16.283732, 28.431885],
            [-16.283724, 28.43188],
            [-16.283708, 28.431869],
            [-16.283678, 28.431829],
            [-16.283671, 28.431808],
            [-16.283678, 28.431788],
            [-16.283706, 28.431764],
            [-16.283721, 28.431756],
            [-16.283735, 28.431756],
            [-16.283753, 28.431766],
            [-16.28377, 28.431782],
            [-16.283785, 28.431805],
            [-16.283794, 28.431819],
            [-16.283799, 28.431827],
            [-16.283822, 28.431837],
            [-16.283845, 28.431836],
            [-16.283852, 28.43183],
            [-16.283853, 28.431815],
            [-16.283854, 28.43181],
            [-16.28385, 28.43177],
            [-16.283852, 28.431754],
            [-16.283862, 28.431745],
            [-16.283882, 28.431743],
            [-16.283902, 28.431746],
            [-16.283923, 28.431764],
            [-16.283934, 28.431772],
            [-16.283944, 28.431773],
            [-16.283967, 28.431756],
            [-16.283991, 28.431737],
            [-16.284024, 28.431718],
            [-16.284058, 28.4317],
            [-16.284096, 28.431683],
            [-16.284118, 28.431673],
            [-16.284134, 28.431667],
            [-16.284169, 28.431654],
            [-16.284203, 28.431641],
            [-16.284231, 28.43163],
            [-16.284259, 28.431617],
            [-16.284324, 28.431584],
            [-16.284389, 28.431551],
            [-16.284464, 28.431521],
            [-16.284539, 28.431492],
            [-16.28457, 28.431477],
            [-16.284601, 28.431462],
            [-16.284636, 28.431443],
            [-16.28467, 28.431423],
            [-16.28469, 28.431404],
            [-16.284703, 28.431381],
            [-16.284711, 28.431354],
            [-16.284717, 28.431326],
            [-16.284724, 28.431305],
            [-16.284733, 28.431285],
            [-16.284744, 28.431276],
            [-16.284768, 28.431271],
            [-16.284791, 28.431262],
            [-16.284838, 28.431213],
            [-16.284872, 28.431158],
            [-16.284875, 28.431144],
            [-16.284867, 28.431117],
            [-16.284848, 28.431075],
            [-16.284848, 28.431056],
            [-16.284855, 28.431047],
            [-16.284861, 28.43104],
            [-16.284882, 28.431033],
            [-16.284903, 28.431034],
            [-16.284922, 28.431036],
            [-16.28494, 28.43104],
            [-16.284964, 28.431052],
            [-16.284967, 28.431055],
            [-16.284985, 28.431069],
            [-16.28499, 28.431081],
            [-16.284991, 28.431101],
            [-16.284999, 28.431121],
            [-16.285017, 28.43114],
            [-16.285027, 28.431145],
            [-16.285036, 28.431144],
            [-16.285074, 28.431116],
            [-16.285113, 28.431087],
            [-16.285142, 28.431067],
            [-16.285172, 28.431046],
            [-16.28519, 28.431021],
            [-16.285199, 28.430991],
            [-16.285195, 28.430966],
            [-16.285191, 28.430954],
            [-16.285194, 28.430942],
            [-16.28521, 28.430925],
            [-16.28523, 28.430912],
            [-16.285275, 28.430891],
            [-16.28531, 28.430874],
            [-16.285318, 28.430869],
            [-16.285332, 28.430852],
            [-16.285345, 28.430834],
            [-16.285372, 28.430818],
            [-16.2854, 28.430801],
            [-16.285407, 28.430784],
            [-16.285407, 28.430759],
            [-16.285368, 28.430736],
            [-16.285365, 28.430734],
            [-16.285356, 28.430726],
            [-16.285359, 28.430719],
            [-16.285395, 28.430705],
            [-16.285433, 28.430699],
            [-16.285449, 28.430699],
            [-16.285464, 28.430699],
            [-16.285522, 28.430684],
            [-16.285535, 28.43068],
            [-16.28554, 28.430665],
            [-16.285545, 28.43065],
            [-16.285543, 28.430641],
            [-16.285531, 28.430628],
            [-16.285528, 28.430623],
            [-16.285523, 28.430615],
            [-16.285526, 28.430596],
            [-16.285534, 28.430576],
            [-16.285536, 28.430573],
            [-16.285543, 28.430559],
            [-16.285545, 28.430556],
            [-16.285547, 28.430553],
            [-16.285551, 28.430548],
            [-16.28556, 28.430545],
            [-16.285582, 28.430547],
            [-16.285603, 28.430551],
            [-16.285632, 28.430555],
            [-16.28566, 28.430559],
            [-16.285687, 28.430555],
            [-16.285707, 28.430548],
            [-16.285714, 28.430546],
            [-16.285742, 28.430536],
            [-16.285764, 28.430521],
            [-16.285785, 28.430478],
            [-16.285802, 28.430434],
            [-16.285827, 28.430382],
            [-16.285854, 28.430329],
            [-16.285867, 28.430306],
            [-16.285884, 28.430285],
            [-16.285931, 28.430249],
            [-16.285979, 28.430215],
            [-16.286004, 28.430198],
            [-16.286028, 28.430181],
            [-16.286048, 28.430168],
            [-16.28607, 28.430156],
            [-16.286117, 28.430135],
            [-16.286166, 28.430118],
            [-16.286214, 28.430102],
            [-16.286264, 28.430089],
            [-16.286301, 28.430081],
            [-16.286337, 28.430072],
            [-16.286372, 28.430064],
            [-16.286407, 28.430056],
            [-16.286445, 28.43005],
            [-16.286483, 28.430045],
            [-16.286493, 28.430043],
            [-16.286559, 28.430035],
            [-16.286635, 28.430025],
            [-16.286664, 28.430011],
            [-16.286693, 28.429996],
            [-16.286724, 28.429991],
            [-16.286755, 28.429988],
            [-16.286808, 28.429986],
            [-16.286861, 28.429983],
            [-16.28689, 28.429973],
            [-16.286916, 28.429955],
            [-16.286935, 28.429938],
            [-16.286951, 28.42992],
            [-16.286959, 28.42991],
            [-16.286962, 28.429906],
            [-16.28697, 28.429894],
            [-16.286988, 28.429869],
            [-16.286997, 28.429856],
            [-16.287009, 28.429844],
            [-16.287026, 28.429839],
            [-16.287052, 28.429841],
            [-16.287078, 28.429843],
            [-16.287101, 28.429842],
            [-16.287158, 28.429839],
            [-16.287197, 28.429835],
            [-16.287202, 28.429834],
            [-16.287236, 28.429824],
            [-16.287258, 28.429813],
            [-16.287279, 28.429801],
            [-16.287306, 28.429784],
            [-16.287333, 28.429768],
            [-16.287361, 28.429751],
            [-16.287389, 28.429734],
            [-16.287413, 28.42972],
            [-16.287438, 28.429707],
            [-16.287472, 28.429697],
            [-16.287508, 28.429689],
            [-16.287564, 28.429669],
            [-16.287614, 28.42964],
            [-16.287636, 28.429612],
            [-16.287644, 28.429601],
            [-16.287662, 28.429557],
            [-16.287671, 28.429533],
            [-16.287676, 28.429509],
            [-16.287677, 28.429479],
            [-16.287679, 28.42945],
            [-16.287685, 28.429412],
            [-16.287693, 28.429374],
            [-16.287698, 28.429348],
            [-16.287709, 28.429324],
            [-16.287717, 28.429315],
            [-16.287729, 28.4293],
            [-16.28775, 28.429275],
            [-16.287767, 28.429256],
            [-16.287784, 28.429237],
            [-16.287796, 28.429227],
            [-16.287798, 28.429225],
            [-16.287814, 28.429219],
            [-16.287821, 28.429221],
            [-16.287836, 28.429224],
            [-16.287858, 28.429239],
            [-16.287873, 28.429265],
            [-16.287879, 28.429277],
            [-16.28789, 28.429286],
            [-16.287924, 28.429294],
            [-16.287975, 28.429296],
            [-16.288026, 28.429294],
            [-16.28808, 28.429295],
            [-16.288124, 28.429289],
            [-16.288148, 28.429258],
            [-16.288153, 28.429229],
            [-16.288148, 28.429201],
            [-16.288137, 28.42917],
            [-16.288126, 28.429138],
            [-16.28812, 28.429101],
            [-16.288123, 28.429083],
            [-16.288134, 28.429065],
            [-16.288152, 28.429052],
            [-16.28818, 28.429042],
            [-16.28821, 28.429038],
            [-16.288242, 28.429036],
            [-16.288274, 28.429037],
            [-16.288296, 28.42904],
            [-16.288317, 28.429042],
            [-16.288343, 28.429043],
            [-16.28837, 28.429043],
            [-16.288393, 28.429043],
            [-16.288416, 28.429042],
            [-16.288441, 28.429037],
            [-16.288465, 28.429028],
            [-16.288495, 28.429011],
            [-16.28852, 28.428987],
            [-16.288528, 28.428976],
            [-16.288532, 28.428963],
            [-16.288535, 28.428939],
            [-16.288538, 28.428915],
            [-16.288541, 28.428898],
            [-16.288545, 28.428881],
            [-16.288547, 28.428865],
            [-16.288553, 28.428849],
            [-16.288574, 28.428837],
            [-16.2886, 28.428834],
            [-16.288631, 28.428834],
            [-16.288662, 28.428833],
            [-16.288693, 28.42883],
            [-16.288724, 28.428827],
            [-16.288763, 28.428824],
            [-16.28878, 28.428819],
            [-16.288793, 28.428807],
            [-16.288797, 28.428794],
            [-16.288793, 28.428774],
            [-16.288787, 28.428753],
            [-16.288781, 28.428725],
            [-16.288775, 28.428697],
            [-16.288778, 28.42868],
            [-16.288788, 28.428665],
            [-16.288811, 28.428647],
            [-16.288835, 28.428632],
            [-16.288861, 28.428617],
            [-16.288886, 28.428602],
            [-16.288907, 28.428582],
            [-16.288927, 28.42856],
            [-16.288944, 28.428536],
            [-16.288964, 28.428514],
            [-16.28899, 28.4285],
            [-16.289033, 28.428485],
            [-16.289076, 28.42847],
            [-16.289107, 28.428456],
            [-16.289136, 28.42844],
            [-16.289161, 28.428415],
            [-16.289183, 28.428388],
            [-16.289203, 28.42836],
            [-16.289224, 28.428333],
            [-16.289249, 28.428312],
            [-16.289276, 28.428291],
            [-16.289306, 28.428258],
            [-16.289331, 28.428221],
            [-16.289344, 28.428189],
            [-16.289355, 28.428157],
            [-16.289361, 28.428132],
            [-16.289367, 28.428108],
            [-16.289381, 28.42809],
            [-16.289396, 28.428073],
            [-16.289405, 28.428054],
            [-16.289411, 28.428034],
            [-16.289412, 28.428007],
            [-16.289414, 28.427981],
            [-16.289424, 28.427961],
            [-16.289438, 28.427944],
            [-16.289461, 28.427927],
            [-16.289482, 28.427911],
            [-16.289506, 28.427866],
            [-16.289529, 28.427821],
            [-16.289544, 28.427804],
            [-16.289558, 28.427785],
            [-16.289571, 28.427753],
            [-16.289583, 28.42772],
            [-16.289595, 28.427701],
            [-16.289613, 28.427685],
            [-16.289631, 28.427682],
            [-16.28966, 28.427696],
            [-16.289668, 28.4277],
            [-16.289674, 28.427702],
            [-16.289688, 28.427703],
            [-16.289751, 28.427685],
            [-16.289782, 28.427672],
            [-16.289814, 28.427658],
            [-16.28984, 28.427642],
            [-16.289854, 28.427634],
            [-16.289858, 28.427632],
            [-16.289896, 28.427601],
            [-16.289909, 28.427586],
            [-16.28993, 28.427561],
            [-16.289967, 28.42754],
            [-16.28999, 28.427538],
            [-16.290012, 28.427536],
            [-16.290041, 28.427521],
            [-16.29007, 28.427506],
            [-16.290085, 28.427467],
            [-16.290066, 28.427451],
            [-16.290047, 28.427435],
            [-16.290019, 28.427405],
            [-16.290009, 28.427388],
            [-16.290007, 28.427372],
            [-16.290015, 28.427359],
            [-16.290032, 28.427352],
            [-16.290073, 28.427357],
            [-16.290114, 28.427363],
            [-16.290142, 28.427366],
            [-16.29017, 28.427369],
            [-16.290192, 28.427379],
            [-16.290213, 28.427386],
            [-16.290236, 28.427381],
            [-16.290259, 28.427374],
            [-16.29027, 28.427372],
            [-16.290292, 28.427366],
            [-16.290325, 28.427362],
            [-16.290337, 28.427364],
            [-16.290348, 28.427366],
            [-16.290371, 28.427375],
            [-16.290388, 28.427383],
            [-16.290405, 28.427389],
            [-16.29042, 28.427387],
            [-16.290441, 28.427373],
            [-16.290442, 28.427372],
            [-16.290455, 28.427353],
            [-16.290471, 28.427314],
            [-16.290487, 28.427275],
            [-16.290496, 28.427253],
            [-16.290506, 28.427231],
            [-16.290527, 28.427213],
            [-16.290534, 28.427208],
            [-16.290553, 28.427196],
            [-16.290567, 28.427179],
            [-16.290575, 28.427161],
            [-16.290569, 28.427141],
            [-16.290562, 28.42712],
            [-16.290562, 28.427086],
            [-16.290565, 28.427051],
            [-16.290569, 28.42702],
            [-16.290581, 28.426989],
            [-16.290613, 28.426944],
            [-16.290646, 28.426901],
            [-16.290668, 28.426866],
            [-16.290691, 28.426832],
            [-16.2907, 28.426829],
            [-16.290722, 28.426837],
            [-16.29074, 28.426851],
            [-16.290756, 28.426868],
            [-16.290773, 28.426885],
            [-16.290791, 28.426904],
            [-16.29081, 28.42692],
            [-16.290825, 28.426924],
            [-16.290849, 28.426917],
            [-16.290874, 28.426907],
            [-16.290903, 28.426896],
            [-16.290929, 28.426884],
            [-16.290938, 28.426864],
            [-16.290941, 28.426853],
            [-16.290948, 28.426845],
            [-16.290978, 28.426835],
            [-16.290981, 28.426835],
            [-16.291028, 28.426833],
            [-16.291075, 28.426846],
            [-16.291101, 28.42686],
            [-16.29112, 28.426871],
            [-16.291127, 28.426874],
            [-16.291141, 28.426884],
            [-16.291156, 28.426892],
            [-16.29118, 28.426889],
            [-16.291198, 28.426881],
            [-16.291204, 28.426879],
            [-16.291232, 28.426868],
            [-16.291257, 28.42686],
            [-16.291261, 28.426859],
            [-16.291287, 28.426853],
            [-16.291314, 28.426849],
            [-16.291346, 28.426844],
            [-16.291379, 28.42684],
            [-16.29143, 28.426833],
            [-16.291481, 28.426826],
            [-16.291491, 28.426823],
            [-16.291521, 28.426814],
            [-16.291525, 28.426811],
            [-16.291554, 28.42679],
            [-16.291571, 28.426768],
            [-16.291586, 28.426745],
            [-16.291598, 28.426724],
            [-16.291612, 28.426702],
            [-16.291648, 28.426666],
            [-16.29167, 28.426653],
            [-16.291695, 28.426645],
            [-16.291717, 28.42664],
            [-16.291732, 28.426611],
            [-16.291748, 28.426583],
            [-16.29176, 28.426562],
            [-16.291777, 28.426544],
            [-16.291788, 28.426541],
            [-16.291794, 28.426542],
            [-16.291809, 28.426493],
            [-16.291859, 28.426534],
            [-16.292026, 28.426683],
            [-16.292159, 28.426804],
            [-16.292339, 28.426969],
            [-16.292575, 28.427234],
            [-16.292656, 28.427382],
            [-16.292813, 28.427486],
            [-16.292887, 28.427634],
            [-16.293128, 28.427727],
            [-16.293219, 28.42778],
            [-16.293358, 28.427862],
            [-16.293373, 28.427887],
            [-16.293397, 28.427926],
            [-16.293474, 28.428055],
            [-16.293553, 28.428193],
            [-16.29364, 28.428369],
            [-16.293754, 28.428447],
            [-16.293919, 28.428559],
            [-16.294064, 28.428652],
            [-16.294197, 28.428725],
            [-16.294067, 28.428896],
            [-16.294094, 28.42915],
            [-16.29417, 28.429247],
            [-16.294227, 28.429319],
            [-16.294301, 28.429412],
            [-16.294375, 28.429484],
            [-16.294593, 28.429696],
            [-16.294785, 28.42984],
            [-16.29512, 28.430094],
            [-16.295453, 28.430345],
            [-16.295752, 28.430554],
            [-16.296148, 28.430815],
            [-16.296397, 28.430974],
            [-16.29652, 28.431271]
          ]
        ]
      }
    },
    {
      "type": "Feature",
      "properties": {
        "id": "59",
        "name": "Los Llanos",
        "cityId": "santa-cruz-de-tenerife"
      },
      "geometry": {
        "type": "Polygon",
        "coordinates": [
          [
            [-16.265023, 28.456501],
            [-16.264963, 28.456695],
            [-16.264826, 28.457147],
            [-16.264786, 28.457283],
            [-16.264238, 28.45739],
            [-16.262678, 28.457639],
            [-16.261717, 28.457862],
            [-16.259226, 28.458449],
            [-16.257091, 28.458954],
            [-16.255324, 28.459371],
            [-16.254709, 28.459517],
            [-16.253618, 28.459776],
            [-16.252454, 28.460053],
            [-16.250069, 28.460621],
            [-16.249975, 28.460643],
            [-16.249212, 28.460825],
            [-16.247025, 28.461346],
            [-16.247025, 28.461346],
            [-16.24772, 28.459587],
            [-16.247499, 28.459509],
            [-16.247609, 28.459213],
            [-16.247741, 28.459159],
            [-16.247761, 28.459139],
            [-16.247782, 28.459119],
            [-16.247812, 28.459086],
            [-16.247842, 28.459053],
            [-16.247875, 28.459021],
            [-16.247907, 28.458989],
            [-16.247996, 28.458824],
            [-16.248094, 28.458652],
            [-16.248525, 28.457757],
            [-16.248772, 28.457251],
            [-16.248869, 28.457041],
            [-16.249057, 28.456672],
            [-16.249255, 28.456273],
            [-16.249302, 28.456184],
            [-16.249391, 28.455993],
            [-16.249453, 28.455818],
            [-16.249478, 28.455686],
            [-16.249475, 28.455544],
            [-16.249415, 28.45538],
            [-16.249331, 28.455236],
            [-16.249258, 28.455119],
            [-16.249151, 28.45497],
            [-16.24902, 28.454772],
            [-16.248959, 28.454646],
            [-16.248946, 28.454562],
            [-16.249017, 28.454453],
            [-16.249099, 28.454451],
            [-16.249139, 28.454458],
            [-16.249201, 28.454469],
            [-16.249324, 28.454559],
            [-16.249431, 28.454699],
            [-16.249524, 28.454848],
            [-16.249594, 28.45494],
            [-16.249686, 28.455061],
            [-16.2498, 28.455192],
            [-16.2499, 28.455287],
            [-16.250001, 28.455311],
            [-16.250081, 28.455297],
            [-16.250243, 28.45531],
            [-16.250386, 28.455328],
            [-16.250539, 28.455349],
            [-16.250652, 28.455344],
            [-16.250814, 28.455332],
            [-16.251057, 28.455336],
            [-16.251186, 28.455333],
            [-16.251287, 28.455337],
            [-16.25143, 28.455357],
            [-16.251529, 28.455372],
            [-16.251614, 28.455373],
            [-16.251682, 28.45535],
            [-16.251785, 28.455331],
            [-16.251835, 28.455316],
            [-16.251843, 28.45526],
            [-16.251883, 28.455258],
            [-16.251907, 28.455313],
            [-16.251909, 28.45533],
            [-16.251951, 28.455377],
            [-16.251969, 28.455416],
            [-16.251987, 28.455455],
            [-16.252007, 28.455483],
            [-16.25203, 28.45551],
            [-16.252062, 28.455559],
            [-16.252065, 28.455564],
            [-16.252083, 28.45559],
            [-16.252107, 28.455612],
            [-16.252142, 28.455637],
            [-16.252177, 28.455662],
            [-16.252197, 28.455671],
            [-16.252236, 28.455688],
            [-16.252259, 28.455695],
            [-16.252284, 28.455698],
            [-16.252335, 28.455699],
            [-16.252395, 28.455697],
            [-16.252455, 28.455688],
            [-16.252501, 28.455674],
            [-16.252542, 28.455653],
            [-16.252575, 28.455631],
            [-16.252609, 28.455608],
            [-16.252512, 28.455538],
            [-16.252483, 28.455556],
            [-16.252437, 28.45557],
            [-16.252404, 28.455573],
            [-16.252368, 28.455569],
            [-16.25233, 28.455557],
            [-16.2523, 28.45554],
            [-16.252263, 28.455514],
            [-16.252237, 28.455479],
            [-16.252222, 28.45544],
            [-16.252221, 28.455399],
            [-16.252234, 28.455359],
            [-16.252259, 28.455323],
            [-16.252294, 28.455296],
            [-16.252337, 28.455279],
            [-16.252383, 28.455273],
            [-16.252429, 28.455279],
            [-16.252472, 28.455297],
            [-16.252493, 28.455312],
            [-16.252507, 28.455321],
            [-16.252537, 28.455355],
            [-16.252554, 28.455416],
            [-16.252556, 28.455448],
            [-16.252546, 28.455499],
            [-16.252642, 28.455556],
            [-16.252663, 28.455506],
            [-16.252684, 28.455455],
            [-16.252691, 28.455431],
            [-16.252693, 28.455406],
            [-16.252688, 28.455355],
            [-16.25268, 28.455321],
            [-16.252665, 28.455276],
            [-16.252643, 28.455234],
            [-16.252622, 28.45521],
            [-16.252594, 28.455184],
            [-16.252566, 28.455158],
            [-16.252562, 28.455135],
            [-16.252569, 28.455122],
            [-16.252658, 28.455026],
            [-16.252666, 28.455004],
            [-16.252665, 28.454986],
            [-16.252657, 28.454969],
            [-16.25251, 28.454799],
            [-16.252395, 28.454661],
            [-16.252357, 28.454642],
            [-16.252309, 28.454644],
            [-16.252275, 28.454652],
            [-16.252178, 28.454696],
            [-16.252186, 28.454711],
            [-16.252111, 28.45474],
            [-16.252063, 28.454758],
            [-16.252029, 28.454769],
            [-16.252017, 28.454771],
            [-16.252005, 28.454768],
            [-16.251984, 28.45476],
            [-16.251974, 28.454756],
            [-16.251964, 28.454752],
            [-16.251956, 28.454747],
            [-16.251948, 28.454741],
            [-16.251941, 28.454732],
            [-16.251936, 28.454722],
            [-16.251933, 28.454714],
            [-16.251931, 28.454706],
            [-16.251929, 28.454684],
            [-16.251933, 28.454661],
            [-16.251937, 28.454651],
            [-16.251942, 28.454641],
            [-16.251947, 28.454633],
            [-16.251951, 28.454624],
            [-16.251965, 28.454603],
            [-16.251982, 28.454583],
            [-16.251995, 28.454569],
            [-16.25201, 28.454558],
            [-16.25202, 28.454551],
            [-16.252032, 28.454546],
            [-16.25205, 28.454541],
            [-16.252068, 28.454538],
            [-16.252085, 28.454536],
            [-16.252102, 28.454533],
            [-16.252122, 28.454529],
            [-16.252141, 28.454522],
            [-16.252159, 28.454515],
            [-16.252177, 28.454508],
            [-16.252199, 28.454499],
            [-16.25222, 28.454489],
            [-16.252241, 28.454481],
            [-16.252261, 28.454471],
            [-16.252284, 28.454459],
            [-16.252307, 28.454446],
            [-16.252333, 28.454432],
            [-16.252359, 28.454418],
            [-16.252381, 28.454405],
            [-16.252404, 28.454391],
            [-16.252423, 28.454377],
            [-16.252443, 28.454364],
            [-16.252464, 28.454351],
            [-16.252485, 28.454339],
            [-16.252538, 28.454302],
            [-16.252592, 28.454265],
            [-16.252609, 28.454254],
            [-16.252627, 28.454243],
            [-16.252672, 28.454211],
            [-16.252715, 28.454177],
            [-16.252737, 28.454158],
            [-16.252759, 28.45414],
            [-16.252775, 28.454127],
            [-16.25279, 28.454114],
            [-16.252808, 28.454094],
            [-16.252826, 28.454073],
            [-16.252839, 28.45406],
            [-16.252851, 28.454046],
            [-16.25287, 28.454026],
            [-16.25289, 28.454005],
            [-16.252902, 28.45399],
            [-16.252915, 28.453976],
            [-16.25296, 28.453921],
            [-16.253003, 28.453866],
            [-16.253024, 28.453834],
            [-16.253042, 28.453802],
            [-16.253055, 28.45378],
            [-16.253068, 28.453758],
            [-16.253076, 28.453743],
            [-16.253085, 28.453729],
            [-16.253096, 28.45371],
            [-16.253108, 28.453691],
            [-16.25312, 28.453675],
            [-16.253133, 28.453658],
            [-16.253142, 28.453641],
            [-16.253152, 28.453624],
            [-16.253162, 28.453608],
            [-16.253172, 28.453593],
            [-16.253183, 28.453578],
            [-16.253194, 28.453564],
            [-16.253206, 28.453547],
            [-16.25322, 28.453532],
            [-16.25323, 28.453525],
            [-16.253242, 28.453521],
            [-16.253255, 28.45352],
            [-16.253268, 28.453522],
            [-16.253279, 28.453526],
            [-16.25329, 28.45353],
            [-16.253299, 28.453535],
            [-16.253309, 28.453539],
            [-16.253321, 28.453545],
            [-16.253333, 28.453551],
            [-16.253345, 28.453557],
            [-16.253357, 28.453562],
            [-16.253374, 28.453567],
            [-16.253391, 28.453572],
            [-16.253405, 28.453576],
            [-16.253419, 28.453581],
            [-16.25344, 28.453587],
            [-16.253461, 28.453594],
            [-16.253481, 28.453601],
            [-16.253502, 28.453609],
            [-16.25351, 28.453597],
            [-16.253517, 28.453584],
            [-16.253543, 28.453552],
            [-16.253571, 28.453522],
            [-16.253581, 28.45351],
            [-16.25359, 28.453498],
            [-16.253599, 28.453487],
            [-16.253608, 28.453476],
            [-16.253619, 28.453462],
            [-16.25363, 28.453448],
            [-16.253642, 28.453433],
            [-16.253653, 28.453418],
            [-16.253664, 28.453402],
            [-16.253673, 28.453386],
            [-16.253677, 28.453377],
            [-16.253681, 28.453367],
            [-16.253686, 28.453352],
            [-16.25369, 28.453336],
            [-16.253691, 28.453299],
            [-16.253691, 28.453262],
            [-16.253692, 28.453251],
            [-16.253694, 28.45324],
            [-16.253697, 28.453229],
            [-16.2537, 28.453218],
            [-16.253704, 28.453202],
            [-16.253707, 28.453186],
            [-16.253717, 28.453148],
            [-16.253728, 28.453111],
            [-16.253738, 28.45306],
            [-16.253748, 28.45301],
            [-16.253752, 28.452995],
            [-16.253756, 28.45298],
            [-16.253756, 28.452965],
            [-16.253751, 28.45295],
            [-16.253739, 28.452931],
            [-16.253725, 28.452915],
            [-16.253706, 28.452894],
            [-16.253687, 28.452874],
            [-16.253684, 28.452845],
            [-16.25368, 28.452817],
            [-16.253676, 28.452801],
            [-16.25367, 28.452786],
            [-16.253665, 28.452766],
            [-16.253656, 28.452747],
            [-16.253642, 28.452737],
            [-16.253625, 28.45273],
            [-16.253575, 28.452708],
            [-16.253549, 28.452697],
            [-16.253521, 28.452685],
            [-16.253499, 28.452671],
            [-16.253481, 28.45265],
            [-16.253463, 28.452617],
            [-16.253453, 28.452583],
            [-16.253449, 28.452545],
            [-16.253448, 28.452507],
            [-16.253448, 28.452405],
            [-16.253449, 28.452303],
            [-16.253451, 28.452171],
            [-16.253456, 28.452038],
            [-16.253469, 28.451878],
            [-16.253481, 28.451719],
            [-16.253486, 28.451597],
            [-16.253491, 28.451475],
            [-16.253497, 28.451349],
            [-16.253502, 28.451224],
            [-16.253507, 28.451127],
            [-16.253513, 28.451031],
            [-16.253524, 28.450952],
            [-16.253544, 28.450875],
            [-16.253562, 28.450824],
            [-16.253576, 28.45079],
            [-16.253594, 28.450759],
            [-16.253635, 28.450698],
            [-16.253675, 28.450647],
            [-16.25372, 28.450599],
            [-16.253753, 28.450569],
            [-16.253799, 28.450535],
            [-16.25385, 28.450508],
            [-16.253886, 28.450496],
            [-16.253967, 28.45048],
            [-16.254048, 28.450471],
            [-16.25415, 28.450464],
            [-16.254251, 28.450462],
            [-16.254399, 28.450471],
            [-16.254546, 28.450481],
            [-16.254731, 28.450496],
            [-16.254916, 28.450512],
            [-16.255091, 28.450525],
            [-16.255267, 28.450538],
            [-16.255441, 28.450548],
            [-16.255616, 28.450557],
            [-16.255729, 28.450565],
            [-16.255843, 28.450573],
            [-16.255981, 28.450584],
            [-16.256118, 28.450595],
            [-16.256271, 28.450605],
            [-16.256425, 28.450613],
            [-16.256536, 28.450619],
            [-16.256648, 28.450625],
            [-16.256742, 28.450628],
            [-16.256836, 28.450631],
            [-16.256877, 28.450637],
            [-16.256917, 28.450649],
            [-16.256996, 28.450677],
            [-16.257113, 28.450722],
            [-16.257229, 28.450769],
            [-16.257352, 28.450823],
            [-16.257475, 28.450877],
            [-16.257601, 28.450931],
            [-16.257726, 28.450986],
            [-16.257868, 28.451055],
            [-16.258009, 28.451124],
            [-16.258163, 28.451191],
            [-16.258319, 28.451256],
            [-16.258463, 28.451315],
            [-16.258608, 28.451373],
            [-16.25873, 28.451424],
            [-16.25885, 28.451478],
            [-16.25887, 28.45149],
            [-16.25889, 28.451502],
            [-16.258908, 28.45151],
            [-16.258927, 28.451513],
            [-16.258939, 28.451512],
            [-16.25897, 28.451503],
            [-16.259002, 28.451493],
            [-16.259053, 28.45148],
            [-16.259105, 28.451466],
            [-16.259153, 28.45145],
            [-16.259201, 28.451434],
            [-16.259245, 28.451422],
            [-16.259289, 28.451411],
            [-16.259318, 28.451408],
            [-16.259348, 28.451412],
            [-16.259368, 28.451424],
            [-16.259383, 28.451442],
            [-16.25939, 28.451461],
            [-16.259387, 28.451481],
            [-16.259378, 28.45149],
            [-16.259362, 28.451496],
            [-16.259346, 28.4515],
            [-16.259315, 28.451507],
            [-16.259283, 28.451515],
            [-16.259264, 28.451523],
            [-16.259246, 28.451535],
            [-16.259231, 28.451546],
            [-16.259221, 28.451559],
            [-16.259215, 28.451571],
            [-16.259217, 28.451582],
            [-16.259219, 28.451594],
            [-16.25922, 28.451601],
            [-16.259224, 28.45161],
            [-16.259229, 28.451626],
            [-16.259234, 28.451642],
            [-16.259242, 28.451663],
            [-16.259255, 28.451681],
            [-16.259269, 28.451693],
            [-16.259283, 28.451705],
            [-16.259295, 28.451717],
            [-16.259307, 28.451728],
            [-16.259315, 28.451737],
            [-16.259324, 28.451747],
            [-16.259336, 28.451756],
            [-16.25935, 28.451763],
            [-16.259378, 28.451771],
            [-16.259407, 28.451774],
            [-16.259447, 28.451774],
            [-16.259517, 28.451734],
            [-16.259519, 28.451594],
            [-16.259563, 28.451578],
            [-16.259602, 28.451579],
            [-16.25963, 28.451605],
            [-16.259627, 28.451684],
            [-16.259627, 28.451802],
            [-16.259656, 28.45209],
            [-16.259549, 28.452896],
            [-16.259603, 28.452959],
            [-16.259719, 28.452969],
            [-16.260188, 28.453017],
            [-16.260635, 28.45334],
            [-16.261043, 28.453727],
            [-16.26194, 28.454183],
            [-16.262276, 28.454332],
            [-16.262398, 28.45438],
            [-16.262571, 28.454449],
            [-16.262816, 28.454487],
            [-16.263198, 28.454449],
            [-16.263379, 28.454469],
            [-16.263597, 28.45465],
            [-16.264106, 28.455235],
            [-16.26434, 28.455736],
            [-16.264479, 28.456025],
            [-16.264689, 28.456145],
            [-16.265023, 28.456501]
          ]
        ]
      }
    },
    {
      "type": "Feature",
      "properties": {
        "id": "6",
        "name": "La Salle",
        "cityId": "santa-cruz-de-tenerife"
      },
      "geometry": {
        "type": "Polygon",
        "coordinates": [
          [
            [-16.264786, 28.457283],
            [-16.264783, 28.457292],
            [-16.264591, 28.457591],
            [-16.264351, 28.458512],
            [-16.264155, 28.459325],
            [-16.264049, 28.459661],
            [-16.263896, 28.460231],
            [-16.263662, 28.461022],
            [-16.263466, 28.461795],
            [-16.263328, 28.462259],
            [-16.263139, 28.462958],
            [-16.262947, 28.46343],
            [-16.262814, 28.463773],
            [-16.262579, 28.464364],
            [-16.262547, 28.464464],
            [-16.262495, 28.464633],
            [-16.262368, 28.465038],
            [-16.262235, 28.465461],
            [-16.262106, 28.465865],
            [-16.261993, 28.466163],
            [-16.261993, 28.466164],
            [-16.261919, 28.466137],
            [-16.261542, 28.465772],
            [-16.261392, 28.465626],
            [-16.261253, 28.465492],
            [-16.261118, 28.465361],
            [-16.261, 28.465246],
            [-16.260858, 28.465109],
            [-16.260731, 28.464985],
            [-16.260635, 28.464892],
            [-16.260593, 28.464852],
            [-16.260256, 28.464697],
            [-16.259991, 28.464576],
            [-16.259679, 28.464433],
            [-16.259495, 28.464349],
            [-16.259374, 28.464294],
            [-16.259151, 28.464238],
            [-16.258896, 28.464175],
            [-16.258724, 28.464132],
            [-16.258616, 28.464105],
            [-16.258507, 28.464138],
            [-16.258157, 28.464247],
            [-16.257914, 28.464321],
            [-16.257497, 28.46447],
            [-16.257216, 28.46457],
            [-16.257018, 28.464641],
            [-16.256735, 28.464742],
            [-16.256586, 28.464795],
            [-16.256477, 28.464834],
            [-16.256401, 28.464861],
            [-16.256552, 28.463569],
            [-16.254827, 28.463644],
            [-16.25484, 28.463541],
            [-16.255191, 28.460804],
            [-16.255281, 28.460104],
            [-16.255657, 28.459292],
            [-16.257056, 28.458962],
            [-16.257091, 28.458954],
            [-16.259226, 28.458449],
            [-16.259451, 28.459205],
            [-16.259661, 28.459905],
            [-16.260176, 28.459788],
            [-16.260375, 28.460451],
            [-16.260412, 28.460437],
            [-16.262329, 28.459982],
            [-16.262235, 28.459662],
            [-16.262139, 28.459328],
            [-16.261976, 28.458761],
            [-16.261782, 28.458088],
            [-16.261717, 28.457862],
            [-16.262678, 28.457639],
            [-16.264238, 28.45739],
            [-16.264786, 28.457283]
          ]
        ]
      }
    },
    {
      "type": "Feature",
      "properties": {
        "id": "60",
        "name": "Chapatal",
        "cityId": "santa-cruz-de-tenerife"
      },
      "geometry": {
        "type": "Polygon",
        "coordinates": [
          [
            [-16.269835, 28.465088],
            [-16.268779, 28.465441],
            [-16.267727, 28.465262],
            [-16.266857, 28.465114],
            [-16.266305, 28.465015],
            [-16.266141, 28.464985],
            [-16.265957, 28.466466],
            [-16.264447, 28.467639],
            [-16.264282, 28.467524],
            [-16.264226, 28.467485],
            [-16.264188, 28.467458],
            [-16.263902, 28.467112],
            [-16.263684, 28.466847],
            [-16.2636, 28.466746],
            [-16.263275, 28.466628],
            [-16.262875, 28.466484],
            [-16.262583, 28.466378],
            [-16.262282, 28.466269],
            [-16.262145, 28.46622],
            [-16.261995, 28.466165],
            [-16.261993, 28.466164],
            [-16.261993, 28.466163],
            [-16.262106, 28.465865],
            [-16.262235, 28.465461],
            [-16.262368, 28.465038],
            [-16.262495, 28.464633],
            [-16.262547, 28.464464],
            [-16.262579, 28.464364],
            [-16.262814, 28.463773],
            [-16.262947, 28.46343],
            [-16.263139, 28.462958],
            [-16.263328, 28.462259],
            [-16.263466, 28.461795],
            [-16.263662, 28.461022],
            [-16.263896, 28.460231],
            [-16.264049, 28.459661],
            [-16.264155, 28.459325],
            [-16.26419, 28.459177],
            [-16.264199, 28.459186],
            [-16.264532, 28.45953],
            [-16.264975, 28.46],
            [-16.266101, 28.461147],
            [-16.266728, 28.461787],
            [-16.268204, 28.46331],
            [-16.269469, 28.464613],
            [-16.269827, 28.464983],
            [-16.269835, 28.465088]
          ]
        ]
      }
    },
    {
      "type": "Feature",
      "properties": {
        "id": "61",
        "name": "Ballester",
        "cityId": "santa-cruz-de-tenerife"
      },
      "geometry": {
        "type": "Polygon",
        "coordinates": [
          [
            [-16.282394, 28.459722],
            [-16.282365, 28.459768],
            [-16.2823, 28.459871],
            [-16.282195, 28.459839],
            [-16.282047, 28.459802],
            [-16.281945, 28.459816],
            [-16.281822, 28.459834],
            [-16.281663, 28.459943],
            [-16.281279, 28.46029],
            [-16.28105, 28.460497],
            [-16.280858, 28.460671],
            [-16.280785, 28.460715],
            [-16.280663, 28.460788],
            [-16.280558, 28.460846],
            [-16.280417, 28.460924],
            [-16.280215, 28.461035],
            [-16.280066, 28.461159],
            [-16.279949, 28.461257],
            [-16.279883, 28.461357],
            [-16.27982, 28.461452],
            [-16.279814, 28.461501],
            [-16.2798, 28.461619],
            [-16.279928, 28.461959],
            [-16.280041, 28.462153],
            [-16.280188, 28.462405],
            [-16.280212, 28.462491],
            [-16.280241, 28.462597],
            [-16.280217, 28.462742],
            [-16.280207, 28.462798],
            [-16.280088, 28.462971],
            [-16.279964, 28.463152],
            [-16.279789, 28.463371],
            [-16.279544, 28.463667],
            [-16.279315, 28.463919],
            [-16.279146, 28.46404],
            [-16.278915, 28.464125],
            [-16.278712, 28.4642],
            [-16.278325, 28.464276],
            [-16.277914, 28.464362],
            [-16.277567, 28.464451],
            [-16.277352, 28.464499],
            [-16.277125, 28.464564],
            [-16.276989, 28.464614],
            [-16.276798, 28.464685],
            [-16.276631, 28.46472],
            [-16.276471, 28.464701],
            [-16.27643, 28.464686],
            [-16.276358, 28.464658],
            [-16.276332, 28.464648],
            [-16.276263, 28.464569],
            [-16.276221, 28.464467],
            [-16.276212, 28.464367],
            [-16.276205, 28.464279],
            [-16.276237, 28.464217],
            [-16.276276, 28.464143],
            [-16.27644, 28.464019],
            [-16.276638, 28.46387],
            [-16.276836, 28.463686],
            [-16.276989, 28.463456],
            [-16.27695, 28.463182],
            [-16.276925, 28.463024],
            [-16.276852, 28.462604],
            [-16.276822, 28.462437],
            [-16.276771, 28.462349],
            [-16.27674, 28.462296],
            [-16.276623, 28.462213],
            [-16.276501, 28.462151],
            [-16.276345, 28.462137],
            [-16.276162, 28.462157],
            [-16.276047, 28.462014],
            [-16.275902, 28.461916],
            [-16.275954, 28.461796],
            [-16.275856, 28.461734],
            [-16.275664, 28.461506],
            [-16.275588, 28.461346],
            [-16.275592, 28.461347],
            [-16.275638, 28.461207],
            [-16.275674, 28.461101],
            [-16.275749, 28.461103],
            [-16.275897, 28.461108],
            [-16.276061, 28.461039],
            [-16.276178, 28.46099],
            [-16.276276, 28.460926],
            [-16.276403, 28.460844],
            [-16.276452, 28.460811],
            [-16.27654, 28.460653],
            [-16.276625, 28.460579],
            [-16.276699, 28.460516],
            [-16.276819, 28.460462],
            [-16.276909, 28.460421],
            [-16.277035, 28.460307],
            [-16.277177, 28.46018],
            [-16.277254, 28.460097],
            [-16.277316, 28.460032],
            [-16.277367, 28.459941],
            [-16.27744, 28.459813],
            [-16.277509, 28.45969],
            [-16.277561, 28.459598],
            [-16.27764, 28.459492],
            [-16.277747, 28.459346],
            [-16.277874, 28.459155],
            [-16.277948, 28.459043],
            [-16.278003, 28.45896],
            [-16.278214, 28.458868],
            [-16.278348, 28.45881],
            [-16.278565, 28.458716],
            [-16.278641, 28.458628],
            [-16.278679, 28.458584],
            [-16.278807, 28.458542],
            [-16.278924, 28.458503],
            [-16.278998, 28.458479],
            [-16.279127, 28.458465],
            [-16.279223, 28.458455],
            [-16.279495, 28.458493],
            [-16.279717, 28.458524],
            [-16.280156, 28.458587],
            [-16.280358, 28.458615],
            [-16.280464, 28.45863],
            [-16.280664, 28.458743],
            [-16.280911, 28.458883],
            [-16.28112, 28.459002],
            [-16.281275, 28.45909],
            [-16.281361, 28.459138],
            [-16.281539, 28.459292],
            [-16.281764, 28.459487],
            [-16.281845, 28.459517],
            [-16.281941, 28.459553],
            [-16.28208, 28.459605],
            [-16.282237, 28.459663],
            [-16.282394, 28.459722]
          ]
        ]
      }
    },
    {
      "type": "Feature",
      "properties": {
        "id": "62",
        "name": "Villa Ascension",
        "cityId": "santa-cruz-de-tenerife"
      },
      "geometry": {
        "type": "Polygon",
        "coordinates": [
          [
            [-16.279857, 28.466337],
            [-16.279703, 28.466716],
            [-16.2796, 28.466964],
            [-16.279564, 28.467032],
            [-16.279525, 28.467069],
            [-16.279394, 28.467054],
            [-16.278871, 28.466973],
            [-16.278841, 28.467125],
            [-16.278832, 28.46738],
            [-16.278816, 28.467865],
            [-16.278821, 28.46804],
            [-16.278826, 28.468185],
            [-16.278789, 28.468247],
            [-16.278741, 28.468326],
            [-16.278456, 28.468624],
            [-16.278553, 28.468709],
            [-16.278602, 28.46877],
            [-16.278552, 28.468796],
            [-16.278506, 28.46882],
            [-16.278414, 28.468869],
            [-16.278291, 28.468935],
            [-16.278074, 28.468992],
            [-16.277895, 28.469039],
            [-16.277653, 28.469103],
            [-16.277385, 28.469174],
            [-16.277336, 28.469177],
            [-16.277277, 28.469182],
            [-16.277219, 28.469187],
            [-16.277108, 28.469194],
            [-16.277028, 28.4692],
            [-16.27696, 28.469228],
            [-16.27686, 28.469271],
            [-16.276718, 28.469331],
            [-16.276595, 28.469383],
            [-16.2765, 28.469423],
            [-16.276426, 28.469467],
            [-16.276357, 28.469508],
            [-16.276325, 28.469527],
            [-16.276189, 28.469606],
            [-16.275978, 28.469728],
            [-16.275952, 28.469779],
            [-16.275918, 28.469844],
            [-16.275858, 28.469827],
            [-16.275728, 28.469791],
            [-16.275544, 28.46974],
            [-16.27528, 28.469665],
            [-16.274969, 28.469575],
            [-16.27485, 28.46954],
            [-16.274946, 28.469168],
            [-16.275064, 28.46872],
            [-16.275151, 28.468404],
            [-16.275257, 28.468016],
            [-16.275469, 28.467635],
            [-16.275645, 28.467319],
            [-16.27582, 28.467007],
            [-16.275927, 28.466593],
            [-16.275995, 28.46633],
            [-16.27602, 28.466234],
            [-16.27605, 28.466072],
            [-16.276188, 28.464808],
            [-16.276368, 28.464898],
            [-16.27677, 28.465065],
            [-16.277486, 28.465362],
            [-16.277676, 28.465441],
            [-16.2784, 28.465741],
            [-16.279005, 28.465988],
            [-16.279655, 28.466254],
            [-16.279857, 28.466337]
          ]
        ]
      }
    },
    {
      "type": "Feature",
      "properties": {
        "id": "63",
        "name": "Salamanca",
        "cityId": "santa-cruz-de-tenerife"
      },
      "geometry": {
        "type": "Polygon",
        "coordinates": [
          [
            [-16.26614, 28.471028],
            [-16.265479, 28.47207],
            [-16.265238, 28.472484],
            [-16.265104, 28.472644],
            [-16.264851, 28.472806],
            [-16.264485, 28.473006],
            [-16.264192, 28.473128],
            [-16.264078, 28.473129],
            [-16.263929, 28.473117],
            [-16.263912, 28.473088],
            [-16.263861, 28.473077],
            [-16.263777, 28.473056],
            [-16.263662, 28.473032],
            [-16.263588, 28.472992],
            [-16.263506, 28.472925],
            [-16.263378, 28.472855],
            [-16.263308, 28.472834],
            [-16.263261, 28.472794],
            [-16.263253, 28.472746],
            [-16.263268, 28.472701],
            [-16.263298, 28.472674],
            [-16.263397, 28.472635],
            [-16.263567, 28.4726],
            [-16.263597, 28.472576],
            [-16.263602, 28.472533],
            [-16.263587, 28.472513],
            [-16.262927, 28.471973],
            [-16.26269, 28.471789],
            [-16.262406, 28.47159],
            [-16.262319, 28.471298],
            [-16.262203, 28.470904],
            [-16.262139, 28.470607],
            [-16.262062, 28.470589],
            [-16.261989, 28.470543],
            [-16.261958, 28.470475],
            [-16.261964, 28.470389],
            [-16.261976, 28.470364],
            [-16.261309, 28.470428],
            [-16.259859, 28.470624],
            [-16.258762, 28.470771],
            [-16.258431, 28.470835],
            [-16.258582, 28.470684],
            [-16.258909, 28.470357],
            [-16.259331, 28.469936],
            [-16.259843, 28.469429],
            [-16.260121, 28.469152],
            [-16.26079, 28.468485],
            [-16.261135, 28.468139],
            [-16.261232, 28.468043],
            [-16.261354, 28.467841],
            [-16.261414, 28.467685],
            [-16.261701, 28.466973],
            [-16.261875, 28.466521],
            [-16.261995, 28.466165],
            [-16.262145, 28.46622],
            [-16.262282, 28.466269],
            [-16.262583, 28.466378],
            [-16.262875, 28.466484],
            [-16.263275, 28.466628],
            [-16.2636, 28.466746],
            [-16.263684, 28.466847],
            [-16.263902, 28.467112],
            [-16.264188, 28.467458],
            [-16.264226, 28.467485],
            [-16.264282, 28.467524],
            [-16.2645, 28.467676],
            [-16.264754, 28.467852],
            [-16.264413, 28.468122],
            [-16.265779, 28.468526],
            [-16.265354, 28.469133],
            [-16.264608, 28.47027],
            [-16.26614, 28.471028]
          ]
        ]
      }
    },
    {
      "type": "Feature",
      "properties": {
        "id": "64",
        "name": "Las Acacias",
        "cityId": "santa-cruz-de-tenerife"
      },
      "geometry": {
        "type": "Polygon",
        "coordinates": [
          [
            [-16.267659, 28.47123],
            [-16.267575, 28.471355],
            [-16.26751, 28.471449],
            [-16.267439, 28.471566],
            [-16.267405, 28.47164],
            [-16.267355, 28.471749],
            [-16.267232, 28.472019],
            [-16.267157, 28.472189],
            [-16.26709, 28.472373],
            [-16.267079, 28.472447],
            [-16.267069, 28.472517],
            [-16.267082, 28.472635],
            [-16.267102, 28.472754],
            [-16.267143, 28.47296],
            [-16.267184, 28.473166],
            [-16.267242, 28.473341],
            [-16.267291, 28.47349],
            [-16.267336, 28.473663],
            [-16.267352, 28.473746],
            [-16.267323, 28.473889],
            [-16.267217, 28.474039],
            [-16.267133, 28.474082],
            [-16.266974, 28.474163],
            [-16.266892, 28.474185],
            [-16.266661, 28.474247],
            [-16.266603, 28.474245],
            [-16.266507, 28.474242],
            [-16.266431, 28.47428],
            [-16.266236, 28.474375],
            [-16.266004, 28.47449],
            [-16.265814, 28.474593],
            [-16.265659, 28.474692],
            [-16.265533, 28.474772],
            [-16.265425, 28.474802],
            [-16.265334, 28.474828],
            [-16.265112, 28.47483],
            [-16.264835, 28.474738],
            [-16.264784, 28.474735],
            [-16.264728, 28.474732],
            [-16.264675, 28.4748],
            [-16.264663, 28.47486],
            [-16.264627, 28.475041],
            [-16.264588, 28.475234],
            [-16.2646, 28.475354],
            [-16.264629, 28.475476],
            [-16.264693, 28.475673],
            [-16.264648, 28.475769],
            [-16.264555, 28.475823],
            [-16.264306, 28.475968],
            [-16.264017, 28.476138],
            [-16.26391, 28.476188],
            [-16.263818, 28.476209],
            [-16.263867, 28.476133],
            [-16.263952, 28.475936],
            [-16.264017, 28.475824],
            [-16.264116, 28.475718],
            [-16.26418, 28.475612],
            [-16.26417, 28.475485],
            [-16.264139, 28.475333],
            [-16.264127, 28.475206],
            [-16.264057, 28.475034],
            [-16.263966, 28.474906],
            [-16.263861, 28.474706],
            [-16.2638, 28.474526],
            [-16.263708, 28.474288],
            [-16.263514, 28.474125],
            [-16.263333, 28.473974],
            [-16.263259, 28.473818],
            [-16.263215, 28.473744],
            [-16.263201, 28.473697],
            [-16.263186, 28.473627],
            [-16.263212, 28.473546],
            [-16.263276, 28.473428],
            [-16.263353, 28.473323],
            [-16.263403, 28.47326],
            [-16.263441, 28.473241],
            [-16.263506, 28.473223],
            [-16.263608, 28.473198],
            [-16.263708, 28.473186],
            [-16.263837, 28.47317],
            [-16.263891, 28.47316],
            [-16.263918, 28.473143],
            [-16.263929, 28.473117],
            [-16.264078, 28.473129],
            [-16.264192, 28.473128],
            [-16.264485, 28.473006],
            [-16.264851, 28.472806],
            [-16.265104, 28.472644],
            [-16.265238, 28.472484],
            [-16.265479, 28.47207],
            [-16.26614, 28.471028],
            [-16.2665, 28.470469],
            [-16.266781, 28.470631],
            [-16.26713, 28.470163],
            [-16.267117, 28.470251],
            [-16.267094, 28.470362],
            [-16.267079, 28.470451],
            [-16.267073, 28.47059],
            [-16.267078, 28.470674],
            [-16.267164, 28.470815],
            [-16.267287, 28.470902],
            [-16.267472, 28.470947],
            [-16.267648, 28.470905],
            [-16.267653, 28.471066],
            [-16.267659, 28.47123]
          ]
        ]
      }
    },
    {
      "type": "Feature",
      "properties": {
        "id": "65",
        "name": "Las Mimosas",
        "cityId": "santa-cruz-de-tenerife"
      },
      "geometry": {
        "type": "Polygon",
        "coordinates": [
          [
            [-16.257653, 28.476109],
            [-16.25751, 28.476004],
            [-16.254953, 28.477407],
            [-16.254949, 28.477409],
            [-16.254786, 28.477318],
            [-16.254658, 28.477237],
            [-16.254583, 28.477123],
            [-16.254598, 28.477105],
            [-16.254602, 28.477057],
            [-16.254638, 28.476969],
            [-16.254749, 28.476774],
            [-16.254787, 28.47671],
            [-16.254886, 28.476565],
            [-16.254938, 28.476477],
            [-16.254959, 28.476393],
            [-16.254939, 28.476317],
            [-16.2549, 28.476267],
            [-16.254862, 28.476241],
            [-16.25484, 28.476241],
            [-16.254792, 28.476243],
            [-16.254695, 28.476269],
            [-16.254595, 28.476315],
            [-16.254469, 28.476366],
            [-16.254345, 28.476405],
            [-16.254233, 28.476431],
            [-16.254183, 28.475895],
            [-16.254174, 28.475798],
            [-16.254178, 28.475773],
            [-16.254133, 28.475767],
            [-16.253617, 28.475668],
            [-16.253297, 28.475592],
            [-16.253168, 28.475561],
            [-16.253057, 28.475535],
            [-16.252862, 28.475484],
            [-16.252761, 28.475458],
            [-16.252689, 28.475439],
            [-16.252593, 28.475415],
            [-16.252519, 28.474393],
            [-16.252804, 28.474289],
            [-16.25333, 28.474011],
            [-16.253355, 28.473998],
            [-16.253369, 28.473989],
            [-16.253395, 28.473974],
            [-16.253631, 28.473843],
            [-16.253925, 28.473679],
            [-16.254256, 28.473493],
            [-16.254717, 28.473236],
            [-16.255126, 28.473007],
            [-16.255414, 28.472846],
            [-16.255762, 28.472652],
            [-16.255989, 28.472525],
            [-16.256376, 28.472213],
            [-16.256885, 28.471861],
            [-16.2572, 28.471652],
            [-16.258431, 28.470835],
            [-16.258762, 28.470771],
            [-16.259859, 28.470624],
            [-16.261309, 28.470428],
            [-16.261976, 28.470364],
            [-16.261964, 28.470389],
            [-16.261958, 28.470475],
            [-16.261989, 28.470543],
            [-16.262062, 28.470589],
            [-16.262139, 28.470607],
            [-16.262203, 28.470904],
            [-16.262319, 28.471298],
            [-16.262406, 28.47159],
            [-16.26269, 28.471789],
            [-16.262927, 28.471973],
            [-16.263587, 28.472513],
            [-16.263602, 28.472533],
            [-16.263597, 28.472576],
            [-16.263567, 28.4726],
            [-16.263397, 28.472635],
            [-16.263298, 28.472674],
            [-16.263268, 28.472701],
            [-16.263253, 28.472746],
            [-16.263261, 28.472794],
            [-16.263308, 28.472834],
            [-16.263378, 28.472855],
            [-16.263506, 28.472925],
            [-16.263588, 28.472992],
            [-16.263662, 28.473032],
            [-16.263777, 28.473056],
            [-16.263861, 28.473077],
            [-16.263912, 28.473088],
            [-16.263929, 28.473117],
            [-16.263918, 28.473143],
            [-16.263891, 28.47316],
            [-16.263837, 28.47317],
            [-16.263708, 28.473186],
            [-16.263608, 28.473198],
            [-16.263506, 28.473223],
            [-16.263441, 28.473241],
            [-16.263403, 28.47326],
            [-16.263353, 28.473323],
            [-16.263276, 28.473428],
            [-16.263212, 28.473546],
            [-16.263186, 28.473627],
            [-16.263201, 28.473697],
            [-16.263215, 28.473744],
            [-16.263259, 28.473818],
            [-16.263333, 28.473974],
            [-16.263514, 28.474125],
            [-16.263708, 28.474288],
            [-16.2638, 28.474526],
            [-16.263861, 28.474706],
            [-16.263966, 28.474906],
            [-16.264057, 28.475034],
            [-16.264127, 28.475206],
            [-16.264139, 28.475333],
            [-16.26417, 28.475485],
            [-16.26418, 28.475612],
            [-16.264116, 28.475718],
            [-16.264017, 28.475824],
            [-16.263952, 28.475936],
            [-16.263867, 28.476133],
            [-16.263818, 28.476209],
            [-16.263781, 28.476141],
            [-16.263741, 28.476068],
            [-16.263726, 28.475972],
            [-16.263715, 28.475901],
            [-16.263721, 28.475797],
            [-16.263706, 28.475739],
            [-16.263689, 28.475676],
            [-16.263639, 28.475638],
            [-16.263566, 28.475583],
            [-16.263451, 28.475497],
            [-16.263341, 28.475415],
            [-16.263187, 28.475349],
            [-16.263083, 28.475366],
            [-16.262965, 28.475385],
            [-16.262835, 28.475386],
            [-16.262734, 28.47536],
            [-16.26261, 28.475326],
            [-16.262435, 28.475275],
            [-16.262291, 28.475216],
            [-16.262142, 28.475156],
            [-16.262027, 28.475109],
            [-16.261956, 28.475057],
            [-16.261865, 28.474991],
            [-16.26178, 28.474908],
            [-16.261657, 28.474889],
            [-16.261528, 28.474887],
            [-16.261396, 28.474885],
            [-16.261296, 28.474874],
            [-16.261152, 28.474859],
            [-16.261018, 28.474845],
            [-16.26092, 28.474835],
            [-16.260799, 28.474852],
            [-16.26061, 28.474879],
            [-16.260461, 28.4749],
            [-16.260339, 28.474942],
            [-16.26024, 28.475004],
            [-16.260204, 28.475054],
            [-16.260165, 28.475106],
            [-16.260162, 28.475161],
            [-16.260159, 28.475215],
            [-16.260239, 28.475284],
            [-16.260297, 28.475267],
            [-16.260366, 28.475246],
            [-16.260487, 28.475164],
            [-16.260629, 28.475118],
            [-16.260701, 28.475094],
            [-16.260779, 28.475099],
            [-16.260855, 28.475103],
            [-16.261, 28.475112],
            [-16.261162, 28.475138],
            [-16.261289, 28.475157],
            [-16.261461, 28.475182],
            [-16.261511, 28.475216],
            [-16.261569, 28.475256],
            [-16.26155, 28.475308],
            [-16.261532, 28.475357],
            [-16.261417, 28.475379],
            [-16.261379, 28.475359],
            [-16.26131, 28.475341],
            [-16.261244, 28.475324],
            [-16.261125, 28.475294],
            [-16.261052, 28.475293],
            [-16.260951, 28.475292],
            [-16.260883, 28.475291],
            [-16.260796, 28.47529],
            [-16.260713, 28.475327],
            [-16.260613, 28.475366],
            [-16.260544, 28.475428],
            [-16.260507, 28.475516],
            [-16.260524, 28.475638],
            [-16.260525, 28.475793],
            [-16.260514, 28.475854],
            [-16.260504, 28.475909],
            [-16.260528, 28.476023],
            [-16.260566, 28.476105],
            [-16.260599, 28.476178],
            [-16.260657, 28.476233],
            [-16.260749, 28.476309],
            [-16.260824, 28.476366],
            [-16.260894, 28.476453],
            [-16.260926, 28.476561],
            [-16.260927, 28.476656],
            [-16.260928, 28.47679],
            [-16.26093, 28.4769],
            [-16.260969, 28.476994],
            [-16.261024, 28.477102],
            [-16.261072, 28.477257],
            [-16.261035, 28.477352],
            [-16.260982, 28.477447],
            [-16.260991, 28.477556],
            [-16.261006, 28.477634],
            [-16.261024, 28.477725],
            [-16.261002, 28.477806],
            [-16.260945, 28.477905],
            [-16.260897, 28.47799],
            [-16.260853, 28.478082],
            [-16.260799, 28.478194],
            [-16.260831, 28.478302],
            [-16.260855, 28.478482],
            [-16.260879, 28.478607],
            [-16.260897, 28.478707],
            [-16.260838, 28.478891],
            [-16.260759, 28.478987],
            [-16.260687, 28.479075],
            [-16.260491, 28.479161],
            [-16.260336, 28.479227],
            [-16.260265, 28.479234],
            [-16.260166, 28.479244],
            [-16.260095, 28.479101],
            [-16.260017, 28.478944],
            [-16.259915, 28.478741],
            [-16.259799, 28.478509],
            [-16.25965, 28.478212],
            [-16.25945, 28.477813],
            [-16.259331, 28.477573],
            [-16.259204, 28.47732],
            [-16.259148, 28.477207],
            [-16.259015, 28.47711],
            [-16.258852, 28.47699],
            [-16.258581, 28.476791],
            [-16.258253, 28.47655],
            [-16.257927, 28.47631],
            [-16.257653, 28.476109]
          ]
        ]
      }
    },
    {
      "type": "Feature",
      "properties": {
        "id": "66",
        "name": "Tristan",
        "cityId": "santa-cruz-de-tenerife"
      },
      "geometry": {
        "type": "Polygon",
        "coordinates": [
          [
            [-16.279463, 28.456101],
            [-16.279452, 28.456149],
            [-16.279207, 28.456679],
            [-16.279102, 28.456873],
            [-16.27895, 28.456939],
            [-16.278621, 28.457052],
            [-16.278334, 28.457151],
            [-16.278377, 28.457329],
            [-16.27845, 28.457319],
            [-16.278521, 28.457331],
            [-16.278605, 28.457365],
            [-16.27873, 28.457443],
            [-16.278848, 28.457608],
            [-16.278926, 28.457768],
            [-16.278982, 28.457971],
            [-16.278975, 28.458072],
            [-16.278929, 28.458196],
            [-16.278856, 28.458275],
            [-16.278563, 28.458388],
            [-16.278248, 28.458507],
            [-16.278086, 28.458582],
            [-16.278002, 28.458671],
            [-16.277684, 28.458969],
            [-16.277597, 28.459126],
            [-16.27748, 28.459318],
            [-16.277401, 28.459421],
            [-16.276936, 28.459852],
            [-16.276674, 28.460134],
            [-16.27644, 28.460396],
            [-16.276294, 28.460574],
            [-16.275958, 28.460814],
            [-16.275725, 28.460946],
            [-16.275553, 28.460826],
            [-16.274856, 28.460418],
            [-16.274779, 28.460381],
            [-16.274131, 28.460068],
            [-16.273753, 28.458905],
            [-16.273903, 28.458274],
            [-16.274036, 28.45804],
            [-16.274481, 28.456033],
            [-16.274495, 28.455962],
            [-16.274771, 28.456009],
            [-16.275049, 28.45602],
            [-16.275428, 28.455822],
            [-16.27591, 28.45558],
            [-16.276121, 28.455477],
            [-16.276177, 28.455525],
            [-16.276451, 28.455748],
            [-16.276615, 28.455888],
            [-16.276709, 28.455925],
            [-16.277268, 28.456133],
            [-16.27745, 28.456053],
            [-16.278223, 28.455696],
            [-16.278329, 28.455677],
            [-16.278385, 28.455721],
            [-16.278557, 28.455941],
            [-16.278879, 28.456032],
            [-16.279372, 28.456096],
            [-16.279463, 28.456101]
          ]
        ]
      }
    },
    {
      "type": "Feature",
      "properties": {
        "id": "67",
        "name": "Camino del Hierro",
        "cityId": "santa-cruz-de-tenerife"
      },
      "geometry": {
        "type": "Polygon",
        "coordinates": [
          [
            [-16.282043, 28.456524],
            [-16.281533, 28.457023],
            [-16.281319, 28.457225],
            [-16.280735, 28.457772],
            [-16.280611, 28.457869],
            [-16.280011, 28.458566],
            [-16.279717, 28.458524],
            [-16.279495, 28.458493],
            [-16.279223, 28.458455],
            [-16.279127, 28.458465],
            [-16.278998, 28.458479],
            [-16.278924, 28.458503],
            [-16.278807, 28.458542],
            [-16.278679, 28.458584],
            [-16.278641, 28.458628],
            [-16.278565, 28.458716],
            [-16.278348, 28.45881],
            [-16.278214, 28.458868],
            [-16.278003, 28.45896],
            [-16.277948, 28.459043],
            [-16.277874, 28.459155],
            [-16.277747, 28.459346],
            [-16.27764, 28.459492],
            [-16.277561, 28.459598],
            [-16.277509, 28.45969],
            [-16.27744, 28.459813],
            [-16.277367, 28.459941],
            [-16.277316, 28.460032],
            [-16.277254, 28.460097],
            [-16.277177, 28.46018],
            [-16.277035, 28.460307],
            [-16.276909, 28.460421],
            [-16.276819, 28.460462],
            [-16.276699, 28.460516],
            [-16.276625, 28.460579],
            [-16.27654, 28.460653],
            [-16.276452, 28.460811],
            [-16.276403, 28.460844],
            [-16.276276, 28.460926],
            [-16.276178, 28.46099],
            [-16.276061, 28.461039],
            [-16.275897, 28.461108],
            [-16.275749, 28.461103],
            [-16.27568, 28.461101],
            [-16.275725, 28.460946],
            [-16.275725, 28.460946],
            [-16.275958, 28.460814],
            [-16.276294, 28.460574],
            [-16.27644, 28.460396],
            [-16.276674, 28.460134],
            [-16.276936, 28.459852],
            [-16.277401, 28.459421],
            [-16.27748, 28.459318],
            [-16.277597, 28.459126],
            [-16.277684, 28.458969],
            [-16.278002, 28.458671],
            [-16.278086, 28.458582],
            [-16.278248, 28.458507],
            [-16.278563, 28.458388],
            [-16.278856, 28.458275],
            [-16.278929, 28.458196],
            [-16.278975, 28.458072],
            [-16.278982, 28.457971],
            [-16.278926, 28.457768],
            [-16.278848, 28.457608],
            [-16.27873, 28.457443],
            [-16.278605, 28.457365],
            [-16.278521, 28.457331],
            [-16.27845, 28.457319],
            [-16.278377, 28.457329],
            [-16.278334, 28.457151],
            [-16.278621, 28.457052],
            [-16.27895, 28.456939],
            [-16.279102, 28.456873],
            [-16.279207, 28.456679],
            [-16.279452, 28.456149],
            [-16.279486, 28.456002],
            [-16.279498, 28.455814],
            [-16.279712, 28.455456],
            [-16.280467, 28.455803],
            [-16.281235, 28.456152],
            [-16.281601, 28.456318],
            [-16.281866, 28.456439],
            [-16.282043, 28.456524]
          ]
        ]
      }
    },
    {
      "type": "Feature",
      "properties": {
        "id": "68",
        "name": "Garcia Escamez",
        "cityId": "santa-cruz-de-tenerife"
      },
      "geometry": {
        "type": "Polygon",
        "coordinates": [
          [
            [-16.273225, 28.457465],
            [-16.273114, 28.457203],
            [-16.273061, 28.457592],
            [-16.272941, 28.457213],
            [-16.272786, 28.456723],
            [-16.272729, 28.456543],
            [-16.272676, 28.456454],
            [-16.272461, 28.456212],
            [-16.272126, 28.455838],
            [-16.271998, 28.455695],
            [-16.271897, 28.455572],
            [-16.27186, 28.455509],
            [-16.271834, 28.455462],
            [-16.2718, 28.455397],
            [-16.271784, 28.455345],
            [-16.271781, 28.455162],
            [-16.271778, 28.455054],
            [-16.271773, 28.454924],
            [-16.271771, 28.454856],
            [-16.271621, 28.454844],
            [-16.270765, 28.454808],
            [-16.270599, 28.454808],
            [-16.270325, 28.454788],
            [-16.271711, 28.453994],
            [-16.272203, 28.453712],
            [-16.273281, 28.453111],
            [-16.274662, 28.452344],
            [-16.275051, 28.452045],
            [-16.275422, 28.451834],
            [-16.276773, 28.451072],
            [-16.276986, 28.450946],
            [-16.276993, 28.450948],
            [-16.276993, 28.450948],
            [-16.277187, 28.451197],
            [-16.277371, 28.451433],
            [-16.277437, 28.451517],
            [-16.277574, 28.451871],
            [-16.277851, 28.452591],
            [-16.277997, 28.452967],
            [-16.277708, 28.452901],
            [-16.27751, 28.452856],
            [-16.27743, 28.452837],
            [-16.27741, 28.452833],
            [-16.27716, 28.452758],
            [-16.277048, 28.452723],
            [-16.276901, 28.452902],
            [-16.276728, 28.453113],
            [-16.276539, 28.453344],
            [-16.276268, 28.453673],
            [-16.276064, 28.453922],
            [-16.275922, 28.454095],
            [-16.275777, 28.454273],
            [-16.275719, 28.454342],
            [-16.275683, 28.454403],
            [-16.275595, 28.454551],
            [-16.275534, 28.454653],
            [-16.276009, 28.454691],
            [-16.276062, 28.454791],
            [-16.275961, 28.45507],
            [-16.27594, 28.455154],
            [-16.275948, 28.455212],
            [-16.275971, 28.45532],
            [-16.276048, 28.455413],
            [-16.276121, 28.455477],
            [-16.27591, 28.45558],
            [-16.275428, 28.455822],
            [-16.275049, 28.45602],
            [-16.274771, 28.456009],
            [-16.274495, 28.455962],
            [-16.274481, 28.456033],
            [-16.274036, 28.45804],
            [-16.273903, 28.458274],
            [-16.273753, 28.458905],
            [-16.27367, 28.458634],
            [-16.27358, 28.45834],
            [-16.273358, 28.457749],
            [-16.273225, 28.457465]
          ]
        ]
      }
    },
    {
      "type": "Feature",
      "properties": {
        "id": "69",
        "name": "Las Cabritas",
        "cityId": "santa-cruz-de-tenerife"
      },
      "geometry": {
        "type": "Polygon",
        "coordinates": [
          [
            [-16.283644, 28.448821],
            [-16.28363, 28.448883],
            [-16.283411, 28.449264],
            [-16.28308, 28.449742],
            [-16.282509, 28.450596],
            [-16.281804, 28.451665],
            [-16.281749, 28.451695],
            [-16.281515, 28.451824],
            [-16.281307, 28.451681],
            [-16.281052, 28.451511],
            [-16.280841, 28.451388],
            [-16.280713, 28.451319],
            [-16.280504, 28.451222],
            [-16.280288, 28.451202],
            [-16.279981, 28.451173],
            [-16.27957, 28.45103],
            [-16.27958, 28.450985],
            [-16.279761, 28.450641],
            [-16.279891, 28.450393],
            [-16.279856, 28.45029],
            [-16.279673, 28.450165],
            [-16.279454, 28.450067],
            [-16.279217, 28.44996],
            [-16.278973, 28.44985],
            [-16.278975, 28.449844],
            [-16.279087, 28.449787],
            [-16.279897, 28.449384],
            [-16.280224, 28.449229],
            [-16.280598, 28.449052],
            [-16.281327, 28.448726],
            [-16.281833, 28.448502],
            [-16.282281, 28.448316],
            [-16.282827, 28.448464],
            [-16.2831, 28.448548],
            [-16.283578, 28.448729],
            [-16.283629, 28.44877],
            [-16.283644, 28.448821]
          ]
        ]
      }
    },
    {
      "type": "Feature",
      "properties": {
        "id": "7",
        "name": "La Victoria",
        "cityId": "santa-cruz-de-tenerife"
      },
      "geometry": {
        "type": "Polygon",
        "coordinates": [
          [
            [-16.262329, 28.459982],
            [-16.260412, 28.460437],
            [-16.260375, 28.460451],
            [-16.260176, 28.459788],
            [-16.259661, 28.459905],
            [-16.259451, 28.459205],
            [-16.259226, 28.458449],
            [-16.261717, 28.457862],
            [-16.261782, 28.458088],
            [-16.261976, 28.458761],
            [-16.262139, 28.459328],
            [-16.262235, 28.459662],
            [-16.262329, 28.459982]
          ]
        ]
      }
    },
    {
      "type": "Feature",
      "properties": {
        "id": "70",
        "name": "San Pio X",
        "cityId": "santa-cruz-de-tenerife"
      },
      "geometry": {
        "type": "Polygon",
        "coordinates": [
          [
            [-16.290368, 28.447149],
            [-16.290035, 28.447275],
            [-16.289358, 28.447535],
            [-16.288894, 28.447714],
            [-16.288377, 28.447904],
            [-16.288165, 28.447977],
            [-16.287815, 28.448098],
            [-16.28718, 28.448309],
            [-16.28679, 28.448446],
            [-16.286696, 28.448485],
            [-16.286491, 28.44857],
            [-16.286283, 28.448657],
            [-16.286037, 28.448761],
            [-16.285726, 28.448901],
            [-16.285464, 28.449025],
            [-16.285211, 28.449192],
            [-16.285131, 28.449259],
            [-16.284852, 28.449487],
            [-16.284541, 28.449744],
            [-16.284329, 28.449894],
            [-16.284071, 28.450076],
            [-16.283694, 28.450341],
            [-16.283424, 28.450531],
            [-16.283248, 28.450655],
            [-16.282968, 28.450853],
            [-16.282769, 28.450993],
            [-16.282372, 28.451273],
            [-16.282074, 28.451483],
            [-16.281901, 28.451605],
            [-16.281857, 28.451636],
            [-16.281804, 28.451665],
            [-16.282509, 28.450596],
            [-16.28308, 28.449742],
            [-16.283411, 28.449264],
            [-16.28363, 28.448883],
            [-16.283644, 28.448821],
            [-16.283629, 28.44877],
            [-16.283578, 28.448729],
            [-16.2831, 28.448548],
            [-16.282827, 28.448464],
            [-16.282281, 28.448316],
            [-16.282321, 28.4483],
            [-16.282727, 28.448136],
            [-16.283354, 28.447898],
            [-16.283584, 28.44781],
            [-16.283955, 28.447685],
            [-16.284292, 28.447572],
            [-16.285159, 28.447293],
            [-16.285859, 28.447071],
            [-16.286547, 28.446852],
            [-16.28704, 28.446694],
            [-16.287447, 28.446578],
            [-16.287758, 28.446514],
            [-16.287878, 28.446489],
            [-16.288125, 28.446472],
            [-16.288364, 28.446457],
            [-16.288521, 28.446463],
            [-16.28883, 28.44649],
            [-16.289059, 28.446522],
            [-16.28941, 28.446626],
            [-16.289629, 28.446711],
            [-16.289846, 28.446803],
            [-16.290088, 28.446941],
            [-16.290234, 28.44705],
            [-16.290368, 28.447149]
          ]
        ]
      }
    },
    {
      "type": "Feature",
      "properties": {
        "id": "71",
        "name": "San Antonio",
        "cityId": "santa-cruz-de-tenerife"
      },
      "geometry": {
        "type": "Polygon",
        "coordinates": [
          [
            [-16.291173, 28.452967],
            [-16.290975, 28.454095],
            [-16.290064, 28.453912],
            [-16.289242, 28.45375],
            [-16.288746, 28.453644],
            [-16.288231, 28.453543],
            [-16.288555, 28.452878],
            [-16.288012, 28.452757],
            [-16.287432, 28.452678],
            [-16.287381, 28.452557],
            [-16.287315, 28.452399],
            [-16.286875, 28.45271],
            [-16.286603, 28.452782],
            [-16.286459, 28.452768],
            [-16.286295, 28.452751],
            [-16.286064, 28.452662],
            [-16.285791, 28.452556],
            [-16.285574, 28.452471],
            [-16.285432, 28.452417],
            [-16.285573, 28.452108],
            [-16.285761, 28.451695],
            [-16.28581, 28.451587],
            [-16.286379, 28.4517],
            [-16.287331, 28.451911],
            [-16.287257, 28.452267],
            [-16.287479, 28.452304],
            [-16.288096, 28.451875],
            [-16.28836, 28.451963],
            [-16.288733, 28.452085],
            [-16.289283, 28.452287],
            [-16.28975, 28.452422],
            [-16.290595, 28.452744],
            [-16.291173, 28.452967]
          ]
        ]
      }
    },
    {
      "type": "Feature",
      "properties": {
        "id": "72",
        "name": "Finca la Multa",
        "cityId": "santa-cruz-de-tenerife"
      },
      "geometry": {
        "type": "Polygon",
        "coordinates": [
          [
            [-16.290975, 28.454095],
            [-16.290374, 28.457527],
            [-16.290234, 28.457622],
            [-16.290136, 28.457629],
            [-16.290045, 28.457622],
            [-16.28985, 28.45756],
            [-16.289685, 28.457483],
            [-16.289546, 28.457506],
            [-16.289499, 28.457444],
            [-16.289303, 28.457038],
            [-16.289156, 28.456739],
            [-16.288958, 28.456425],
            [-16.288702, 28.456287],
            [-16.288839, 28.456015],
            [-16.288807, 28.455983],
            [-16.288779, 28.455919],
            [-16.288779, 28.455876],
            [-16.288805, 28.455824],
            [-16.288836, 28.455764],
            [-16.288666, 28.455464],
            [-16.288653, 28.45512],
            [-16.288623, 28.45434],
            [-16.288719, 28.453802],
            [-16.288746, 28.453644],
            [-16.289242, 28.45375],
            [-16.290064, 28.453912],
            [-16.290975, 28.454095]
          ]
        ]
      }
    },
    {
      "type": "Feature",
      "properties": {
        "id": "73",
        "name": "Santa Clara",
        "cityId": "santa-cruz-de-tenerife"
      },
      "geometry": {
        "type": "Polygon",
        "coordinates": [
          [
            [-16.290374, 28.457527],
            [-16.290204, 28.458501],
            [-16.289912, 28.460168],
            [-16.288022, 28.461467],
            [-16.287987, 28.46144],
            [-16.287952, 28.461411],
            [-16.287875, 28.461361],
            [-16.287802, 28.46134],
            [-16.287734, 28.461301],
            [-16.287694, 28.461287],
            [-16.287657, 28.461244],
            [-16.287539, 28.461171],
            [-16.28735, 28.46114],
            [-16.287179, 28.461084],
            [-16.287159, 28.461083],
            [-16.287069, 28.461048],
            [-16.286966, 28.461004],
            [-16.286917, 28.460993],
            [-16.286786, 28.460991],
            [-16.286707, 28.460981],
            [-16.2866, 28.460945],
            [-16.28653, 28.460905],
            [-16.286473, 28.460888],
            [-16.286427, 28.460853],
            [-16.286374, 28.460826],
            [-16.286321, 28.460794],
            [-16.286216, 28.460742],
            [-16.286134, 28.460712],
            [-16.286047, 28.460653],
            [-16.286079, 28.460619],
            [-16.28615, 28.460539],
            [-16.2862, 28.460483],
            [-16.28625, 28.460426],
            [-16.286533, 28.459963],
            [-16.286812, 28.459495],
            [-16.287054, 28.459088],
            [-16.28716, 28.458909],
            [-16.287257, 28.458747],
            [-16.287342, 28.458666],
            [-16.287434, 28.45858],
            [-16.28749, 28.458521],
            [-16.287497, 28.458514],
            [-16.287237, 28.458216],
            [-16.287209, 28.458172],
            [-16.286856, 28.457602],
            [-16.28651, 28.457064],
            [-16.286272, 28.456686],
            [-16.286099, 28.456411],
            [-16.286005, 28.456259],
            [-16.285976, 28.456206],
            [-16.28594, 28.456135],
            [-16.285914, 28.456067],
            [-16.285896, 28.455973],
            [-16.285887, 28.455862],
            [-16.285852, 28.455422],
            [-16.285815, 28.454957],
            [-16.285794, 28.454859],
            [-16.285764, 28.454801],
            [-16.285727, 28.454724],
            [-16.28564, 28.454653],
            [-16.285556, 28.45461],
            [-16.285532, 28.454598],
            [-16.285431, 28.454559],
            [-16.285308, 28.45451],
            [-16.285232, 28.454481],
            [-16.284808, 28.454331],
            [-16.284611, 28.454263],
            [-16.284972, 28.45347],
            [-16.285285, 28.452773],
            [-16.285432, 28.452417],
            [-16.285574, 28.452471],
            [-16.285791, 28.452556],
            [-16.286064, 28.452662],
            [-16.286295, 28.452751],
            [-16.286459, 28.452768],
            [-16.286603, 28.452782],
            [-16.286875, 28.45271],
            [-16.287315, 28.452399],
            [-16.287381, 28.452557],
            [-16.287432, 28.452678],
            [-16.288012, 28.452757],
            [-16.288555, 28.452878],
            [-16.288231, 28.453543],
            [-16.288746, 28.453644],
            [-16.288719, 28.453802],
            [-16.288623, 28.45434],
            [-16.288653, 28.45512],
            [-16.288666, 28.455464],
            [-16.288836, 28.455764],
            [-16.288805, 28.455824],
            [-16.288779, 28.455876],
            [-16.288779, 28.455919],
            [-16.288807, 28.455983],
            [-16.288839, 28.456015],
            [-16.288702, 28.456287],
            [-16.288958, 28.456425],
            [-16.289156, 28.456739],
            [-16.289303, 28.457038],
            [-16.289499, 28.457444],
            [-16.289546, 28.457506],
            [-16.289685, 28.457483],
            [-16.28985, 28.45756],
            [-16.290045, 28.457622],
            [-16.290136, 28.457629],
            [-16.290234, 28.457622],
            [-16.290374, 28.457527]
          ]
        ]
      }
    },
    {
      "type": "Feature",
      "properties": {
        "id": "74",
        "name": "Vistabella",
        "cityId": "santa-cruz-de-tenerife"
      },
      "geometry": {
        "type": "Polygon",
        "coordinates": [
          [
            [-16.288022, 28.461467],
            [-16.285258, 28.463366],
            [-16.282688, 28.465197],
            [-16.282663, 28.465081],
            [-16.282654, 28.464945],
            [-16.282675, 28.464783],
            [-16.282745, 28.464609],
            [-16.282794, 28.464488],
            [-16.282807, 28.464361],
            [-16.282826, 28.464165],
            [-16.282751, 28.463792],
            [-16.282699, 28.463553],
            [-16.282609, 28.463148],
            [-16.282505, 28.462675],
            [-16.28231, 28.461822],
            [-16.282232, 28.461483],
            [-16.282205, 28.46134],
            [-16.282187, 28.461173],
            [-16.28225, 28.460967],
            [-16.282274, 28.46092],
            [-16.282428, 28.460622],
            [-16.282548, 28.460391],
            [-16.282561, 28.460192],
            [-16.282456, 28.459988],
            [-16.282304, 28.459865],
            [-16.282365, 28.459768],
            [-16.282394, 28.459722],
            [-16.28268, 28.45983],
            [-16.282867, 28.459819],
            [-16.283221, 28.459799],
            [-16.283591, 28.459777],
            [-16.283817, 28.459764],
            [-16.28399, 28.459754],
            [-16.284112, 28.459747],
            [-16.284213, 28.459741],
            [-16.284248, 28.459944],
            [-16.28459, 28.460112],
            [-16.285163, 28.46043],
            [-16.285596, 28.460671],
            [-16.285844, 28.460809],
            [-16.285967, 28.460715],
            [-16.286047, 28.460653],
            [-16.286134, 28.460712],
            [-16.286216, 28.460742],
            [-16.286321, 28.460794],
            [-16.286374, 28.460826],
            [-16.286427, 28.460853],
            [-16.286473, 28.460888],
            [-16.28653, 28.460905],
            [-16.2866, 28.460945],
            [-16.286707, 28.460981],
            [-16.286786, 28.460991],
            [-16.286917, 28.460993],
            [-16.286966, 28.461004],
            [-16.287069, 28.461048],
            [-16.287159, 28.461083],
            [-16.287179, 28.461084],
            [-16.28735, 28.46114],
            [-16.287539, 28.461171],
            [-16.287657, 28.461244],
            [-16.287694, 28.461287],
            [-16.287734, 28.461301],
            [-16.287802, 28.46134],
            [-16.287875, 28.461361],
            [-16.287952, 28.461411],
            [-16.287987, 28.46144],
            [-16.288022, 28.461467]
          ]
        ]
      }
    },
    {
      "type": "Feature",
      "properties": {
        "id": "75",
        "name": "Cuatro Torres",
        "cityId": "santa-cruz-de-tenerife"
      },
      "geometry": {
        "type": "Polygon",
        "coordinates": [
          [
            [-16.255657, 28.459292],
            [-16.255281, 28.460104],
            [-16.255191, 28.460804],
            [-16.25484, 28.463541],
            [-16.254827, 28.463644],
            [-16.252125, 28.463738],
            [-16.25179, 28.463739],
            [-16.251449, 28.463322],
            [-16.250454, 28.461366],
            [-16.250069, 28.460621],
            [-16.252454, 28.460053],
            [-16.253618, 28.459776],
            [-16.254709, 28.459517],
            [-16.255324, 28.459371],
            [-16.255657, 28.459292]
          ]
        ]
      }
    },
    {
      "type": "Feature",
      "properties": {
        "id": "76",
        "name": "El Cabo",
        "cityId": "santa-cruz-de-tenerife"
      },
      "geometry": {
        "type": "Polygon",
        "coordinates": [
          [
            [-16.25179, 28.463739],
            [-16.251601, 28.464672],
            [-16.251013, 28.464524],
            [-16.250394, 28.464387],
            [-16.24989, 28.464276],
            [-16.249515, 28.464193],
            [-16.248936, 28.464065],
            [-16.248868, 28.46405],
            [-16.248658, 28.46399],
            [-16.24848, 28.463938],
            [-16.248205, 28.463858],
            [-16.247984, 28.463794],
            [-16.247621, 28.46364],
            [-16.24743, 28.463559],
            [-16.24736, 28.463522],
            [-16.247361, 28.463519],
            [-16.2474, 28.463444],
            [-16.247442, 28.463362],
            [-16.247353, 28.463321],
            [-16.247154, 28.463247],
            [-16.247011, 28.46317],
            [-16.246889, 28.463116],
            [-16.246642, 28.463022],
            [-16.24655, 28.462976],
            [-16.246526, 28.462945],
            [-16.246408, 28.462907],
            [-16.247025, 28.461346],
            [-16.247025, 28.461346],
            [-16.249212, 28.460825],
            [-16.249975, 28.460643],
            [-16.250069, 28.460621],
            [-16.250454, 28.461366],
            [-16.251449, 28.463322],
            [-16.25179, 28.463739]
          ]
        ]
      }
    },
    {
      "type": "Feature",
      "properties": {
        "id": "77",
        "name": "Los Hoteles",
        "cityId": "santa-cruz-de-tenerife"
      },
      "geometry": {
        "type": "Polygon",
        "coordinates": [
          [
            [-16.259003, 28.469548],
            [-16.258909, 28.470357],
            [-16.258582, 28.470684],
            [-16.258431, 28.470835],
            [-16.2572, 28.471652],
            [-16.256885, 28.471861],
            [-16.256376, 28.472213],
            [-16.255989, 28.472525],
            [-16.255951, 28.47249],
            [-16.255913, 28.472454],
            [-16.255775, 28.472326],
            [-16.255622, 28.472183],
            [-16.255376, 28.471923],
            [-16.254887, 28.471405],
            [-16.254396, 28.470885],
            [-16.253898, 28.470358],
            [-16.254335, 28.46989],
            [-16.255129, 28.469039],
            [-16.255479, 28.468674],
            [-16.255706, 28.46844],
            [-16.25594, 28.468197],
            [-16.256054, 28.468079],
            [-16.256103, 28.467618],
            [-16.25613, 28.467354],
            [-16.257108, 28.467444],
            [-16.256994, 28.468162],
            [-16.256914, 28.468834],
            [-16.256848, 28.469338],
            [-16.257665, 28.469418],
            [-16.259003, 28.469548]
          ]
        ]
      }
    },
    {
      "type": "Feature",
      "properties": {
        "id": "78",
        "name": "Zona Rambla",
        "cityId": "santa-cruz-de-tenerife"
      },
      "geometry": {
        "type": "Polygon",
        "coordinates": [
          [
            [-16.261354, 28.467841],
            [-16.261232, 28.468043],
            [-16.261135, 28.468139],
            [-16.26079, 28.468485],
            [-16.260121, 28.469152],
            [-16.259843, 28.469429],
            [-16.259331, 28.469936],
            [-16.258909, 28.470357],
            [-16.259003, 28.469548],
            [-16.257665, 28.469418],
            [-16.256848, 28.469338],
            [-16.256914, 28.468834],
            [-16.256994, 28.468162],
            [-16.257108, 28.467444],
            [-16.258062, 28.467531],
            [-16.259234, 28.467635],
            [-16.261109, 28.467803],
            [-16.261354, 28.467841]
          ]
        ]
      }
    },
    {
      "type": "Feature",
      "properties": {
        "id": "79",
        "name": "Zona Centro",
        "cityId": "santa-cruz-de-tenerife"
      },
      "geometry": {
        "type": "Polygon",
        "coordinates": [
          [
            [-16.256401, 28.464861],
            [-16.256367, 28.465174],
            [-16.256297, 28.465808],
            [-16.256272, 28.46604],
            [-16.256262, 28.466131],
            [-16.256232, 28.466403],
            [-16.256165, 28.467027],
            [-16.256151, 28.46716],
            [-16.25613, 28.467354],
            [-16.256103, 28.467618],
            [-16.256054, 28.468079],
            [-16.25594, 28.468197],
            [-16.255706, 28.46844],
            [-16.255479, 28.468674],
            [-16.255129, 28.469039],
            [-16.254335, 28.46989],
            [-16.253898, 28.470358],
            [-16.253747, 28.470523],
            [-16.253402, 28.470902],
            [-16.253103, 28.47123],
            [-16.252907, 28.471444],
            [-16.252586, 28.471795],
            [-16.252492, 28.471902],
            [-16.2524, 28.471816],
            [-16.251937, 28.471355],
            [-16.25154, 28.470971],
            [-16.250867, 28.470301],
            [-16.250277, 28.469873],
            [-16.250635, 28.469213],
            [-16.250638, 28.469211],
            [-16.250388, 28.469168],
            [-16.249884, 28.469077],
            [-16.248843, 28.468874],
            [-16.248758, 28.468858],
            [-16.24843, 28.468784],
            [-16.248042, 28.468723],
            [-16.247866, 28.468695],
            [-16.247823, 28.469401],
            [-16.247677, 28.469393],
            [-16.247662, 28.469442],
            [-16.247627, 28.469561],
            [-16.247201, 28.46956],
            [-16.246852, 28.46956],
            [-16.246508, 28.469559],
            [-16.246335, 28.469559],
            [-16.246334, 28.469559],
            [-16.246337, 28.469507],
            [-16.246263, 28.469504],
            [-16.246262, 28.46958],
            [-16.246081, 28.469572],
            [-16.246085, 28.469497],
            [-16.246025, 28.469496],
            [-16.246032, 28.469398],
            [-16.245239, 28.469303],
            [-16.24519, 28.469494],
            [-16.244852, 28.469413],
            [-16.244459, 28.470702],
            [-16.244344, 28.470689],
            [-16.244278, 28.470911],
            [-16.244235, 28.471054],
            [-16.244345, 28.471081],
            [-16.244319, 28.471167],
            [-16.244059, 28.471105],
            [-16.244089, 28.471022],
            [-16.2442, 28.471047],
            [-16.244241, 28.470912],
            [-16.244299, 28.470679],
            [-16.244199, 28.470646],
            [-16.244602, 28.469354],
            [-16.244552, 28.469343],
            [-16.244448, 28.469315],
            [-16.244265, 28.469278],
            [-16.244321, 28.4691],
            [-16.243662, 28.468992],
            [-16.243433, 28.469043],
            [-16.243044, 28.469708],
            [-16.242783, 28.469592],
            [-16.241988, 28.470932],
            [-16.241541, 28.471694],
            [-16.240671, 28.473184],
            [-16.240617, 28.473272],
            [-16.240574, 28.473333],
            [-16.238587, 28.475793],
            [-16.23729, 28.47741],
            [-16.23616, 28.478812],
            [-16.235848, 28.479196],
            [-16.23583, 28.479203],
            [-16.235802, 28.479198],
            [-16.235662, 28.479124],
            [-16.235605, 28.479078],
            [-16.235603, 28.47905],
            [-16.235992, 28.478564],
            [-16.236479, 28.477969],
            [-16.236718, 28.477665],
            [-16.237204, 28.477069],
            [-16.237757, 28.476383],
            [-16.238305, 28.475696],
            [-16.238611, 28.475322],
            [-16.239255, 28.474519],
            [-16.240064, 28.47352],
            [-16.240342, 28.47316],
            [-16.240429, 28.473027],
            [-16.240782, 28.472436],
            [-16.241043, 28.471979],
            [-16.241652, 28.470935],
            [-16.241994, 28.470366],
            [-16.242031, 28.470274],
            [-16.242365, 28.469715],
            [-16.242425, 28.469609],
            [-16.242396, 28.469588],
            [-16.242411, 28.469556],
            [-16.242389, 28.469527],
            [-16.242404, 28.469479],
            [-16.242465, 28.469411],
            [-16.242507, 28.469375],
            [-16.242525, 28.469297],
            [-16.242515, 28.469267],
            [-16.242573, 28.469141],
            [-16.24254, 28.469093],
            [-16.242531, 28.469046],
            [-16.242531, 28.468963],
            [-16.24251, 28.468734],
            [-16.2425, 28.468654],
            [-16.242487, 28.468621],
            [-16.242495, 28.46858],
            [-16.242525, 28.468535],
            [-16.242559, 28.468515],
            [-16.24193, 28.465967],
            [-16.241928, 28.46596],
            [-16.244595, 28.46092],
            [-16.245034, 28.459436],
            [-16.247019, 28.455675],
            [-16.247531, 28.455888],
            [-16.247562, 28.455901],
            [-16.247494, 28.456028],
            [-16.247222, 28.455931],
            [-16.24717, 28.456031],
            [-16.24703, 28.455977],
            [-16.245206, 28.45944],
            [-16.245936, 28.459608],
            [-16.245898, 28.459747],
            [-16.24515, 28.459576],
            [-16.244517, 28.461726],
            [-16.242243, 28.465997],
            [-16.242414, 28.466672],
            [-16.24242, 28.466695],
            [-16.242764, 28.468056],
            [-16.24314, 28.467984],
            [-16.243134, 28.467956],
            [-16.24486, 28.467623],
            [-16.244858, 28.467617],
            [-16.244807, 28.467421],
            [-16.244876, 28.467134],
            [-16.244883, 28.467106],
            [-16.24513, 28.466073],
            [-16.245131, 28.466066],
            [-16.245038, 28.465615],
            [-16.24504, 28.465595],
            [-16.244657, 28.465533],
            [-16.244666, 28.465418],
            [-16.244295, 28.46535],
            [-16.243285, 28.464658],
            [-16.243308, 28.464621],
            [-16.24347, 28.464727],
            [-16.243689, 28.464474],
            [-16.245334, 28.465241],
            [-16.245495, 28.464556],
            [-16.245521, 28.46452],
            [-16.245764, 28.464591],
            [-16.246188, 28.4635],
            [-16.246211, 28.463448],
            [-16.246229, 28.463408],
            [-16.246326, 28.463436],
            [-16.246429, 28.463457],
            [-16.246584, 28.463495],
            [-16.246741, 28.46353],
            [-16.24709, 28.463602],
            [-16.247291, 28.463662],
            [-16.247342, 28.463556],
            [-16.24736, 28.463522],
            [-16.24743, 28.463559],
            [-16.247621, 28.46364],
            [-16.247984, 28.463794],
            [-16.248205, 28.463858],
            [-16.24848, 28.463938],
            [-16.248658, 28.46399],
            [-16.248868, 28.46405],
            [-16.248936, 28.464065],
            [-16.249515, 28.464193],
            [-16.24989, 28.464276],
            [-16.250394, 28.464387],
            [-16.251013, 28.464524],
            [-16.251613, 28.464675],
            [-16.251676, 28.464686],
            [-16.252504, 28.464831],
            [-16.252602, 28.464849],
            [-16.253353, 28.464982],
            [-16.254726, 28.465154],
            [-16.256186, 28.464937],
            [-16.256401, 28.464861]
          ]
        ]
      }
    },
    {
      "type": "Feature",
      "properties": {
        "id": "8",
        "name": "Duggi",
        "cityId": "santa-cruz-de-tenerife"
      },
      "geometry": {
        "type": "Polygon",
        "coordinates": [
          [
            [-16.261995, 28.466165],
            [-16.261875, 28.466521],
            [-16.261701, 28.466973],
            [-16.261414, 28.467685],
            [-16.261354, 28.467841],
            [-16.261109, 28.467803],
            [-16.259234, 28.467635],
            [-16.258062, 28.467531],
            [-16.25613, 28.467354],
            [-16.256151, 28.46716],
            [-16.256232, 28.466403],
            [-16.256262, 28.466131],
            [-16.256272, 28.46604],
            [-16.256297, 28.465808],
            [-16.256367, 28.465174],
            [-16.256401, 28.464861],
            [-16.256477, 28.464834],
            [-16.256586, 28.464795],
            [-16.256735, 28.464742],
            [-16.257018, 28.464641],
            [-16.257216, 28.46457],
            [-16.257497, 28.46447],
            [-16.257914, 28.464321],
            [-16.258157, 28.464247],
            [-16.258507, 28.464138],
            [-16.258616, 28.464105],
            [-16.258724, 28.464132],
            [-16.258896, 28.464175],
            [-16.259151, 28.464238],
            [-16.259374, 28.464294],
            [-16.259495, 28.464349],
            [-16.259679, 28.464433],
            [-16.259991, 28.464576],
            [-16.260256, 28.464697],
            [-16.260593, 28.464852],
            [-16.260635, 28.464892],
            [-16.260731, 28.464985],
            [-16.260858, 28.465109],
            [-16.261, 28.465246],
            [-16.261118, 28.465361],
            [-16.261253, 28.465492],
            [-16.261392, 28.465626],
            [-16.261542, 28.465772],
            [-16.261919, 28.466137],
            [-16.261995, 28.466165]
          ]
        ]
      }
    },
    {
      "type": "Feature",
      "properties": {
        "id": "9",
        "name": "Uruguay",
        "cityId": "santa-cruz-de-tenerife"
      },
      "geometry": {
        "type": "Polygon",
        "coordinates": [
          [
            [-16.26875, 28.469408],
            [-16.268588, 28.469364],
            [-16.268446, 28.469325],
            [-16.268287, 28.469281],
            [-16.268061, 28.469215],
            [-16.267961, 28.469186],
            [-16.267818, 28.469144],
            [-16.267732, 28.469266],
            [-16.267643, 28.469393],
            [-16.267572, 28.469494],
            [-16.267443, 28.469681],
            [-16.26736, 28.469807],
            [-16.267167, 28.4701],
            [-16.26713, 28.470163],
            [-16.266781, 28.470631],
            [-16.2665, 28.470469],
            [-16.26614, 28.471028],
            [-16.264608, 28.47027],
            [-16.265354, 28.469133],
            [-16.265779, 28.468526],
            [-16.264413, 28.468122],
            [-16.264754, 28.467852],
            [-16.264921, 28.467968],
            [-16.2653, 28.468073],
            [-16.265386, 28.468045],
            [-16.265568, 28.467986],
            [-16.265731, 28.467927],
            [-16.26585, 28.46788],
            [-16.266057, 28.467797],
            [-16.266342, 28.467682],
            [-16.26669, 28.467543],
            [-16.266925, 28.467448],
            [-16.26708, 28.46745],
            [-16.267692, 28.467454],
            [-16.267894, 28.467455],
            [-16.267898, 28.467471],
            [-16.268007, 28.467518],
            [-16.268144, 28.467577],
            [-16.268199, 28.467682],
            [-16.268291, 28.467857],
            [-16.2684, 28.468063],
            [-16.26852, 28.468291],
            [-16.268585, 28.468516],
            [-16.268668, 28.468784],
            [-16.26872, 28.468952],
            [-16.268729, 28.469088],
            [-16.268736, 28.469191],
            [-16.268744, 28.469323],
            [-16.26875, 28.469408]
          ]
        ]
      }
    }
  ]
}
