{
  "type": "FeatureCollection",
  "name": "bilbao-neighborhoods",
  "metadata": {
    "schemaVersion": 1,
    "cityId": "bilbao",
    "cityName": "Bilbao",
    "representative": false,
    "source": "Barrios estadísticos de EUSTAT — geoEuskadi (Gobierno Vasco), CC BY"
  },
  "features": [
    {
      "type": "Feature",
      "properties": {
        "id": "101",
        "name": "San Ignacio",
        "cityId": "bilbao"
      },
      "geometry": {
        "type": "Polygon",
        "coordinates": [
          [
            [-2.963288, 43.284474],
            [-2.963536, 43.284174],
            [-2.963142, 43.284009],
            [-2.962908, 43.283915],
            [-2.963196, 43.283825],
            [-2.963346, 43.283729],
            [-2.963498, 43.283649],
            [-2.963636, 43.283558],
            [-2.963778, 43.283456],
            [-2.963885, 43.283344],
            [-2.963932, 43.283251],
            [-2.963963, 43.283181],
            [-2.964127, 43.283224],
            [-2.964554, 43.283314],
            [-2.966079, 43.283523],
            [-2.967881, 43.283708],
            [-2.967939, 43.283478],
            [-2.966413, 43.280633],
            [-2.965048, 43.278064],
            [-2.963609, 43.275403],
            [-2.963363, 43.274944],
            [-2.963125, 43.274499],
            [-2.961901, 43.274834],
            [-2.962147, 43.275305],
            [-2.961528, 43.275484],
            [-2.962115, 43.276608],
            [-2.961376, 43.27683],
            [-2.961018, 43.276942],
            [-2.960355, 43.277155],
            [-2.959689, 43.277337],
            [-2.958778, 43.277609],
            [-2.958514, 43.277685],
            [-2.957716, 43.277945],
            [-2.957187, 43.27811],
            [-2.957212, 43.278137],
            [-2.957551, 43.278614],
            [-2.957788, 43.279069],
            [-2.958062, 43.279569],
            [-2.958272, 43.279999],
            [-2.958299, 43.280054],
            [-2.958775, 43.281009],
            [-2.959168, 43.281783],
            [-2.959384, 43.282226],
            [-2.959682, 43.282681],
            [-2.959761, 43.282781],
            [-2.959909, 43.282929],
            [-2.960054, 43.283065],
            [-2.960337, 43.283274],
            [-2.960609, 43.283435],
            [-2.96087, 43.283538],
            [-2.96149, 43.283786],
            [-2.962032, 43.283999],
            [-2.962654, 43.284229],
            [-2.963288, 43.284474]
          ]
        ]
      }
    },
    {
      "type": "Feature",
      "properties": {
        "id": "102",
        "name": "Elorrieta",
        "cityId": "bilbao"
      },
      "geometry": {
        "type": "Polygon",
        "coordinates": [
          [
            [-2.971334, 43.290036],
            [-2.97124, 43.289845],
            [-2.97124, 43.289845],
            [-2.968968, 43.28713],
            [-2.968692, 43.286805],
            [-2.968496, 43.286596],
            [-2.968344, 43.286393],
            [-2.968198, 43.286216],
            [-2.968107, 43.286056],
            [-2.968011, 43.285888],
            [-2.967931, 43.285674],
            [-2.96785, 43.285465],
            [-2.967782, 43.285174],
            [-2.967748, 43.284951],
            [-2.967758, 43.284703],
            [-2.967765, 43.284442],
            [-2.967784, 43.284062],
            [-2.967862, 43.283782],
            [-2.967881, 43.283708],
            [-2.966079, 43.283523],
            [-2.964554, 43.283314],
            [-2.964127, 43.283224],
            [-2.963963, 43.283181],
            [-2.963932, 43.283251],
            [-2.963885, 43.283344],
            [-2.963778, 43.283456],
            [-2.963636, 43.283558],
            [-2.963498, 43.283649],
            [-2.963346, 43.283729],
            [-2.963196, 43.283825],
            [-2.962908, 43.283915],
            [-2.963142, 43.284009],
            [-2.963536, 43.284174],
            [-2.963288, 43.284474],
            [-2.962144, 43.286106],
            [-2.962183, 43.286122],
            [-2.962298, 43.286173],
            [-2.96241, 43.286225],
            [-2.962519, 43.286277],
            [-2.962624, 43.28633],
            [-2.962726, 43.286384],
            [-2.962907, 43.286484],
            [-2.963041, 43.286561],
            [-2.963158, 43.286634],
            [-2.96326, 43.286703],
            [-2.963318, 43.286747],
            [-2.96338, 43.286798],
            [-2.963602, 43.286996],
            [-2.963698, 43.287076],
            [-2.963814, 43.287165],
            [-2.963925, 43.287248],
            [-2.964035, 43.287326],
            [-2.964143, 43.287401],
            [-2.96425, 43.287471],
            [-2.964356, 43.287537],
            [-2.964461, 43.2876],
            [-2.964565, 43.287659],
            [-2.964712, 43.287736],
            [-2.964878, 43.287817],
            [-2.965062, 43.2879],
            [-2.965365, 43.288032],
            [-2.965619, 43.28814],
            [-2.96588, 43.288247],
            [-2.966069, 43.28832],
            [-2.966537, 43.288491],
            [-2.966748, 43.288571],
            [-2.966956, 43.288656],
            [-2.967184, 43.288754],
            [-2.967949, 43.289094],
            [-2.968528, 43.289343],
            [-2.968687, 43.289416],
            [-2.968826, 43.289484],
            [-2.968951, 43.289551],
            [-2.969227, 43.289707],
            [-2.969352, 43.289772],
            [-2.969575, 43.28988],
            [-2.969657, 43.289917],
            [-2.969733, 43.289947],
            [-2.969832, 43.289983],
            [-2.96992, 43.290012],
            [-2.970003, 43.290037],
            [-2.970081, 43.290056],
            [-2.970162, 43.290073],
            [-2.970252, 43.290087],
            [-2.970353, 43.2901],
            [-2.970481, 43.290113],
            [-2.970582, 43.290121],
            [-2.970682, 43.290127],
            [-2.970783, 43.290131],
            [-2.970883, 43.290132],
            [-2.971004, 43.290131],
            [-2.971125, 43.290126],
            [-2.971246, 43.290118],
            [-2.971368, 43.290106],
            [-2.971363, 43.290097],
            [-2.971334, 43.290036]
          ]
        ]
      }
    },
    {
      "type": "Feature",
      "properties": {
        "id": "103",
        "name": "Ibarrekolanda",
        "cityId": "bilbao"
      },
      "geometry": {
        "type": "Polygon",
        "coordinates": [
          [
            [-2.957187, 43.27811],
            [-2.957716, 43.277945],
            [-2.958514, 43.277685],
            [-2.958778, 43.277609],
            [-2.959689, 43.277337],
            [-2.960355, 43.277155],
            [-2.961018, 43.276942],
            [-2.961376, 43.27683],
            [-2.962115, 43.276608],
            [-2.961528, 43.275484],
            [-2.962147, 43.275305],
            [-2.961901, 43.274834],
            [-2.963125, 43.274499],
            [-2.96198, 43.272364],
            [-2.961762, 43.271943],
            [-2.961632, 43.271702],
            [-2.96148, 43.271492],
            [-2.961303, 43.27126],
            [-2.961104, 43.27103],
            [-2.960976, 43.270893],
            [-2.960322, 43.271069],
            [-2.959809, 43.271215],
            [-2.959602, 43.271254],
            [-2.958875, 43.271321],
            [-2.958079, 43.271393],
            [-2.957925, 43.271415],
            [-2.957466, 43.271969],
            [-2.957328, 43.272114],
            [-2.956983, 43.27226],
            [-2.95578, 43.27292],
            [-2.95552, 43.272981],
            [-2.955382, 43.273126],
            [-2.95516, 43.273339],
            [-2.954899, 43.273579],
            [-2.954692, 43.273775],
            [-2.954547, 43.273926],
            [-2.953812, 43.274607],
            [-2.95401, 43.275128],
            [-2.954147, 43.275476],
            [-2.95428, 43.27584],
            [-2.954345, 43.276],
            [-2.954419, 43.276182],
            [-2.954659, 43.276741],
            [-2.954888, 43.277189],
            [-2.955207, 43.277808],
            [-2.955381, 43.278125],
            [-2.95639, 43.277363],
            [-2.957187, 43.27811]
          ]
        ]
      }
    },
    {
      "type": "Feature",
      "properties": {
        "id": "104",
        "name": "San Pedro de Deustu",
        "cityId": "bilbao"
      },
      "geometry": {
        "type": "Polygon",
        "coordinates": [
          [
            [-2.95218, 43.275231],
            [-2.952317, 43.275175],
            [-2.952414, 43.275125],
            [-2.952775, 43.274976],
            [-2.953812, 43.274607],
            [-2.954547, 43.273926],
            [-2.954692, 43.273775],
            [-2.954899, 43.273579],
            [-2.95516, 43.273339],
            [-2.955382, 43.273126],
            [-2.95552, 43.272981],
            [-2.95578, 43.27292],
            [-2.956983, 43.27226],
            [-2.957328, 43.272114],
            [-2.957466, 43.271969],
            [-2.957925, 43.271415],
            [-2.958079, 43.271393],
            [-2.958875, 43.271321],
            [-2.959602, 43.271254],
            [-2.959809, 43.271215],
            [-2.960322, 43.271069],
            [-2.960976, 43.270893],
            [-2.96067, 43.270636],
            [-2.960125, 43.270192],
            [-2.959493, 43.269692],
            [-2.959054, 43.269392],
            [-2.958571, 43.269124],
            [-2.958058, 43.268872],
            [-2.957363, 43.268574],
            [-2.954665, 43.267431],
            [-2.95361, 43.267506],
            [-2.950119, 43.266286],
            [-2.946047, 43.267663],
            [-2.945129, 43.267991],
            [-2.944694, 43.268141],
            [-2.944588, 43.268178],
            [-2.944009, 43.268376],
            [-2.94343, 43.26857],
            [-2.942755, 43.2688],
            [-2.942005, 43.269052],
            [-2.941535, 43.269206],
            [-2.9411, 43.269354],
            [-2.940831, 43.269431],
            [-2.940626, 43.269501],
            [-2.939858, 43.26967],
            [-2.939316, 43.269741],
            [-2.938821, 43.269791],
            [-2.938638, 43.26981],
            [-2.938006, 43.269858],
            [-2.937537, 43.269872],
            [-2.936221, 43.269905],
            [-2.936179, 43.270311],
            [-2.936156, 43.270627],
            [-2.936165, 43.270922],
            [-2.935963, 43.271533],
            [-2.936987, 43.271541],
            [-2.938004, 43.271686],
            [-2.93889, 43.272022],
            [-2.93843, 43.272693],
            [-2.938824, 43.273005],
            [-2.937858, 43.273529],
            [-2.938164, 43.273813],
            [-2.93787, 43.273968],
            [-2.940316, 43.274663],
            [-2.942558, 43.274584],
            [-2.942861, 43.274887],
            [-2.94446, 43.275246],
            [-2.945468, 43.275297],
            [-2.945516, 43.274655],
            [-2.945418, 43.274618],
            [-2.945326, 43.274573],
            [-2.945254, 43.274547],
            [-2.945195, 43.27451],
            [-2.945162, 43.274473],
            [-2.945148, 43.274439],
            [-2.945187, 43.274343],
            [-2.945209, 43.274298],
            [-2.945436, 43.274043],
            [-2.945837, 43.274058],
            [-2.94589, 43.273869],
            [-2.945924, 43.27376],
            [-2.945956, 43.273713],
            [-2.945987, 43.273665],
            [-2.94604, 43.273634],
            [-2.94608, 43.273611],
            [-2.946177, 43.273581],
            [-2.946245, 43.273577],
            [-2.946314, 43.273572],
            [-2.946501, 43.273579],
            [-2.946614, 43.273595],
            [-2.947132, 43.273666],
            [-2.947211, 43.273681],
            [-2.947291, 43.273696],
            [-2.947332, 43.273703],
            [-2.947537, 43.273739],
            [-2.947789, 43.273753],
            [-2.948033, 43.27374],
            [-2.948256, 43.273742],
            [-2.948425, 43.273765],
            [-2.948525, 43.273763],
            [-2.94867, 43.273709],
            [-2.948662, 43.273745],
            [-2.948826, 43.273771],
            [-2.948708, 43.273804],
            [-2.948773, 43.273847],
            [-2.948857, 43.273864],
            [-2.948722, 43.273887],
            [-2.948968, 43.273985],
            [-2.949233, 43.274108],
            [-2.949319, 43.274161],
            [-2.949443, 43.274183],
            [-2.949481, 43.274201],
            [-2.94986, 43.274331],
            [-2.949992, 43.274408],
            [-2.950014, 43.274492],
            [-2.950281, 43.274512],
            [-2.950852, 43.274664],
            [-2.951091, 43.274762],
            [-2.951469, 43.274952],
            [-2.951698, 43.27507],
            [-2.951964, 43.275229],
            [-2.952058, 43.275251],
            [-2.95218, 43.275231]
          ]
        ]
      }
    },
    {
      "type": "Feature",
      "properties": {
        "id": "105",
        "name": "La Ribera",
        "cityId": "bilbao"
      },
      "geometry": {
        "type": "Polygon",
        "coordinates": [
          [
            [-2.950811, 43.266052],
            [-2.950119, 43.266286],
            [-2.95361, 43.267506],
            [-2.954665, 43.267431],
            [-2.957363, 43.268574],
            [-2.958058, 43.268872],
            [-2.958571, 43.269124],
            [-2.959054, 43.269392],
            [-2.959493, 43.269692],
            [-2.960125, 43.270192],
            [-2.96067, 43.270636],
            [-2.960976, 43.270893],
            [-2.961104, 43.27103],
            [-2.961303, 43.27126],
            [-2.96148, 43.271492],
            [-2.961632, 43.271702],
            [-2.961762, 43.271943],
            [-2.96198, 43.272364],
            [-2.963125, 43.274499],
            [-2.963363, 43.274944],
            [-2.963609, 43.275403],
            [-2.965048, 43.278064],
            [-2.966413, 43.280633],
            [-2.967939, 43.283478],
            [-2.968119, 43.28305],
            [-2.968262, 43.282693],
            [-2.968298, 43.282595],
            [-2.968409, 43.282291],
            [-2.968528, 43.281916],
            [-2.968672, 43.281495],
            [-2.968729, 43.281329],
            [-2.968772, 43.281201],
            [-2.968863, 43.280854],
            [-2.968938, 43.280533],
            [-2.968931, 43.280224],
            [-2.969006, 43.279761],
            [-2.969064, 43.279433],
            [-2.969098, 43.279047],
            [-2.969121, 43.278703],
            [-2.969156, 43.278367],
            [-2.969191, 43.278065],
            [-2.969202, 43.277804],
            [-2.969232, 43.277455],
            [-2.969202, 43.277191],
            [-2.969149, 43.27692],
            [-2.969059, 43.276611],
            [-2.968939, 43.276322],
            [-2.968889, 43.276201],
            [-2.96865, 43.275764],
            [-2.968395, 43.275334],
            [-2.968079, 43.274843],
            [-2.967759, 43.274422],
            [-2.967678, 43.274313],
            [-2.967386, 43.274063],
            [-2.966976, 43.273634],
            [-2.966743, 43.273341],
            [-2.966398, 43.27298],
            [-2.966137, 43.272707],
            [-2.965923, 43.272448],
            [-2.965755, 43.272107],
            [-2.965541, 43.271739],
            [-2.965373, 43.271419],
            [-2.965224, 43.27116],
            [-2.965122, 43.270989],
            [-2.964982, 43.270771],
            [-2.964777, 43.270471],
            [-2.964543, 43.270126],
            [-2.964438, 43.270024],
            [-2.964166, 43.269762],
            [-2.963814, 43.269414],
            [-2.963427, 43.269026],
            [-2.962876, 43.268555],
            [-2.962309, 43.268087],
            [-2.961869, 43.267744],
            [-2.961243, 43.267246],
            [-2.960738, 43.266848],
            [-2.960277, 43.266535],
            [-2.9599, 43.266244],
            [-2.959442, 43.26591],
            [-2.959106, 43.265742],
            [-2.958744, 43.265606],
            [-2.958383, 43.265462],
            [-2.957938, 43.265376],
            [-2.957449, 43.26532],
            [-2.957001, 43.265304],
            [-2.95663, 43.265282],
            [-2.956014, 43.2653],
            [-2.955429, 43.265339],
            [-2.954666, 43.265426],
            [-2.953064, 43.265678],
            [-2.950811, 43.266052]
          ]
        ]
      }
    },
    {
      "type": "Feature",
      "properties": {
        "id": "106",
        "name": "Arangoiti",
        "cityId": "bilbao"
      },
      "geometry": {
        "type": "Polygon",
        "coordinates": [
          [
            [-2.95218, 43.275231],
            [-2.952058, 43.275251],
            [-2.951964, 43.275229],
            [-2.951698, 43.27507],
            [-2.951469, 43.274952],
            [-2.951091, 43.274762],
            [-2.950852, 43.274664],
            [-2.950281, 43.274512],
            [-2.950014, 43.274492],
            [-2.949992, 43.274408],
            [-2.94986, 43.274331],
            [-2.949481, 43.274201],
            [-2.949443, 43.274183],
            [-2.949319, 43.274161],
            [-2.949233, 43.274108],
            [-2.948968, 43.273985],
            [-2.948722, 43.273887],
            [-2.948857, 43.273864],
            [-2.948773, 43.273847],
            [-2.948708, 43.273804],
            [-2.948826, 43.273771],
            [-2.948662, 43.273745],
            [-2.94867, 43.273709],
            [-2.948525, 43.273763],
            [-2.948425, 43.273765],
            [-2.948256, 43.273742],
            [-2.948033, 43.27374],
            [-2.947789, 43.273753],
            [-2.947537, 43.273739],
            [-2.947332, 43.273703],
            [-2.947291, 43.273696],
            [-2.947211, 43.273681],
            [-2.947132, 43.273666],
            [-2.946614, 43.273595],
            [-2.946501, 43.273579],
            [-2.946314, 43.273572],
            [-2.946245, 43.273577],
            [-2.946177, 43.273581],
            [-2.94608, 43.273611],
            [-2.94604, 43.273634],
            [-2.945987, 43.273665],
            [-2.945956, 43.273713],
            [-2.945924, 43.27376],
            [-2.94589, 43.273869],
            [-2.945837, 43.274058],
            [-2.945436, 43.274043],
            [-2.945209, 43.274298],
            [-2.945187, 43.274343],
            [-2.945148, 43.274439],
            [-2.945162, 43.274473],
            [-2.945195, 43.27451],
            [-2.945254, 43.274547],
            [-2.945326, 43.274573],
            [-2.945418, 43.274618],
            [-2.945516, 43.274655],
            [-2.945468, 43.275297],
            [-2.94446, 43.275246],
            [-2.944273, 43.276054],
            [-2.947905, 43.276458],
            [-2.948413, 43.276957],
            [-2.950788, 43.277746],
            [-2.951767, 43.276242],
            [-2.95218, 43.275231]
          ]
        ]
      }
    },
    {
      "type": "Feature",
      "properties": {
        "id": "107",
        "name": "Diseminado Deustu",
        "cityId": "bilbao"
      },
      "geometry": {
        "type": "Polygon",
        "coordinates": [
          [
            [-2.95218, 43.275231],
            [-2.951767, 43.276242],
            [-2.950788, 43.277746],
            [-2.948413, 43.276957],
            [-2.947905, 43.276458],
            [-2.944273, 43.276054],
            [-2.94446, 43.275246],
            [-2.942861, 43.274887],
            [-2.942558, 43.274584],
            [-2.940316, 43.274663],
            [-2.93787, 43.273968],
            [-2.938164, 43.273813],
            [-2.937858, 43.273529],
            [-2.938824, 43.273005],
            [-2.93843, 43.272693],
            [-2.93889, 43.272022],
            [-2.938004, 43.271686],
            [-2.936987, 43.271541],
            [-2.935963, 43.271533],
            [-2.935805, 43.272045],
            [-2.935777, 43.272175],
            [-2.935696, 43.272363],
            [-2.935599, 43.272553],
            [-2.935515, 43.272681],
            [-2.935495, 43.272745],
            [-2.935469, 43.272826],
            [-2.935394, 43.272955],
            [-2.935356, 43.273023],
            [-2.935323, 43.273079],
            [-2.93525, 43.273172],
            [-2.935163, 43.273285],
            [-2.935087, 43.273348],
            [-2.935006, 43.273376],
            [-2.934898, 43.273473],
            [-2.934824, 43.273581],
            [-2.934754, 43.273671],
            [-2.934585, 43.27389],
            [-2.934448, 43.274034],
            [-2.934365, 43.274147],
            [-2.93425, 43.274296],
            [-2.934175, 43.274427],
            [-2.934087, 43.274638],
            [-2.934137, 43.27477],
            [-2.934167, 43.274986],
            [-2.934153, 43.275225],
            [-2.934123, 43.275484],
            [-2.934085, 43.275668],
            [-2.934008, 43.275931],
            [-2.933902, 43.276241],
            [-2.933816, 43.276508],
            [-2.933762, 43.27684],
            [-2.933515, 43.277512],
            [-2.933333, 43.278223],
            [-2.934781, 43.278262],
            [-2.939483, 43.279478],
            [-2.943959, 43.279808],
            [-2.944098, 43.279912],
            [-2.946869, 43.28166],
            [-2.948854, 43.283556],
            [-2.948558, 43.284805],
            [-2.948036, 43.2855],
            [-2.946875, 43.287657],
            [-2.946873, 43.287661],
            [-2.946874, 43.287661],
            [-2.947209, 43.287786],
            [-2.94754, 43.287916],
            [-2.947868, 43.28805],
            [-2.948191, 43.28819],
            [-2.948418, 43.28829],
            [-2.948553, 43.288354],
            [-2.948635, 43.288396],
            [-2.948723, 43.288444],
            [-2.948955, 43.288578],
            [-2.949151, 43.288696],
            [-2.949306, 43.288795],
            [-2.949444, 43.288888],
            [-2.949565, 43.288975],
            [-2.949675, 43.289058],
            [-2.949776, 43.289139],
            [-2.94981, 43.28917],
            [-2.949848, 43.289209],
            [-2.949985, 43.28937],
            [-2.95004, 43.289429],
            [-2.950071, 43.289456],
            [-2.9501, 43.289476],
            [-2.950127, 43.28949],
            [-2.950153, 43.289498],
            [-2.950175, 43.2895],
            [-2.950197, 43.289499],
            [-2.950219, 43.289494],
            [-2.950242, 43.289485],
            [-2.950265, 43.289472],
            [-2.950289, 43.289455],
            [-2.950314, 43.289434],
            [-2.950339, 43.289409],
            [-2.950382, 43.28936],
            [-2.95043, 43.289298],
            [-2.950578, 43.289083],
            [-2.950627, 43.289015],
            [-2.950669, 43.288962],
            [-2.950708, 43.288919],
            [-2.950792, 43.288831],
            [-2.950879, 43.288736],
            [-2.950916, 43.288693],
            [-2.951064, 43.288523],
            [-2.951237, 43.288316],
            [-2.951644, 43.287815],
            [-2.951853, 43.287567],
            [-2.951957, 43.28745],
            [-2.952056, 43.287343],
            [-2.952152, 43.287242],
            [-2.952247, 43.287148],
            [-2.952374, 43.28703],
            [-2.952499, 43.286921],
            [-2.952624, 43.286821],
            [-2.95275, 43.286729],
            [-2.952877, 43.286645],
            [-2.953006, 43.286568],
            [-2.953137, 43.286499],
            [-2.953269, 43.286437],
            [-2.953394, 43.286386],
            [-2.953525, 43.286339],
            [-2.953663, 43.286296],
            [-2.953809, 43.286256],
            [-2.953962, 43.286219],
            [-2.954124, 43.286187],
            [-2.954295, 43.286157],
            [-2.954477, 43.28613],
            [-2.954615, 43.286112],
            [-2.95476, 43.286095],
            [-2.954913, 43.28608],
            [-2.955077, 43.286066],
            [-2.955435, 43.286039],
            [-2.956181, 43.285994],
            [-2.956499, 43.285972],
            [-2.956829, 43.285943],
            [-2.956978, 43.285928],
            [-2.957119, 43.285912],
            [-2.957448, 43.285873],
            [-2.958143, 43.2858],
            [-2.958444, 43.285766],
            [-2.95876, 43.285725],
            [-2.959041, 43.285683],
            [-2.959126, 43.285667],
            [-2.95922, 43.285645],
            [-2.95932, 43.28562],
            [-2.959604, 43.285541],
            [-2.959693, 43.28552],
            [-2.959773, 43.285503],
            [-2.959866, 43.285488],
            [-2.959953, 43.285478],
            [-2.960036, 43.285475],
            [-2.960116, 43.285477],
            [-2.960225, 43.285487],
            [-2.960318, 43.2855],
            [-2.960365, 43.28551],
            [-2.960416, 43.285523],
            [-2.960593, 43.285577],
            [-2.960946, 43.285681],
            [-2.961259, 43.285779],
            [-2.961546, 43.285876],
            [-2.961812, 43.285973],
            [-2.96194, 43.286022],
            [-2.962063, 43.286072],
            [-2.962144, 43.286106],
            [-2.963288, 43.284474],
            [-2.962654, 43.284229],
            [-2.962032, 43.283999],
            [-2.96149, 43.283786],
            [-2.96087, 43.283538],
            [-2.960609, 43.283435],
            [-2.960337, 43.283274],
            [-2.960054, 43.283065],
            [-2.959909, 43.282929],
            [-2.959761, 43.282781],
            [-2.959682, 43.282681],
            [-2.959384, 43.282226],
            [-2.959168, 43.281783],
            [-2.958775, 43.281009],
            [-2.958299, 43.280054],
            [-2.958272, 43.279999],
            [-2.958062, 43.279569],
            [-2.957788, 43.279069],
            [-2.957551, 43.278614],
            [-2.957212, 43.278137],
            [-2.957187, 43.27811],
            [-2.95639, 43.277363],
            [-2.955381, 43.278125],
            [-2.955207, 43.277808],
            [-2.954888, 43.277189],
            [-2.954659, 43.276741],
            [-2.954419, 43.276182],
            [-2.954345, 43.276],
            [-2.95428, 43.27584],
            [-2.954147, 43.275476],
            [-2.95401, 43.275128],
            [-2.953812, 43.274607],
            [-2.952775, 43.274976],
            [-2.952414, 43.275125],
            [-2.952317, 43.275175],
            [-2.95218, 43.275231]
          ]
        ]
      }
    },
    {
      "type": "Feature",
      "properties": {
        "id": "201",
        "name": "Castaños",
        "cityId": "bilbao"
      },
      "geometry": {
        "type": "Polygon",
        "coordinates": [
          [
            [-2.922761, 43.264202],
            [-2.923136, 43.264322],
            [-2.923459, 43.264419],
            [-2.923691, 43.264551],
            [-2.923913, 43.264682],
            [-2.924084, 43.264821],
            [-2.924278, 43.264969],
            [-2.924416, 43.265154],
            [-2.924498, 43.265333],
            [-2.924686, 43.265704],
            [-2.924264, 43.265826],
            [-2.924696, 43.26687],
            [-2.925376, 43.26697],
            [-2.925283, 43.267421],
            [-2.925137, 43.267308],
            [-2.925196, 43.267763],
            [-2.925531, 43.267877],
            [-2.925729, 43.268382],
            [-2.925338, 43.26842],
            [-2.925877, 43.268804],
            [-2.926073, 43.268913],
            [-2.92604, 43.269185],
            [-2.926395, 43.269331],
            [-2.926768, 43.26952],
            [-2.927159, 43.269748],
            [-2.927531, 43.26996],
            [-2.927717, 43.270052],
            [-2.927492, 43.270357],
            [-2.927492, 43.270357],
            [-2.928002, 43.270421],
            [-2.928489, 43.270436],
            [-2.928829, 43.270425],
            [-2.929129, 43.270381],
            [-2.929931, 43.270255],
            [-2.930499, 43.27017],
            [-2.93139, 43.270221],
            [-2.931624, 43.270251],
            [-2.932235, 43.270361],
            [-2.932541, 43.270416],
            [-2.93292, 43.270488],
            [-2.9333, 43.270559],
            [-2.934092, 43.270866],
            [-2.93424, 43.270903],
            [-2.934509, 43.270963],
            [-2.934876, 43.271026],
            [-2.935006, 43.27107],
            [-2.935105, 43.271101],
            [-2.93525, 43.27115],
            [-2.93525, 43.27115],
            [-2.93538, 43.271224],
            [-2.935527, 43.271276],
            [-2.935582, 43.271297],
            [-2.935636, 43.271318],
            [-2.935879, 43.271478],
            [-2.935963, 43.271533],
            [-2.936165, 43.270922],
            [-2.936156, 43.270627],
            [-2.936179, 43.270311],
            [-2.936221, 43.269905],
            [-2.933594, 43.269791],
            [-2.932721, 43.269649],
            [-2.93232, 43.269542],
            [-2.93193, 43.26941],
            [-2.931797, 43.26935],
            [-2.931525, 43.269227],
            [-2.931241, 43.269077],
            [-2.930126, 43.268217],
            [-2.928488, 43.266954],
            [-2.92576, 43.264849],
            [-2.923998, 43.26349],
            [-2.923877, 43.263349],
            [-2.923831, 43.263245],
            [-2.923146, 43.263649],
            [-2.922994, 43.263803],
            [-2.922864, 43.264006],
            [-2.922761, 43.264202]
          ]
        ]
      }
    },
    {
      "type": "Feature",
      "properties": {
        "id": "202",
        "name": "Matiko",
        "cityId": "bilbao"
      },
      "geometry": {
        "type": "Polygon",
        "coordinates": [
          [
            [-2.922761, 43.264202],
            [-2.922747, 43.264425],
            [-2.922733, 43.264683],
            [-2.922658, 43.264815],
            [-2.92252, 43.264947],
            [-2.922347, 43.265059],
            [-2.922327, 43.265294],
            [-2.922177, 43.265547],
            [-2.922539, 43.266368],
            [-2.922287, 43.266765],
            [-2.921929, 43.267358],
            [-2.92229, 43.267491],
            [-2.922494, 43.267587],
            [-2.922729, 43.267684],
            [-2.922861, 43.267803],
            [-2.923055, 43.268018],
            [-2.923233, 43.268221],
            [-2.923377, 43.268375],
            [-2.923497, 43.268507],
            [-2.923617, 43.268647],
            [-2.923774, 43.268819],
            [-2.923942, 43.268995],
            [-2.924188, 43.269239],
            [-2.924459, 43.269356],
            [-2.9249, 43.269555],
            [-2.924321, 43.269926],
            [-2.924505, 43.269929],
            [-2.924886, 43.269944],
            [-2.925363, 43.269971],
            [-2.925617, 43.27],
            [-2.926123, 43.270084],
            [-2.926542, 43.270183],
            [-2.926938, 43.270254],
            [-2.927215, 43.270306],
            [-2.927492, 43.270357],
            [-2.927717, 43.270052],
            [-2.927531, 43.26996],
            [-2.927159, 43.269748],
            [-2.926768, 43.26952],
            [-2.926395, 43.269331],
            [-2.92604, 43.269185],
            [-2.926073, 43.268913],
            [-2.925877, 43.268804],
            [-2.925338, 43.26842],
            [-2.925729, 43.268382],
            [-2.925531, 43.267877],
            [-2.925196, 43.267763],
            [-2.925137, 43.267308],
            [-2.925283, 43.267421],
            [-2.925376, 43.26697],
            [-2.924696, 43.26687],
            [-2.924264, 43.265826],
            [-2.924686, 43.265704],
            [-2.924498, 43.265333],
            [-2.924416, 43.265154],
            [-2.924278, 43.264969],
            [-2.924084, 43.264821],
            [-2.923913, 43.264682],
            [-2.923691, 43.264551],
            [-2.923459, 43.264419],
            [-2.923136, 43.264322],
            [-2.922761, 43.264202]
          ]
        ]
      }
    },
    {
      "type": "Feature",
      "properties": {
        "id": "203",
        "name": "Ciudad Jardín",
        "cityId": "bilbao"
      },
      "geometry": {
        "type": "Polygon",
        "coordinates": [
          [
            [-2.927492, 43.270357],
            [-2.927215, 43.270306],
            [-2.926938, 43.270254],
            [-2.926542, 43.270183],
            [-2.926123, 43.270084],
            [-2.925617, 43.27],
            [-2.925363, 43.269971],
            [-2.924886, 43.269944],
            [-2.924505, 43.269929],
            [-2.924321, 43.269926],
            [-2.924155, 43.269922],
            [-2.923992, 43.270018],
            [-2.923564, 43.270258],
            [-2.923244, 43.270491],
            [-2.923025, 43.270684],
            [-2.922867, 43.270852],
            [-2.922405, 43.271389],
            [-2.922271, 43.271557],
            [-2.922067, 43.27183],
            [-2.922311, 43.271776],
            [-2.922486, 43.271728],
            [-2.922842, 43.271625],
            [-2.923263, 43.271564],
            [-2.923562, 43.2716],
            [-2.923699, 43.27165],
            [-2.924027, 43.271897],
            [-2.924677, 43.272237],
            [-2.925276, 43.272343],
            [-2.925606, 43.272457],
            [-2.926019, 43.272691],
            [-2.926287, 43.272933],
            [-2.926503, 43.27325],
            [-2.926534, 43.273906],
            [-2.926502, 43.274233],
            [-2.92637, 43.27438],
            [-2.92636, 43.274449],
            [-2.926443, 43.274489],
            [-2.926608, 43.27448],
            [-2.926743, 43.274446],
            [-2.927099, 43.274139],
            [-2.927589, 43.272977],
            [-2.930358, 43.270774],
            [-2.930499, 43.27017],
            [-2.929931, 43.270255],
            [-2.929129, 43.270381],
            [-2.928829, 43.270425],
            [-2.928489, 43.270436],
            [-2.928002, 43.270421],
            [-2.927492, 43.270357],
            [-2.927492, 43.270357]
          ]
        ]
      }
    },
    {
      "type": "Feature",
      "properties": {
        "id": "204",
        "name": "Uribarri",
        "cityId": "bilbao"
      },
      "geometry": {
        "type": "Polygon",
        "coordinates": [
          [
            [-2.922347, 43.265059],
            [-2.922198, 43.265134],
            [-2.921478, 43.26538],
            [-2.92106, 43.265514],
            [-2.920962, 43.265516],
            [-2.920836, 43.265454],
            [-2.920794, 43.26536],
            [-2.920836, 43.265246],
            [-2.921628, 43.264955],
            [-2.921931, 43.264854],
            [-2.922053, 43.264741],
            [-2.922058, 43.264572],
            [-2.921932, 43.264443],
            [-2.921673, 43.264423],
            [-2.92152, 43.264501],
            [-2.921115, 43.264814],
            [-2.92084, 43.26492],
            [-2.920289, 43.264942],
            [-2.919595, 43.264949],
            [-2.919066, 43.264953],
            [-2.918432, 43.26496],
            [-2.918113, 43.264938],
            [-2.917798, 43.264884],
            [-2.917658, 43.264842],
            [-2.917324, 43.264683],
            [-2.91696, 43.264293],
            [-2.916881, 43.264498],
            [-2.916892, 43.265078],
            [-2.916717, 43.266036],
            [-2.916734, 43.266212],
            [-2.916754, 43.266333],
            [-2.916521, 43.266337],
            [-2.916424, 43.266407],
            [-2.916185, 43.266882],
            [-2.916069, 43.26698],
            [-2.915656, 43.267219],
            [-2.915438, 43.267334],
            [-2.915109, 43.267447],
            [-2.915572, 43.267904],
            [-2.915901, 43.268227],
            [-2.91639, 43.268712],
            [-2.916886, 43.269043],
            [-2.917116, 43.269128],
            [-2.917708, 43.269245],
            [-2.918617, 43.269337],
            [-2.919227, 43.269514],
            [-2.919469, 43.269659],
            [-2.919675, 43.26991],
            [-2.920074, 43.270402],
            [-2.920307, 43.270658],
            [-2.920469, 43.270782],
            [-2.920651, 43.27094],
            [-2.920743, 43.271014],
            [-2.920878, 43.271132],
            [-2.921063, 43.271287],
            [-2.921227, 43.271419],
            [-2.921368, 43.271528],
            [-2.921493, 43.271624],
            [-2.921595, 43.271683],
            [-2.921676, 43.271735],
            [-2.921756, 43.271762],
            [-2.921837, 43.271786],
            [-2.921935, 43.271819],
            [-2.922067, 43.27183],
            [-2.922271, 43.271557],
            [-2.922405, 43.271389],
            [-2.922867, 43.270852],
            [-2.923025, 43.270684],
            [-2.923244, 43.270491],
            [-2.923564, 43.270258],
            [-2.923992, 43.270018],
            [-2.924155, 43.269922],
            [-2.924321, 43.269926],
            [-2.9249, 43.269555],
            [-2.924459, 43.269356],
            [-2.924188, 43.269239],
            [-2.923942, 43.268995],
            [-2.923774, 43.268819],
            [-2.923617, 43.268647],
            [-2.923497, 43.268507],
            [-2.923377, 43.268375],
            [-2.923233, 43.268221],
            [-2.923055, 43.268018],
            [-2.922861, 43.267803],
            [-2.922729, 43.267684],
            [-2.922494, 43.267587],
            [-2.92229, 43.267491],
            [-2.921929, 43.267358],
            [-2.922287, 43.266765],
            [-2.922539, 43.266368],
            [-2.922177, 43.265547],
            [-2.922327, 43.265294],
            [-2.922347, 43.265059]
          ]
        ]
      }
    },
    {
      "type": "Feature",
      "properties": {
        "id": "205",
        "name": "Zurbaran",
        "cityId": "bilbao"
      },
      "geometry": {
        "type": "Polygon",
        "coordinates": [
          [
            [-2.912964, 43.258741],
            [-2.912888, 43.258844],
            [-2.912701, 43.258879],
            [-2.912368, 43.258607],
            [-2.912184, 43.258493],
            [-2.91206, 43.25846],
            [-2.911916, 43.258473],
            [-2.912015, 43.258559],
            [-2.912205, 43.258803],
            [-2.912334, 43.259121],
            [-2.912318, 43.259449],
            [-2.912306, 43.259616],
            [-2.912272, 43.259771],
            [-2.912181, 43.25991],
            [-2.912103, 43.260057],
            [-2.912063, 43.260131],
            [-2.911546, 43.260975],
            [-2.911405, 43.261038],
            [-2.911395, 43.261115],
            [-2.911376, 43.261276],
            [-2.911369, 43.261459],
            [-2.911447, 43.26165],
            [-2.911537, 43.26179],
            [-2.91201, 43.262243],
            [-2.912245, 43.262492],
            [-2.911555, 43.262941],
            [-2.911092, 43.263023],
            [-2.911108, 43.263099],
            [-2.911118, 43.263236],
            [-2.911103, 43.263441],
            [-2.911052, 43.263638],
            [-2.910932, 43.263885],
            [-2.910786, 43.264026],
            [-2.910673, 43.264156],
            [-2.910564, 43.264207],
            [-2.910417, 43.264223],
            [-2.910256, 43.264192],
            [-2.910061, 43.264238],
            [-2.90985, 43.264354],
            [-2.909714, 43.264477],
            [-2.909641, 43.264603],
            [-2.90961, 43.264739],
            [-2.909639, 43.264844],
            [-2.909701, 43.264922],
            [-2.909802, 43.265021],
            [-2.909906, 43.265145],
            [-2.909974, 43.265262],
            [-2.910023, 43.265372],
            [-2.910033, 43.265517],
            [-2.910015, 43.265647],
            [-2.909986, 43.265771],
            [-2.909916, 43.265891],
            [-2.909821, 43.26602],
            [-2.909785, 43.266158],
            [-2.909796, 43.266268],
            [-2.909885, 43.266376],
            [-2.909824, 43.266734],
            [-2.910726, 43.267034],
            [-2.91107, 43.266966],
            [-2.911443, 43.266837],
            [-2.912588, 43.266594],
            [-2.913044, 43.266505],
            [-2.913388, 43.266465],
            [-2.913623, 43.26663],
            [-2.913313, 43.266893],
            [-2.913815, 43.267308],
            [-2.914563, 43.266909],
            [-2.915109, 43.267447],
            [-2.915438, 43.267334],
            [-2.915656, 43.267219],
            [-2.916069, 43.26698],
            [-2.916185, 43.266882],
            [-2.916424, 43.266407],
            [-2.916521, 43.266337],
            [-2.916754, 43.266333],
            [-2.916734, 43.266212],
            [-2.916717, 43.266036],
            [-2.916892, 43.265078],
            [-2.916881, 43.264498],
            [-2.91696, 43.264293],
            [-2.916999, 43.264011],
            [-2.917039, 43.263739],
            [-2.917034, 43.263485],
            [-2.916952, 43.26322],
            [-2.916303, 43.26241],
            [-2.915752, 43.261826],
            [-2.915239, 43.261329],
            [-2.91363, 43.259769],
            [-2.913356, 43.259395],
            [-2.913276, 43.259262],
            [-2.913225, 43.259123],
            [-2.912964, 43.258741]
          ]
        ]
      }
    },
    {
      "type": "Feature",
      "properties": {
        "id": "206",
        "name": "Arabella",
        "cityId": "bilbao"
      },
      "geometry": {
        "type": "Polygon",
        "coordinates": [
          [
            [-2.905868, 43.264945],
            [-2.90597, 43.264932],
            [-2.906088, 43.264866],
            [-2.906387, 43.264663],
            [-2.906661, 43.264517],
            [-2.906988, 43.264476],
            [-2.907594, 43.264262],
            [-2.90766, 43.264247],
            [-2.907795, 43.264271],
            [-2.907904, 43.264329],
            [-2.908138, 43.264879],
            [-2.908208, 43.264986],
            [-2.908264, 43.265116],
            [-2.908547, 43.265055],
            [-2.908721, 43.264831],
            [-2.908718, 43.264758],
            [-2.909127, 43.264517],
            [-2.90957, 43.264336],
            [-2.909749, 43.264265],
            [-2.909772, 43.264259],
            [-2.909887, 43.26423],
            [-2.909887, 43.26423],
            [-2.910061, 43.264238],
            [-2.910256, 43.264192],
            [-2.910417, 43.264223],
            [-2.910564, 43.264207],
            [-2.910673, 43.264156],
            [-2.910786, 43.264026],
            [-2.910932, 43.263885],
            [-2.911052, 43.263638],
            [-2.911103, 43.263441],
            [-2.911118, 43.263236],
            [-2.911108, 43.263099],
            [-2.911092, 43.263023],
            [-2.911555, 43.262941],
            [-2.912245, 43.262492],
            [-2.91201, 43.262243],
            [-2.911537, 43.26179],
            [-2.911447, 43.26165],
            [-2.911369, 43.261459],
            [-2.911376, 43.261276],
            [-2.911395, 43.261115],
            [-2.911405, 43.261038],
            [-2.909743, 43.261768],
            [-2.90861, 43.262295],
            [-2.908394, 43.262421],
            [-2.908231, 43.262612],
            [-2.908165, 43.262728],
            [-2.908097, 43.262789],
            [-2.907979, 43.262848],
            [-2.907847, 43.262872],
            [-2.907536, 43.262904],
            [-2.907418, 43.262947],
            [-2.907314, 43.262999],
            [-2.907246, 43.263058],
            [-2.90717, 43.263179],
            [-2.907187, 43.263536],
            [-2.907089, 43.26372],
            [-2.906972, 43.263852],
            [-2.906806, 43.264115],
            [-2.906161, 43.264598],
            [-2.906007, 43.264718],
            [-2.90582, 43.264794],
            [-2.905782, 43.264863],
            [-2.90582, 43.26491],
            [-2.905868, 43.264945]
          ]
        ]
      }
    },
    {
      "type": "Feature",
      "properties": {
        "id": "207",
        "name": "Diseminado Uribarri",
        "cityId": "bilbao"
      },
      "geometry": {
        "type": "Polygon",
        "coordinates": [
          [
            [-2.915109, 43.267447],
            [-2.914563, 43.266909],
            [-2.913815, 43.267308],
            [-2.913313, 43.266893],
            [-2.913623, 43.26663],
            [-2.913388, 43.266465],
            [-2.913044, 43.266505],
            [-2.912588, 43.266594],
            [-2.911443, 43.266837],
            [-2.91107, 43.266966],
            [-2.910726, 43.267034],
            [-2.909824, 43.266734],
            [-2.909885, 43.266376],
            [-2.909796, 43.266268],
            [-2.909785, 43.266158],
            [-2.909821, 43.26602],
            [-2.909916, 43.265891],
            [-2.909986, 43.265771],
            [-2.910015, 43.265647],
            [-2.910033, 43.265517],
            [-2.910023, 43.265372],
            [-2.909974, 43.265262],
            [-2.909906, 43.265145],
            [-2.909802, 43.265021],
            [-2.909701, 43.264922],
            [-2.909639, 43.264844],
            [-2.90961, 43.264739],
            [-2.909641, 43.264603],
            [-2.909714, 43.264477],
            [-2.90985, 43.264354],
            [-2.910061, 43.264238],
            [-2.909887, 43.26423],
            [-2.909887, 43.26423],
            [-2.909772, 43.264259],
            [-2.909749, 43.264265],
            [-2.90957, 43.264336],
            [-2.909127, 43.264517],
            [-2.908718, 43.264758],
            [-2.908721, 43.264831],
            [-2.908547, 43.265055],
            [-2.908264, 43.265116],
            [-2.908347, 43.265305],
            [-2.908379, 43.265546],
            [-2.908339, 43.265675],
            [-2.908299, 43.265737],
            [-2.908172, 43.265814],
            [-2.908046, 43.265843],
            [-2.907881, 43.265969],
            [-2.907642, 43.266157],
            [-2.907418, 43.26633],
            [-2.90736, 43.266385],
            [-2.907329, 43.266449],
            [-2.90726, 43.266593],
            [-2.907247, 43.26672],
            [-2.907259, 43.26689],
            [-2.907317, 43.26705],
            [-2.907387, 43.267183],
            [-2.907461, 43.267356],
            [-2.907502, 43.267652],
            [-2.907444, 43.267861],
            [-2.907295, 43.268106],
            [-2.90717, 43.268308],
            [-2.907087, 43.268477],
            [-2.907062, 43.268604],
            [-2.907074, 43.268753],
            [-2.907127, 43.269061],
            [-2.907107, 43.269209],
            [-2.907065, 43.269327],
            [-2.906999, 43.269436],
            [-2.906924, 43.26953],
            [-2.906767, 43.269663],
            [-2.906506, 43.26983],
            [-2.905204, 43.270109],
            [-2.902881, 43.270617],
            [-2.901926, 43.270822],
            [-2.901926, 43.270822],
            [-2.901839, 43.271219],
            [-2.901056, 43.273784],
            [-2.900727, 43.275376],
            [-2.898793, 43.2773],
            [-2.900115, 43.278252],
            [-2.903152, 43.280529],
            [-2.904625, 43.280754],
            [-2.905783, 43.2817],
            [-2.905826, 43.281943],
            [-2.906503, 43.282436],
            [-2.907395, 43.282268],
            [-2.908214, 43.283535],
            [-2.909301, 43.284006],
            [-2.909574, 43.2841],
            [-2.910363, 43.284189],
            [-2.910424, 43.284193],
            [-2.910424, 43.284234],
            [-2.910419, 43.284274],
            [-2.910408, 43.284312],
            [-2.910392, 43.284348],
            [-2.910371, 43.284378],
            [-2.910315, 43.284437],
            [-2.910294, 43.284463],
            [-2.910283, 43.284484],
            [-2.910273, 43.284506],
            [-2.910267, 43.284531],
            [-2.910263, 43.284558],
            [-2.910261, 43.284609],
            [-2.910266, 43.284729],
            [-2.910262, 43.284783],
            [-2.910257, 43.284807],
            [-2.91025, 43.284828],
            [-2.910241, 43.284848],
            [-2.910229, 43.284866],
            [-2.910202, 43.284895],
            [-2.910124, 43.28496],
            [-2.910108, 43.284978],
            [-2.910096, 43.284996],
            [-2.910086, 43.285031],
            [-2.910079, 43.285043],
            [-2.910064, 43.285054],
            [-2.910028, 43.28507],
            [-2.910015, 43.285077],
            [-2.909985, 43.285105],
            [-2.909961, 43.285136],
            [-2.909946, 43.285172],
            [-2.909938, 43.285213],
            [-2.910261, 43.285367],
            [-2.91052, 43.285829],
            [-2.912367, 43.285621],
            [-2.916736, 43.285627],
            [-2.916959, 43.284774],
            [-2.916404, 43.282872],
            [-2.915392, 43.281537],
            [-2.91493, 43.280438],
            [-2.915241, 43.279901],
            [-2.915507, 43.278442],
            [-2.91655, 43.278111],
            [-2.916637, 43.277096],
            [-2.917789, 43.273819],
            [-2.920253, 43.274636],
            [-2.923251, 43.275704],
            [-2.92825, 43.277507],
            [-2.931304, 43.278169],
            [-2.933333, 43.278223],
            [-2.933515, 43.277512],
            [-2.933762, 43.27684],
            [-2.933816, 43.276508],
            [-2.933902, 43.276241],
            [-2.934008, 43.275931],
            [-2.934085, 43.275668],
            [-2.934123, 43.275484],
            [-2.934153, 43.275225],
            [-2.934167, 43.274986],
            [-2.934137, 43.27477],
            [-2.934087, 43.274638],
            [-2.934175, 43.274427],
            [-2.93425, 43.274296],
            [-2.934365, 43.274147],
            [-2.934448, 43.274034],
            [-2.934585, 43.27389],
            [-2.934754, 43.273671],
            [-2.934824, 43.273581],
            [-2.934898, 43.273473],
            [-2.935006, 43.273376],
            [-2.935087, 43.273348],
            [-2.935163, 43.273285],
            [-2.93525, 43.273172],
            [-2.935323, 43.273079],
            [-2.935356, 43.273023],
            [-2.935394, 43.272955],
            [-2.935469, 43.272826],
            [-2.935495, 43.272745],
            [-2.935515, 43.272681],
            [-2.935599, 43.272553],
            [-2.935696, 43.272363],
            [-2.935777, 43.272175],
            [-2.935805, 43.272045],
            [-2.935963, 43.271533],
            [-2.935879, 43.271478],
            [-2.935636, 43.271318],
            [-2.935582, 43.271297],
            [-2.935527, 43.271276],
            [-2.93538, 43.271224],
            [-2.93525, 43.27115],
            [-2.93525, 43.27115],
            [-2.935105, 43.271101],
            [-2.935006, 43.27107],
            [-2.934876, 43.271026],
            [-2.934509, 43.270963],
            [-2.93424, 43.270903],
            [-2.934092, 43.270866],
            [-2.9333, 43.270559],
            [-2.93292, 43.270488],
            [-2.932541, 43.270416],
            [-2.932235, 43.270361],
            [-2.931624, 43.270251],
            [-2.93139, 43.270221],
            [-2.930499, 43.27017],
            [-2.930358, 43.270774],
            [-2.927589, 43.272977],
            [-2.927099, 43.274139],
            [-2.926743, 43.274446],
            [-2.926608, 43.27448],
            [-2.926443, 43.274489],
            [-2.92636, 43.274449],
            [-2.92637, 43.27438],
            [-2.926502, 43.274233],
            [-2.926534, 43.273906],
            [-2.926503, 43.27325],
            [-2.926287, 43.272933],
            [-2.926019, 43.272691],
            [-2.925606, 43.272457],
            [-2.925276, 43.272343],
            [-2.924677, 43.272237],
            [-2.924027, 43.271897],
            [-2.923699, 43.27165],
            [-2.923562, 43.2716],
            [-2.923263, 43.271564],
            [-2.922842, 43.271625],
            [-2.922486, 43.271728],
            [-2.922311, 43.271776],
            [-2.922067, 43.27183],
            [-2.921935, 43.271819],
            [-2.921837, 43.271786],
            [-2.921756, 43.271762],
            [-2.921676, 43.271735],
            [-2.921595, 43.271683],
            [-2.921493, 43.271624],
            [-2.921368, 43.271528],
            [-2.921227, 43.271419],
            [-2.921063, 43.271287],
            [-2.920878, 43.271132],
            [-2.920743, 43.271014],
            [-2.920651, 43.27094],
            [-2.920469, 43.270782],
            [-2.920307, 43.270658],
            [-2.920074, 43.270402],
            [-2.919675, 43.26991],
            [-2.919469, 43.269659],
            [-2.919227, 43.269514],
            [-2.918617, 43.269337],
            [-2.917708, 43.269245],
            [-2.917116, 43.269128],
            [-2.916886, 43.269043],
            [-2.91639, 43.268712],
            [-2.915901, 43.268227],
            [-2.915572, 43.267904],
            [-2.915109, 43.267447]
          ]
        ]
      }
    },
    {
      "type": "Feature",
      "properties": {
        "id": "301",
        "name": "Otxarkoaga",
        "cityId": "bilbao"
      },
      "geometry": {
        "type": "Polygon",
        "coordinates": [
          [
            [-2.904278, 43.265247],
            [-2.904112, 43.264078],
            [-2.904107, 43.263489],
            [-2.903977, 43.262948],
            [-2.902723, 43.261645],
            [-2.902198, 43.261296],
            [-2.902345, 43.260466],
            [-2.903238, 43.260273],
            [-2.904541, 43.260157],
            [-2.904392, 43.259918],
            [-2.904236, 43.2597],
            [-2.904094, 43.259496],
            [-2.903732, 43.258996],
            [-2.903105, 43.258131],
            [-2.902687, 43.258651],
            [-2.902452, 43.25846],
            [-2.902113, 43.258042],
            [-2.90157, 43.257887],
            [-2.901361, 43.257701],
            [-2.9012, 43.257549],
            [-2.901144, 43.257206],
            [-2.90067, 43.256804],
            [-2.900243, 43.257318],
            [-2.900054, 43.257422],
            [-2.899831, 43.257553],
            [-2.899735, 43.257663],
            [-2.899591, 43.257707],
            [-2.899434, 43.257724],
            [-2.899184, 43.257691],
            [-2.899099, 43.257607],
            [-2.899039, 43.257517],
            [-2.899268, 43.257266],
            [-2.898319, 43.256915],
            [-2.898382, 43.256766],
            [-2.898434, 43.25668],
            [-2.899216, 43.255801],
            [-2.899532, 43.255414],
            [-2.899387, 43.255183],
            [-2.899414, 43.255061],
            [-2.899739, 43.254397],
            [-2.898734, 43.253981],
            [-2.896487, 43.255802],
            [-2.896162, 43.255888],
            [-2.89599, 43.255986],
            [-2.895869, 43.256067],
            [-2.895631, 43.25623],
            [-2.895374, 43.256359],
            [-2.895042, 43.256464],
            [-2.894739, 43.256536],
            [-2.894325, 43.256617],
            [-2.893283, 43.26124],
            [-2.904278, 43.265247]
          ]
        ]
      }
    },
    {
      "type": "Feature",
      "properties": {
        "id": "302",
        "name": "Txurdinaga",
        "cityId": "bilbao"
      },
      "geometry": {
        "type": "Polygon",
        "coordinates": [
          [
            [-2.912964, 43.258741],
            [-2.912801, 43.258347],
            [-2.912744, 43.258167],
            [-2.912616, 43.257757],
            [-2.912459, 43.257503],
            [-2.91164, 43.256645],
            [-2.91136, 43.256348],
            [-2.911125, 43.2561],
            [-2.910738, 43.25568],
            [-2.910181, 43.255047],
            [-2.909981, 43.254809],
            [-2.909116, 43.253856],
            [-2.90826, 43.252885],
            [-2.907937, 43.252519],
            [-2.907727, 43.25228],
            [-2.907225, 43.251656],
            [-2.905841, 43.25005],
            [-2.905615, 43.249835],
            [-2.90542, 43.249703],
            [-2.905184, 43.24959],
            [-2.904957, 43.249505],
            [-2.904697, 43.249431],
            [-2.904416, 43.249394],
            [-2.904205, 43.249372],
            [-2.904063, 43.249376],
            [-2.903935, 43.249387],
            [-2.903549, 43.249446],
            [-2.903228, 43.249541],
            [-2.902773, 43.249772],
            [-2.902478, 43.249947],
            [-2.902245, 43.250088],
            [-2.900948, 43.25087],
            [-2.900562, 43.251139],
            [-2.899799, 43.251618],
            [-2.898843, 43.252194],
            [-2.897811, 43.252833],
            [-2.897374, 43.253069],
            [-2.896959, 43.253245],
            [-2.898734, 43.253981],
            [-2.899739, 43.254397],
            [-2.899414, 43.255061],
            [-2.899387, 43.255183],
            [-2.899532, 43.255414],
            [-2.899216, 43.255801],
            [-2.898434, 43.25668],
            [-2.898382, 43.256766],
            [-2.898319, 43.256915],
            [-2.899268, 43.257266],
            [-2.899039, 43.257517],
            [-2.899099, 43.257607],
            [-2.899184, 43.257691],
            [-2.899434, 43.257724],
            [-2.899591, 43.257707],
            [-2.899735, 43.257663],
            [-2.899831, 43.257553],
            [-2.900054, 43.257422],
            [-2.900243, 43.257318],
            [-2.90067, 43.256804],
            [-2.901144, 43.257206],
            [-2.9012, 43.257549],
            [-2.901361, 43.257701],
            [-2.90157, 43.257887],
            [-2.902113, 43.258042],
            [-2.902452, 43.25846],
            [-2.902687, 43.258651],
            [-2.903105, 43.258131],
            [-2.903732, 43.258996],
            [-2.904094, 43.259496],
            [-2.904236, 43.2597],
            [-2.904392, 43.259918],
            [-2.904541, 43.260157],
            [-2.903238, 43.260273],
            [-2.902345, 43.260466],
            [-2.902198, 43.261296],
            [-2.902723, 43.261645],
            [-2.903977, 43.262948],
            [-2.904107, 43.263489],
            [-2.904112, 43.264078],
            [-2.904278, 43.265247],
            [-2.905868, 43.264945],
            [-2.90582, 43.26491],
            [-2.905782, 43.264863],
            [-2.90582, 43.264794],
            [-2.906007, 43.264718],
            [-2.906161, 43.264598],
            [-2.906806, 43.264115],
            [-2.906972, 43.263852],
            [-2.907089, 43.26372],
            [-2.907187, 43.263536],
            [-2.90717, 43.263179],
            [-2.907246, 43.263058],
            [-2.907314, 43.262999],
            [-2.907418, 43.262947],
            [-2.907536, 43.262904],
            [-2.907847, 43.262872],
            [-2.907979, 43.262848],
            [-2.908097, 43.262789],
            [-2.908165, 43.262728],
            [-2.908231, 43.262612],
            [-2.908394, 43.262421],
            [-2.90861, 43.262295],
            [-2.909743, 43.261768],
            [-2.911405, 43.261038],
            [-2.911546, 43.260975],
            [-2.912063, 43.260131],
            [-2.912103, 43.260057],
            [-2.912181, 43.25991],
            [-2.912272, 43.259771],
            [-2.912306, 43.259616],
            [-2.912318, 43.259449],
            [-2.912334, 43.259121],
            [-2.912205, 43.258803],
            [-2.912015, 43.258559],
            [-2.911916, 43.258473],
            [-2.91206, 43.25846],
            [-2.912184, 43.258493],
            [-2.912368, 43.258607],
            [-2.912701, 43.258879],
            [-2.912888, 43.258844],
            [-2.912964, 43.258741]
          ]
        ]
      }
    },
    {
      "type": "Feature",
      "properties": {
        "id": "303",
        "name": "Diseminado Otxarkoaga-Txurdinaga",
        "cityId": "bilbao"
      },
      "geometry": {
        "type": "Polygon",
        "coordinates": [
          [
            [-2.905868, 43.264945],
            [-2.904278, 43.265247],
            [-2.893283, 43.26124],
            [-2.894325, 43.256617],
            [-2.894739, 43.256536],
            [-2.895042, 43.256464],
            [-2.895374, 43.256359],
            [-2.895631, 43.25623],
            [-2.895869, 43.256067],
            [-2.89599, 43.255986],
            [-2.896162, 43.255888],
            [-2.896487, 43.255802],
            [-2.898734, 43.253981],
            [-2.896959, 43.253245],
            [-2.895864, 43.25362],
            [-2.89453, 43.254084],
            [-2.893783, 43.254339],
            [-2.893593, 43.254402],
            [-2.893422, 43.254445],
            [-2.89325, 43.254475],
            [-2.893066, 43.254494],
            [-2.892803, 43.254497],
            [-2.892531, 43.254484],
            [-2.892305, 43.25446],
            [-2.89207, 43.254422],
            [-2.891834, 43.254369],
            [-2.891479, 43.254276],
            [-2.891291, 43.254222],
            [-2.891113, 43.254168],
            [-2.890911, 43.254095],
            [-2.890649, 43.253983],
            [-2.890387, 43.253861],
            [-2.890137, 43.253717],
            [-2.889811, 43.253476],
            [-2.889728, 43.25333],
            [-2.888494, 43.254165],
            [-2.888385, 43.25421],
            [-2.88833, 43.254237],
            [-2.888278, 43.254264],
            [-2.888232, 43.254297],
            [-2.88819, 43.254333],
            [-2.888144, 43.254369],
            [-2.888095, 43.254403],
            [-2.888047, 43.254432],
            [-2.887987, 43.254455],
            [-2.887929, 43.254476],
            [-2.887871, 43.254492],
            [-2.88781, 43.254499],
            [-2.887749, 43.25451],
            [-2.88769, 43.254524],
            [-2.88763, 43.254539],
            [-2.887573, 43.254561],
            [-2.887521, 43.254592],
            [-2.887485, 43.25463],
            [-2.887458, 43.254673],
            [-2.887433, 43.254718],
            [-2.887399, 43.254759],
            [-2.887362, 43.254796],
            [-2.887331, 43.254836],
            [-2.887297, 43.254877],
            [-2.887257, 43.254911],
            [-2.887218, 43.254947],
            [-2.887191, 43.254989],
            [-2.887154, 43.255028],
            [-2.887112, 43.255066],
            [-2.887068, 43.255103],
            [-2.887026, 43.255136],
            [-2.886976, 43.255167],
            [-2.886932, 43.2552],
            [-2.886889, 43.255239],
            [-2.88685, 43.255273],
            [-2.88681, 43.25531],
            [-2.886772, 43.255348],
            [-2.886735, 43.255386],
            [-2.886698, 43.255423],
            [-2.88665, 43.255453],
            [-2.886598, 43.255481],
            [-2.886543, 43.255502],
            [-2.886482, 43.255519],
            [-2.886421, 43.255543],
            [-2.886366, 43.255573],
            [-2.886316, 43.255606],
            [-2.886267, 43.255634],
            [-2.886212, 43.255655],
            [-2.886155, 43.25568],
            [-2.886105, 43.255707],
            [-2.886051, 43.255731],
            [-2.885996, 43.255754],
            [-2.885944, 43.255781],
            [-2.885904, 43.255819],
            [-2.885771, 43.255882],
            [-2.885724, 43.255911],
            [-2.885665, 43.255936],
            [-2.885607, 43.255962],
            [-2.885545, 43.255989],
            [-2.885487, 43.256009],
            [-2.885424, 43.256028],
            [-2.885359, 43.256046],
            [-2.885298, 43.256069],
            [-2.885244, 43.256092],
            [-2.885188, 43.256114],
            [-2.885129, 43.256134],
            [-2.885071, 43.256158],
            [-2.885019, 43.256187],
            [-2.884999, 43.256201],
            [-2.884965, 43.256228],
            [-2.884858, 43.256193],
            [-2.884858, 43.256272],
            [-2.884858, 43.256321],
            [-2.884858, 43.256326],
            [-2.884859, 43.256495],
            [-2.884859, 43.256707],
            [-2.884859, 43.256857],
            [-2.88486, 43.257073],
            [-2.88486, 43.257308],
            [-2.884861, 43.257466],
            [-2.884861, 43.257523],
            [-2.884861, 43.257609],
            [-2.884861, 43.257636],
            [-2.884861, 43.25765],
            [-2.884861, 43.257814],
            [-2.884862, 43.257951],
            [-2.884862, 43.258095],
            [-2.884862, 43.258184],
            [-2.884862, 43.2582],
            [-2.884863, 43.258321],
            [-2.884863, 43.258377],
            [-2.884863, 43.258559],
            [-2.884864, 43.258972],
            [-2.884864, 43.259119],
            [-2.884864, 43.259166],
            [-2.884766, 43.259162],
            [-2.884728, 43.25916],
            [-2.8846, 43.259155],
            [-2.884565, 43.259154],
            [-2.884415, 43.259148],
            [-2.884352, 43.259145],
            [-2.884328, 43.259144],
            [-2.883878, 43.259127],
            [-2.883767, 43.259122],
            [-2.883412, 43.259108],
            [-2.883406, 43.259108],
            [-2.883408, 43.25911],
            [-2.883369, 43.259128],
            [-2.883311, 43.259147],
            [-2.883255, 43.259167],
            [-2.883206, 43.259199],
            [-2.883168, 43.259235],
            [-2.883124, 43.259269],
            [-2.88308, 43.259305],
            [-2.88305, 43.259345],
            [-2.883029, 43.25939],
            [-2.883009, 43.259435],
            [-2.88298, 43.259475],
            [-2.882937, 43.259509],
            [-2.882888, 43.259537],
            [-2.882837, 43.259566],
            [-2.882791, 43.259597],
            [-2.882704, 43.259664],
            [-2.882657, 43.259697],
            [-2.882612, 43.259728],
            [-2.882571, 43.259763],
            [-2.882541, 43.259803],
            [-2.882511, 43.259847],
            [-2.882478, 43.259886],
            [-2.882441, 43.259924],
            [-2.882417, 43.259966],
            [-2.882386, 43.260009],
            [-2.882347, 43.260045],
            [-2.882301, 43.260077],
            [-2.882247, 43.260104],
            [-2.882195, 43.260129],
            [-2.882146, 43.260162],
            [-2.88209, 43.26019],
            [-2.88203, 43.260205],
            [-2.881972, 43.260221],
            [-2.881915, 43.260245],
            [-2.881853, 43.260267],
            [-2.881792, 43.260283],
            [-2.881739, 43.260305],
            [-2.881679, 43.260322],
            [-2.881626, 43.260348],
            [-2.881579, 43.260379],
            [-2.881528, 43.26041],
            [-2.88148, 43.260443],
            [-2.881439, 43.260479],
            [-2.881428, 43.260499],
            [-2.881422, 43.260511],
            [-2.880621, 43.262903],
            [-2.88061, 43.262977],
            [-2.880603, 43.263021],
            [-2.880597, 43.263063],
            [-2.880581, 43.26317],
            [-2.88055, 43.26338],
            [-2.880524, 43.263555],
            [-2.880501, 43.263714],
            [-2.880485, 43.263819],
            [-2.88047, 43.263923],
            [-2.880451, 43.264047],
            [-2.880442, 43.264107],
            [-2.880437, 43.264144],
            [-2.880432, 43.26418],
            [-2.880421, 43.264249],
            [-2.880409, 43.264333],
            [-2.880391, 43.264452],
            [-2.88038, 43.26453],
            [-2.880357, 43.264683],
            [-2.880345, 43.264765],
            [-2.880289, 43.26514],
            [-2.880276, 43.265228],
            [-2.880275, 43.265239],
            [-2.880264, 43.265311],
            [-2.880261, 43.265332],
            [-2.883063, 43.265715],
            [-2.887572, 43.267648],
            [-2.8928, 43.269559],
            [-2.893723, 43.269692],
            [-2.89494, 43.269859],
            [-2.899361, 43.270349],
            [-2.901937, 43.27077],
            [-2.901926, 43.270822],
            [-2.901926, 43.270822],
            [-2.902881, 43.270617],
            [-2.905204, 43.270109],
            [-2.906506, 43.26983],
            [-2.906767, 43.269663],
            [-2.906924, 43.26953],
            [-2.906999, 43.269436],
            [-2.907065, 43.269327],
            [-2.907107, 43.269209],
            [-2.907127, 43.269061],
            [-2.907074, 43.268753],
            [-2.907062, 43.268604],
            [-2.907087, 43.268477],
            [-2.90717, 43.268308],
            [-2.907295, 43.268106],
            [-2.907444, 43.267861],
            [-2.907502, 43.267652],
            [-2.907461, 43.267356],
            [-2.907387, 43.267183],
            [-2.907317, 43.26705],
            [-2.907259, 43.26689],
            [-2.907247, 43.26672],
            [-2.90726, 43.266593],
            [-2.907329, 43.266449],
            [-2.90736, 43.266385],
            [-2.907418, 43.26633],
            [-2.907642, 43.266157],
            [-2.907881, 43.265969],
            [-2.908046, 43.265843],
            [-2.908172, 43.265814],
            [-2.908299, 43.265737],
            [-2.908339, 43.265675],
            [-2.908379, 43.265546],
            [-2.908347, 43.265305],
            [-2.908264, 43.265116],
            [-2.908208, 43.264986],
            [-2.908138, 43.264879],
            [-2.907904, 43.264329],
            [-2.907795, 43.264271],
            [-2.90766, 43.264247],
            [-2.907594, 43.264262],
            [-2.906988, 43.264476],
            [-2.906661, 43.264517],
            [-2.906387, 43.264663],
            [-2.906088, 43.264866],
            [-2.90597, 43.264932],
            [-2.905868, 43.264945]
          ]
        ]
      }
    },
    {
      "type": "Feature",
      "properties": {
        "id": "401",
        "name": "Begoña",
        "cityId": "bilbao"
      },
      "geometry": {
        "type": "Polygon",
        "coordinates": [
          [
            [-2.912964, 43.258741],
            [-2.913225, 43.259123],
            [-2.913276, 43.259262],
            [-2.913356, 43.259395],
            [-2.91363, 43.259769],
            [-2.915239, 43.261329],
            [-2.915752, 43.261826],
            [-2.915925, 43.261665],
            [-2.916357, 43.260912],
            [-2.916764, 43.260896],
            [-2.91716, 43.260858],
            [-2.917447, 43.260862],
            [-2.917875, 43.260809],
            [-2.918182, 43.260755],
            [-2.918478, 43.260689],
            [-2.918757, 43.260599],
            [-2.919081, 43.260461],
            [-2.919334, 43.260337],
            [-2.919539, 43.260225],
            [-2.918809, 43.259562],
            [-2.918494, 43.259604],
            [-2.917595, 43.259222],
            [-2.917588, 43.259069],
            [-2.917585, 43.258762],
            [-2.917549, 43.258572],
            [-2.917366, 43.258321],
            [-2.917239, 43.258174],
            [-2.917111, 43.258048],
            [-2.916914, 43.257885],
            [-2.916753, 43.257733],
            [-2.916567, 43.257594],
            [-2.916363, 43.257452],
            [-2.916143, 43.257356],
            [-2.915807, 43.257323],
            [-2.91553, 43.257345],
            [-2.915273, 43.257443],
            [-2.914944, 43.257585],
            [-2.914732, 43.257681],
            [-2.914381, 43.257512],
            [-2.914096, 43.257418],
            [-2.914062, 43.257347],
            [-2.914035, 43.257202],
            [-2.914176, 43.257098],
            [-2.914174, 43.256935],
            [-2.914167, 43.256759],
            [-2.914131, 43.256561],
            [-2.914087, 43.256361],
            [-2.914043, 43.256058],
            [-2.914157, 43.255623],
            [-2.914049, 43.255451],
            [-2.913759, 43.25514],
            [-2.912722, 43.255674],
            [-2.91136, 43.256348],
            [-2.91164, 43.256645],
            [-2.912459, 43.257503],
            [-2.912616, 43.257757],
            [-2.912744, 43.258167],
            [-2.912801, 43.258347],
            [-2.912964, 43.258741]
          ]
        ]
      }
    },
    {
      "type": "Feature",
      "properties": {
        "id": "402",
        "name": "Santutxu",
        "cityId": "bilbao"
      },
      "geometry": {
        "type": "Polygon",
        "coordinates": [
          [
            [-2.921609, 43.250893],
            [-2.921526, 43.250649],
            [-2.921454, 43.250358],
            [-2.921438, 43.250133],
            [-2.921402, 43.249949],
            [-2.920849, 43.24778],
            [-2.920748, 43.247504],
            [-2.920736, 43.247083],
            [-2.920734, 43.246966],
            [-2.920761, 43.246667],
            [-2.920761, 43.246667],
            [-2.919127, 43.245601],
            [-2.915582, 43.247086],
            [-2.914307, 43.249296],
            [-2.913653, 43.249092],
            [-2.912845, 43.248841],
            [-2.91247, 43.248758],
            [-2.912181, 43.248656],
            [-2.91196, 43.248518],
            [-2.91157, 43.248265],
            [-2.911316, 43.248128],
            [-2.911056, 43.248045],
            [-2.910823, 43.24799],
            [-2.91057, 43.247984],
            [-2.910317, 43.248014],
            [-2.910077, 43.248088],
            [-2.90986, 43.248173],
            [-2.909712, 43.248285],
            [-2.90958, 43.248427],
            [-2.90948, 43.248576],
            [-2.909298, 43.248565],
            [-2.909298, 43.248565],
            [-2.909493, 43.249321],
            [-2.909209, 43.250022],
            [-2.909031, 43.250408],
            [-2.908855, 43.250374],
            [-2.908641, 43.25032],
            [-2.908625, 43.250067],
            [-2.908541, 43.249594],
            [-2.908414, 43.249299],
            [-2.908174, 43.249057],
            [-2.907884, 43.248874],
            [-2.907582, 43.248757],
            [-2.907161, 43.248711],
            [-2.906616, 43.248692],
            [-2.906423, 43.2487],
            [-2.906252, 43.24874],
            [-2.906106, 43.248883],
            [-2.905826, 43.24951],
            [-2.905615, 43.249835],
            [-2.905841, 43.25005],
            [-2.907225, 43.251656],
            [-2.907727, 43.25228],
            [-2.907937, 43.252519],
            [-2.90826, 43.252885],
            [-2.909116, 43.253856],
            [-2.909981, 43.254809],
            [-2.910181, 43.255047],
            [-2.910738, 43.25568],
            [-2.911125, 43.2561],
            [-2.91136, 43.256348],
            [-2.912722, 43.255674],
            [-2.913759, 43.25514],
            [-2.914613, 43.254679],
            [-2.914793, 43.254604],
            [-2.917009, 43.25507],
            [-2.917535, 43.255151],
            [-2.918759, 43.255303],
            [-2.918716, 43.254961],
            [-2.917982, 43.254277],
            [-2.917738, 43.254012],
            [-2.917546, 43.253762],
            [-2.91708, 43.253154],
            [-2.917268, 43.253064],
            [-2.917385, 43.25296],
            [-2.917491, 43.252786],
            [-2.917583, 43.252602],
            [-2.917645, 43.252407],
            [-2.917707, 43.252271],
            [-2.917802, 43.252134],
            [-2.917953, 43.251993],
            [-2.91807, 43.251806],
            [-2.918139, 43.251608],
            [-2.918114, 43.251401],
            [-2.918059, 43.251277],
            [-2.918842, 43.251005],
            [-2.918999, 43.250914],
            [-2.919691, 43.25111],
            [-2.920509, 43.251397],
            [-2.921035, 43.251001],
            [-2.921609, 43.250893]
          ]
        ]
      }
    },
    {
      "type": "Feature",
      "properties": {
        "id": "403",
        "name": "Bolueta",
        "cityId": "bilbao"
      },
      "geometry": {
        "type": "Polygon",
        "coordinates": [
          [
            [-2.905864, 43.245358],
            [-2.905811, 43.245362],
            [-2.905807, 43.245362],
            [-2.905793, 43.245363],
            [-2.905545, 43.24538],
            [-2.905367, 43.245379],
            [-2.905193, 43.245385],
            [-2.905006, 43.245391],
            [-2.90481, 43.245415],
            [-2.904709, 43.245428],
            [-2.904522, 43.245467],
            [-2.904344, 43.245508],
            [-2.904166, 43.245598],
            [-2.903909, 43.245729],
            [-2.903845, 43.245764],
            [-2.903824, 43.245775],
            [-2.903822, 43.245776],
            [-2.903784, 43.2458],
            [-2.903753, 43.245819],
            [-2.903603, 43.24591],
            [-2.903488, 43.245985],
            [-2.903403, 43.246042],
            [-2.902314, 43.246748],
            [-2.902285, 43.246774],
            [-2.902246, 43.246809],
            [-2.901787, 43.247208],
            [-2.901742, 43.247246],
            [-2.901632, 43.247337],
            [-2.90154, 43.247413],
            [-2.90129, 43.247607],
            [-2.901289, 43.247608],
            [-2.900923, 43.247826],
            [-2.900895, 43.247843],
            [-2.900759, 43.247924],
            [-2.900712, 43.247952],
            [-2.900552, 43.248055],
            [-2.900402, 43.248177],
            [-2.900204, 43.248357],
            [-2.899897, 43.248643],
            [-2.898947, 43.249631],
            [-2.898539, 43.250056],
            [-2.898534, 43.250063],
            [-2.898352, 43.250309],
            [-2.898266, 43.250431],
            [-2.898196, 43.250548],
            [-2.89811, 43.25068],
            [-2.897934, 43.250931],
            [-2.897928, 43.250937],
            [-2.897681, 43.251251],
            [-2.897645, 43.2513],
            [-2.897551, 43.251423],
            [-2.89744, 43.251545],
            [-2.897219, 43.251753],
            [-2.897101, 43.251872],
            [-2.89699, 43.251974],
            [-2.896738, 43.252172],
            [-2.896611, 43.252273],
            [-2.896375, 43.25247],
            [-2.896197, 43.252596],
            [-2.896031, 43.252728],
            [-2.895834, 43.252851],
            [-2.895466, 43.253082],
            [-2.895454, 43.253089],
            [-2.895402, 43.253122],
            [-2.895205, 43.253218],
            [-2.895006, 43.253313],
            [-2.894757, 43.25341],
            [-2.894525, 43.253497],
            [-2.894258, 43.253582],
            [-2.894015, 43.25366],
            [-2.893853, 43.253704],
            [-2.893719, 43.253723],
            [-2.893608, 43.253737],
            [-2.893411, 43.253735],
            [-2.893132, 43.253725],
            [-2.892878, 43.253719],
            [-2.892672, 43.25371],
            [-2.892447, 43.253691],
            [-2.892225, 43.253669],
            [-2.892019, 43.253648],
            [-2.891841, 43.253623],
            [-2.891644, 43.253589],
            [-2.891494, 43.253555],
            [-2.891357, 43.25351],
            [-2.891331, 43.253501],
            [-2.891143, 43.253432],
            [-2.891014, 43.253368],
            [-2.890948, 43.253327],
            [-2.890923, 43.253311],
            [-2.890736, 43.253136],
            [-2.890723, 43.253124],
            [-2.890647, 43.253053],
            [-2.890631, 43.253038],
            [-2.890551, 43.252963],
            [-2.890469, 43.252887],
            [-2.889864, 43.253238],
            [-2.889728, 43.25333],
            [-2.889811, 43.253476],
            [-2.890137, 43.253717],
            [-2.890387, 43.253861],
            [-2.890649, 43.253983],
            [-2.890911, 43.254095],
            [-2.891113, 43.254168],
            [-2.891291, 43.254222],
            [-2.891479, 43.254276],
            [-2.891834, 43.254369],
            [-2.89207, 43.254422],
            [-2.892305, 43.25446],
            [-2.892531, 43.254484],
            [-2.892803, 43.254497],
            [-2.893066, 43.254494],
            [-2.89325, 43.254475],
            [-2.893422, 43.254445],
            [-2.893593, 43.254402],
            [-2.893783, 43.254339],
            [-2.89453, 43.254084],
            [-2.895864, 43.25362],
            [-2.896959, 43.253245],
            [-2.897374, 43.253069],
            [-2.897811, 43.252833],
            [-2.898843, 43.252194],
            [-2.899799, 43.251618],
            [-2.900562, 43.251139],
            [-2.900948, 43.25087],
            [-2.902245, 43.250088],
            [-2.902478, 43.249947],
            [-2.902773, 43.249772],
            [-2.903228, 43.249541],
            [-2.903549, 43.249446],
            [-2.903935, 43.249387],
            [-2.904063, 43.249376],
            [-2.904205, 43.249372],
            [-2.904416, 43.249394],
            [-2.904697, 43.249431],
            [-2.904957, 43.249505],
            [-2.905184, 43.24959],
            [-2.90542, 43.249703],
            [-2.905615, 43.249835],
            [-2.905826, 43.24951],
            [-2.906106, 43.248883],
            [-2.906252, 43.24874],
            [-2.906423, 43.2487],
            [-2.906616, 43.248692],
            [-2.907161, 43.248711],
            [-2.907582, 43.248757],
            [-2.907884, 43.248874],
            [-2.908174, 43.249057],
            [-2.908414, 43.249299],
            [-2.908541, 43.249594],
            [-2.908625, 43.250067],
            [-2.908641, 43.25032],
            [-2.908855, 43.250374],
            [-2.909031, 43.250408],
            [-2.909209, 43.250022],
            [-2.909493, 43.249321],
            [-2.909298, 43.248565],
            [-2.909298, 43.248565],
            [-2.90948, 43.248576],
            [-2.90958, 43.248427],
            [-2.909712, 43.248285],
            [-2.90986, 43.248173],
            [-2.910077, 43.248088],
            [-2.910317, 43.248014],
            [-2.91057, 43.247984],
            [-2.910823, 43.24799],
            [-2.911056, 43.248045],
            [-2.911316, 43.248128],
            [-2.91157, 43.248265],
            [-2.91196, 43.248518],
            [-2.912181, 43.248656],
            [-2.91247, 43.248758],
            [-2.912845, 43.248841],
            [-2.913653, 43.249092],
            [-2.914307, 43.249296],
            [-2.915582, 43.247086],
            [-2.919127, 43.245601],
            [-2.920761, 43.246667],
            [-2.920761, 43.246667],
            [-2.920778, 43.246589],
            [-2.920813, 43.246434],
            [-2.920899, 43.24619],
            [-2.921129, 43.245926],
            [-2.921367, 43.245718],
            [-2.921791, 43.245475],
            [-2.92215, 43.245304],
            [-2.922406, 43.245155],
            [-2.922651, 43.244989],
            [-2.92279, 43.244866],
            [-2.923045, 43.244414],
            [-2.923129, 43.243768],
            [-2.923018, 43.243424],
            [-2.922818, 43.243119],
            [-2.922535, 43.242851],
            [-2.922182, 43.242632],
            [-2.921954, 43.242489],
            [-2.921331, 43.242375],
            [-2.920881, 43.242365],
            [-2.919523, 43.242691],
            [-2.917816, 43.243352],
            [-2.917562, 43.243487],
            [-2.917238, 43.243663],
            [-2.917087, 43.243744],
            [-2.916924, 43.243834],
            [-2.916805, 43.243919],
            [-2.916654, 43.24402],
            [-2.916626, 43.24404],
            [-2.916491, 43.244151],
            [-2.916367, 43.244256],
            [-2.916258, 43.244345],
            [-2.916126, 43.244457],
            [-2.916114, 43.24447],
            [-2.915724, 43.244909],
            [-2.915613, 43.245032],
            [-2.915473, 43.245154],
            [-2.91503, 43.245422],
            [-2.915014, 43.245431],
            [-2.914877, 43.245492],
            [-2.914695, 43.245555],
            [-2.914497, 43.24562],
            [-2.914437, 43.245638],
            [-2.91427, 43.245681],
            [-2.914119, 43.24571],
            [-2.913893, 43.245746],
            [-2.913558, 43.245784],
            [-2.913299, 43.245819],
            [-2.913278, 43.24582],
            [-2.913026, 43.245828],
            [-2.912822, 43.245835],
            [-2.912676, 43.245835],
            [-2.912668, 43.245835],
            [-2.912466, 43.245837],
            [-2.91222, 43.245829],
            [-2.911969, 43.245807],
            [-2.911742, 43.245789],
            [-2.911604, 43.24578],
            [-2.911366, 43.245766],
            [-2.91117, 43.24573],
            [-2.910376, 43.2456],
            [-2.910111, 43.24556],
            [-2.909694, 43.245481],
            [-2.90924, 43.245416],
            [-2.908937, 43.245366],
            [-2.908643, 43.245309],
            [-2.908372, 43.245283],
            [-2.908038, 43.245275],
            [-2.90794, 43.245269],
            [-2.907291, 43.245255],
            [-2.907269, 43.245255],
            [-2.906894, 43.245228],
            [-2.906568, 43.245189],
            [-2.906375, 43.245189],
            [-2.906285, 43.245207],
            [-2.906104, 43.245281],
            [-2.906014, 43.245322],
            [-2.905906, 43.245355],
            [-2.905864, 43.245358]
          ]
        ]
      }
    },
    {
      "type": "Feature",
      "properties": {
        "id": "501",
        "name": "Casco Viejo",
        "cityId": "bilbao"
      },
      "geometry": {
        "type": "Polygon",
        "coordinates": [
          [
            [-2.922761, 43.264202],
            [-2.922864, 43.264006],
            [-2.922994, 43.263803],
            [-2.923146, 43.263649],
            [-2.923831, 43.263245],
            [-2.923731, 43.263031],
            [-2.92368, 43.262721],
            [-2.92367, 43.262445],
            [-2.923702, 43.262192],
            [-2.923797, 43.262007],
            [-2.923932, 43.26176],
            [-2.924111, 43.261489],
            [-2.924271, 43.261218],
            [-2.924438, 43.26098],
            [-2.92479, 43.260569],
            [-2.925084, 43.260239],
            [-2.926744, 43.258951],
            [-2.926952, 43.25874],
            [-2.927213, 43.258427],
            [-2.927192, 43.258269],
            [-2.927201, 43.258052],
            [-2.927128, 43.257755],
            [-2.927088, 43.257659],
            [-2.927027, 43.257526],
            [-2.926691, 43.257135],
            [-2.926244, 43.25671],
            [-2.92585, 43.256268],
            [-2.925641, 43.256038],
            [-2.925351, 43.255805],
            [-2.925049, 43.255554],
            [-2.924636, 43.25532],
            [-2.924134, 43.255101],
            [-2.923832, 43.254955],
            [-2.923376, 43.254763],
            [-2.92308, 43.254656],
            [-2.922615, 43.255351],
            [-2.922707, 43.255438],
            [-2.921911, 43.256023],
            [-2.921939, 43.256225],
            [-2.921306, 43.257859],
            [-2.92136, 43.258161],
            [-2.9211, 43.258167],
            [-2.920889, 43.258597],
            [-2.921136, 43.258652],
            [-2.921082, 43.258757],
            [-2.920884, 43.258728],
            [-2.921246, 43.258815],
            [-2.921241, 43.258889],
            [-2.921349, 43.258959],
            [-2.920999, 43.259075],
            [-2.920681, 43.259507],
            [-2.92031, 43.259799],
            [-2.919539, 43.260225],
            [-2.919334, 43.260337],
            [-2.919081, 43.260461],
            [-2.918757, 43.260599],
            [-2.918478, 43.260689],
            [-2.918182, 43.260755],
            [-2.917875, 43.260809],
            [-2.917447, 43.260862],
            [-2.91716, 43.260858],
            [-2.916764, 43.260896],
            [-2.916357, 43.260912],
            [-2.915925, 43.261665],
            [-2.915752, 43.261826],
            [-2.916303, 43.26241],
            [-2.916952, 43.26322],
            [-2.917034, 43.263485],
            [-2.917039, 43.263739],
            [-2.916999, 43.264011],
            [-2.91696, 43.264293],
            [-2.917324, 43.264683],
            [-2.917658, 43.264842],
            [-2.917798, 43.264884],
            [-2.918113, 43.264938],
            [-2.918432, 43.26496],
            [-2.919066, 43.264953],
            [-2.919595, 43.264949],
            [-2.920289, 43.264942],
            [-2.92084, 43.26492],
            [-2.921115, 43.264814],
            [-2.92152, 43.264501],
            [-2.921673, 43.264423],
            [-2.921932, 43.264443],
            [-2.922058, 43.264572],
            [-2.922053, 43.264741],
            [-2.921931, 43.264854],
            [-2.921628, 43.264955],
            [-2.920836, 43.265246],
            [-2.920794, 43.26536],
            [-2.920836, 43.265454],
            [-2.920962, 43.265516],
            [-2.92106, 43.265514],
            [-2.921478, 43.26538],
            [-2.922198, 43.265134],
            [-2.922347, 43.265059],
            [-2.92252, 43.264947],
            [-2.922658, 43.264815],
            [-2.922733, 43.264683],
            [-2.922747, 43.264425],
            [-2.922761, 43.264202]
          ]
        ]
      }
    },
    {
      "type": "Feature",
      "properties": {
        "id": "502",
        "name": "Iturralde",
        "cityId": "bilbao"
      },
      "geometry": {
        "type": "Polygon",
        "coordinates": [
          [
            [-2.921306, 43.257859],
            [-2.920261, 43.257917],
            [-2.919919, 43.257805],
            [-2.919206, 43.257659],
            [-2.918938, 43.25745],
            [-2.918689, 43.257354],
            [-2.91839, 43.257266],
            [-2.918244, 43.257143],
            [-2.918277, 43.257115],
            [-2.918068, 43.256889],
            [-2.917814, 43.256679],
            [-2.917681, 43.256507],
            [-2.916735, 43.255873],
            [-2.916312, 43.255647],
            [-2.916266, 43.255814],
            [-2.9161, 43.256417],
            [-2.915008, 43.255795],
            [-2.914845, 43.254739],
            [-2.914793, 43.254604],
            [-2.914613, 43.254679],
            [-2.913759, 43.25514],
            [-2.914049, 43.255451],
            [-2.914157, 43.255623],
            [-2.914043, 43.256058],
            [-2.914087, 43.256361],
            [-2.914131, 43.256561],
            [-2.914167, 43.256759],
            [-2.914174, 43.256935],
            [-2.914176, 43.257098],
            [-2.914035, 43.257202],
            [-2.914062, 43.257347],
            [-2.914096, 43.257418],
            [-2.914381, 43.257512],
            [-2.914732, 43.257681],
            [-2.914944, 43.257585],
            [-2.915273, 43.257443],
            [-2.91553, 43.257345],
            [-2.915807, 43.257323],
            [-2.916143, 43.257356],
            [-2.916363, 43.257452],
            [-2.916567, 43.257594],
            [-2.916753, 43.257733],
            [-2.916914, 43.257885],
            [-2.917111, 43.258048],
            [-2.917239, 43.258174],
            [-2.917366, 43.258321],
            [-2.917549, 43.258572],
            [-2.917585, 43.258762],
            [-2.917588, 43.259069],
            [-2.917595, 43.259222],
            [-2.918494, 43.259604],
            [-2.918809, 43.259562],
            [-2.919539, 43.260225],
            [-2.92031, 43.259799],
            [-2.920681, 43.259507],
            [-2.920999, 43.259075],
            [-2.921349, 43.258959],
            [-2.921241, 43.258889],
            [-2.921246, 43.258815],
            [-2.920884, 43.258728],
            [-2.921082, 43.258757],
            [-2.921136, 43.258652],
            [-2.920889, 43.258597],
            [-2.9211, 43.258167],
            [-2.92136, 43.258161],
            [-2.921306, 43.257859]
          ]
        ]
      }
    },
    {
      "type": "Feature",
      "properties": {
        "id": "503",
        "name": "Solokoetxe",
        "cityId": "bilbao"
      },
      "geometry": {
        "type": "Polygon",
        "coordinates": [
          [
            [-2.921306, 43.257859],
            [-2.921939, 43.256225],
            [-2.921911, 43.256023],
            [-2.921709, 43.255797],
            [-2.921508, 43.255582],
            [-2.921156, 43.25536],
            [-2.921013, 43.255261],
            [-2.92082, 43.255166],
            [-2.920546, 43.255106],
            [-2.919624, 43.255279],
            [-2.918759, 43.255303],
            [-2.917535, 43.255151],
            [-2.917009, 43.25507],
            [-2.914793, 43.254604],
            [-2.914845, 43.254739],
            [-2.915008, 43.255795],
            [-2.9161, 43.256417],
            [-2.916266, 43.255814],
            [-2.916312, 43.255647],
            [-2.916735, 43.255873],
            [-2.917681, 43.256507],
            [-2.917814, 43.256679],
            [-2.918068, 43.256889],
            [-2.918277, 43.257115],
            [-2.918244, 43.257143],
            [-2.91839, 43.257266],
            [-2.918689, 43.257354],
            [-2.918938, 43.25745],
            [-2.919206, 43.257659],
            [-2.919919, 43.257805],
            [-2.920261, 43.257917],
            [-2.921306, 43.257859]
          ]
        ]
      }
    },
    {
      "type": "Feature",
      "properties": {
        "id": "504",
        "name": "Atxuri",
        "cityId": "bilbao"
      },
      "geometry": {
        "type": "Polygon",
        "coordinates": [
          [
            [-2.92308, 43.254656],
            [-2.922725, 43.254454],
            [-2.922466, 43.254238],
            [-2.922375, 43.254015],
            [-2.922307, 43.253751],
            [-2.922331, 43.253491],
            [-2.922387, 43.253147],
            [-2.922576, 43.252143],
            [-2.922592, 43.251957],
            [-2.922587, 43.251814],
            [-2.922507, 43.251662],
            [-2.922384, 43.251484],
            [-2.922044, 43.251233],
            [-2.921749, 43.251049],
            [-2.921609, 43.250893],
            [-2.921035, 43.251001],
            [-2.920509, 43.251397],
            [-2.919691, 43.25111],
            [-2.918999, 43.250914],
            [-2.918842, 43.251005],
            [-2.918059, 43.251277],
            [-2.918114, 43.251401],
            [-2.918139, 43.251608],
            [-2.91807, 43.251806],
            [-2.917953, 43.251993],
            [-2.917802, 43.252134],
            [-2.917707, 43.252271],
            [-2.917645, 43.252407],
            [-2.917583, 43.252602],
            [-2.917491, 43.252786],
            [-2.917385, 43.25296],
            [-2.917268, 43.253064],
            [-2.91708, 43.253154],
            [-2.917546, 43.253762],
            [-2.917738, 43.254012],
            [-2.917982, 43.254277],
            [-2.918716, 43.254961],
            [-2.918759, 43.255303],
            [-2.919624, 43.255279],
            [-2.920546, 43.255106],
            [-2.92082, 43.255166],
            [-2.921013, 43.255261],
            [-2.921156, 43.25536],
            [-2.921508, 43.255582],
            [-2.921709, 43.255797],
            [-2.921911, 43.256023],
            [-2.922707, 43.255438],
            [-2.922615, 43.255351],
            [-2.92308, 43.254656]
          ]
        ]
      }
    },
    {
      "type": "Feature",
      "properties": {
        "id": "505",
        "name": "La Peña",
        "cityId": "bilbao"
      },
      "geometry": {
        "type": "Polygon",
        "coordinates": [
          [
            [-2.928676, 43.246092],
            [-2.928401, 43.245882],
            [-2.928266, 43.245882],
            [-2.928045, 43.245999],
            [-2.9277, 43.246155],
            [-2.927578, 43.246192],
            [-2.927413, 43.246223],
            [-2.927188, 43.246242],
            [-2.927057, 43.246242],
            [-2.926892, 43.2462],
            [-2.926753, 43.246173],
            [-2.926624, 43.246134],
            [-2.926493, 43.246065],
            [-2.926542, 43.245982],
            [-2.926668, 43.245966],
            [-2.926784, 43.245982],
            [-2.926878, 43.245989],
            [-2.927009, 43.245987],
            [-2.927147, 43.245956],
            [-2.927198, 43.245925],
            [-2.927254, 43.245876],
            [-2.927278, 43.245822],
            [-2.927283, 43.245766],
            [-2.927245, 43.245718],
            [-2.927174, 43.245687],
            [-2.927059, 43.245744],
            [-2.926916, 43.245778],
            [-2.926781, 43.245778],
            [-2.926961, 43.24529],
            [-2.927125, 43.245213],
            [-2.927196, 43.245179],
            [-2.927248, 43.245154],
            [-2.927381, 43.24509],
            [-2.92776, 43.244719],
            [-2.927625, 43.244608],
            [-2.927464, 43.24444],
            [-2.927343, 43.244211],
            [-2.927281, 43.243993],
            [-2.92723, 43.243728],
            [-2.927133, 43.243398],
            [-2.927062, 43.243117],
            [-2.927026, 43.24293],
            [-2.925728, 43.241263],
            [-2.924129, 43.240097],
            [-2.923339, 43.239657],
            [-2.922581, 43.239393],
            [-2.921637, 43.239266],
            [-2.921167, 43.239272],
            [-2.920669, 43.239318],
            [-2.920305, 43.239389],
            [-2.919941, 43.239482],
            [-2.920251, 43.239834],
            [-2.920477, 43.24005],
            [-2.920468, 43.24024],
            [-2.919922, 43.240769],
            [-2.920881, 43.242365],
            [-2.921331, 43.242375],
            [-2.921954, 43.242489],
            [-2.922182, 43.242632],
            [-2.922535, 43.242851],
            [-2.922818, 43.243119],
            [-2.923018, 43.243424],
            [-2.923129, 43.243768],
            [-2.923045, 43.244414],
            [-2.92279, 43.244866],
            [-2.922651, 43.244989],
            [-2.922406, 43.245155],
            [-2.92215, 43.245304],
            [-2.921791, 43.245475],
            [-2.921367, 43.245718],
            [-2.921129, 43.245926],
            [-2.920899, 43.24619],
            [-2.920813, 43.246434],
            [-2.920778, 43.246589],
            [-2.920761, 43.246667],
            [-2.920734, 43.246966],
            [-2.920736, 43.247083],
            [-2.920748, 43.247504],
            [-2.920849, 43.24778],
            [-2.921402, 43.249949],
            [-2.921438, 43.250133],
            [-2.921454, 43.250358],
            [-2.921526, 43.250649],
            [-2.921609, 43.250893],
            [-2.922151, 43.250619],
            [-2.922289, 43.250721],
            [-2.922567, 43.250836],
            [-2.922793, 43.250977],
            [-2.922924, 43.2511],
            [-2.923008, 43.251228],
            [-2.923249, 43.251151],
            [-2.924134, 43.250806],
            [-2.924089, 43.249949],
            [-2.923905, 43.248838],
            [-2.924022, 43.248134],
            [-2.924927, 43.248076],
            [-2.925755, 43.247837],
            [-2.92638, 43.24753],
            [-2.926934, 43.247192],
            [-2.928676, 43.246092]
          ]
        ]
      }
    },
    {
      "type": "Feature",
      "properties": {
        "id": "506",
        "name": "Bilbao la Vieja",
        "cityId": "bilbao"
      },
      "geometry": {
        "type": "Polygon",
        "coordinates": [
          [
            [-2.92308, 43.254656],
            [-2.923376, 43.254763],
            [-2.923832, 43.254955],
            [-2.924134, 43.255101],
            [-2.924636, 43.25532],
            [-2.925049, 43.255554],
            [-2.925351, 43.255805],
            [-2.925641, 43.256038],
            [-2.92585, 43.256268],
            [-2.926239, 43.256039],
            [-2.926077, 43.255852],
            [-2.925955, 43.255707],
            [-2.925731, 43.255489],
            [-2.925496, 43.25528],
            [-2.925067, 43.255006],
            [-2.925009, 43.254908],
            [-2.926414, 43.255283],
            [-2.926514, 43.254739],
            [-2.927194, 43.254579],
            [-2.927304, 43.254532],
            [-2.927566, 43.254451],
            [-2.92821, 43.254086],
            [-2.927841, 43.253927],
            [-2.926681, 43.253496],
            [-2.924336, 43.252737],
            [-2.925298, 43.251434],
            [-2.92538, 43.251295],
            [-2.924482, 43.250967],
            [-2.924134, 43.250806],
            [-2.923249, 43.251151],
            [-2.923008, 43.251228],
            [-2.922924, 43.2511],
            [-2.922793, 43.250977],
            [-2.922567, 43.250836],
            [-2.922289, 43.250721],
            [-2.922151, 43.250619],
            [-2.921609, 43.250893],
            [-2.921749, 43.251049],
            [-2.922044, 43.251233],
            [-2.922384, 43.251484],
            [-2.922507, 43.251662],
            [-2.922587, 43.251814],
            [-2.922592, 43.251957],
            [-2.922576, 43.252143],
            [-2.922387, 43.253147],
            [-2.922331, 43.253491],
            [-2.922307, 43.253751],
            [-2.922375, 43.254015],
            [-2.922466, 43.254238],
            [-2.922725, 43.254454],
            [-2.92308, 43.254656]
          ]
        ]
      }
    },
    {
      "type": "Feature",
      "properties": {
        "id": "507",
        "name": "San Francisco",
        "cityId": "bilbao"
      },
      "geometry": {
        "type": "Polygon",
        "coordinates": [
          [
            [-2.931945, 43.257042],
            [-2.931599, 43.257034],
            [-2.93184, 43.256798],
            [-2.931719, 43.255885],
            [-2.93104, 43.255863],
            [-2.930751, 43.255824],
            [-2.930609, 43.255693],
            [-2.930697, 43.255439],
            [-2.93072, 43.255222],
            [-2.930726, 43.255061],
            [-2.930662, 43.254776],
            [-2.930605, 43.254517],
            [-2.93059, 43.254416],
            [-2.930578, 43.254312],
            [-2.930296, 43.254299],
            [-2.930022, 43.254732],
            [-2.929752, 43.25469],
            [-2.929484, 43.254912],
            [-2.929182, 43.254702],
            [-2.928707, 43.254587],
            [-2.928449, 43.254201],
            [-2.928329, 43.254121],
            [-2.92821, 43.254086],
            [-2.927566, 43.254451],
            [-2.927304, 43.254532],
            [-2.927194, 43.254579],
            [-2.926514, 43.254739],
            [-2.926414, 43.255283],
            [-2.925009, 43.254908],
            [-2.925067, 43.255006],
            [-2.925496, 43.25528],
            [-2.925731, 43.255489],
            [-2.925955, 43.255707],
            [-2.926077, 43.255852],
            [-2.926239, 43.256039],
            [-2.92585, 43.256268],
            [-2.926244, 43.25671],
            [-2.926691, 43.257135],
            [-2.927027, 43.257526],
            [-2.927088, 43.257659],
            [-2.927128, 43.257755],
            [-2.927201, 43.258052],
            [-2.927192, 43.258269],
            [-2.927213, 43.258427],
            [-2.926952, 43.25874],
            [-2.926744, 43.258951],
            [-2.925084, 43.260239],
            [-2.92564, 43.26049],
            [-2.926455, 43.259658],
            [-2.927921, 43.25853],
            [-2.929555, 43.257352],
            [-2.931724, 43.257288],
            [-2.931945, 43.257042]
          ]
        ]
      }
    },
    {
      "type": "Feature",
      "properties": {
        "id": "508",
        "name": "Zabala",
        "cityId": "bilbao"
      },
      "geometry": {
        "type": "Polygon",
        "coordinates": [
          [
            [-2.934016, 43.250532],
            [-2.933612, 43.250602],
            [-2.93321, 43.250683],
            [-2.932666, 43.250809],
            [-2.932471, 43.25111],
            [-2.932301, 43.251358],
            [-2.932241, 43.251592],
            [-2.932987, 43.252841],
            [-2.932314, 43.252718],
            [-2.932141, 43.253099],
            [-2.931789, 43.253386],
            [-2.931341, 43.253529],
            [-2.931084, 43.25399],
            [-2.930816, 43.254067],
            [-2.930704, 43.254098],
            [-2.930605, 43.254152],
            [-2.93057, 43.254249],
            [-2.930578, 43.254312],
            [-2.93059, 43.254416],
            [-2.930605, 43.254517],
            [-2.930662, 43.254776],
            [-2.930726, 43.255061],
            [-2.93072, 43.255222],
            [-2.930697, 43.255439],
            [-2.930609, 43.255693],
            [-2.930751, 43.255824],
            [-2.93104, 43.255863],
            [-2.931719, 43.255885],
            [-2.93184, 43.256798],
            [-2.931599, 43.257034],
            [-2.931945, 43.257042],
            [-2.933247, 43.255686],
            [-2.9343, 43.253098],
            [-2.934442, 43.252716],
            [-2.934551, 43.25237],
            [-2.934584, 43.252028],
            [-2.934579, 43.251603],
            [-2.934573, 43.251334],
            [-2.934563, 43.25107],
            [-2.934613, 43.250736],
            [-2.934749, 43.250346],
            [-2.934927, 43.24998],
            [-2.934761, 43.250083],
            [-2.93461, 43.25025],
            [-2.934487, 43.250339],
            [-2.934016, 43.250532]
          ]
        ]
      }
    },
    {
      "type": "Feature",
      "properties": {
        "id": "509",
        "name": "San Adrián",
        "cityId": "bilbao"
      },
      "geometry": {
        "type": "Polygon",
        "coordinates": [
          [
            [-2.934016, 43.250532],
            [-2.934487, 43.250339],
            [-2.93461, 43.25025],
            [-2.934761, 43.250083],
            [-2.934927, 43.24998],
            [-2.934966, 43.249908],
            [-2.93522, 43.249576],
            [-2.935474, 43.249286],
            [-2.935697, 43.248938],
            [-2.935745, 43.248635],
            [-2.935697, 43.248414],
            [-2.93555, 43.248155],
            [-2.935233, 43.247914],
            [-2.93496, 43.247786],
            [-2.9347, 43.247681],
            [-2.934328, 43.247523],
            [-2.933836, 43.247281],
            [-2.933309, 43.246951],
            [-2.932892, 43.246683],
            [-2.932579, 43.246397],
            [-2.932329, 43.246104],
            [-2.932175, 43.245908],
            [-2.932005, 43.245695],
            [-2.931829, 43.245471],
            [-2.931623, 43.245242],
            [-2.931073, 43.244404],
            [-2.930552, 43.243935],
            [-2.930546, 43.24409],
            [-2.930281, 43.244784],
            [-2.929576, 43.245561],
            [-2.928918, 43.245947],
            [-2.928676, 43.246092],
            [-2.926934, 43.247192],
            [-2.927504, 43.247261],
            [-2.928908, 43.247975],
            [-2.928429, 43.248542],
            [-2.930503, 43.249591],
            [-2.932233, 43.250469],
            [-2.932733, 43.249914],
            [-2.934016, 43.250532]
          ]
        ]
      }
    },
    {
      "type": "Feature",
      "properties": {
        "id": "510",
        "name": "Diseminado Ibaiondo",
        "cityId": "bilbao"
      },
      "geometry": {
        "type": "Polygon",
        "coordinates": [
          [
            [-2.928676, 43.246092],
            [-2.928918, 43.245947],
            [-2.929576, 43.245561],
            [-2.930281, 43.244784],
            [-2.930546, 43.24409],
            [-2.930552, 43.243935],
            [-2.931073, 43.244404],
            [-2.931623, 43.245242],
            [-2.931951, 43.244921],
            [-2.932079, 43.244737],
            [-2.932085, 43.24455],
            [-2.931982, 43.244342],
            [-2.931785, 43.244038],
            [-2.931719, 43.243789],
            [-2.931862, 43.243387],
            [-2.93197, 43.243187],
            [-2.932048, 43.242995],
            [-2.932133, 43.242788],
            [-2.932239, 43.242609],
            [-2.932385, 43.242411],
            [-2.932513, 43.242287],
            [-2.932862, 43.242094],
            [-2.933187, 43.241975],
            [-2.93353, 43.241906],
            [-2.933806, 43.241891],
            [-2.934119, 43.241893],
            [-2.934419, 43.241942],
            [-2.934835, 43.242045],
            [-2.935229, 43.242198],
            [-2.936695, 43.242798],
            [-2.937071, 43.242934],
            [-2.937276, 43.242987],
            [-2.937537, 43.243006],
            [-2.937796, 43.242996],
            [-2.938045, 43.242943],
            [-2.93885, 43.242681],
            [-2.94, 43.242322],
            [-2.940149, 43.242274],
            [-2.940474, 43.24216],
            [-2.940587, 43.242125],
            [-2.940784, 43.241957],
            [-2.940957, 43.241826],
            [-2.941091, 43.241664],
            [-2.941212, 43.241507],
            [-2.941264, 43.241396],
            [-2.941298, 43.241196],
            [-2.94131, 43.241019],
            [-2.941298, 43.240635],
            [-2.941295, 43.240295],
            [-2.941268, 43.240087],
            [-2.941211, 43.239942],
            [-2.94115, 43.239847],
            [-2.941093, 43.239778],
            [-2.940983, 43.239712],
            [-2.940883, 43.239683],
            [-2.940777, 43.239689],
            [-2.940689, 43.239718],
            [-2.940613, 43.239769],
            [-2.940543, 43.239893],
            [-2.940476, 43.240237],
            [-2.940467, 43.240432],
            [-2.940403, 43.240608],
            [-2.94033, 43.240734],
            [-2.940239, 43.240856],
            [-2.940157, 43.24092],
            [-2.940041, 43.241],
            [-2.939914, 43.241069],
            [-2.939783, 43.241104],
            [-2.939643, 43.241115],
            [-2.939489, 43.241093],
            [-2.939383, 43.241057],
            [-2.939307, 43.241013],
            [-2.939216, 43.240942],
            [-2.93917, 43.240871],
            [-2.939128, 43.240791],
            [-2.939137, 43.240651],
            [-2.939171, 43.240556],
            [-2.939359, 43.240212],
            [-2.939681, 43.239671],
            [-2.93976, 43.239535],
            [-2.939855, 43.239347],
            [-2.939983, 43.239041],
            [-2.940034, 43.238852],
            [-2.940071, 43.238713],
            [-2.940101, 43.23846],
            [-2.940123, 43.238298],
            [-2.940123, 43.238129],
            [-2.940078, 43.237909],
            [-2.940045, 43.237667],
            [-2.940005, 43.237475],
            [-2.939945, 43.23726],
            [-2.939836, 43.236966],
            [-2.939824, 43.236813],
            [-2.939791, 43.236591],
            [-2.93967, 43.236294],
            [-2.9395, 43.235945],
            [-2.939479, 43.235852],
            [-2.939515, 43.23579],
            [-2.939801, 43.235622],
            [-2.939916, 43.235526],
            [-2.940041, 43.235391],
            [-2.940117, 43.235273],
            [-2.940156, 43.235176],
            [-2.940196, 43.235009],
            [-2.940236, 43.234805],
            [-2.940209, 43.234277],
            [-2.940209, 43.234004],
            [-2.940191, 43.233809],
            [-2.940228, 43.233585],
            [-2.94024, 43.233494],
            [-2.940365, 43.233216],
            [-2.940444, 43.23295],
            [-2.940511, 43.232759],
            [-2.940605, 43.232442],
            [-2.940675, 43.232105],
            [-2.9408, 43.231848],
            [-2.940919, 43.231568],
            [-2.94101, 43.231388],
            [-2.941028, 43.231337],
            [-2.941028, 43.231209],
            [-2.941022, 43.231022],
            [-2.941013, 43.230883],
            [-2.94101, 43.230749],
            [-2.941053, 43.230585],
            [-2.941093, 43.230421],
            [-2.94112, 43.23031],
            [-2.941199, 43.230186],
            [-2.941263, 43.230084],
            [-2.94133, 43.229993],
            [-2.941421, 43.229931],
            [-2.94163, 43.229913],
            [-2.941851, 43.229918],
            [-2.942037, 43.229913],
            [-2.942143, 43.229911],
            [-2.942204, 43.229891],
            [-2.94228, 43.229863],
            [-2.942334, 43.229832],
            [-2.942389, 43.229729],
            [-2.942398, 43.229607],
            [-2.942389, 43.22947],
            [-2.942383, 43.229354],
            [-2.942378, 43.229255],
            [-2.942417, 43.229219],
            [-2.942623, 43.229059],
            [-2.94283, 43.228827],
            [-2.943091, 43.228747],
            [-2.943483, 43.228532],
            [-2.944041, 43.228344],
            [-2.944642, 43.228213],
            [-2.944994, 43.228035],
            [-2.945225, 43.227905],
            [-2.945405, 43.227815],
            [-2.945556, 43.227714],
            [-2.945687, 43.227585],
            [-2.945702, 43.227468],
            [-2.945192, 43.227188],
            [-2.944737, 43.226935],
            [-2.944464, 43.226717],
            [-2.943991, 43.226406],
            [-2.943919, 43.226322],
            [-2.943964, 43.226258],
            [-2.943976, 43.226213],
            [-2.943743, 43.225792],
            [-2.943728, 43.22563],
            [-2.943762, 43.225556],
            [-2.94385, 43.225523],
            [-2.94395, 43.225628],
            [-2.944065, 43.225699],
            [-2.944353, 43.225788],
            [-2.944811, 43.225785],
            [-2.945121, 43.225801],
            [-2.945291, 43.225819],
            [-2.945431, 43.225792],
            [-2.945464, 43.224983],
            [-2.945511, 43.224369],
            [-2.945558, 43.223644],
            [-2.945661, 43.223029],
            [-2.945608, 43.222513],
            [-2.94565, 43.221951],
            [-2.945711, 43.22167],
            [-2.945998, 43.22113],
            [-2.945988, 43.220991],
            [-2.945845, 43.22067],
            [-2.945802, 43.220556],
            [-2.945819, 43.220399],
            [-2.946066, 43.220155],
            [-2.946247, 43.220033],
            [-2.946404, 43.219842],
            [-2.946504, 43.219696],
            [-2.946603, 43.219648],
            [-2.946833, 43.219499],
            [-2.947051, 43.219297],
            [-2.947509, 43.219102],
            [-2.94749, 43.218953],
            [-2.946521, 43.218286],
            [-2.946249, 43.217561],
            [-2.944482, 43.217554],
            [-2.94307, 43.217267],
            [-2.940036, 43.216838],
            [-2.937886, 43.216586],
            [-2.93704, 43.216312],
            [-2.934832, 43.215644],
            [-2.9316, 43.215154],
            [-2.929146, 43.213711],
            [-2.925274, 43.2147],
            [-2.923223, 43.215421],
            [-2.919187, 43.216608],
            [-2.915142, 43.217655],
            [-2.913181, 43.218434],
            [-2.9098, 43.219419],
            [-2.9098, 43.219419],
            [-2.90828, 43.222945],
            [-2.906604, 43.225013],
            [-2.905947, 43.226103],
            [-2.906796, 43.226799],
            [-2.908708, 43.227824],
            [-2.909719, 43.228691],
            [-2.910018, 43.229223],
            [-2.910237, 43.229625],
            [-2.910379, 43.229871],
            [-2.910471, 43.230037],
            [-2.910566, 43.230176],
            [-2.910667, 43.230338],
            [-2.910761, 43.23045],
            [-2.910896, 43.23058],
            [-2.910991, 43.230678],
            [-2.911094, 43.230747],
            [-2.911228, 43.230835],
            [-2.911319, 43.230885],
            [-2.911453, 43.230948],
            [-2.911491, 43.230964],
            [-2.911627, 43.231009],
            [-2.911781, 43.231058],
            [-2.911916, 43.231103],
            [-2.912111, 43.231177],
            [-2.912263, 43.231239],
            [-2.912566, 43.231434],
            [-2.912742, 43.231535],
            [-2.912851, 43.231607],
            [-2.912923, 43.231665],
            [-2.913023, 43.231765],
            [-2.913103, 43.231888],
            [-2.913311, 43.232291],
            [-2.913149, 43.232362],
            [-2.913057, 43.232524],
            [-2.9136, 43.233423],
            [-2.913809, 43.233659],
            [-2.915174, 43.234261],
            [-2.915857, 43.23515],
            [-2.917109, 43.235715],
            [-2.917577, 43.235974],
            [-2.918461, 43.236807],
            [-2.918915, 43.237806],
            [-2.919497, 43.238426],
            [-2.919578, 43.239068],
            [-2.919941, 43.239482],
            [-2.920305, 43.239389],
            [-2.920669, 43.239318],
            [-2.921167, 43.239272],
            [-2.921637, 43.239266],
            [-2.922581, 43.239393],
            [-2.923339, 43.239657],
            [-2.924129, 43.240097],
            [-2.925728, 43.241263],
            [-2.927026, 43.24293],
            [-2.927062, 43.243117],
            [-2.927133, 43.243398],
            [-2.92723, 43.243728],
            [-2.927281, 43.243993],
            [-2.927343, 43.244211],
            [-2.927464, 43.24444],
            [-2.927625, 43.244608],
            [-2.92776, 43.244719],
            [-2.927381, 43.24509],
            [-2.927248, 43.245154],
            [-2.927196, 43.245179],
            [-2.927125, 43.245213],
            [-2.926961, 43.24529],
            [-2.926781, 43.245778],
            [-2.926916, 43.245778],
            [-2.927059, 43.245744],
            [-2.927174, 43.245687],
            [-2.927245, 43.245718],
            [-2.927283, 43.245766],
            [-2.927278, 43.245822],
            [-2.927254, 43.245876],
            [-2.927198, 43.245925],
            [-2.927147, 43.245956],
            [-2.927009, 43.245987],
            [-2.926878, 43.245989],
            [-2.926784, 43.245982],
            [-2.926668, 43.245966],
            [-2.926542, 43.245982],
            [-2.926493, 43.246065],
            [-2.926624, 43.246134],
            [-2.926753, 43.246173],
            [-2.926892, 43.2462],
            [-2.927057, 43.246242],
            [-2.927188, 43.246242],
            [-2.927413, 43.246223],
            [-2.927578, 43.246192],
            [-2.9277, 43.246155],
            [-2.928045, 43.245999],
            [-2.928266, 43.245882],
            [-2.928401, 43.245882],
            [-2.928676, 43.246092]
          ]
        ]
      }
    },
    {
      "type": "Feature",
      "properties": {
        "id": "511",
        "name": "Miribilla",
        "cityId": "bilbao"
      },
      "geometry": {
        "type": "Polygon",
        "coordinates": [
          [
            [-2.934016, 43.250532],
            [-2.932733, 43.249914],
            [-2.932233, 43.250469],
            [-2.930503, 43.249591],
            [-2.928429, 43.248542],
            [-2.928908, 43.247975],
            [-2.927504, 43.247261],
            [-2.926934, 43.247192],
            [-2.92638, 43.24753],
            [-2.925755, 43.247837],
            [-2.924927, 43.248076],
            [-2.924022, 43.248134],
            [-2.923905, 43.248838],
            [-2.924089, 43.249949],
            [-2.924134, 43.250806],
            [-2.924482, 43.250967],
            [-2.92538, 43.251295],
            [-2.925298, 43.251434],
            [-2.924336, 43.252737],
            [-2.926681, 43.253496],
            [-2.927841, 43.253927],
            [-2.92821, 43.254086],
            [-2.928329, 43.254121],
            [-2.928449, 43.254201],
            [-2.928707, 43.254587],
            [-2.929182, 43.254702],
            [-2.929484, 43.254912],
            [-2.929752, 43.25469],
            [-2.930022, 43.254732],
            [-2.930296, 43.254299],
            [-2.930578, 43.254312],
            [-2.93057, 43.254249],
            [-2.930605, 43.254152],
            [-2.930704, 43.254098],
            [-2.930816, 43.254067],
            [-2.931084, 43.25399],
            [-2.931341, 43.253529],
            [-2.931789, 43.253386],
            [-2.932141, 43.253099],
            [-2.932314, 43.252718],
            [-2.932987, 43.252841],
            [-2.932241, 43.251592],
            [-2.932301, 43.251358],
            [-2.932471, 43.25111],
            [-2.932666, 43.250809],
            [-2.93321, 43.250683],
            [-2.933612, 43.250602],
            [-2.934016, 43.250532]
          ]
        ]
      }
    },
    {
      "type": "Feature",
      "properties": {
        "id": "601",
        "name": "Abando",
        "cityId": "bilbao"
      },
      "geometry": {
        "type": "Polygon",
        "coordinates": [
          [
            [-2.935749, 43.257295],
            [-2.934264, 43.257183],
            [-2.933943, 43.257003],
            [-2.933825, 43.256931],
            [-2.933655, 43.256765],
            [-2.933489, 43.256592],
            [-2.933376, 43.256412],
            [-2.933305, 43.256211],
            [-2.933247, 43.255686],
            [-2.931945, 43.257042],
            [-2.931724, 43.257288],
            [-2.929555, 43.257352],
            [-2.927921, 43.25853],
            [-2.926455, 43.259658],
            [-2.92564, 43.26049],
            [-2.925084, 43.260239],
            [-2.92479, 43.260569],
            [-2.924438, 43.26098],
            [-2.924271, 43.261218],
            [-2.924111, 43.261489],
            [-2.923932, 43.26176],
            [-2.923797, 43.262007],
            [-2.923702, 43.262192],
            [-2.92367, 43.262445],
            [-2.92368, 43.262721],
            [-2.923731, 43.263031],
            [-2.923831, 43.263245],
            [-2.923877, 43.263349],
            [-2.923998, 43.26349],
            [-2.92576, 43.264849],
            [-2.928488, 43.266954],
            [-2.930126, 43.268217],
            [-2.931241, 43.269077],
            [-2.931525, 43.269227],
            [-2.931797, 43.26935],
            [-2.93193, 43.26941],
            [-2.93232, 43.269542],
            [-2.932721, 43.269649],
            [-2.933594, 43.269791],
            [-2.936221, 43.269905],
            [-2.937537, 43.269872],
            [-2.938006, 43.269858],
            [-2.938638, 43.26981],
            [-2.938821, 43.269791],
            [-2.939316, 43.269741],
            [-2.939858, 43.26967],
            [-2.940626, 43.269501],
            [-2.940134, 43.2686],
            [-2.939798, 43.267978],
            [-2.939508, 43.267575],
            [-2.939116, 43.267227],
            [-2.938619, 43.266921],
            [-2.937704, 43.266392],
            [-2.937463, 43.266216],
            [-2.937215, 43.265993],
            [-2.936996, 43.265728],
            [-2.936982, 43.265604],
            [-2.936982, 43.26548],
            [-2.937081, 43.2652],
            [-2.93753, 43.264075],
            [-2.937721, 43.263588],
            [-2.937226, 43.263499],
            [-2.936421, 43.263316],
            [-2.935007, 43.262978],
            [-2.935833, 43.260978],
            [-2.936176, 43.260039],
            [-2.936769, 43.258663],
            [-2.935498, 43.257874],
            [-2.935749, 43.257295]
          ]
        ]
      }
    },
    {
      "type": "Feature",
      "properties": {
        "id": "602",
        "name": "Indautxu",
        "cityId": "bilbao"
      },
      "geometry": {
        "type": "Polygon",
        "coordinates": [
          [
            [-2.950811, 43.266052],
            [-2.950352, 43.26529],
            [-2.950122, 43.265343],
            [-2.94991, 43.265389],
            [-2.949733, 43.265423],
            [-2.949518, 43.265461],
            [-2.949167, 43.265521],
            [-2.948803, 43.265587],
            [-2.948538, 43.265631],
            [-2.948167, 43.265691],
            [-2.947648, 43.26577],
            [-2.947327, 43.265828],
            [-2.945203, 43.265256],
            [-2.945647, 43.264163],
            [-2.946034, 43.263193],
            [-2.946397, 43.262311],
            [-2.946834, 43.261102],
            [-2.947078, 43.26053],
            [-2.946839, 43.260327],
            [-2.946706, 43.260161],
            [-2.946566, 43.259957],
            [-2.946419, 43.259667],
            [-2.946329, 43.259364],
            [-2.946287, 43.259185],
            [-2.946245, 43.258928],
            [-2.946085, 43.257815],
            [-2.945839, 43.257808],
            [-2.94459, 43.257759],
            [-2.943912, 43.257714],
            [-2.943597, 43.257697],
            [-2.941506, 43.257595],
            [-2.940006, 43.257529],
            [-2.938881, 43.257469],
            [-2.93767, 43.25741],
            [-2.937083, 43.257365],
            [-2.935749, 43.257295],
            [-2.935498, 43.257874],
            [-2.936769, 43.258663],
            [-2.936176, 43.260039],
            [-2.935833, 43.260978],
            [-2.935007, 43.262978],
            [-2.936421, 43.263316],
            [-2.937226, 43.263499],
            [-2.937721, 43.263588],
            [-2.93753, 43.264075],
            [-2.937081, 43.2652],
            [-2.936982, 43.26548],
            [-2.936982, 43.265604],
            [-2.936996, 43.265728],
            [-2.937215, 43.265993],
            [-2.937463, 43.266216],
            [-2.937704, 43.266392],
            [-2.938619, 43.266921],
            [-2.939116, 43.267227],
            [-2.939508, 43.267575],
            [-2.939798, 43.267978],
            [-2.940134, 43.2686],
            [-2.940626, 43.269501],
            [-2.940831, 43.269431],
            [-2.9411, 43.269354],
            [-2.941535, 43.269206],
            [-2.942005, 43.269052],
            [-2.942755, 43.2688],
            [-2.94343, 43.26857],
            [-2.944009, 43.268376],
            [-2.944588, 43.268178],
            [-2.944694, 43.268141],
            [-2.945129, 43.267991],
            [-2.946047, 43.267663],
            [-2.950119, 43.266286],
            [-2.950811, 43.266052]
          ]
        ]
      }
    },
    {
      "type": "Feature",
      "properties": {
        "id": "701",
        "name": "Ametzola",
        "cityId": "bilbao"
      },
      "geometry": {
        "type": "Polygon",
        "coordinates": [
          [
            [-2.944215, 43.254968],
            [-2.944396, 43.254813],
            [-2.944167, 43.25469],
            [-2.944033, 43.254602],
            [-2.943828, 43.25447],
            [-2.943539, 43.254347],
            [-2.943102, 43.254249],
            [-2.942377, 43.254065],
            [-2.941931, 43.253945],
            [-2.941339, 43.25383],
            [-2.941125, 43.253783],
            [-2.939874, 43.254751],
            [-2.939426, 43.254553],
            [-2.938145, 43.254802],
            [-2.937841, 43.254857],
            [-2.937735, 43.254924],
            [-2.937556, 43.254947],
            [-2.93739, 43.254957],
            [-2.937201, 43.255008],
            [-2.937049, 43.255095],
            [-2.936948, 43.25519],
            [-2.936865, 43.255327],
            [-2.936772, 43.255536],
            [-2.936646, 43.25574],
            [-2.936436, 43.256071],
            [-2.935694, 43.256167],
            [-2.935394, 43.256495],
            [-2.935154, 43.256709],
            [-2.934997, 43.256857],
            [-2.93481, 43.256961],
            [-2.934527, 43.257116],
            [-2.934264, 43.257183],
            [-2.935749, 43.257295],
            [-2.937083, 43.257365],
            [-2.93767, 43.25741],
            [-2.938881, 43.257469],
            [-2.940006, 43.257529],
            [-2.941506, 43.257595],
            [-2.943597, 43.257697],
            [-2.943912, 43.257714],
            [-2.94459, 43.257759],
            [-2.945839, 43.257808],
            [-2.946085, 43.257815],
            [-2.946089, 43.257695],
            [-2.946025, 43.257314],
            [-2.945972, 43.256885],
            [-2.945939, 43.256733],
            [-2.94584, 43.256476],
            [-2.945735, 43.256241],
            [-2.945657, 43.256101],
            [-2.945398, 43.255961],
            [-2.944936, 43.255656],
            [-2.944593, 43.255457],
            [-2.944196, 43.255319],
            [-2.943916, 43.255236],
            [-2.944215, 43.254968]
          ]
        ]
      }
    },
    {
      "type": "Feature",
      "properties": {
        "id": "702",
        "name": "Iralabarri",
        "cityId": "bilbao"
      },
      "geometry": {
        "type": "Polygon",
        "coordinates": [
          [
            [-2.934927, 43.24998],
            [-2.934749, 43.250346],
            [-2.934613, 43.250736],
            [-2.934563, 43.25107],
            [-2.934573, 43.251334],
            [-2.934579, 43.251603],
            [-2.934584, 43.252028],
            [-2.934551, 43.25237],
            [-2.934442, 43.252716],
            [-2.9343, 43.253098],
            [-2.933247, 43.255686],
            [-2.933305, 43.256211],
            [-2.933376, 43.256412],
            [-2.933489, 43.256592],
            [-2.933655, 43.256765],
            [-2.933825, 43.256931],
            [-2.933943, 43.257003],
            [-2.934264, 43.257183],
            [-2.934527, 43.257116],
            [-2.93481, 43.256961],
            [-2.934997, 43.256857],
            [-2.935154, 43.256709],
            [-2.935394, 43.256495],
            [-2.935694, 43.256167],
            [-2.936436, 43.256071],
            [-2.936646, 43.25574],
            [-2.936772, 43.255536],
            [-2.936865, 43.255327],
            [-2.936948, 43.25519],
            [-2.937049, 43.255095],
            [-2.937201, 43.255008],
            [-2.93739, 43.254957],
            [-2.937556, 43.254947],
            [-2.937735, 43.254924],
            [-2.937841, 43.254857],
            [-2.938145, 43.254802],
            [-2.939426, 43.254553],
            [-2.939874, 43.254751],
            [-2.941125, 43.253783],
            [-2.941277, 43.253555],
            [-2.941534, 43.252729],
            [-2.94167, 43.252283],
            [-2.941428, 43.252241],
            [-2.941091, 43.252123],
            [-2.940874, 43.252058],
            [-2.940704, 43.252006],
            [-2.940523, 43.251953],
            [-2.940285, 43.251837],
            [-2.940054, 43.251698],
            [-2.939897, 43.251578],
            [-2.939758, 43.251445],
            [-2.939609, 43.251298],
            [-2.939485, 43.251131],
            [-2.939421, 43.251029],
            [-2.939386, 43.250954],
            [-2.939336, 43.250835],
            [-2.939305, 43.250763],
            [-2.939223, 43.250527],
            [-2.939266, 43.250479],
            [-2.939542, 43.250323],
            [-2.939598, 43.250232],
            [-2.939678, 43.250195],
            [-2.939171, 43.250059],
            [-2.938813, 43.249339],
            [-2.938635, 43.247711],
            [-2.937564, 43.247932],
            [-2.937012, 43.247982],
            [-2.936496, 43.247975],
            [-2.936087, 43.247928],
            [-2.935733, 43.247861],
            [-2.93533, 43.24776],
            [-2.93496, 43.247786],
            [-2.935233, 43.247914],
            [-2.93555, 43.248155],
            [-2.935697, 43.248414],
            [-2.935745, 43.248635],
            [-2.935697, 43.248938],
            [-2.935474, 43.249286],
            [-2.93522, 43.249576],
            [-2.934966, 43.249908],
            [-2.934927, 43.24998]
          ]
        ]
      }
    },
    {
      "type": "Feature",
      "properties": {
        "id": "703",
        "name": "Errekaldeberri",
        "cityId": "bilbao"
      },
      "geometry": {
        "type": "Polygon",
        "coordinates": [
          [
            [-2.942281, 43.244776],
            [-2.942257, 43.244928],
            [-2.94202, 43.245398],
            [-2.940766, 43.245675],
            [-2.941523, 43.247475],
            [-2.941579, 43.247971],
            [-2.942046, 43.248284],
            [-2.94229, 43.24852],
            [-2.942514, 43.248767],
            [-2.942637, 43.248912],
            [-2.942824, 43.249139],
            [-2.943009, 43.249358],
            [-2.943353, 43.249684],
            [-2.943822, 43.250051],
            [-2.943994, 43.250188],
            [-2.944178, 43.250357],
            [-2.944371, 43.250546],
            [-2.944544, 43.250732],
            [-2.944659, 43.250885],
            [-2.944748, 43.250995],
            [-2.944862, 43.251148],
            [-2.945202, 43.251568],
            [-2.944986, 43.251573],
            [-2.944757, 43.251588],
            [-2.944439, 43.251604],
            [-2.943948, 43.251586],
            [-2.943756, 43.251648],
            [-2.940956, 43.250356],
            [-2.939678, 43.250195],
            [-2.939598, 43.250232],
            [-2.939542, 43.250323],
            [-2.939266, 43.250479],
            [-2.939223, 43.250527],
            [-2.939305, 43.250763],
            [-2.939336, 43.250835],
            [-2.939386, 43.250954],
            [-2.939421, 43.251029],
            [-2.939485, 43.251131],
            [-2.939609, 43.251298],
            [-2.939758, 43.251445],
            [-2.939897, 43.251578],
            [-2.940054, 43.251698],
            [-2.940285, 43.251837],
            [-2.940523, 43.251953],
            [-2.940704, 43.252006],
            [-2.940874, 43.252058],
            [-2.941091, 43.252123],
            [-2.941428, 43.252241],
            [-2.94167, 43.252283],
            [-2.941534, 43.252729],
            [-2.941277, 43.253555],
            [-2.941125, 43.253783],
            [-2.941339, 43.25383],
            [-2.941931, 43.253945],
            [-2.942377, 43.254065],
            [-2.943102, 43.254249],
            [-2.943539, 43.254347],
            [-2.943828, 43.25447],
            [-2.944033, 43.254602],
            [-2.944167, 43.25469],
            [-2.944396, 43.254813],
            [-2.944215, 43.254968],
            [-2.944703, 43.254976],
            [-2.945043, 43.254976],
            [-2.945629, 43.254996],
            [-2.945955, 43.254993],
            [-2.946174, 43.255014],
            [-2.946373, 43.255025],
            [-2.946547, 43.255048],
            [-2.946871, 43.255088],
            [-2.947133, 43.255129],
            [-2.947433, 43.255176],
            [-2.947724, 43.25524],
            [-2.947938, 43.255307],
            [-2.948353, 43.255438],
            [-2.948576, 43.255517],
            [-2.948937, 43.255645],
            [-2.949445, 43.255763],
            [-2.950027, 43.255891],
            [-2.95039, 43.256089],
            [-2.950495, 43.256169],
            [-2.950483, 43.256112],
            [-2.950452, 43.255606],
            [-2.950766, 43.253406],
            [-2.949686, 43.252412],
            [-2.949359, 43.252176],
            [-2.948556, 43.251613],
            [-2.949006, 43.249779],
            [-2.949111, 43.249774],
            [-2.949168, 43.249749],
            [-2.949233, 43.249708],
            [-2.949306, 43.249627],
            [-2.949338, 43.249525],
            [-2.94932, 43.24939],
            [-2.94925, 43.249355],
            [-2.949094, 43.249315],
            [-2.949011, 43.249295],
            [-2.948905, 43.24929],
            [-2.948793, 43.2493],
            [-2.948703, 43.249336],
            [-2.948567, 43.249373],
            [-2.948397, 43.249392],
            [-2.948216, 43.249379],
            [-2.948038, 43.24935],
            [-2.947932, 43.249311],
            [-2.947764, 43.249303],
            [-2.947587, 43.249292],
            [-2.947413, 43.249267],
            [-2.947202, 43.249236],
            [-2.947037, 43.249287],
            [-2.946852, 43.249296],
            [-2.946758, 43.249205],
            [-2.946802, 43.249041],
            [-2.946831, 43.248924],
            [-2.94686, 43.248798],
            [-2.946875, 43.248698],
            [-2.946895, 43.248619],
            [-2.946919, 43.248469],
            [-2.946945, 43.248387],
            [-2.947128, 43.248187],
            [-2.947249, 43.248039],
            [-2.947154, 43.248008],
            [-2.94708, 43.247987],
            [-2.946943, 43.247987],
            [-2.946787, 43.248004],
            [-2.946656, 43.248025],
            [-2.946524, 43.248042],
            [-2.946429, 43.248048],
            [-2.946305, 43.248034],
            [-2.94616, 43.248004],
            [-2.945997, 43.24793],
            [-2.945868, 43.247838],
            [-2.945799, 43.247741],
            [-2.945758, 43.247693],
            [-2.945726, 43.247656],
            [-2.945608, 43.247508],
            [-2.94556, 43.247454],
            [-2.94565, 43.247174],
            [-2.945748, 43.24696],
            [-2.945855, 43.246644],
            [-2.945943, 43.246328],
            [-2.945992, 43.246114],
            [-2.945993, 43.2461],
            [-2.946009, 43.245867],
            [-2.946039, 43.245628],
            [-2.946038, 43.245355],
            [-2.946032, 43.245231],
            [-2.946027, 43.245106],
            [-2.945998, 43.245008],
            [-2.94597, 43.24491],
            [-2.945964, 43.244754],
            [-2.945563, 43.244677],
            [-2.945133, 43.244562],
            [-2.944665, 43.244412],
            [-2.944477, 43.244276],
            [-2.943984, 43.243842],
            [-2.943728, 43.24364],
            [-2.94362, 43.244114],
            [-2.943617, 43.244121],
            [-2.943608, 43.244138],
            [-2.943477, 43.244386],
            [-2.943418, 43.244823],
            [-2.942281, 43.244776]
          ]
        ]
      }
    },
    {
      "type": "Feature",
      "properties": {
        "id": "704",
        "name": "Larraskitu",
        "cityId": "bilbao"
      },
      "geometry": {
        "type": "Polygon",
        "coordinates": [
          [
            [-2.942281, 43.244776],
            [-2.942265, 43.244644],
            [-2.94223, 43.244569],
            [-2.942162, 43.244465],
            [-2.942083, 43.244365],
            [-2.941968, 43.244272],
            [-2.941855, 43.244177],
            [-2.941734, 43.244123],
            [-2.941626, 43.244011],
            [-2.941531, 43.243915],
            [-2.941462, 43.24381],
            [-2.941412, 43.243683],
            [-2.941311, 43.243518],
            [-2.941183, 43.24337],
            [-2.941039, 43.243226],
            [-2.940927, 43.243092],
            [-2.940755, 43.242915],
            [-2.94, 43.242322],
            [-2.93885, 43.242681],
            [-2.938045, 43.242943],
            [-2.937796, 43.242996],
            [-2.937537, 43.243006],
            [-2.937276, 43.242987],
            [-2.937071, 43.242934],
            [-2.936695, 43.242798],
            [-2.935229, 43.242198],
            [-2.934835, 43.242045],
            [-2.934419, 43.241942],
            [-2.934119, 43.241893],
            [-2.933806, 43.241891],
            [-2.93353, 43.241906],
            [-2.933187, 43.241975],
            [-2.932862, 43.242094],
            [-2.932513, 43.242287],
            [-2.932385, 43.242411],
            [-2.932239, 43.242609],
            [-2.932133, 43.242788],
            [-2.932048, 43.242995],
            [-2.93197, 43.243187],
            [-2.931862, 43.243387],
            [-2.931719, 43.243789],
            [-2.931785, 43.244038],
            [-2.931982, 43.244342],
            [-2.932085, 43.24455],
            [-2.932079, 43.244737],
            [-2.931951, 43.244921],
            [-2.931623, 43.245242],
            [-2.931829, 43.245471],
            [-2.932005, 43.245695],
            [-2.932175, 43.245908],
            [-2.932329, 43.246104],
            [-2.932579, 43.246397],
            [-2.932892, 43.246683],
            [-2.933309, 43.246951],
            [-2.933836, 43.247281],
            [-2.934328, 43.247523],
            [-2.9347, 43.247681],
            [-2.93496, 43.247786],
            [-2.93533, 43.24776],
            [-2.935733, 43.247861],
            [-2.936087, 43.247928],
            [-2.936496, 43.247975],
            [-2.937012, 43.247982],
            [-2.937564, 43.247932],
            [-2.938635, 43.247711],
            [-2.938813, 43.249339],
            [-2.939171, 43.250059],
            [-2.939678, 43.250195],
            [-2.940956, 43.250356],
            [-2.943756, 43.251648],
            [-2.943948, 43.251586],
            [-2.944439, 43.251604],
            [-2.944757, 43.251588],
            [-2.944986, 43.251573],
            [-2.945202, 43.251568],
            [-2.944862, 43.251148],
            [-2.944748, 43.250995],
            [-2.944659, 43.250885],
            [-2.944544, 43.250732],
            [-2.944371, 43.250546],
            [-2.944178, 43.250357],
            [-2.943994, 43.250188],
            [-2.943822, 43.250051],
            [-2.943353, 43.249684],
            [-2.943009, 43.249358],
            [-2.942824, 43.249139],
            [-2.942637, 43.248912],
            [-2.942514, 43.248767],
            [-2.94229, 43.24852],
            [-2.942046, 43.248284],
            [-2.941579, 43.247971],
            [-2.941523, 43.247475],
            [-2.940766, 43.245675],
            [-2.94202, 43.245398],
            [-2.942257, 43.244928],
            [-2.942281, 43.244776]
          ]
        ]
      }
    },
    {
      "type": "Feature",
      "properties": {
        "id": "705",
        "name": "Uretamendi",
        "cityId": "bilbao"
      },
      "geometry": {
        "type": "Polygon",
        "coordinates": [
          [
            [-2.947249, 43.248039],
            [-2.947128, 43.248187],
            [-2.946945, 43.248387],
            [-2.946919, 43.248469],
            [-2.946895, 43.248619],
            [-2.946875, 43.248698],
            [-2.94686, 43.248798],
            [-2.946831, 43.248924],
            [-2.946802, 43.249041],
            [-2.946758, 43.249205],
            [-2.946852, 43.249296],
            [-2.947037, 43.249287],
            [-2.947202, 43.249236],
            [-2.947413, 43.249267],
            [-2.947587, 43.249292],
            [-2.947764, 43.249303],
            [-2.947932, 43.249311],
            [-2.948038, 43.24935],
            [-2.948216, 43.249379],
            [-2.948397, 43.249392],
            [-2.948567, 43.249373],
            [-2.948703, 43.249336],
            [-2.948793, 43.2493],
            [-2.948905, 43.24929],
            [-2.949011, 43.249295],
            [-2.949094, 43.249315],
            [-2.94925, 43.249355],
            [-2.94932, 43.24939],
            [-2.949338, 43.249525],
            [-2.949306, 43.249627],
            [-2.949233, 43.249708],
            [-2.949168, 43.249749],
            [-2.949111, 43.249774],
            [-2.949006, 43.249779],
            [-2.948556, 43.251613],
            [-2.949359, 43.252176],
            [-2.949686, 43.252412],
            [-2.9503, 43.252049],
            [-2.95294, 43.250527],
            [-2.953358, 43.249907],
            [-2.952793, 43.248844],
            [-2.952417, 43.248217],
            [-2.952141, 43.247844],
            [-2.951614, 43.247373],
            [-2.951724, 43.247163],
            [-2.951763, 43.247089],
            [-2.951773, 43.247058],
            [-2.951779, 43.247011],
            [-2.951777, 43.246949],
            [-2.951771, 43.246906],
            [-2.951754, 43.246822],
            [-2.951697, 43.246742],
            [-2.951602, 43.246657],
            [-2.951493, 43.246614],
            [-2.951444, 43.246607],
            [-2.95138, 43.246604],
            [-2.951225, 43.246608],
            [-2.951077, 43.246671],
            [-2.950933, 43.246766],
            [-2.950716, 43.246913],
            [-2.950195, 43.247251],
            [-2.950109, 43.247272],
            [-2.950024, 43.247225],
            [-2.949926, 43.247219],
            [-2.949891, 43.247149],
            [-2.949835, 43.247071],
            [-2.94979, 43.247011],
            [-2.949737, 43.246944],
            [-2.949627, 43.246879],
            [-2.949493, 43.246803],
            [-2.949345, 43.246713],
            [-2.949215, 43.246648],
            [-2.949085, 43.246583],
            [-2.948934, 43.246549],
            [-2.948877, 43.246536],
            [-2.948699, 43.246495],
            [-2.948603, 43.246463],
            [-2.948573, 43.246523],
            [-2.948517, 43.246636],
            [-2.948476, 43.246734],
            [-2.948409, 43.246867],
            [-2.948365, 43.246943],
            [-2.94829, 43.247054],
            [-2.948249, 43.247128],
            [-2.948186, 43.24722],
            [-2.948075, 43.247347],
            [-2.947959, 43.247467],
            [-2.94784, 43.247573],
            [-2.947733, 43.247673],
            [-2.947514, 43.247852],
            [-2.947362, 43.247955],
            [-2.947312, 43.247989],
            [-2.947249, 43.248039]
          ]
        ]
      }
    },
    {
      "type": "Feature",
      "properties": {
        "id": "706",
        "name": "Iturrigorri-Peñascal",
        "cityId": "bilbao"
      },
      "geometry": {
        "type": "Polygon",
        "coordinates": [
          [
            [-2.947249, 43.248039],
            [-2.947312, 43.247989],
            [-2.947362, 43.247955],
            [-2.947514, 43.247852],
            [-2.947733, 43.247673],
            [-2.94784, 43.247573],
            [-2.947959, 43.247467],
            [-2.948075, 43.247347],
            [-2.948186, 43.24722],
            [-2.948249, 43.247128],
            [-2.94829, 43.247054],
            [-2.948365, 43.246943],
            [-2.948409, 43.246867],
            [-2.948476, 43.246734],
            [-2.948517, 43.246636],
            [-2.948573, 43.246523],
            [-2.948603, 43.246463],
            [-2.948699, 43.246495],
            [-2.948877, 43.246536],
            [-2.948934, 43.246549],
            [-2.949192, 43.24614],
            [-2.949239, 43.245688],
            [-2.950258, 43.243683],
            [-2.951713, 43.242068],
            [-2.951944, 43.241832],
            [-2.951586, 43.241519],
            [-2.950569, 43.238833],
            [-2.950618, 43.237223],
            [-2.949433, 43.23725],
            [-2.949202, 43.237615],
            [-2.949145, 43.237991],
            [-2.949129, 43.238083],
            [-2.948878, 43.238374],
            [-2.948667, 43.238561],
            [-2.947673, 43.23989],
            [-2.94789, 43.242547],
            [-2.947713, 43.242616],
            [-2.947326, 43.242808],
            [-2.94713, 43.242922],
            [-2.946861, 43.243107],
            [-2.946638, 43.243275],
            [-2.946437, 43.243471],
            [-2.94628, 43.243672],
            [-2.946138, 43.243861],
            [-2.946021, 43.244074],
            [-2.945967, 43.244243],
            [-2.945936, 43.244415],
            [-2.945925, 43.244565],
            [-2.945964, 43.244754],
            [-2.94597, 43.24491],
            [-2.945998, 43.245008],
            [-2.946027, 43.245106],
            [-2.946032, 43.245231],
            [-2.946038, 43.245355],
            [-2.946039, 43.245628],
            [-2.946009, 43.245867],
            [-2.945993, 43.2461],
            [-2.945992, 43.246114],
            [-2.945943, 43.246328],
            [-2.945855, 43.246644],
            [-2.945748, 43.24696],
            [-2.94565, 43.247174],
            [-2.94556, 43.247454],
            [-2.945608, 43.247508],
            [-2.945726, 43.247656],
            [-2.945758, 43.247693],
            [-2.945799, 43.247741],
            [-2.945868, 43.247838],
            [-2.945997, 43.24793],
            [-2.94616, 43.248004],
            [-2.946305, 43.248034],
            [-2.946429, 43.248048],
            [-2.946524, 43.248042],
            [-2.946656, 43.248025],
            [-2.946787, 43.248004],
            [-2.946943, 43.247987],
            [-2.94708, 43.247987],
            [-2.947154, 43.248008],
            [-2.947249, 43.248039]
          ]
        ]
      }
    },
    {
      "type": "Feature",
      "properties": {
        "id": "707",
        "name": "Diseminado Errekalde",
        "cityId": "bilbao"
      },
      "geometry": {
        "type": "Polygon",
        "coordinates": [
          [
            [-2.942281, 43.244776],
            [-2.943418, 43.244823],
            [-2.943477, 43.244386],
            [-2.943608, 43.244138],
            [-2.943617, 43.244121],
            [-2.94362, 43.244114],
            [-2.943728, 43.24364],
            [-2.943984, 43.243842],
            [-2.944477, 43.244276],
            [-2.944665, 43.244412],
            [-2.945133, 43.244562],
            [-2.945563, 43.244677],
            [-2.945964, 43.244754],
            [-2.945925, 43.244565],
            [-2.945936, 43.244415],
            [-2.945967, 43.244243],
            [-2.946021, 43.244074],
            [-2.946138, 43.243861],
            [-2.94628, 43.243672],
            [-2.946437, 43.243471],
            [-2.946638, 43.243275],
            [-2.946861, 43.243107],
            [-2.94713, 43.242922],
            [-2.947326, 43.242808],
            [-2.947713, 43.242616],
            [-2.94789, 43.242547],
            [-2.947673, 43.23989],
            [-2.948667, 43.238561],
            [-2.948878, 43.238374],
            [-2.949129, 43.238083],
            [-2.949145, 43.237991],
            [-2.949202, 43.237615],
            [-2.949433, 43.23725],
            [-2.950618, 43.237223],
            [-2.950569, 43.238833],
            [-2.951586, 43.241519],
            [-2.951944, 43.241832],
            [-2.951713, 43.242068],
            [-2.950258, 43.243683],
            [-2.949239, 43.245688],
            [-2.949192, 43.24614],
            [-2.948934, 43.246549],
            [-2.949085, 43.246583],
            [-2.949215, 43.246648],
            [-2.949345, 43.246713],
            [-2.949493, 43.246803],
            [-2.949627, 43.246879],
            [-2.949737, 43.246944],
            [-2.94979, 43.247011],
            [-2.949835, 43.247071],
            [-2.949891, 43.247149],
            [-2.949926, 43.247219],
            [-2.950024, 43.247225],
            [-2.950109, 43.247272],
            [-2.950195, 43.247251],
            [-2.950716, 43.246913],
            [-2.950933, 43.246766],
            [-2.951077, 43.246671],
            [-2.951225, 43.246608],
            [-2.95138, 43.246604],
            [-2.951444, 43.246607],
            [-2.951493, 43.246614],
            [-2.951602, 43.246657],
            [-2.951697, 43.246742],
            [-2.951754, 43.246822],
            [-2.951771, 43.246906],
            [-2.951777, 43.246949],
            [-2.951779, 43.247011],
            [-2.951773, 43.247058],
            [-2.951763, 43.247089],
            [-2.951724, 43.247163],
            [-2.951614, 43.247373],
            [-2.952141, 43.247844],
            [-2.952417, 43.248217],
            [-2.952793, 43.248844],
            [-2.953358, 43.249907],
            [-2.95294, 43.250527],
            [-2.96109, 43.248983],
            [-2.973157, 43.23453],
            [-2.969089, 43.23224],
            [-2.966395, 43.231574],
            [-2.961408, 43.230926],
            [-2.958411, 43.229229],
            [-2.953155, 43.22625],
            [-2.950895, 43.22584],
            [-2.950244, 43.225439],
            [-2.949895, 43.225091],
            [-2.948827, 43.224341],
            [-2.948061, 43.223928],
            [-2.947763, 43.223616],
            [-2.947818, 43.221476],
            [-2.947509, 43.219102],
            [-2.947051, 43.219297],
            [-2.946833, 43.219499],
            [-2.946603, 43.219648],
            [-2.946504, 43.219696],
            [-2.946404, 43.219842],
            [-2.946247, 43.220033],
            [-2.946066, 43.220155],
            [-2.945819, 43.220399],
            [-2.945802, 43.220556],
            [-2.945845, 43.22067],
            [-2.945988, 43.220991],
            [-2.945998, 43.22113],
            [-2.945711, 43.22167],
            [-2.94565, 43.221951],
            [-2.945608, 43.222513],
            [-2.945661, 43.223029],
            [-2.945558, 43.223644],
            [-2.945511, 43.224369],
            [-2.945464, 43.224983],
            [-2.945431, 43.225792],
            [-2.945291, 43.225819],
            [-2.945121, 43.225801],
            [-2.944811, 43.225785],
            [-2.944353, 43.225788],
            [-2.944065, 43.225699],
            [-2.94395, 43.225628],
            [-2.94385, 43.225523],
            [-2.943762, 43.225556],
            [-2.943728, 43.22563],
            [-2.943743, 43.225792],
            [-2.943976, 43.226213],
            [-2.943964, 43.226258],
            [-2.943919, 43.226322],
            [-2.943991, 43.226406],
            [-2.944464, 43.226717],
            [-2.944737, 43.226935],
            [-2.945192, 43.227188],
            [-2.945702, 43.227468],
            [-2.945687, 43.227585],
            [-2.945556, 43.227714],
            [-2.945405, 43.227815],
            [-2.945225, 43.227905],
            [-2.944994, 43.228035],
            [-2.944642, 43.228213],
            [-2.944041, 43.228344],
            [-2.943483, 43.228532],
            [-2.943091, 43.228747],
            [-2.94283, 43.228827],
            [-2.942623, 43.229059],
            [-2.942417, 43.229219],
            [-2.942378, 43.229255],
            [-2.942383, 43.229354],
            [-2.942389, 43.22947],
            [-2.942398, 43.229607],
            [-2.942389, 43.229729],
            [-2.942334, 43.229832],
            [-2.94228, 43.229863],
            [-2.942204, 43.229891],
            [-2.942143, 43.229911],
            [-2.942037, 43.229913],
            [-2.941851, 43.229918],
            [-2.94163, 43.229913],
            [-2.941421, 43.229931],
            [-2.94133, 43.229993],
            [-2.941263, 43.230084],
            [-2.941199, 43.230186],
            [-2.94112, 43.23031],
            [-2.941093, 43.230421],
            [-2.941053, 43.230585],
            [-2.94101, 43.230749],
            [-2.941013, 43.230883],
            [-2.941022, 43.231022],
            [-2.941028, 43.231209],
            [-2.941028, 43.231337],
            [-2.94101, 43.231388],
            [-2.940919, 43.231568],
            [-2.9408, 43.231848],
            [-2.940675, 43.232105],
            [-2.940605, 43.232442],
            [-2.940511, 43.232759],
            [-2.940444, 43.23295],
            [-2.940365, 43.233216],
            [-2.94024, 43.233494],
            [-2.940228, 43.233585],
            [-2.940191, 43.233809],
            [-2.940209, 43.234004],
            [-2.940209, 43.234277],
            [-2.940236, 43.234805],
            [-2.940196, 43.235009],
            [-2.940156, 43.235176],
            [-2.940117, 43.235273],
            [-2.940041, 43.235391],
            [-2.939916, 43.235526],
            [-2.939801, 43.235622],
            [-2.939515, 43.23579],
            [-2.939479, 43.235852],
            [-2.9395, 43.235945],
            [-2.93967, 43.236294],
            [-2.939791, 43.236591],
            [-2.939824, 43.236813],
            [-2.939836, 43.236966],
            [-2.939945, 43.23726],
            [-2.940005, 43.237475],
            [-2.940045, 43.237667],
            [-2.940078, 43.237909],
            [-2.940123, 43.238129],
            [-2.940123, 43.238298],
            [-2.940101, 43.23846],
            [-2.940071, 43.238713],
            [-2.940034, 43.238852],
            [-2.939983, 43.239041],
            [-2.939855, 43.239347],
            [-2.93976, 43.239535],
            [-2.939681, 43.239671],
            [-2.939359, 43.240212],
            [-2.939171, 43.240556],
            [-2.939137, 43.240651],
            [-2.939128, 43.240791],
            [-2.93917, 43.240871],
            [-2.939216, 43.240942],
            [-2.939307, 43.241013],
            [-2.939383, 43.241057],
            [-2.939489, 43.241093],
            [-2.939643, 43.241115],
            [-2.939783, 43.241104],
            [-2.939914, 43.241069],
            [-2.940041, 43.241],
            [-2.940157, 43.24092],
            [-2.940239, 43.240856],
            [-2.94033, 43.240734],
            [-2.940403, 43.240608],
            [-2.940467, 43.240432],
            [-2.940476, 43.240237],
            [-2.940543, 43.239893],
            [-2.940613, 43.239769],
            [-2.940689, 43.239718],
            [-2.940777, 43.239689],
            [-2.940883, 43.239683],
            [-2.940983, 43.239712],
            [-2.941093, 43.239778],
            [-2.94115, 43.239847],
            [-2.941211, 43.239942],
            [-2.941268, 43.240087],
            [-2.941295, 43.240295],
            [-2.941298, 43.240635],
            [-2.94131, 43.241019],
            [-2.941298, 43.241196],
            [-2.941264, 43.241396],
            [-2.941212, 43.241507],
            [-2.941091, 43.241664],
            [-2.940957, 43.241826],
            [-2.940784, 43.241957],
            [-2.940587, 43.242125],
            [-2.940474, 43.24216],
            [-2.940149, 43.242274],
            [-2.94, 43.242322],
            [-2.940755, 43.242915],
            [-2.940927, 43.243092],
            [-2.941039, 43.243226],
            [-2.941183, 43.24337],
            [-2.941311, 43.243518],
            [-2.941412, 43.243683],
            [-2.941462, 43.24381],
            [-2.941531, 43.243915],
            [-2.941626, 43.244011],
            [-2.941734, 43.244123],
            [-2.941855, 43.244177],
            [-2.941968, 43.244272],
            [-2.942083, 43.244365],
            [-2.942162, 43.244465],
            [-2.94223, 43.244569],
            [-2.942265, 43.244644],
            [-2.942281, 43.244776]
          ]
        ]
      }
    },
    {
      "type": "Feature",
      "properties": {
        "id": "801",
        "name": "Basurtu",
        "cityId": "bilbao"
      },
      "geometry": {
        "type": "Polygon",
        "coordinates": [
          [
            [-2.952135, 43.256468],
            [-2.951897, 43.256359],
            [-2.951723, 43.256271],
            [-2.951487, 43.256205],
            [-2.951223, 43.256146],
            [-2.950915, 43.25607],
            [-2.950496, 43.256169],
            [-2.950495, 43.256169],
            [-2.95039, 43.256089],
            [-2.950027, 43.255891],
            [-2.949445, 43.255763],
            [-2.948937, 43.255645],
            [-2.948576, 43.255517],
            [-2.948353, 43.255438],
            [-2.947938, 43.255307],
            [-2.947724, 43.25524],
            [-2.947433, 43.255176],
            [-2.947133, 43.255129],
            [-2.946871, 43.255088],
            [-2.946547, 43.255048],
            [-2.946373, 43.255025],
            [-2.946174, 43.255014],
            [-2.945955, 43.254993],
            [-2.945629, 43.254996],
            [-2.945043, 43.254976],
            [-2.944703, 43.254976],
            [-2.944215, 43.254968],
            [-2.943916, 43.255236],
            [-2.944196, 43.255319],
            [-2.944593, 43.255457],
            [-2.944936, 43.255656],
            [-2.945398, 43.255961],
            [-2.945657, 43.256101],
            [-2.945735, 43.256241],
            [-2.94584, 43.256476],
            [-2.945939, 43.256733],
            [-2.945972, 43.256885],
            [-2.946025, 43.257314],
            [-2.946089, 43.257695],
            [-2.946085, 43.257815],
            [-2.946245, 43.258928],
            [-2.946287, 43.259185],
            [-2.946329, 43.259364],
            [-2.946419, 43.259667],
            [-2.946566, 43.259957],
            [-2.946706, 43.260161],
            [-2.946839, 43.260327],
            [-2.947078, 43.26053],
            [-2.946834, 43.261102],
            [-2.946397, 43.262311],
            [-2.946034, 43.263193],
            [-2.945647, 43.264163],
            [-2.945203, 43.265256],
            [-2.947327, 43.265828],
            [-2.947648, 43.26577],
            [-2.948167, 43.265691],
            [-2.948538, 43.265631],
            [-2.948803, 43.265587],
            [-2.949167, 43.265521],
            [-2.949518, 43.265461],
            [-2.949733, 43.265423],
            [-2.94991, 43.265389],
            [-2.950122, 43.265343],
            [-2.950352, 43.26529],
            [-2.950207, 43.265075],
            [-2.950592, 43.264977],
            [-2.950802, 43.264888],
            [-2.951, 43.264771],
            [-2.951225, 43.264604],
            [-2.951369, 43.264494],
            [-2.951634, 43.264478],
            [-2.951855, 43.264472],
            [-2.952055, 43.264415],
            [-2.952328, 43.264312],
            [-2.952792, 43.264154],
            [-2.952876, 43.26412],
            [-2.953121, 43.264056],
            [-2.953368, 43.264003],
            [-2.953819, 43.263948],
            [-2.953963, 43.263893],
            [-2.954189, 43.263811],
            [-2.954687, 43.263679],
            [-2.954966, 43.26358],
            [-2.955345, 43.263395],
            [-2.955414, 43.263297],
            [-2.955452, 43.263207],
            [-2.955445, 43.262951],
            [-2.95543, 43.262745],
            [-2.955393, 43.262429],
            [-2.95538, 43.26228],
            [-2.955358, 43.262125],
            [-2.955315, 43.261987],
            [-2.955265, 43.261889],
            [-2.95518, 43.261749],
            [-2.95508, 43.261596],
            [-2.954849, 43.261266],
            [-2.954732, 43.261023],
            [-2.954667, 43.260893],
            [-2.954656, 43.260764],
            [-2.954799, 43.260833],
            [-2.954982, 43.260936],
            [-2.955137, 43.261057],
            [-2.955672, 43.26164],
            [-2.956055, 43.262025],
            [-2.956628, 43.262571],
            [-2.956861, 43.262815],
            [-2.957052, 43.262997],
            [-2.957183, 43.263088],
            [-2.95732, 43.263165],
            [-2.957498, 43.263217],
            [-2.957718, 43.263255],
            [-2.957972, 43.263282],
            [-2.958222, 43.263301],
            [-2.958466, 43.263305],
            [-2.958661, 43.263314],
            [-2.958866, 43.263351],
            [-2.959064, 43.263414],
            [-2.959189, 43.263463],
            [-2.960086, 43.262857],
            [-2.959681, 43.262366],
            [-2.959092, 43.261567],
            [-2.958793, 43.261175],
            [-2.958483, 43.260873],
            [-2.958296, 43.260689],
            [-2.958124, 43.260563],
            [-2.957672, 43.26025],
            [-2.957409, 43.260095],
            [-2.957015, 43.259932],
            [-2.956564, 43.259801],
            [-2.956025, 43.259662],
            [-2.955533, 43.259527],
            [-2.955181, 43.259422],
            [-2.954925, 43.259299],
            [-2.954677, 43.259176],
            [-2.954397, 43.259001],
            [-2.954073, 43.258764],
            [-2.953825, 43.258524],
            [-2.953594, 43.258255],
            [-2.953398, 43.257942],
            [-2.953279, 43.257703],
            [-2.953194, 43.25755],
            [-2.953122, 43.257421],
            [-2.953018, 43.257243],
            [-2.952902, 43.257097],
            [-2.952768, 43.25693],
            [-2.952691, 43.256848],
            [-2.952543, 43.256722],
            [-2.952358, 43.256612],
            [-2.952135, 43.256468]
          ]
        ]
      }
    },
    {
      "type": "Feature",
      "properties": {
        "id": "802",
        "name": "Olabeaga",
        "cityId": "bilbao"
      },
      "geometry": {
        "type": "Polygon",
        "coordinates": [
          [
            [-2.950811, 43.266052],
            [-2.953064, 43.265678],
            [-2.954666, 43.265426],
            [-2.955429, 43.265339],
            [-2.956014, 43.2653],
            [-2.95663, 43.265282],
            [-2.957001, 43.265304],
            [-2.957449, 43.26532],
            [-2.957938, 43.265376],
            [-2.958383, 43.265462],
            [-2.958744, 43.265606],
            [-2.959106, 43.265742],
            [-2.959442, 43.26591],
            [-2.9599, 43.266244],
            [-2.960277, 43.266535],
            [-2.960738, 43.266848],
            [-2.961243, 43.267246],
            [-2.961869, 43.267744],
            [-2.962309, 43.268087],
            [-2.962876, 43.268555],
            [-2.963427, 43.269026],
            [-2.963814, 43.269414],
            [-2.964166, 43.269762],
            [-2.964438, 43.270024],
            [-2.965339, 43.269885],
            [-2.965029, 43.269442],
            [-2.964678, 43.269058],
            [-2.964516, 43.268864],
            [-2.963993, 43.26836],
            [-2.963839, 43.268191],
            [-2.963616, 43.267888],
            [-2.963324, 43.267452],
            [-2.963144, 43.267146],
            [-2.962914, 43.266874],
            [-2.962238, 43.266113],
            [-2.961647, 43.265393],
            [-2.961416, 43.265098],
            [-2.961178, 43.264784],
            [-2.960978, 43.264548],
            [-2.960825, 43.264382],
            [-2.960629, 43.26425],
            [-2.960199, 43.264006],
            [-2.959745, 43.26377],
            [-2.959189, 43.263463],
            [-2.959064, 43.263414],
            [-2.958866, 43.263351],
            [-2.958661, 43.263314],
            [-2.958466, 43.263305],
            [-2.958222, 43.263301],
            [-2.957972, 43.263282],
            [-2.957718, 43.263255],
            [-2.957498, 43.263217],
            [-2.95732, 43.263165],
            [-2.957183, 43.263088],
            [-2.957052, 43.262997],
            [-2.956861, 43.262815],
            [-2.956628, 43.262571],
            [-2.956055, 43.262025],
            [-2.955672, 43.26164],
            [-2.955137, 43.261057],
            [-2.954982, 43.260936],
            [-2.954799, 43.260833],
            [-2.954656, 43.260764],
            [-2.954667, 43.260893],
            [-2.954732, 43.261023],
            [-2.954849, 43.261266],
            [-2.95508, 43.261596],
            [-2.95518, 43.261749],
            [-2.955265, 43.261889],
            [-2.955315, 43.261987],
            [-2.955358, 43.262125],
            [-2.95538, 43.26228],
            [-2.955393, 43.262429],
            [-2.95543, 43.262745],
            [-2.955445, 43.262951],
            [-2.955452, 43.263207],
            [-2.955414, 43.263297],
            [-2.955345, 43.263395],
            [-2.954966, 43.26358],
            [-2.954687, 43.263679],
            [-2.954189, 43.263811],
            [-2.953963, 43.263893],
            [-2.953819, 43.263948],
            [-2.953368, 43.264003],
            [-2.953121, 43.264056],
            [-2.952876, 43.26412],
            [-2.952792, 43.264154],
            [-2.952328, 43.264312],
            [-2.952055, 43.264415],
            [-2.951855, 43.264472],
            [-2.951634, 43.264478],
            [-2.951369, 43.264494],
            [-2.951225, 43.264604],
            [-2.951, 43.264771],
            [-2.950802, 43.264888],
            [-2.950592, 43.264977],
            [-2.950207, 43.265075],
            [-2.950352, 43.26529],
            [-2.950811, 43.266052]
          ]
        ]
      }
    },
    {
      "type": "Feature",
      "properties": {
        "id": "803",
        "name": "Masustegi-Monte Caramelo",
        "cityId": "bilbao"
      },
      "geometry": {
        "type": "Polygon",
        "coordinates": [
          [
            [-2.952135, 43.256468],
            [-2.952358, 43.256612],
            [-2.952543, 43.256722],
            [-2.952691, 43.256848],
            [-2.952768, 43.25693],
            [-2.952902, 43.257097],
            [-2.953018, 43.257243],
            [-2.953122, 43.257421],
            [-2.953194, 43.25755],
            [-2.953279, 43.257703],
            [-2.953398, 43.257942],
            [-2.953594, 43.258255],
            [-2.953825, 43.258524],
            [-2.954073, 43.258764],
            [-2.954397, 43.259001],
            [-2.954677, 43.259176],
            [-2.954925, 43.259299],
            [-2.955181, 43.259422],
            [-2.955533, 43.259527],
            [-2.956025, 43.259662],
            [-2.956564, 43.259801],
            [-2.957015, 43.259932],
            [-2.957409, 43.260095],
            [-2.957672, 43.26025],
            [-2.958124, 43.260563],
            [-2.958296, 43.260689],
            [-2.959616, 43.259177],
            [-2.961116, 43.257601],
            [-2.960906, 43.25747],
            [-2.960607, 43.257253],
            [-2.96018, 43.256828],
            [-2.959657, 43.256228],
            [-2.959591, 43.256055],
            [-2.959802, 43.255764],
            [-2.960136, 43.25557],
            [-2.960262, 43.255448],
            [-2.960327, 43.255132],
            [-2.96032, 43.254605],
            [-2.960031, 43.254284],
            [-2.95983, 43.254039],
            [-2.959587, 43.253886],
            [-2.959243, 43.253843],
            [-2.959046, 43.253778],
            [-2.958763, 43.253767],
            [-2.958118, 43.253898],
            [-2.957692, 43.253891],
            [-2.956379, 43.253603],
            [-2.955863, 43.253464],
            [-2.955699, 43.25319],
            [-2.955565, 43.252753],
            [-2.955342, 43.25249],
            [-2.955059, 43.25237],
            [-2.955045, 43.252345],
            [-2.954956, 43.252261],
            [-2.954497, 43.252156],
            [-2.953807, 43.252206],
            [-2.953386, 43.252222],
            [-2.95261, 43.252817],
            [-2.951461, 43.252601],
            [-2.951195, 43.253287],
            [-2.952511, 43.253876],
            [-2.953632, 43.253737],
            [-2.953511, 43.253898],
            [-2.953451, 43.25403],
            [-2.953381, 43.25412],
            [-2.953305, 43.254191],
            [-2.953187, 43.254259],
            [-2.953098, 43.254303],
            [-2.952916, 43.254374],
            [-2.952891, 43.254419],
            [-2.95296, 43.254537],
            [-2.952988, 43.254679],
            [-2.95298, 43.254806],
            [-2.952956, 43.254981],
            [-2.952802, 43.255277],
            [-2.952623, 43.255401],
            [-2.952619, 43.255469],
            [-2.953089, 43.255993],
            [-2.952135, 43.256468]
          ]
        ]
      }
    },
    {
      "type": "Feature",
      "properties": {
        "id": "804",
        "name": "Altamira",
        "cityId": "bilbao"
      },
      "geometry": {
        "type": "Polygon",
        "coordinates": [
          [
            [-2.958296, 43.260689],
            [-2.958483, 43.260873],
            [-2.958793, 43.261175],
            [-2.959092, 43.261567],
            [-2.959681, 43.262366],
            [-2.960086, 43.262857],
            [-2.959189, 43.263463],
            [-2.959745, 43.26377],
            [-2.960199, 43.264006],
            [-2.96118, 43.263393],
            [-2.961878, 43.263471],
            [-2.961848, 43.263077],
            [-2.962611, 43.263536],
            [-2.962667, 43.263477],
            [-2.964883, 43.263034],
            [-2.965111, 43.262457],
            [-2.965029, 43.261663],
            [-2.964736, 43.261489],
            [-2.96458, 43.261399],
            [-2.964177, 43.261092],
            [-2.963722, 43.260836],
            [-2.963353, 43.260559],
            [-2.963118, 43.260421],
            [-2.962788, 43.260298],
            [-2.962621, 43.260241],
            [-2.962516, 43.260187],
            [-2.962288, 43.26007],
            [-2.961599, 43.2598],
            [-2.961041, 43.259558],
            [-2.960593, 43.259394],
            [-2.959969, 43.259211],
            [-2.959616, 43.259177],
            [-2.958296, 43.260689]
          ]
        ]
      }
    },
    {
      "type": "Feature",
      "properties": {
        "id": "805",
        "name": "Zorrotza",
        "cityId": "bilbao"
      },
      "geometry": {
        "type": "Polygon",
        "coordinates": [
          [
            [-2.973267, 43.26694],
            [-2.97301, 43.266964],
            [-2.972678, 43.266996],
            [-2.972394, 43.267006],
            [-2.972076, 43.267018],
            [-2.971731, 43.267044],
            [-2.971504, 43.267069],
            [-2.971352, 43.26713],
            [-2.971386, 43.267307],
            [-2.971428, 43.267428],
            [-2.971436, 43.267571],
            [-2.971441, 43.267727],
            [-2.971332, 43.26793],
            [-2.971089, 43.268137],
            [-2.97093, 43.268276],
            [-2.970843, 43.268359],
            [-2.970795, 43.268478],
            [-2.970832, 43.268604],
            [-2.97089, 43.268757],
            [-2.970886, 43.268823],
            [-2.970862, 43.268896],
            [-2.970825, 43.268944],
            [-2.970751, 43.268992],
            [-2.970637, 43.269049],
            [-2.970526, 43.269087],
            [-2.970395, 43.269116],
            [-2.970284, 43.26913],
            [-2.970122, 43.26914],
            [-2.969976, 43.269139],
            [-2.969852, 43.269114],
            [-2.969692, 43.269067],
            [-2.969555, 43.269002],
            [-2.969353, 43.26889],
            [-2.96914, 43.268758],
            [-2.968832, 43.268592],
            [-2.968649, 43.268494],
            [-2.968457, 43.268379],
            [-2.968179, 43.268223],
            [-2.968059, 43.268132],
            [-2.967975, 43.268051],
            [-2.967858, 43.267918],
            [-2.967777, 43.267763],
            [-2.96774, 43.267702],
            [-2.967651, 43.267508],
            [-2.967594, 43.26739],
            [-2.967531, 43.267313],
            [-2.967462, 43.267254],
            [-2.967408, 43.267215],
            [-2.967353, 43.267184],
            [-2.967292, 43.267152],
            [-2.966801, 43.267551],
            [-2.966484, 43.26782],
            [-2.966055, 43.268125],
            [-2.965688, 43.268411],
            [-2.965293, 43.26868],
            [-2.964929, 43.268903],
            [-2.96479, 43.268991],
            [-2.964678, 43.269058],
            [-2.965029, 43.269442],
            [-2.965339, 43.269885],
            [-2.964438, 43.270024],
            [-2.964543, 43.270126],
            [-2.964777, 43.270471],
            [-2.964982, 43.270771],
            [-2.965122, 43.270989],
            [-2.965224, 43.27116],
            [-2.965373, 43.271419],
            [-2.965541, 43.271739],
            [-2.965755, 43.272107],
            [-2.965923, 43.272448],
            [-2.966137, 43.272707],
            [-2.966398, 43.27298],
            [-2.966743, 43.273341],
            [-2.966976, 43.273634],
            [-2.967386, 43.274063],
            [-2.967678, 43.274313],
            [-2.967759, 43.274422],
            [-2.968079, 43.274843],
            [-2.968395, 43.275334],
            [-2.96865, 43.275764],
            [-2.968889, 43.276201],
            [-2.968939, 43.276322],
            [-2.969059, 43.276611],
            [-2.969149, 43.27692],
            [-2.969202, 43.277191],
            [-2.969232, 43.277455],
            [-2.969202, 43.277804],
            [-2.969191, 43.278065],
            [-2.969156, 43.278367],
            [-2.969121, 43.278703],
            [-2.969098, 43.279047],
            [-2.969064, 43.279433],
            [-2.969006, 43.279761],
            [-2.968931, 43.280224],
            [-2.968938, 43.280533],
            [-2.968863, 43.280854],
            [-2.968772, 43.281201],
            [-2.968729, 43.281329],
            [-2.968672, 43.281495],
            [-2.968528, 43.281916],
            [-2.968409, 43.282291],
            [-2.968298, 43.282595],
            [-2.968262, 43.282693],
            [-2.968119, 43.28305],
            [-2.967939, 43.283478],
            [-2.967881, 43.283708],
            [-2.967862, 43.283782],
            [-2.967784, 43.284062],
            [-2.967765, 43.284442],
            [-2.967758, 43.284703],
            [-2.967748, 43.284951],
            [-2.967782, 43.285174],
            [-2.96785, 43.285465],
            [-2.967931, 43.285674],
            [-2.968011, 43.285888],
            [-2.968107, 43.286056],
            [-2.968198, 43.286216],
            [-2.968344, 43.286393],
            [-2.968496, 43.286596],
            [-2.968692, 43.286805],
            [-2.968968, 43.28713],
            [-2.97124, 43.289845],
            [-2.97124, 43.289845],
            [-2.970564, 43.28846],
            [-2.97126, 43.287485],
            [-2.971268, 43.287459],
            [-2.971307, 43.287288],
            [-2.971332, 43.287142],
            [-2.971344, 43.287056],
            [-2.971361, 43.286967],
            [-2.971385, 43.286716],
            [-2.971402, 43.286472],
            [-2.971417, 43.286112],
            [-2.971445, 43.285516],
            [-2.971436, 43.284777],
            [-2.971439, 43.284231],
            [-2.971441, 43.28393],
            [-2.971441, 43.283759],
            [-2.971432, 43.283601],
            [-2.971438, 43.28347],
            [-2.971463, 43.283344],
            [-2.971494, 43.283257],
            [-2.971537, 43.283155],
            [-2.971598, 43.283073],
            [-2.971673, 43.282998],
            [-2.971666, 43.282998],
            [-2.971771, 43.282912],
            [-2.971913, 43.282825],
            [-2.972117, 43.282735],
            [-2.972427, 43.282605],
            [-2.972739, 43.28246],
            [-2.973031, 43.28233],
            [-2.973302, 43.282191],
            [-2.973626, 43.282013],
            [-2.973919, 43.281856],
            [-2.974245, 43.281663],
            [-2.974572, 43.281454],
            [-2.974836, 43.281274],
            [-2.975147, 43.281053],
            [-2.975521, 43.280766],
            [-2.97586, 43.2805],
            [-2.976285, 43.280115],
            [-2.976381, 43.280016],
            [-2.976489, 43.279891],
            [-2.976546, 43.27983],
            [-2.976609, 43.27975],
            [-2.976686, 43.279618],
            [-2.976724, 43.279545],
            [-2.976982, 43.278989],
            [-2.977108, 43.27869],
            [-2.977168, 43.278528],
            [-2.977198, 43.278353],
            [-2.977205, 43.278213],
            [-2.977186, 43.278081],
            [-2.977168, 43.277964],
            [-2.977124, 43.277857],
            [-2.977079, 43.277773],
            [-2.976779, 43.277352],
            [-2.976654, 43.277167],
            [-2.976558, 43.277014],
            [-2.976485, 43.276859],
            [-2.976474, 43.276838],
            [-2.976421, 43.276709],
            [-2.976393, 43.276568],
            [-2.976376, 43.276464],
            [-2.976363, 43.276355],
            [-2.976363, 43.276244],
            [-2.976369, 43.276131],
            [-2.9764, 43.275992],
            [-2.976425, 43.275888],
            [-2.97646, 43.275771],
            [-2.976524, 43.27563],
            [-2.976592, 43.275495],
            [-2.976789, 43.275099],
            [-2.976913, 43.274857],
            [-2.977269, 43.274144],
            [-2.977411, 43.273844],
            [-2.977473, 43.273696],
            [-2.977471, 43.27352],
            [-2.977471, 43.273364],
            [-2.977438, 43.273205],
            [-2.977389, 43.273069],
            [-2.977373, 43.273026],
            [-2.97732, 43.272917],
            [-2.977252, 43.272813],
            [-2.977191, 43.272746],
            [-2.977067, 43.272626],
            [-2.976929, 43.272509],
            [-2.97665, 43.272268],
            [-2.976508, 43.272146],
            [-2.976134, 43.271762],
            [-2.975641, 43.271234],
            [-2.97532, 43.270901],
            [-2.975047, 43.270627],
            [-2.974732, 43.270113],
            [-2.974463, 43.269663],
            [-2.974125, 43.269073],
            [-2.973747, 43.268392],
            [-2.973591, 43.267965],
            [-2.973478, 43.267632],
            [-2.973394, 43.267386],
            [-2.973324, 43.267166],
            [-2.973322, 43.267159],
            [-2.973298, 43.26705],
            [-2.973271, 43.266961],
            [-2.973267, 43.26694]
          ]
        ]
      }
    },
    {
      "type": "Feature",
      "properties": {
        "id": "806",
        "name": "Diseminado Basurtu-Zorrotza",
        "cityId": "bilbao"
      },
      "geometry": {
        "type": "Polygon",
        "coordinates": [
          [
            [-2.952135, 43.256468],
            [-2.953089, 43.255993],
            [-2.952619, 43.255469],
            [-2.952623, 43.255401],
            [-2.952802, 43.255277],
            [-2.952956, 43.254981],
            [-2.95298, 43.254806],
            [-2.952988, 43.254679],
            [-2.95296, 43.254537],
            [-2.952891, 43.254419],
            [-2.952916, 43.254374],
            [-2.953098, 43.254303],
            [-2.953187, 43.254259],
            [-2.953305, 43.254191],
            [-2.953381, 43.25412],
            [-2.953451, 43.25403],
            [-2.953511, 43.253898],
            [-2.953632, 43.253737],
            [-2.952511, 43.253876],
            [-2.951195, 43.253287],
            [-2.951461, 43.252601],
            [-2.95261, 43.252817],
            [-2.953386, 43.252222],
            [-2.953807, 43.252206],
            [-2.954497, 43.252156],
            [-2.954956, 43.252261],
            [-2.955045, 43.252345],
            [-2.955059, 43.25237],
            [-2.955342, 43.25249],
            [-2.955565, 43.252753],
            [-2.955699, 43.25319],
            [-2.955863, 43.253464],
            [-2.956379, 43.253603],
            [-2.957692, 43.253891],
            [-2.958118, 43.253898],
            [-2.958763, 43.253767],
            [-2.959046, 43.253778],
            [-2.959243, 43.253843],
            [-2.959587, 43.253886],
            [-2.95983, 43.254039],
            [-2.960031, 43.254284],
            [-2.96032, 43.254605],
            [-2.960327, 43.255132],
            [-2.960262, 43.255448],
            [-2.960136, 43.25557],
            [-2.959802, 43.255764],
            [-2.959591, 43.256055],
            [-2.959657, 43.256228],
            [-2.96018, 43.256828],
            [-2.960607, 43.257253],
            [-2.960906, 43.25747],
            [-2.961116, 43.257601],
            [-2.959616, 43.259177],
            [-2.959969, 43.259211],
            [-2.960593, 43.259394],
            [-2.961041, 43.259558],
            [-2.961599, 43.2598],
            [-2.962288, 43.26007],
            [-2.962516, 43.260187],
            [-2.962621, 43.260241],
            [-2.962788, 43.260298],
            [-2.963118, 43.260421],
            [-2.963353, 43.260559],
            [-2.963722, 43.260836],
            [-2.964177, 43.261092],
            [-2.96458, 43.261399],
            [-2.964736, 43.261489],
            [-2.965029, 43.261663],
            [-2.965111, 43.262457],
            [-2.964883, 43.263034],
            [-2.962667, 43.263477],
            [-2.962611, 43.263536],
            [-2.961848, 43.263077],
            [-2.961878, 43.263471],
            [-2.96118, 43.263393],
            [-2.960199, 43.264006],
            [-2.960629, 43.26425],
            [-2.960825, 43.264382],
            [-2.960978, 43.264548],
            [-2.961178, 43.264784],
            [-2.961416, 43.265098],
            [-2.961647, 43.265393],
            [-2.962238, 43.266113],
            [-2.962914, 43.266874],
            [-2.963144, 43.267146],
            [-2.963324, 43.267452],
            [-2.963616, 43.267888],
            [-2.963839, 43.268191],
            [-2.963993, 43.26836],
            [-2.964516, 43.268864],
            [-2.964678, 43.269058],
            [-2.96479, 43.268991],
            [-2.964929, 43.268903],
            [-2.965293, 43.26868],
            [-2.965688, 43.268411],
            [-2.966055, 43.268125],
            [-2.966484, 43.26782],
            [-2.966801, 43.267551],
            [-2.967292, 43.267152],
            [-2.967353, 43.267184],
            [-2.967408, 43.267215],
            [-2.967462, 43.267254],
            [-2.967531, 43.267313],
            [-2.967594, 43.26739],
            [-2.967651, 43.267508],
            [-2.96774, 43.267702],
            [-2.967777, 43.267763],
            [-2.967858, 43.267918],
            [-2.967975, 43.268051],
            [-2.968059, 43.268132],
            [-2.968179, 43.268223],
            [-2.968457, 43.268379],
            [-2.968649, 43.268494],
            [-2.968832, 43.268592],
            [-2.96914, 43.268758],
            [-2.969353, 43.26889],
            [-2.969555, 43.269002],
            [-2.969692, 43.269067],
            [-2.969852, 43.269114],
            [-2.969976, 43.269139],
            [-2.970122, 43.26914],
            [-2.970284, 43.26913],
            [-2.970395, 43.269116],
            [-2.970526, 43.269087],
            [-2.970637, 43.269049],
            [-2.970751, 43.268992],
            [-2.970825, 43.268944],
            [-2.970862, 43.268896],
            [-2.970886, 43.268823],
            [-2.97089, 43.268757],
            [-2.970832, 43.268604],
            [-2.970795, 43.268478],
            [-2.970843, 43.268359],
            [-2.97093, 43.268276],
            [-2.971089, 43.268137],
            [-2.971332, 43.26793],
            [-2.971441, 43.267727],
            [-2.971436, 43.267571],
            [-2.971428, 43.267428],
            [-2.971386, 43.267307],
            [-2.971352, 43.26713],
            [-2.971504, 43.267069],
            [-2.971731, 43.267044],
            [-2.972076, 43.267018],
            [-2.972394, 43.267006],
            [-2.972678, 43.266996],
            [-2.97301, 43.266964],
            [-2.973267, 43.26694],
            [-2.973249, 43.266857],
            [-2.973249, 43.266767],
            [-2.973276, 43.266671],
            [-2.973318, 43.2666],
            [-2.97336, 43.266504],
            [-2.973419, 43.266424],
            [-2.973523, 43.266337],
            [-2.973646, 43.266267],
            [-2.973949, 43.266077],
            [-2.974077, 43.266001],
            [-2.974938, 43.265442],
            [-2.975429, 43.265151],
            [-2.975686, 43.264988],
            [-2.975802, 43.264866],
            [-2.97586, 43.264807],
            [-2.975946, 43.26471],
            [-2.976005, 43.26463],
            [-2.976005, 43.264625],
            [-2.976054, 43.264532],
            [-2.97609, 43.264433],
            [-2.976106, 43.264337],
            [-2.976124, 43.264233],
            [-2.976124, 43.264126],
            [-2.976112, 43.264031],
            [-2.976088, 43.263918],
            [-2.976062, 43.263833],
            [-2.976027, 43.263726],
            [-2.975975, 43.263629],
            [-2.975931, 43.263536],
            [-2.975852, 43.263428],
            [-2.975753, 43.263297],
            [-2.975629, 43.263176],
            [-2.975525, 43.263062],
            [-2.975401, 43.262959],
            [-2.975295, 43.262868],
            [-2.975184, 43.262778],
            [-2.975087, 43.262694],
            [-2.974954, 43.262595],
            [-2.974701, 43.262423],
            [-2.974522, 43.262288],
            [-2.973921, 43.261931],
            [-2.973505, 43.261687],
            [-2.973183, 43.261476],
            [-2.972993, 43.261341],
            [-2.972767, 43.26118],
            [-2.972496, 43.260977],
            [-2.972261, 43.260774],
            [-2.971983, 43.26054],
            [-2.971705, 43.260317],
            [-2.971408, 43.260086],
            [-2.97122, 43.259926],
            [-2.970985, 43.259742],
            [-2.970802, 43.259574],
            [-2.970709, 43.259445],
            [-2.97055, 43.259203],
            [-2.970517, 43.259144],
            [-2.97049, 43.25904],
            [-2.97048, 43.258996],
            [-2.970476, 43.258915],
            [-2.970476, 43.25881],
            [-2.970503, 43.258699],
            [-2.970545, 43.258558],
            [-2.970587, 43.258483],
            [-2.970611, 43.25846],
            [-2.970687, 43.258375],
            [-2.970786, 43.258281],
            [-2.971045, 43.258099],
            [-2.971217, 43.257974],
            [-2.971334, 43.257879],
            [-2.971412, 43.257798],
            [-2.971487, 43.257726],
            [-2.971542, 43.257638],
            [-2.971591, 43.25755],
            [-2.971629, 43.257441],
            [-2.971701, 43.25723],
            [-2.971815, 43.256897],
            [-2.971992, 43.256461],
            [-2.972056, 43.256295],
            [-2.972113, 43.256192],
            [-2.972159, 43.256126],
            [-2.972192, 43.256075],
            [-2.972246, 43.256005],
            [-2.972313, 43.255925],
            [-2.972406, 43.25583],
            [-2.972498, 43.255736],
            [-2.972608, 43.255632],
            [-2.972972, 43.255352],
            [-2.973434, 43.254981],
            [-2.973579, 43.254857],
            [-2.973697, 43.254745],
            [-2.973815, 43.254621],
            [-2.973932, 43.25451],
            [-2.974065, 43.254336],
            [-2.974198, 43.254166],
            [-2.974258, 43.254067],
            [-2.974258, 43.254062],
            [-2.97431, 43.253984],
            [-2.974384, 43.253872],
            [-2.974441, 43.253781],
            [-2.974484, 43.253677],
            [-2.974535, 43.253556],
            [-2.974562, 43.253454],
            [-2.974575, 43.253368],
            [-2.97458, 43.253277],
            [-2.974595, 43.253183],
            [-2.974587, 43.253092],
            [-2.974567, 43.252998],
            [-2.974544, 43.252888],
            [-2.974528, 43.252857],
            [-2.974207, 43.252318],
            [-2.97411, 43.252176],
            [-2.974066, 43.252076],
            [-2.974035, 43.251998],
            [-2.974021, 43.251917],
            [-2.974046, 43.251824],
            [-2.974083, 43.251725],
            [-2.974115, 43.251639],
            [-2.974157, 43.251557],
            [-2.974225, 43.251473],
            [-2.974305, 43.251374],
            [-2.974403, 43.251286],
            [-2.974506, 43.251213],
            [-2.974623, 43.251136],
            [-2.974827, 43.251019],
            [-2.975079, 43.25087],
            [-2.975314, 43.250743],
            [-2.975666, 43.250544],
            [-2.976097, 43.250288],
            [-2.97648, 43.250066],
            [-2.976494, 43.250058],
            [-2.976766, 43.249941],
            [-2.976977, 43.24985],
            [-2.977229, 43.249746],
            [-2.977442, 43.249658],
            [-2.977577, 43.249572],
            [-2.977664, 43.249472],
            [-2.977726, 43.249352],
            [-2.977745, 43.24929],
            [-2.977755, 43.249085],
            [-2.977771, 43.248993],
            [-2.97778, 43.248945],
            [-2.977805, 43.248761],
            [-2.977843, 43.248627],
            [-2.977954, 43.248497],
            [-2.978083, 43.248373],
            [-2.978252, 43.248264],
            [-2.978456, 43.248158],
            [-2.97867, 43.2481],
            [-2.97888, 43.248113],
            [-2.979204, 43.248163],
            [-2.979466, 43.248189],
            [-2.979799, 43.248215],
            [-2.980071, 43.248246],
            [-2.980342, 43.248286],
            [-2.980538, 43.248292],
            [-2.980834, 43.248285],
            [-2.980845, 43.248284],
            [-2.981013, 43.248283],
            [-2.981209, 43.248253],
            [-2.981558, 43.248174],
            [-2.981697, 43.248137],
            [-2.981807, 43.24809],
            [-2.981941, 43.248028],
            [-2.982044, 43.248005],
            [-2.982197, 43.247961],
            [-2.982383, 43.247836],
            [-2.9826, 43.247675],
            [-2.982808, 43.247465],
            [-2.982948, 43.247314],
            [-2.983196, 43.247038],
            [-2.983404, 43.246797],
            [-2.983659, 43.246516],
            [-2.983837, 43.246363],
            [-2.984021, 43.246224],
            [-2.984185, 43.246123],
            [-2.984404, 43.24601],
            [-2.984538, 43.245954],
            [-2.984672, 43.245925],
            [-2.984716, 43.245918],
            [-2.984897, 43.2459],
            [-2.984969, 43.245903],
            [-2.985978, 43.246122],
            [-2.985962, 43.246007],
            [-2.984586, 43.244197],
            [-2.982669, 43.242574],
            [-2.980568, 43.240815],
            [-2.979204, 43.239677],
            [-2.977973, 43.238651],
            [-2.973271, 43.234594],
            [-2.973157, 43.23453],
            [-2.96109, 43.248983],
            [-2.95294, 43.250527],
            [-2.9503, 43.252049],
            [-2.949686, 43.252412],
            [-2.950766, 43.253406],
            [-2.950452, 43.255606],
            [-2.950483, 43.256112],
            [-2.950495, 43.256169],
            [-2.950496, 43.256169],
            [-2.950915, 43.25607],
            [-2.951223, 43.256146],
            [-2.951487, 43.256205],
            [-2.951723, 43.256271],
            [-2.951897, 43.256359],
            [-2.952135, 43.256468]
          ]
        ]
      }
    }
  ]
}
