{
  "type": "FeatureCollection",
  "name": "girona-neighborhoods",
  "metadata": {
    "schemaVersion": 1,
    "cityId": "girona",
    "cityName": "Girona",
    "representative": false,
    "source": "Sectors — Ajuntament de Girona, UMAT (CC BY)"
  },
  "features": [
    {
      "type": "Feature",
      "properties": {
        "id": "barri-vell",
        "name": "Barri Vell",
        "cityId": "girona"
      },
      "geometry": {
        "type": "MultiPolygon",
        "coordinates": [
          [
            [
              [2.826315, 41.990428],
              [2.82624, 41.990484],
              [2.826148, 41.990509],
              [2.826064, 41.990484],
              [2.826006, 41.990272],
              [2.825961, 41.990168],
              [2.82542, 41.98994],
              [2.824731, 41.989621],
              [2.824428, 41.989455],
              [2.823984, 41.989571],
              [2.823188, 41.989508],
              [2.82338, 41.988535],
              [2.823736, 41.987359],
              [2.824206, 41.986417],
              [2.824228, 41.986373],
              [2.824396, 41.986038],
              [2.824405, 41.98564],
              [2.824218, 41.985174],
              [2.823842, 41.984383],
              [2.823452, 41.983244],
              [2.823299, 41.982184],
              [2.823684, 41.982185],
              [2.823685, 41.98175],
              [2.823785, 41.981236],
              [2.823729, 41.980596],
              [2.82454, 41.980636],
              [2.824976, 41.980643],
              [2.825299, 41.980416],
              [2.825927, 41.980606],
              [2.826554, 41.980743],
              [2.826282, 41.981381],
              [2.826194, 41.981641],
              [2.826454, 41.982201],
              [2.826933, 41.982748],
              [2.82762, 41.983426],
              [2.827885, 41.983584],
              [2.828021, 41.983665],
              [2.82797, 41.983722],
              [2.827907, 41.98378],
              [2.82788, 41.983873],
              [2.827866, 41.983954],
              [2.82788, 41.984008],
              [2.827943, 41.984033],
              [2.828312, 41.984124],
              [2.828838, 41.984704],
              [2.829108, 41.985163],
              [2.829369, 41.98569],
              [2.829487, 41.986118],
              [2.829535, 41.986239],
              [2.829549, 41.986375],
              [2.829557, 41.986456],
              [2.829585, 41.986502],
              [2.829709, 41.986692],
              [2.829609, 41.986781],
              [2.829549, 41.986885],
              [2.829298, 41.986907],
              [2.82914, 41.98697],
              [2.829032, 41.987053],
              [2.828974, 41.987096],
              [2.828858, 41.987139],
              [2.828727, 41.987148],
              [2.82858, 41.987168],
              [2.828431, 41.987158],
              [2.828029, 41.98739],
              [2.826924, 41.987838],
              [2.826714, 41.988019],
              [2.826707, 41.988324],
              [2.82676, 41.988477],
              [2.827, 41.988591],
              [2.826999, 41.988834],
              [2.827502, 41.989636],
              [2.827323, 41.989707],
              [2.827277, 41.98973],
              [2.827224, 41.989765],
              [2.827176, 41.989814],
              [2.827114, 41.98988],
              [2.826959, 41.990112],
              [2.826791, 41.990261],
              [2.826741, 41.990192],
              [2.826666, 41.990117],
              [2.826491, 41.990111],
              [2.826441, 41.990173],
              [2.826424, 41.990223],
              [2.82634, 41.990316],
              [2.826315, 41.990428]
            ]
          ]
        ]
      }
    },
    {
      "type": "Feature",
      "properties": {
        "id": "can-gibert-del-pla",
        "name": "Can Gibert del Pla",
        "cityId": "girona"
      },
      "geometry": {
        "type": "MultiPolygon",
        "coordinates": [
          [
            [
              [2.808648, 41.973112],
              [2.808766, 41.973635],
              [2.808965, 41.974068],
              [2.809363, 41.97477],
              [2.809401, 41.975366],
              [2.809659, 41.976053],
              [2.809958, 41.976546],
              [2.809953, 41.976546],
              [2.809278, 41.976485],
              [2.808638, 41.97635],
              [2.807999, 41.97611],
              [2.80756, 41.97593],
              [2.806782, 41.975407],
              [2.806063, 41.975092],
              [2.80129, 41.974286],
              [2.801364, 41.974276],
              [2.801377, 41.973478],
              [2.801312, 41.973335],
              [2.801217, 41.973126],
              [2.801217, 41.973126],
              [2.801849, 41.973135],
              [2.801988, 41.973137],
              [2.801988, 41.973137],
              [2.802, 41.973069],
              [2.802011, 41.973003],
              [2.801917, 41.972796],
              [2.801648, 41.972202],
              [2.80172, 41.972015],
              [2.801677, 41.971922],
              [2.801563, 41.971674],
              [2.801655, 41.97158],
              [2.801709, 41.971526],
              [2.801709, 41.971526],
              [2.801686, 41.971478],
              [2.801642, 41.971489],
              [2.801641, 41.971489],
              [2.801618, 41.971462],
              [2.801581, 41.97144],
              [2.801545, 41.971423],
              [2.801506, 41.97141],
              [2.801412, 41.970843],
              [2.801361, 41.970533],
              [2.801361, 41.970533],
              [2.802395, 41.97028],
              [2.802458, 41.970198],
              [2.802479, 41.970171],
              [2.802471, 41.970158],
              [2.802397, 41.970024],
              [2.802397, 41.970023],
              [2.802273, 41.969797],
              [2.801867, 41.968705],
              [2.801762, 41.968478],
              [2.80139, 41.967782],
              [2.80134, 41.967709],
              [2.801322, 41.967695],
              [2.801279, 41.967666],
              [2.801166, 41.967231],
              [2.801149, 41.967129],
              [2.801143, 41.967097],
              [2.801079, 41.966953],
              [2.80097, 41.966628],
              [2.800875, 41.965984],
              [2.800779, 41.96499],
              [2.80075, 41.96466],
              [2.800668, 41.964201],
              [2.800598, 41.964067],
              [2.800392, 41.964002],
              [2.800389, 41.963967],
              [2.800389, 41.963967],
              [2.800461, 41.963921],
              [2.800551, 41.963916],
              [2.800654, 41.963901],
              [2.800697, 41.96387],
              [2.800721, 41.963853],
              [2.800762, 41.963872],
              [2.800867, 41.963922],
              [2.800867, 41.963922],
              [2.800857, 41.963898],
              [2.800838, 41.963855],
              [2.800919, 41.963837],
              [2.803305, 41.966028],
              [2.80339, 41.966554],
              [2.803828, 41.967017],
              [2.804067, 41.96736],
              [2.804665, 41.967899],
              [2.804645, 41.968048],
              [2.804822, 41.968794],
              [2.806317, 41.970274],
              [2.806256, 41.970602],
              [2.806415, 41.9709],
              [2.806855, 41.97105],
              [2.807414, 41.971186],
              [2.808193, 41.971381],
              [2.808532, 41.97168],
              [2.808691, 41.972083],
              [2.808648, 41.973112]
            ]
          ]
        ]
      }
    },
    {
      "type": "Feature",
      "properties": {
        "id": "carme",
        "name": "Carme",
        "cityId": "girona"
      },
      "geometry": {
        "type": "MultiPolygon",
        "coordinates": [
          [
            [
              [2.832876, 41.973817],
              [2.83275, 41.973966],
              [2.832104, 41.974512],
              [2.831442, 41.975106],
              [2.831341, 41.97533],
              [2.831319, 41.97562],
              [2.831334, 41.975854],
              [2.831431, 41.975991],
              [2.831501, 41.976116],
              [2.831576, 41.976407],
              [2.831543, 41.97662],
              [2.831364, 41.97685],
              [2.831164, 41.976971],
              [2.830958, 41.976922],
              [2.83084, 41.976728],
              [2.830576, 41.976635],
              [2.830154, 41.976683],
              [2.82991, 41.97672],
              [2.829865, 41.976718],
              [2.829789, 41.976726],
              [2.829698, 41.976788],
              [2.829461, 41.976886],
              [2.829321, 41.977012],
              [2.829182, 41.977233],
              [2.829231, 41.977641],
              [2.829411, 41.977851],
              [2.829799, 41.978247],
              [2.830344, 41.978433],
              [2.830525, 41.978721],
              [2.830499, 41.979111],
              [2.829897, 41.97974],
              [2.829682, 41.980316],
              [2.829612, 41.980445],
              [2.829731, 41.980884],
              [2.829614, 41.981094],
              [2.829359, 41.981137],
              [2.829267, 41.981161],
              [2.828899, 41.981278],
              [2.828818, 41.981366],
              [2.828752, 41.981511],
              [2.828736, 41.981616],
              [2.828854, 41.981733],
              [2.829135, 41.981835],
              [2.829081, 41.981943],
              [2.828967, 41.982088],
              [2.828978, 41.982181],
              [2.829327, 41.982275],
              [2.82942, 41.982315],
              [2.829728, 41.982581],
              [2.829981, 41.982783],
              [2.830235, 41.982893],
              [2.830543, 41.982958],
              [2.830734, 41.983072],
              [2.831047, 41.983359],
              [2.831186, 41.983568],
              [2.831055, 41.983808],
              [2.830758, 41.983892],
              [2.830122, 41.983899],
              [2.830071, 41.98387],
              [2.829966, 41.983824],
              [2.829812, 41.983807],
              [2.829691, 41.983779],
              [2.829604, 41.983765],
              [2.82941, 41.983706],
              [2.82928, 41.983661],
              [2.829205, 41.983631],
              [2.829129, 41.983603],
              [2.829064, 41.983598],
              [2.828964, 41.983612],
              [2.828764, 41.983588],
              [2.828664, 41.983562],
              [2.828546, 41.983539],
              [2.828321, 41.983581],
              [2.828167, 41.983619],
              [2.828075, 41.983645],
              [2.828021, 41.983665],
              [2.827885, 41.983584],
              [2.82762, 41.983426],
              [2.826933, 41.982748],
              [2.826454, 41.982201],
              [2.826194, 41.981641],
              [2.826282, 41.981381],
              [2.826554, 41.980743],
              [2.825927, 41.980606],
              [2.825299, 41.980416],
              [2.824976, 41.980643],
              [2.82454, 41.980636],
              [2.823729, 41.980596],
              [2.823929, 41.97998],
              [2.823984, 41.979507],
              [2.824144, 41.978876],
              [2.82404, 41.978285],
              [2.823541, 41.977121],
              [2.823623, 41.976254],
              [2.823756, 41.975702],
              [2.824392, 41.975171],
              [2.824934, 41.974867],
              [2.827651, 41.973891],
              [2.828729, 41.973683],
              [2.829957, 41.97383],
              [2.830905, 41.973767],
              [2.831759, 41.973465],
              [2.83181, 41.973447],
              [2.832415, 41.97311],
              [2.833341, 41.972742],
              [2.833013, 41.973654],
              [2.832876, 41.973817]
            ]
          ]
        ]
      }
    },
    {
      "type": "Feature",
      "properties": {
        "id": "domeny-nord",
        "name": "Domeny Nord",
        "cityId": "girona"
      },
      "geometry": {
        "type": "MultiPolygon",
        "coordinates": [
          [
            [
              [2.809038, 41.992265],
              [2.808637, 41.993254],
              [2.808459, 41.993596],
              [2.80827, 41.993853],
              [2.807987, 41.993985],
              [2.80759, 41.994055],
              [2.806294, 41.994193],
              [2.804392, 41.994463],
              [2.80228, 41.994755],
              [2.800721, 41.995431],
              [2.800303, 41.99557],
              [2.798612, 41.996524],
              [2.798612, 41.996524],
              [2.798612, 41.996525],
              [2.798508, 41.996447],
              [2.794977, 41.994115],
              [2.791455, 41.9918],
              [2.788547, 41.990016],
              [2.788546, 41.990015],
              [2.788505, 41.989973],
              [2.788505, 41.989973],
              [2.78868, 41.989972],
              [2.789341, 41.989938],
              [2.79123, 41.989853],
              [2.791832, 41.989879],
              [2.793493, 41.990155],
              [2.797325, 41.990807],
              [2.802758, 41.991753],
              [2.805081, 41.992168],
              [2.805937, 41.992289],
              [2.806692, 41.992297],
              [2.809038, 41.992265]
            ]
          ]
        ]
      }
    },
    {
      "type": "Feature",
      "properties": {
        "id": "domeny-sud",
        "name": "Domeny Sud",
        "cityId": "girona"
      },
      "geometry": {
        "type": "MultiPolygon",
        "coordinates": [
          [
            [
              [2.809038, 41.992265],
              [2.806692, 41.992297],
              [2.805937, 41.992289],
              [2.805081, 41.992168],
              [2.802758, 41.991753],
              [2.797325, 41.990807],
              [2.793493, 41.990155],
              [2.791832, 41.989879],
              [2.79123, 41.989853],
              [2.789341, 41.989938],
              [2.78868, 41.989972],
              [2.788505, 41.989973],
              [2.788505, 41.989973],
              [2.788017, 41.989475],
              [2.787567, 41.989116],
              [2.787403, 41.988986],
              [2.786635, 41.988329],
              [2.78576, 41.987526],
              [2.784823, 41.986569],
              [2.784708, 41.986527],
              [2.784183, 41.985959],
              [2.78405, 41.985801],
              [2.783455, 41.985095],
              [2.782877, 41.984344],
              [2.782733, 41.984156],
              [2.782733, 41.984156],
              [2.783296, 41.984297],
              [2.783744, 41.984401],
              [2.784225, 41.984475],
              [2.784575, 41.984549],
              [2.785015, 41.984641],
              [2.785406, 41.984739],
              [2.787523, 41.985351],
              [2.788071, 41.985444],
              [2.78951, 41.985524],
              [2.795923, 41.985527],
              [2.796461, 41.985488],
              [2.79743, 41.985249],
              [2.797968, 41.985044],
              [2.798836, 41.984589],
              [2.799349, 41.984179],
              [2.800262, 41.983275],
              [2.800261, 41.983275],
              [2.800074, 41.983148],
              [2.800075, 41.983148],
              [2.800806, 41.983172],
              [2.806362, 41.984684],
              [2.809261, 41.985351],
              [2.809708, 41.9857],
              [2.809199, 41.990605],
              [2.809048, 41.992241],
              [2.809038, 41.992265]
            ]
          ]
        ]
      }
    },
    {
      "type": "Feature",
      "properties": {
        "id": "font-de-la-polvora",
        "name": "Font de la Pólvora",
        "cityId": "girona"
      },
      "geometry": {
        "type": "MultiPolygon",
        "coordinates": [
          [
            [
              [2.844485, 41.978853],
              [2.844409, 41.978836],
              [2.844193, 41.978755],
              [2.844091, 41.978642],
              [2.844069, 41.978509],
              [2.844086, 41.97838],
              [2.844124, 41.978191],
              [2.84413, 41.978082],
              [2.844059, 41.978134],
              [2.843994, 41.978211],
              [2.843907, 41.97844],
              [2.843788, 41.978763],
              [2.843706, 41.979037],
              [2.843787, 41.979146],
              [2.843743, 41.979259],
              [2.843597, 41.979319],
              [2.843489, 41.979444],
              [2.843429, 41.979613],
              [2.843326, 41.979851],
              [2.843207, 41.979838],
              [2.843137, 41.979734],
              [2.843013, 41.979596],
              [2.842925, 41.979569],
              [2.842965, 41.979415],
              [2.842781, 41.979386],
              [2.842549, 41.979342],
              [2.842408, 41.979289],
              [2.842176, 41.979204],
              [2.841906, 41.979063],
              [2.841723, 41.97901],
              [2.841528, 41.97907],
              [2.841442, 41.979094],
              [2.841307, 41.97907],
              [2.841269, 41.979134],
              [2.841198, 41.979295],
              [2.841079, 41.97936],
              [2.840955, 41.979295],
              [2.84075, 41.97925],
              [2.840604, 41.979202],
              [2.840463, 41.979214],
              [2.84029, 41.979351],
              [2.840257, 41.979419],
              [2.840198, 41.979463],
              [2.840073, 41.979548],
              [2.839863, 41.979556],
              [2.839647, 41.979535],
              [2.839403, 41.979543],
              [2.839176, 41.979672],
              [2.8391, 41.97974],
              [2.838976, 41.979796],
              [2.838732, 41.979869],
              [2.838473, 41.979824],
              [2.838419, 41.979763],
              [2.838374, 41.979699],
              [2.83829, 41.979663],
              [2.838157, 41.979605],
              [2.838082, 41.979573],
              [2.837939, 41.97951],
              [2.837721, 41.979463],
              [2.837545, 41.979426],
              [2.837461, 41.979289],
              [2.837293, 41.979184],
              [2.837167, 41.979172],
              [2.836771, 41.979147],
              [2.836605, 41.979157],
              [2.836406, 41.979091],
              [2.836365, 41.977994],
              [2.836779, 41.977242],
              [2.837136, 41.97648],
              [2.837677, 41.975834],
              [2.83758, 41.975018],
              [2.836573, 41.974328],
              [2.836244, 41.973608],
              [2.835557, 41.973573],
              [2.835244, 41.973243],
              [2.834473, 41.97325],
              [2.832876, 41.973817],
              [2.833013, 41.973654],
              [2.833341, 41.972742],
              [2.833342, 41.972742],
              [2.834204, 41.972662],
              [2.835173, 41.972616],
              [2.835648, 41.972263],
              [2.835897, 41.971949],
              [2.837115, 41.971317],
              [2.838016, 41.970844],
              [2.83842, 41.970716],
              [2.838824, 41.970665],
              [2.839481, 41.97076],
              [2.839458, 41.970907],
              [2.839446, 41.971053],
              [2.839676, 41.971251],
              [2.839909, 41.971564],
              [2.840178, 41.972005],
              [2.840962, 41.972957],
              [2.841707, 41.973177],
              [2.842287, 41.973345],
              [2.842832, 41.973443],
              [2.843235, 41.973658],
              [2.8438, 41.973995],
              [2.843987, 41.974063],
              [2.843899, 41.973986],
              [2.844422, 41.973956],
              [2.844686, 41.973701],
              [2.844863, 41.973648],
              [2.844771, 41.973478],
              [2.845228, 41.973339],
              [2.8452, 41.973486],
              [2.845167, 41.97393],
              [2.84539, 41.97429],
              [2.845389, 41.974467],
              [2.845357, 41.974692],
              [2.845186, 41.97503],
              [2.844993, 41.975173],
              [2.845134, 41.975658],
              [2.845838, 41.975952],
              [2.846471, 41.97622],
              [2.845867, 41.97715],
              [2.845676, 41.977367],
              [2.845092, 41.977954],
              [2.844854, 41.978232],
              [2.84468, 41.97847],
              [2.844561, 41.978695],
              [2.844485, 41.978853]
            ]
          ]
        ]
      }
    },
    {
      "type": "Feature",
      "properties": {
        "id": "fontajau",
        "name": "Fontajau",
        "cityId": "girona"
      },
      "geometry": {
        "type": "MultiPolygon",
        "coordinates": [
          [
            [
              [2.820649, 41.990568],
              [2.819823, 41.992741],
              [2.819486, 41.993688],
              [2.819271, 41.995908],
              [2.819249, 41.997768],
              [2.819198, 41.99814],
              [2.818942, 41.998524],
              [2.81862, 41.998874],
              [2.818265, 41.999213],
              [2.817837, 41.999522],
              [2.81736, 41.999918],
              [2.81701, 42.000281],
              [2.816803, 42.00049],
              [2.816803, 42.00049],
              [2.816812, 42.000102],
              [2.816785, 42.000034],
              [2.816859, 41.999742],
              [2.816849, 41.999658],
              [2.816844, 41.999616],
              [2.81677, 41.99956],
              [2.816761, 41.999557],
              [2.816577, 41.999499],
              [2.816243, 41.999496],
              [2.815904, 41.999527],
              [2.815694, 41.999529],
              [2.815571, 41.999478],
              [2.815571, 41.999478],
              [2.815566, 41.99947],
              [2.815531, 41.999422],
              [2.815512, 41.999309],
              [2.81549, 41.999202],
              [2.815458, 41.999147],
              [2.815406, 41.999053],
              [2.815371, 41.999013],
              [2.815371, 41.999013],
              [2.815286, 41.998914],
              [2.815074, 41.998932],
              [2.814878, 41.998998],
              [2.814691, 41.999086],
              [2.814591, 41.999135],
              [2.814508, 41.999177],
              [2.814417, 41.999231],
              [2.814364, 41.999262],
              [2.814233, 41.999358],
              [2.814116, 41.999465],
              [2.813592, 41.999478],
              [2.813586, 41.999478],
              [2.813326, 41.999485],
              [2.813185, 41.999491],
              [2.813168, 41.999395],
              [2.813039, 41.998847],
              [2.812718, 41.997791],
              [2.812275, 41.997641],
              [2.812192, 41.995629],
              [2.811291, 41.994776],
              [2.811924, 41.994324],
              [2.812582, 41.994096],
              [2.813317, 41.993792],
              [2.810915, 41.991751],
              [2.809199, 41.990605],
              [2.809708, 41.9857],
              [2.810547, 41.986355],
              [2.811324, 41.987158],
              [2.812771, 41.988403],
              [2.814702, 41.989247],
              [2.816667, 41.989854],
              [2.820649, 41.990568]
            ]
          ]
        ]
      }
    },
    {
      "type": "Feature",
      "properties": {
        "id": "gavarres",
        "name": "Gavarres",
        "cityId": "girona"
      },
      "geometry": {
        "type": "MultiPolygon",
        "coordinates": [
          [
            [
              [2.850368, 41.967826],
              [2.854529, 41.968464],
              [2.857461, 41.968852],
              [2.861964, 41.968598],
              [2.863636, 41.968448],
              [2.863636, 41.968448],
              [2.865938, 41.967548],
              [2.897802, 41.984531],
              [2.897817, 41.984539],
              [2.897817, 41.984539],
              [2.895889, 41.987715],
              [2.895889, 41.987715],
              [2.885112, 41.991422],
              [2.882303, 41.991772],
              [2.876785, 41.992458],
              [2.874192, 41.991587],
              [2.868943, 41.991275],
              [2.868943, 41.991275],
              [2.866468, 41.993179],
              [2.865555, 41.994231],
              [2.865708, 41.994228],
              [2.865725, 41.994388],
              [2.865741, 41.994518],
              [2.865741, 41.994577],
              [2.865735, 41.994651],
              [2.865724, 41.994758],
              [2.865713, 41.994881],
              [2.865694, 41.995002],
              [2.865679, 41.995084],
              [2.865664, 41.995162],
              [2.865646, 41.995239],
              [2.865635, 41.99534],
              [2.865671, 41.995541],
              [2.865863, 41.996001],
              [2.86589, 41.996051],
              [2.86593, 41.99615],
              [2.865949, 41.996183],
              [2.865984, 41.996224],
              [2.866117, 41.996365],
              [2.866169, 41.996435],
              [2.866199, 41.996485],
              [2.866203, 41.996525],
              [2.866186, 41.99655],
              [2.866164, 41.996584],
              [2.866164, 41.996584],
              [2.86613, 41.996623],
              [2.866084, 41.99667],
              [2.866084, 41.99667],
              [2.866052, 41.996711],
              [2.866052, 41.996711],
              [2.865999, 41.996801],
              [2.865925, 41.996953],
              [2.86591, 41.996991],
              [2.865901, 41.99704],
              [2.865896, 41.997084],
              [2.865886, 41.99711],
              [2.865886, 41.99711],
              [2.865853, 41.997149],
              [2.865853, 41.997149],
              [2.865811, 41.997194],
              [2.86578, 41.997232],
              [2.865779, 41.997232],
              [2.865764, 41.997259],
              [2.865761, 41.997299],
              [2.86578, 41.997374],
              [2.865789, 41.997432],
              [2.865798, 41.99748],
              [2.8658, 41.997612],
              [2.865795, 41.997646],
              [2.865783, 41.99767],
              [2.865783, 41.99767],
              [2.865718, 41.997741],
              [2.865604, 41.997848],
              [2.865585, 41.997866],
              [2.865555, 41.997875],
              [2.865516, 41.997885],
              [2.86544, 41.997911],
              [2.865389, 41.997938],
              [2.865318, 41.997997],
              [2.865243, 41.998065],
              [2.86512, 41.998192],
              [2.865045, 41.998274],
              [2.865045, 41.998274],
              [2.864978, 41.998365],
              [2.864978, 41.998365],
              [2.864927, 41.998431],
              [2.864927, 41.998431],
              [2.864882, 41.998496],
              [2.864882, 41.998496],
              [2.864845, 41.998538],
              [2.864845, 41.998538],
              [2.86481, 41.99856],
              [2.864729, 41.998601],
              [2.864676, 41.99864],
              [2.864625, 41.998682],
              [2.86457, 41.998724],
              [2.864516, 41.99876],
              [2.864475, 41.998783],
              [2.864427, 41.998809],
              [2.864377, 41.998832],
              [2.864328, 41.998851],
              [2.864283, 41.998863],
              [2.864203, 41.998881],
              [2.864132, 41.998887],
              [2.864012, 41.998886],
              [2.863897, 41.998893],
              [2.863865, 41.998904],
              [2.863845, 41.998915],
              [2.863845, 41.998915],
              [2.863832, 41.998938],
              [2.863812, 41.998998],
              [2.863787, 41.999078],
              [2.863771, 41.999122],
              [2.863752, 41.999147],
              [2.863752, 41.999147],
              [2.863721, 41.999183],
              [2.863721, 41.999183],
              [2.863663, 41.999224],
              [2.863586, 41.999285],
              [2.863465, 41.999387],
              [2.863372, 41.999475],
              [2.863271, 41.99956],
              [2.863239, 41.999581],
              [2.86321, 41.9996],
              [2.863095, 41.999648],
              [2.862974, 41.999698],
              [2.862843, 41.99975],
              [2.862681, 41.999811],
              [2.862625, 41.999818],
              [2.862572, 41.999825],
              [2.862524, 41.999834],
              [2.862488, 41.999843],
              [2.862446, 41.999857],
              [2.862347, 41.999893],
              [2.862278, 41.999925],
              [2.862234, 41.999952],
              [2.8622, 41.999972],
              [2.86217, 41.999983],
              [2.862067, 42.000003],
              [2.862003, 42.000011],
              [2.861878, 42.000028],
              [2.861813, 42.000039],
              [2.861753, 42.000062],
              [2.861716, 42.00009],
              [2.861695, 42.000112],
              [2.861695, 42.000112],
              [2.861684, 42.000145],
              [2.861682, 42.000179],
              [2.861683, 42.000248],
              [2.861687, 42.000412],
              [2.861683, 42.000571],
              [2.861722, 42.000628],
              [2.861711, 42.000685],
              [2.861638, 42.000793],
              [2.861622, 42.000858],
              [2.862226, 42.003549],
              [2.862966, 42.006887],
              [2.862169, 42.006868],
              [2.862096, 42.006883],
              [2.861917, 42.006886],
              [2.861921, 42.006952],
              [2.861833, 42.00755],
              [2.859924, 42.005742],
              [2.859796, 42.005621],
              [2.857814, 42.005123],
              [2.857814, 42.005123],
              [2.857726, 42.004814],
              [2.857247, 42.004676],
              [2.856383, 42.004373],
              [2.855519, 42.003726],
              [2.854359, 42.003464],
              [2.853531, 42.003257],
              [2.85298, 42.002762],
              [2.852226, 42.002212],
              [2.850405, 42.001742],
              [2.847825, 42.00151],
              [2.849128, 41.999108],
              [2.849605, 41.997935],
              [2.849831, 41.996331],
              [2.849758, 41.995363],
              [2.849552, 41.994449],
              [2.848684, 41.99247],
              [2.847705, 41.990546],
              [2.847345, 41.989594],
              [2.847277, 41.98869],
              [2.847478, 41.987997],
              [2.847831, 41.987304],
              [2.848672, 41.985838],
              [2.849004, 41.984919],
              [2.849016, 41.98462],
              [2.848879, 41.984045],
              [2.848732, 41.983668],
              [2.848448, 41.983283],
              [2.847961, 41.982829],
              [2.847549, 41.982564],
              [2.847437, 41.982501],
              [2.847124, 41.982352],
              [2.84687, 41.982238],
              [2.846574, 41.982133],
              [2.84625, 41.981984],
              [2.846012, 41.981887],
              [2.84578, 41.981741],
              [2.845618, 41.981636],
              [2.845424, 41.981491],
              [2.845133, 41.981272],
              [2.844933, 41.981091],
              [2.844804, 41.980941],
              [2.844632, 41.980671],
              [2.844594, 41.980566],
              [2.844529, 41.980457],
              [2.84447, 41.980308],
              [2.844427, 41.980183],
              [2.844374, 41.980005],
              [2.844358, 41.979872],
              [2.844347, 41.979755],
              [2.84435, 41.97962],
              [2.844353, 41.979477],
              [2.844392, 41.979288],
              [2.844452, 41.978921],
              [2.844485, 41.978853],
              [2.844561, 41.978695],
              [2.84468, 41.97847],
              [2.844854, 41.978232],
              [2.845092, 41.977954],
              [2.845676, 41.977367],
              [2.845867, 41.97715],
              [2.846471, 41.97622],
              [2.847051, 41.975024],
              [2.847422, 41.974542],
              [2.848, 41.973975],
              [2.848255, 41.973579],
              [2.848637, 41.97296],
              [2.848755, 41.971892],
              [2.848895, 41.971178],
              [2.849092, 41.970558],
              [2.849602, 41.969775],
              [2.850007, 41.969156],
              [2.850262, 41.968691],
              [2.850344, 41.968321],
              [2.850368, 41.967917],
              [2.850368, 41.967827],
              [2.850368, 41.967826]
            ]
          ]
        ]
      }
    },
    {
      "type": "Feature",
      "properties": {
        "id": "germans-sabat",
        "name": "Germans Sàbat",
        "cityId": "girona"
      },
      "geometry": {
        "type": "MultiPolygon",
        "coordinates": [
          [
            [
              [2.799975, 41.997542],
              [2.799975, 41.997542],
              [2.799975, 41.997542],
              [2.799986, 41.997533],
              [2.800116, 41.997455],
              [2.800316, 41.997476],
              [2.800487, 41.997493],
              [2.800676, 41.997522],
              [2.800886, 41.997552],
              [2.801108, 41.997478],
              [2.801452, 41.997301],
              [2.801436, 41.997164],
              [2.801297, 41.997098],
              [2.80127, 41.99697],
              [2.801448, 41.996796],
              [2.801842, 41.996611],
              [2.802436, 41.996224],
              [2.802625, 41.996034],
              [2.803034, 41.996171],
              [2.803211, 41.996395],
              [2.803438, 41.996478],
              [2.803565, 41.996474],
              [2.803703, 41.996635],
              [2.803686, 41.996767],
              [2.803497, 41.996953],
              [2.803347, 41.997188],
              [2.803446, 41.997432],
              [2.803495, 41.997536],
              [2.803412, 41.997717],
              [2.803073, 41.997981],
              [2.80279, 41.998138],
              [2.802579, 41.998282],
              [2.802468, 41.998356],
              [2.802428, 41.998612],
              [2.802323, 41.998773],
              [2.802244, 41.999021],
              [2.802158, 41.999259],
              [2.802158, 41.999259],
              [2.802158, 41.99926],
              [2.801447, 41.998641],
              [2.799975, 41.997542]
            ]
          ]
        ]
      }
    },
    {
      "type": "Feature",
      "properties": {
        "id": "hortes",
        "name": "Hortes",
        "cityId": "girona"
      },
      "geometry": {
        "type": "MultiPolygon",
        "coordinates": [
          [
            [
              [2.800122, 41.978526],
              [2.800369, 41.978469],
              [2.800663, 41.978388],
              [2.800805, 41.978291],
              [2.800925, 41.978153],
              [2.800827, 41.978039],
              [2.800856, 41.977942],
              [2.800876, 41.977814],
              [2.801122, 41.977706],
              [2.801372, 41.977747],
              [2.80159, 41.977699],
              [2.801993, 41.977537],
              [2.802211, 41.977505],
              [2.802581, 41.977449],
              [2.803038, 41.97749],
              [2.80367, 41.977459],
              [2.804029, 41.977476],
              [2.804508, 41.977574],
              [2.805956, 41.978061],
              [2.805652, 41.978705],
              [2.805412, 41.978654],
              [2.805395, 41.978647],
              [2.805263, 41.978932],
              [2.80528, 41.978935],
              [2.805896, 41.979081],
              [2.806004, 41.978812],
              [2.806707, 41.978988],
              [2.807134, 41.978314],
              [2.808128, 41.978717],
              [2.808411, 41.978921],
              [2.809197, 41.979164],
              [2.80898, 41.979372],
              [2.808999, 41.979669],
              [2.808854, 41.979675],
              [2.80875, 41.979658],
              [2.808687, 41.979623],
              [2.808098, 41.979436],
              [2.808062, 41.97995],
              [2.807767, 41.980726],
              [2.807665, 41.981141],
              [2.80754, 41.981359],
              [2.808307, 41.981626],
              [2.808178, 41.984425],
              [2.808581, 41.984569],
              [2.809798, 41.984849],
              [2.809796, 41.984854],
              [2.809708, 41.9857],
              [2.809261, 41.985351],
              [2.806362, 41.984684],
              [2.800806, 41.983172],
              [2.800075, 41.983148],
              [2.800074, 41.983148],
              [2.80001, 41.983103],
              [2.800038, 41.9825],
              [2.800126, 41.981633],
              [2.80021, 41.979539],
              [2.800192, 41.97903],
              [2.800092, 41.978632],
              [2.800095, 41.978625],
              [2.800114, 41.978565],
              [2.800122, 41.978526]
            ]
          ]
        ]
      }
    },
    {
      "type": "Feature",
      "properties": {
        "id": "l-avellaneda",
        "name": "l'Avellaneda",
        "cityId": "girona"
      },
      "geometry": {
        "type": "MultiPolygon",
        "coordinates": [
          [
            [
              [2.813112, 41.948583],
              [2.813112, 41.948583],
              [2.813151, 41.948602],
              [2.813334, 41.948735],
              [2.813008, 41.949399],
              [2.813044, 41.950155],
              [2.813086, 41.951155],
              [2.812827, 41.952405],
              [2.812804, 41.952968],
              [2.812673, 41.953546],
              [2.812477, 41.954093],
              [2.812304, 41.954575],
              [2.811979, 41.955089],
              [2.811611, 41.955602],
              [2.811158, 41.955988],
              [2.810705, 41.956389],
              [2.81023, 41.956629],
              [2.809518, 41.956901],
              [2.80913, 41.957061],
              [2.808252, 41.957394],
              [2.808308, 41.956974],
              [2.807651, 41.955426],
              [2.805483, 41.94975],
              [2.805446, 41.949514],
              [2.805444, 41.949502],
              [2.805444, 41.949502],
              [2.805541, 41.949486],
              [2.805543, 41.949464],
              [2.805669, 41.949212],
              [2.805676, 41.949137],
              [2.805984, 41.948416],
              [2.805984, 41.948417],
              [2.806211, 41.94934],
              [2.806211, 41.94934],
              [2.806849, 41.949265],
              [2.806987, 41.949092],
              [2.807799, 41.948743],
              [2.808209, 41.948567],
              [2.808588, 41.948494],
              [2.809042, 41.948407],
              [2.809906, 41.948566],
              [2.809907, 41.948566],
              [2.810327, 41.948641],
              [2.810331, 41.948642],
              [2.811201, 41.948587],
              [2.811688, 41.948552],
              [2.812237, 41.948512],
              [2.813112, 41.948583]
            ]
          ]
        ]
      }
    },
    {
      "type": "Feature",
      "properties": {
        "id": "l-eixample-nord",
        "name": "l'Eixample Nord",
        "cityId": "girona"
      },
      "geometry": {
        "type": "MultiPolygon",
        "coordinates": [
          [
            [
              [2.823188, 41.989508],
              [2.82323, 41.989858],
              [2.823329, 41.990684],
              [2.823518, 41.991377],
              [2.823567, 41.992088],
              [2.823654, 41.992648],
              [2.823841, 41.994157],
              [2.822778, 41.992068],
              [2.821878, 41.991175],
              [2.820649, 41.990568],
              [2.816667, 41.989854],
              [2.814702, 41.989247],
              [2.812771, 41.988403],
              [2.811324, 41.987158],
              [2.810547, 41.986355],
              [2.809708, 41.9857],
              [2.809796, 41.984854],
              [2.809798, 41.984849],
              [2.810367, 41.98327],
              [2.811033, 41.98132],
              [2.811089, 41.980334],
              [2.811012, 41.979368],
              [2.810724, 41.978481],
              [2.809953, 41.976546],
              [2.809958, 41.976546],
              [2.811781, 41.976625],
              [2.813296, 41.976626],
              [2.813376, 41.976626],
              [2.814773, 41.976141],
              [2.815857, 41.975769],
              [2.82154, 41.974615],
              [2.823364, 41.974263],
              [2.824574, 41.974135],
              [2.824934, 41.974867],
              [2.824392, 41.975171],
              [2.823756, 41.975702],
              [2.823623, 41.976254],
              [2.823541, 41.977121],
              [2.82404, 41.978285],
              [2.824144, 41.978876],
              [2.822611, 41.978874],
              [2.822319, 41.979406],
              [2.822557, 41.979643],
              [2.821736, 41.980115],
              [2.820836, 41.980665],
              [2.820175, 41.981177],
              [2.82012, 41.981768],
              [2.81972, 41.983187],
              [2.819745, 41.983699],
              [2.820483, 41.984351],
              [2.82101, 41.984785],
              [2.822434, 41.985891],
              [2.822777, 41.98605],
              [2.824228, 41.986373],
              [2.824206, 41.986417],
              [2.823736, 41.987359],
              [2.82338, 41.988535],
              [2.823188, 41.989508]
            ]
          ]
        ]
      }
    },
    {
      "type": "Feature",
      "properties": {
        "id": "l-eixample-sud",
        "name": "l'Eixample Sud",
        "cityId": "girona"
      },
      "geometry": {
        "type": "MultiPolygon",
        "coordinates": [
          [
            [
              [2.824574, 41.974135],
              [2.823364, 41.974263],
              [2.82154, 41.974615],
              [2.815857, 41.975769],
              [2.814773, 41.976141],
              [2.813376, 41.976626],
              [2.813238, 41.976059],
              [2.813401, 41.975149],
              [2.812469, 41.972552],
              [2.812111, 41.97179],
              [2.811791, 41.971849],
              [2.81179, 41.972088],
              [2.811209, 41.972903],
              [2.809999, 41.972402],
              [2.809535, 41.972269],
              [2.809769, 41.972846],
              [2.808648, 41.973112],
              [2.808691, 41.972083],
              [2.808924, 41.971924],
              [2.80901, 41.971695],
              [2.808994, 41.971262],
              [2.808808, 41.970829],
              [2.808707, 41.970409],
              [2.808691, 41.970015],
              [2.808386, 41.969289],
              [2.808184, 41.968563],
              [2.808458, 41.968118],
              [2.808578, 41.967775],
              [2.808955, 41.967279],
              [2.809057, 41.966958],
              [2.809315, 41.966707],
              [2.809554, 41.966402],
              [2.809709, 41.965982],
              [2.809608, 41.965626],
              [2.809773, 41.964859],
              [2.810372, 41.964593],
              [2.810959, 41.964336],
              [2.809266, 41.960077],
              [2.808864, 41.959013],
              [2.809775, 41.958991],
              [2.81067, 41.960681],
              [2.811401, 41.96139],
              [2.81441, 41.963581],
              [2.81686, 41.965418],
              [2.817677, 41.965933],
              [2.818474, 41.966094],
              [2.820083, 41.966017],
              [2.820804, 41.966077],
              [2.821726, 41.966374],
              [2.822672, 41.966858],
              [2.823146, 41.967148],
              [2.823553, 41.967711],
              [2.823567, 41.967751],
              [2.823852, 41.968612],
              [2.824064, 41.970027],
              [2.824253, 41.971619],
              [2.824337, 41.972616],
              [2.824293, 41.972985],
              [2.824399, 41.973532],
              [2.82457, 41.974127],
              [2.824574, 41.974135]
            ]
          ]
        ]
      }
    },
    {
      "type": "Feature",
      "properties": {
        "id": "la-creueta",
        "name": "La Creueta",
        "cityId": "girona"
      },
      "geometry": {
        "type": "MultiPolygon",
        "coordinates": [
          [
            [
              [2.844732, 41.967003],
              [2.844732, 41.967003],
              [2.845311, 41.967437],
              [2.845289, 41.967646],
              [2.844987, 41.968096],
              [2.844749, 41.968401],
              [2.843994, 41.968818],
              [2.843261, 41.96909],
              [2.842506, 41.96933],
              [2.841666, 41.969249],
              [2.840374, 41.969295],
              [2.839319, 41.969117],
              [2.838306, 41.96926],
              [2.83766, 41.96913],
              [2.836992, 41.969178],
              [2.836345, 41.969321],
              [2.836323, 41.969482],
              [2.836214, 41.969932],
              [2.836278, 41.970399],
              [2.836255, 41.97109],
              [2.836145, 41.971636],
              [2.835897, 41.971949],
              [2.835648, 41.972263],
              [2.835173, 41.972616],
              [2.834204, 41.972662],
              [2.833342, 41.972742],
              [2.833341, 41.972742],
              [2.832415, 41.97311],
              [2.83181, 41.973447],
              [2.831759, 41.973465],
              [2.831527, 41.97312],
              [2.831784, 41.973025],
              [2.831748, 41.972941],
              [2.831713, 41.972885],
              [2.831681, 41.972823],
              [2.831666, 41.972744],
              [2.831764, 41.972705],
              [2.83178, 41.972696],
              [2.831901, 41.972651],
              [2.832062, 41.972526],
              [2.831987, 41.972256],
              [2.832137, 41.972238],
              [2.832096, 41.972177],
              [2.832089, 41.972169],
              [2.832079, 41.972144],
              [2.832034, 41.972095],
              [2.83198, 41.972033],
              [2.831931, 41.97197],
              [2.831915, 41.971942],
              [2.831915, 41.971934],
              [2.831899, 41.971934],
              [2.83205, 41.971558],
              [2.831991, 41.971108],
              [2.831989, 41.9711],
              [2.831988, 41.971092],
              [2.831987, 41.971085],
              [2.831985, 41.971077],
              [2.831984, 41.971069],
              [2.831982, 41.971062],
              [2.83198, 41.971054],
              [2.831978, 41.971047],
              [2.831976, 41.971039],
              [2.831973, 41.971032],
              [2.831971, 41.971024],
              [2.831968, 41.971017],
              [2.831965, 41.97101],
              [2.831962, 41.971002],
              [2.831959, 41.970995],
              [2.831956, 41.970988],
              [2.831953, 41.97098],
              [2.831949, 41.970973],
              [2.831945, 41.970966],
              [2.831942, 41.970959],
              [2.831938, 41.970952],
              [2.831934, 41.970944],
              [2.831929, 41.970937],
              [2.831925, 41.97093],
              [2.831921, 41.970924],
              [2.831916, 41.970917],
              [2.831911, 41.97091],
              [2.831907, 41.970903],
              [2.831902, 41.970896],
              [2.831896, 41.97089],
              [2.831891, 41.970883],
              [2.831886, 41.970876],
              [2.83188, 41.97087],
              [2.831875, 41.970863],
              [2.831869, 41.970857],
              [2.831863, 41.970851],
              [2.831857, 41.970844],
              [2.831851, 41.970838],
              [2.831845, 41.970832],
              [2.831839, 41.970826],
              [2.831832, 41.97082],
              [2.831826, 41.970814],
              [2.831819, 41.970808],
              [2.831812, 41.970802],
              [2.831805, 41.970797],
              [2.831798, 41.970791],
              [2.831791, 41.970785],
              [2.831784, 41.97078],
              [2.831777, 41.970774],
              [2.831769, 41.970769],
              [2.831762, 41.970764],
              [2.831754, 41.970759],
              [2.831747, 41.970754],
              [2.831739, 41.970749],
              [2.831731, 41.970744],
              [2.83084, 41.970195],
              [2.831089, 41.970045],
              [2.831317, 41.96991],
              [2.831421, 41.969833],
              [2.831485, 41.969863],
              [2.831645, 41.969778],
              [2.831817, 41.969643],
              [2.832326, 41.96933],
              [2.832393, 41.96926],
              [2.832764, 41.968876],
              [2.832872, 41.968755],
              [2.832947, 41.968653],
              [2.832987, 41.968592],
              [2.833044, 41.968494],
              [2.83309, 41.968404],
              [2.833141, 41.96828],
              [2.833028, 41.96827],
              [2.833083, 41.968033],
              [2.83316, 41.968034],
              [2.833219, 41.968018],
              [2.833298, 41.967983],
              [2.83442, 41.96796],
              [2.834461, 41.966502],
              [2.834566, 41.965857],
              [2.834662, 41.965495],
              [2.834795, 41.965517],
              [2.834796, 41.965517],
              [2.834791, 41.965626],
              [2.836765, 41.966123],
              [2.838751, 41.966229],
              [2.838705, 41.966443],
              [2.839127, 41.966665],
              [2.839456, 41.966681],
              [2.843468, 41.966881],
              [2.844732, 41.967003]
            ]
          ]
        ]
      }
    },
    {
      "type": "Feature",
      "properties": {
        "id": "mas-xirgu",
        "name": "Mas Xirgu",
        "cityId": "girona"
      },
      "geometry": {
        "type": "MultiPolygon",
        "coordinates": [
          [
            [
              [2.808864, 41.959013],
              [2.809266, 41.960077],
              [2.810959, 41.964336],
              [2.810372, 41.964593],
              [2.809773, 41.964859],
              [2.809608, 41.965626],
              [2.809709, 41.965982],
              [2.809554, 41.966402],
              [2.809315, 41.966707],
              [2.809057, 41.966958],
              [2.808955, 41.967279],
              [2.808578, 41.967775],
              [2.808458, 41.968118],
              [2.808184, 41.968563],
              [2.808386, 41.969289],
              [2.808691, 41.970015],
              [2.808707, 41.970409],
              [2.808808, 41.970829],
              [2.808994, 41.971262],
              [2.80901, 41.971695],
              [2.808924, 41.971924],
              [2.808691, 41.972083],
              [2.808532, 41.97168],
              [2.808193, 41.971381],
              [2.807414, 41.971186],
              [2.806855, 41.97105],
              [2.806415, 41.9709],
              [2.806256, 41.970602],
              [2.806317, 41.970274],
              [2.804822, 41.968794],
              [2.804645, 41.968048],
              [2.804665, 41.967899],
              [2.804067, 41.96736],
              [2.803828, 41.967017],
              [2.80339, 41.966554],
              [2.803305, 41.966028],
              [2.800919, 41.963837],
              [2.800838, 41.963855],
              [2.800803, 41.963778],
              [2.800828, 41.963703],
              [2.800831, 41.963695],
              [2.800778, 41.963655],
              [2.800621, 41.963579],
              [2.800382, 41.963499],
              [2.799607, 41.963312],
              [2.799299, 41.963181],
              [2.799184, 41.963097],
              [2.799093, 41.962936],
              [2.799077, 41.962847],
              [2.799077, 41.962847],
              [2.799183, 41.962787],
              [2.798956, 41.961555],
              [2.798802, 41.960719],
              [2.798802, 41.960718],
              [2.799106, 41.960355],
              [2.798338, 41.958168],
              [2.800372, 41.957483],
              [2.800373, 41.957483],
              [2.800763, 41.95787],
              [2.800763, 41.95787],
              [2.803566, 41.956351],
              [2.803332, 41.956112],
              [2.805397, 41.954914],
              [2.805401, 41.954912],
              [2.805068, 41.953981],
              [2.805068, 41.953933],
              [2.804816, 41.953905],
              [2.804549, 41.953826],
              [2.804421, 41.953761],
              [2.804359, 41.953697],
              [2.804311, 41.95361],
              [2.804314, 41.95344],
              [2.804294, 41.953337],
              [2.804278, 41.953297],
              [2.804222, 41.953215],
              [2.804189, 41.953102],
              [2.804191, 41.953004],
              [2.804179, 41.95291],
              [2.803976, 41.952633],
              [2.803796, 41.952452],
              [2.803639, 41.952313],
              [2.803464, 41.952246],
              [2.803398, 41.952213],
              [2.80336, 41.952183],
              [2.803333, 41.952081],
              [2.803352, 41.95197],
              [2.803352, 41.95197],
              [2.803438, 41.951881],
              [2.803531, 41.951817],
              [2.803531, 41.951817],
              [2.80362, 41.951681],
              [2.803604, 41.951543],
              [2.803573, 41.95139],
              [2.803503, 41.951304],
              [2.803477, 41.951237],
              [2.803472, 41.951172],
              [2.803441, 41.951086],
              [2.803338, 41.950942],
              [2.803341, 41.950902],
              [2.80335, 41.950817],
              [2.803306, 41.950755],
              [2.803201, 41.950685],
              [2.803053, 41.950509],
              [2.802932, 41.950358],
              [2.802892, 41.950287],
              [2.802888, 41.950207],
              [2.802835, 41.950138],
              [2.802738, 41.950052],
              [2.802648, 41.950018],
              [2.802563, 41.950002],
              [2.802453, 41.949974],
              [2.802387, 41.949909],
              [2.802364, 41.949857],
              [2.802357, 41.949804],
              [2.802365, 41.949679],
              [2.802354, 41.949573],
              [2.802334, 41.949504],
              [2.802311, 41.949459],
              [2.802293, 41.949442],
              [2.802293, 41.949441],
              [2.802545, 41.949311],
              [2.802647, 41.949263],
              [2.802805, 41.949188],
              [2.802925, 41.949126],
              [2.802978, 41.949099],
              [2.803101, 41.949041],
              [2.803134, 41.94899],
              [2.803166, 41.948909],
              [2.803166, 41.948909],
              [2.803179, 41.948877],
              [2.803239, 41.948641],
              [2.803239, 41.94864],
              [2.803392, 41.948515],
              [2.803393, 41.948515],
              [2.805012, 41.949572],
              [2.805012, 41.949572],
              [2.805444, 41.949502],
              [2.805444, 41.949502],
              [2.805446, 41.949514],
              [2.805483, 41.94975],
              [2.807651, 41.955426],
              [2.808308, 41.956974],
              [2.808252, 41.957394],
              [2.808864, 41.959013]
            ]
          ]
        ]
      }
    },
    {
      "type": "Feature",
      "properties": {
        "id": "mercadal",
        "name": "Mercadal",
        "cityId": "girona"
      },
      "geometry": {
        "type": "MultiPolygon",
        "coordinates": [
          [
            [
              [2.823729, 41.980596],
              [2.823785, 41.981236],
              [2.823685, 41.98175],
              [2.823684, 41.982185],
              [2.823299, 41.982184],
              [2.823452, 41.983244],
              [2.823842, 41.984383],
              [2.824218, 41.985174],
              [2.824405, 41.98564],
              [2.824396, 41.986038],
              [2.824228, 41.986373],
              [2.822777, 41.98605],
              [2.822434, 41.985891],
              [2.82101, 41.984785],
              [2.820483, 41.984351],
              [2.819745, 41.983699],
              [2.81972, 41.983187],
              [2.82012, 41.981768],
              [2.820175, 41.981177],
              [2.820836, 41.980665],
              [2.821736, 41.980115],
              [2.822557, 41.979643],
              [2.822319, 41.979406],
              [2.822611, 41.978874],
              [2.824144, 41.978876],
              [2.823984, 41.979507],
              [2.823929, 41.97998],
              [2.823729, 41.980596]
            ]
          ]
        ]
      }
    },
    {
      "type": "Feature",
      "properties": {
        "id": "montilivi",
        "name": "Montilivi",
        "cityId": "girona"
      },
      "geometry": {
        "type": "MultiPolygon",
        "coordinates": [
          [
            [
              [2.831759, 41.973465],
              [2.830905, 41.973767],
              [2.829957, 41.97383],
              [2.828729, 41.973683],
              [2.827651, 41.973891],
              [2.824934, 41.974867],
              [2.824574, 41.974135],
              [2.82457, 41.974127],
              [2.824399, 41.973532],
              [2.824293, 41.972985],
              [2.824337, 41.972616],
              [2.824253, 41.971619],
              [2.824064, 41.970027],
              [2.823852, 41.968612],
              [2.823567, 41.967751],
              [2.825918, 41.967446],
              [2.826764, 41.967309],
              [2.827045, 41.966067],
              [2.827091, 41.965857],
              [2.82776, 41.96598],
              [2.827894, 41.965891],
              [2.82802, 41.965819],
              [2.828266, 41.965803],
              [2.828407, 41.965859],
              [2.828541, 41.965837],
              [2.828727, 41.965698],
              [2.828938, 41.964833],
              [2.829101, 41.964761],
              [2.829332, 41.964806],
              [2.82954, 41.964884],
              [2.829778, 41.964895],
              [2.831154, 41.964564],
              [2.831601, 41.964393],
              [2.831765, 41.964149],
              [2.832042, 41.963527],
              [2.83254, 41.963611],
              [2.832785, 41.963712],
              [2.832941, 41.963756],
              [2.833153, 41.963611],
              [2.833149, 41.963655],
              [2.833123, 41.96389],
              [2.833102, 41.964124],
              [2.833097, 41.964229],
              [2.833111, 41.964229],
              [2.833531, 41.964211],
              [2.833805, 41.964213],
              [2.83398, 41.964233],
              [2.834129, 41.964257],
              [2.834211, 41.964232],
              [2.834704, 41.964455],
              [2.834835, 41.964661],
              [2.834796, 41.965517],
              [2.834795, 41.965517],
              [2.834662, 41.965495],
              [2.834566, 41.965857],
              [2.834461, 41.966502],
              [2.83442, 41.96796],
              [2.833298, 41.967983],
              [2.833219, 41.968018],
              [2.83316, 41.968034],
              [2.833083, 41.968033],
              [2.833028, 41.96827],
              [2.833141, 41.96828],
              [2.83309, 41.968404],
              [2.833044, 41.968494],
              [2.832987, 41.968592],
              [2.832947, 41.968653],
              [2.832872, 41.968755],
              [2.832764, 41.968876],
              [2.832393, 41.96926],
              [2.832326, 41.96933],
              [2.831817, 41.969643],
              [2.831645, 41.969778],
              [2.831485, 41.969863],
              [2.831421, 41.969833],
              [2.831317, 41.96991],
              [2.831089, 41.970045],
              [2.83084, 41.970195],
              [2.831731, 41.970744],
              [2.831739, 41.970749],
              [2.831747, 41.970754],
              [2.831754, 41.970759],
              [2.831762, 41.970764],
              [2.831769, 41.970769],
              [2.831777, 41.970774],
              [2.831784, 41.97078],
              [2.831791, 41.970785],
              [2.831798, 41.970791],
              [2.831805, 41.970797],
              [2.831812, 41.970802],
              [2.831819, 41.970808],
              [2.831826, 41.970814],
              [2.831832, 41.97082],
              [2.831839, 41.970826],
              [2.831845, 41.970832],
              [2.831851, 41.970838],
              [2.831857, 41.970844],
              [2.831863, 41.970851],
              [2.831869, 41.970857],
              [2.831875, 41.970863],
              [2.83188, 41.97087],
              [2.831886, 41.970876],
              [2.831891, 41.970883],
              [2.831896, 41.97089],
              [2.831902, 41.970896],
              [2.831907, 41.970903],
              [2.831911, 41.97091],
              [2.831916, 41.970917],
              [2.831921, 41.970924],
              [2.831925, 41.97093],
              [2.831929, 41.970937],
              [2.831934, 41.970944],
              [2.831938, 41.970952],
              [2.831942, 41.970959],
              [2.831945, 41.970966],
              [2.831949, 41.970973],
              [2.831953, 41.97098],
              [2.831956, 41.970988],
              [2.831959, 41.970995],
              [2.831962, 41.971002],
              [2.831965, 41.97101],
              [2.831968, 41.971017],
              [2.831971, 41.971024],
              [2.831973, 41.971032],
              [2.831976, 41.971039],
              [2.831978, 41.971047],
              [2.83198, 41.971054],
              [2.831982, 41.971062],
              [2.831984, 41.971069],
              [2.831985, 41.971077],
              [2.831987, 41.971085],
              [2.831988, 41.971092],
              [2.831989, 41.9711],
              [2.831991, 41.971108],
              [2.83205, 41.971558],
              [2.831899, 41.971934],
              [2.831915, 41.971934],
              [2.831915, 41.971942],
              [2.831931, 41.97197],
              [2.83198, 41.972033],
              [2.832034, 41.972095],
              [2.832079, 41.972144],
              [2.832089, 41.972169],
              [2.832096, 41.972177],
              [2.832137, 41.972238],
              [2.831987, 41.972256],
              [2.832062, 41.972526],
              [2.831901, 41.972651],
              [2.83178, 41.972696],
              [2.831764, 41.972705],
              [2.831666, 41.972744],
              [2.831681, 41.972823],
              [2.831713, 41.972885],
              [2.831748, 41.972941],
              [2.831784, 41.973025],
              [2.831527, 41.97312],
              [2.831759, 41.973465]
            ]
          ]
        ]
      }
    },
    {
      "type": "Feature",
      "properties": {
        "id": "montjuic",
        "name": "Montjuïc",
        "cityId": "girona"
      },
      "geometry": {
        "type": "MultiPolygon",
        "coordinates": [
          [
            [
              [2.840132, 41.999896],
              [2.839885, 41.999908],
              [2.839379, 41.999972],
              [2.83859, 42.000051],
              [2.837889, 42.000101],
              [2.837324, 42.000137],
              [2.836954, 42.00018],
              [2.836623, 42.000194],
              [2.83637, 42.000215],
              [2.836224, 42.000229],
              [2.836019, 42.000236],
              [2.835776, 42.000236],
              [2.835494, 42.000243],
              [2.835192, 42.000243],
              [2.834958, 42.000249],
              [2.834734, 42.000256],
              [2.834511, 42.000256],
              [2.834326, 42.000256],
              [2.834072, 42.000255],
              [2.833693, 42.000255],
              [2.832933, 42.000261],
              [2.831911, 42.00026],
              [2.831669, 41.999671],
              [2.831484, 41.9997],
              [2.831484, 41.999794],
              [2.831462, 41.999809],
              [2.83138, 41.999863],
              [2.830748, 41.999851],
              [2.830466, 41.999882],
              [2.830129, 41.999829],
              [2.828838, 41.999544],
              [2.828543, 41.999502],
              [2.828093, 41.999501],
              [2.827784, 41.999375],
              [2.82742, 41.999144],
              [2.826718, 41.998755],
              [2.826338, 41.998577],
              [2.826331, 41.998467],
              [2.82623, 41.998097],
              [2.826206, 41.997831],
              [2.826136, 41.99749],
              [2.826243, 41.997326],
              [2.826404, 41.997033],
              [2.826585, 41.996705],
              [2.826585, 41.996417],
              [2.826673, 41.996188],
              [2.826833, 41.99598],
              [2.827047, 41.995821],
              [2.827047, 41.995697],
              [2.826915, 41.995379],
              [2.826769, 41.995061],
              [2.826603, 41.994727],
              [2.826604, 41.99432],
              [2.826746, 41.993823],
              [2.826821, 41.993177],
              [2.826729, 41.992685],
              [2.82661, 41.992218],
              [2.826458, 41.991796],
              [2.826525, 41.991512],
              [2.826526, 41.991225],
              [2.826594, 41.990817],
              [2.826594, 41.990613],
              [2.826661, 41.990459],
              [2.826389, 41.990409],
              [2.826315, 41.990428],
              [2.82634, 41.990316],
              [2.826424, 41.990223],
              [2.826441, 41.990173],
              [2.826491, 41.990111],
              [2.826666, 41.990117],
              [2.826741, 41.990192],
              [2.826791, 41.990261],
              [2.826959, 41.990112],
              [2.827114, 41.98988],
              [2.827176, 41.989814],
              [2.827224, 41.989765],
              [2.827277, 41.98973],
              [2.827323, 41.989707],
              [2.827502, 41.989636],
              [2.827833, 41.989387],
              [2.828486, 41.989272],
              [2.829065, 41.989328],
              [2.830115, 41.989831],
              [2.830928, 41.989918],
              [2.831379, 41.989827],
              [2.832544, 41.990239],
              [2.833249, 41.990583],
              [2.833764, 41.991337],
              [2.834539, 41.992627],
              [2.835042, 41.992245],
              [2.835534, 41.991953],
              [2.836163, 41.992032],
              [2.836569, 41.992096],
              [2.836994, 41.992106],
              [2.83751, 41.992042],
              [2.837478, 41.991728],
              [2.837239, 41.991232],
              [2.83836, 41.991668],
              [2.839533, 41.992331],
              [2.840179, 41.993103],
              [2.840317, 41.993869],
              [2.840241, 41.994561],
              [2.840043, 41.994903],
              [2.840023, 41.995457],
              [2.839932, 41.995628],
              [2.839625, 41.995675],
              [2.839559, 41.996469],
              [2.839758, 41.997185],
              [2.839915, 41.997516],
              [2.840273, 41.997925],
              [2.84044, 41.998374],
              [2.840132, 41.999896]
            ]
          ]
        ]
      }
    },
    {
      "type": "Feature",
      "properties": {
        "id": "muntanya-de-campdora",
        "name": "Muntanya de Campdorà",
        "cityId": "girona"
      },
      "geometry": {
        "type": "MultiPolygon",
        "coordinates": [
          [
            [
              [2.85026, 42.022859],
              [2.849161, 42.023723],
              [2.848011, 42.024702],
              [2.847573, 42.025079],
              [2.847424, 42.025153],
              [2.847275, 42.025072],
              [2.847184, 42.025004],
              [2.847053, 42.024971],
              [2.846812, 42.025098],
              [2.846632, 42.025231],
              [2.846609, 42.025471],
              [2.846569, 42.025648],
              [2.846539, 42.025826],
              [2.846365, 42.025895],
              [2.845975, 42.026057],
              [2.845694, 42.026114],
              [2.845426, 42.026106],
              [2.845088, 42.026105],
              [2.84481, 42.026061],
              [2.844443, 42.026023],
              [2.844185, 42.025927],
              [2.843788, 42.02577],
              [2.84358, 42.025637],
              [2.843421, 42.025511],
              [2.843183, 42.025288],
              [2.843016, 42.024711],
              [2.84288, 42.023481],
              [2.842536, 42.022044],
              [2.841605, 42.020925],
              [2.841636, 42.020436],
              [2.840196, 42.020478],
              [2.838528, 42.020513],
              [2.838352, 42.020534],
              [2.837951, 42.020697],
              [2.837633, 42.020793],
              [2.837226, 42.020867],
              [2.836868, 42.020955],
              [2.836739, 42.020955],
              [2.8366, 42.020873],
              [2.836402, 42.020829],
              [2.835627, 42.020946],
              [2.835041, 42.021056],
              [2.834256, 42.021092],
              [2.833719, 42.021202],
              [2.833272, 42.021231],
              [2.832517, 42.021356],
              [2.831942, 42.021155],
              [2.831664, 42.021029],
              [2.831416, 42.020873],
              [2.831526, 42.020696],
              [2.831864, 42.02057],
              [2.832361, 42.020386],
              [2.832639, 42.020253],
              [2.833335, 42.02001],
              [2.83406, 42.019789],
              [2.835246, 42.019363],
              [2.836345, 42.018507],
              [2.837676, 42.017695],
              [2.838718, 42.016754],
              [2.839705, 42.014828],
              [2.840459, 42.013415],
              [2.840441, 42.013349],
              [2.839772, 42.01093],
              [2.83963, 42.009966],
              [2.839488, 42.00898],
              [2.838078, 42.007286],
              [2.837386, 42.0069],
              [2.83554, 42.006062],
              [2.834096, 42.005953],
              [2.833058, 42.005309],
              [2.834157, 42.004796],
              [2.834141, 42.00395],
              [2.83405, 42.00356],
              [2.832617, 42.002656],
              [2.832378, 42.002441],
              [2.832376, 42.00243],
              [2.832202, 42.001431],
              [2.831834, 42.001512],
              [2.831542, 42.00154],
              [2.831428, 42.00149],
              [2.831294, 42.001404],
              [2.831175, 42.001354],
              [2.831036, 42.00134],
              [2.830835, 42.001425],
              [2.830735, 42.001389],
              [2.830577, 42.001328],
              [2.830414, 42.001317],
              [2.830247, 42.001299],
              [2.830089, 42.001285],
              [2.830272, 42.001003],
              [2.830679, 42.000708],
              [2.831163, 42.00042],
              [2.831216, 42.000195],
              [2.831417, 42.000028],
              [2.831462, 41.999809],
              [2.831484, 41.999794],
              [2.831484, 41.9997],
              [2.831669, 41.999671],
              [2.831911, 42.00026],
              [2.832933, 42.000261],
              [2.833693, 42.000255],
              [2.834072, 42.000255],
              [2.834326, 42.000256],
              [2.834511, 42.000256],
              [2.834734, 42.000256],
              [2.834958, 42.000249],
              [2.835192, 42.000243],
              [2.835494, 42.000243],
              [2.835776, 42.000236],
              [2.836019, 42.000236],
              [2.836224, 42.000229],
              [2.83637, 42.000215],
              [2.836623, 42.000194],
              [2.836954, 42.00018],
              [2.837324, 42.000137],
              [2.837889, 42.000101],
              [2.83859, 42.000051],
              [2.839379, 41.999972],
              [2.839885, 41.999908],
              [2.840132, 41.999896],
              [2.841107, 42.000293],
              [2.843399, 42.000137],
              [2.843705, 41.99975],
              [2.845203, 41.999478],
              [2.845813, 41.999912],
              [2.845994, 42.000528],
              [2.846299, 42.000915],
              [2.847398, 42.001236],
              [2.847825, 42.00151],
              [2.850405, 42.001742],
              [2.852226, 42.002212],
              [2.85298, 42.002762],
              [2.853531, 42.003257],
              [2.854359, 42.003464],
              [2.855519, 42.003726],
              [2.856383, 42.004373],
              [2.857247, 42.004676],
              [2.857726, 42.004814],
              [2.857814, 42.005123],
              [2.857814, 42.005123],
              [2.857445, 42.005031],
              [2.857298, 42.005053],
              [2.85708, 42.004954],
              [2.85689, 42.00519],
              [2.85689, 42.00519],
              [2.856725, 42.005378],
              [2.856725, 42.005379],
              [2.856573, 42.005565],
              [2.856573, 42.005565],
              [2.856474, 42.005675],
              [2.856474, 42.005676],
              [2.85635, 42.005775],
              [2.856213, 42.00587],
              [2.856096, 42.00592],
              [2.85598, 42.005954],
              [2.855811, 42.005982],
              [2.85561, 42.005995],
              [2.855434, 42.006021],
              [2.855257, 42.006052],
              [2.855123, 42.0061],
              [2.854943, 42.006205],
              [2.854777, 42.006304],
              [2.854587, 42.00642],
              [2.854488, 42.00648],
              [2.854389, 42.006514],
              [2.854164, 42.006524],
              [2.853875, 42.00654],
              [2.853536, 42.006547],
              [2.853311, 42.006542],
              [2.853043, 42.006504],
              [2.852888, 42.006457],
              [2.852744, 42.006433],
              [2.852606, 42.006428],
              [2.852462, 42.006451],
              [2.852289, 42.00649],
              [2.852113, 42.006508],
              [2.851993, 42.006503],
              [2.851813, 42.006466],
              [2.851444, 42.006384],
              [2.851236, 42.006331],
              [2.851112, 42.006334],
              [2.850714, 42.006341],
              [2.850538, 42.006364],
              [2.850372, 42.006435],
              [2.850132, 42.006532],
              [2.849981, 42.006619],
              [2.849825, 42.006703],
              [2.849589, 42.006834],
              [2.849374, 42.006975],
              [2.849091, 42.007177],
              [2.848968, 42.007243],
              [2.848862, 42.007274],
              [2.848647, 42.007292],
              [2.848411, 42.007297],
              [2.848231, 42.007321],
              [2.84809, 42.007355],
              [2.847868, 42.007433],
              [2.847646, 42.007515],
              [2.84742, 42.007604],
              [2.847275, 42.007693],
              [2.847145, 42.007798],
              [2.847053, 42.0079],
              [2.847053, 42.0079],
              [2.846943, 42.008044],
              [2.846943, 42.008044],
              [2.846887, 42.008102],
              [2.846724, 42.008215],
              [2.846597, 42.008325],
              [2.846396, 42.008496],
              [2.846396, 42.008496],
              [2.846318, 42.008611],
              [2.846283, 42.008711],
              [2.846268, 42.008832],
              [2.846239, 42.009076],
              [2.846239, 42.009205],
              [2.846235, 42.00935],
              [2.846122, 42.009555],
              [2.84598, 42.009804],
              [2.845956, 42.009906],
              [2.845936, 42.010037],
              [2.845907, 42.0101],
              [2.845828, 42.010274],
              [2.845828, 42.010274],
              [2.845914, 42.010388],
              [2.846044, 42.010527],
              [2.846213, 42.010686],
              [2.846394, 42.010848],
              [2.846597, 42.011014],
              [2.846739, 42.011134],
              [2.846904, 42.011268],
              [2.847098, 42.011421],
              [2.847271, 42.011561],
              [2.84742, 42.011678],
              [2.847554, 42.011788],
              [2.847708, 42.011927],
              [2.847816, 42.012044],
              [2.847955, 42.012187],
              [2.848069, 42.01231],
              [2.848172, 42.012433],
              [2.848344, 42.012645],
              [2.848494, 42.012862],
              [2.848587, 42.013024],
              [2.848721, 42.013274],
              [2.848838, 42.013518],
              [2.848913, 42.0137],
              [2.848992, 42.013908],
              [2.849052, 42.014078],
              [2.849126, 42.014284],
              [2.849236, 42.01459],
              [2.849302, 42.014818],
              [2.849354, 42.014982],
              [2.849414, 42.015245],
              [2.849456, 42.015516],
              [2.849483, 42.015762],
              [2.849493, 42.015977],
              [2.849507, 42.016202],
              [2.849528, 42.016518],
              [2.849528, 42.016743],
              [2.849522, 42.01688],
              [2.84951, 42.017121],
              [2.849473, 42.0175],
              [2.849445, 42.017747],
              [2.849431, 42.017904],
              [2.849408, 42.018187],
              [2.849386, 42.018473],
              [2.849357, 42.018755],
              [2.849318, 42.019389],
              [2.849306, 42.019562],
              [2.849292, 42.019729],
              [2.849282, 42.019875],
              [2.849288, 42.02005],
              [2.849295, 42.020123],
              [2.849323, 42.020178],
              [2.84939, 42.020249],
              [2.848868, 42.021073],
              [2.848868, 42.021074],
              [2.849005, 42.021248],
              [2.850245, 42.022826],
              [2.85026, 42.022859]
            ]
          ]
        ]
      }
    },
    {
      "type": "Feature",
      "properties": {
        "id": "palau",
        "name": "Palau",
        "cityId": "girona"
      },
      "geometry": {
        "type": "MultiPolygon",
        "coordinates": [
          [
            [
              [2.833153, 41.963611],
              [2.832941, 41.963756],
              [2.832785, 41.963712],
              [2.83254, 41.963611],
              [2.832042, 41.963527],
              [2.831765, 41.964149],
              [2.831601, 41.964393],
              [2.831154, 41.964564],
              [2.829778, 41.964895],
              [2.82954, 41.964884],
              [2.829332, 41.964806],
              [2.829101, 41.964761],
              [2.828938, 41.964833],
              [2.828727, 41.965698],
              [2.828541, 41.965837],
              [2.828407, 41.965859],
              [2.828266, 41.965803],
              [2.82802, 41.965819],
              [2.827894, 41.965891],
              [2.82776, 41.96598],
              [2.827091, 41.965857],
              [2.827045, 41.966067],
              [2.826764, 41.967309],
              [2.825918, 41.967446],
              [2.823567, 41.967751],
              [2.823553, 41.967711],
              [2.823146, 41.967148],
              [2.822672, 41.966858],
              [2.821726, 41.966374],
              [2.820804, 41.966077],
              [2.820083, 41.966017],
              [2.818474, 41.966094],
              [2.817677, 41.965933],
              [2.81686, 41.965418],
              [2.81441, 41.963581],
              [2.811401, 41.96139],
              [2.81067, 41.960681],
              [2.809775, 41.958991],
              [2.808864, 41.959013],
              [2.808252, 41.957394],
              [2.80913, 41.957061],
              [2.809518, 41.956901],
              [2.81023, 41.956629],
              [2.810705, 41.956389],
              [2.811158, 41.955988],
              [2.811611, 41.955602],
              [2.811979, 41.955089],
              [2.812304, 41.954575],
              [2.812477, 41.954093],
              [2.812673, 41.953546],
              [2.812804, 41.952968],
              [2.812827, 41.952405],
              [2.813086, 41.951155],
              [2.813044, 41.950155],
              [2.813008, 41.949399],
              [2.813334, 41.948735],
              [2.813151, 41.948602],
              [2.813112, 41.948583],
              [2.813112, 41.948583],
              [2.814932, 41.948732],
              [2.812332, 41.943874],
              [2.815947, 41.943493],
              [2.816207, 41.942376],
              [2.818236, 41.94084],
              [2.818236, 41.94084],
              [2.818342, 41.939486],
              [2.819605, 41.939242],
              [2.819613, 41.939376],
              [2.819916, 41.939837],
              [2.820439, 41.940195],
              [2.821089, 41.940436],
              [2.822111, 41.940603],
              [2.822911, 41.940768],
              [2.823711, 41.940946],
              [2.8247, 41.941188],
              [2.825304, 41.94146],
              [2.825836, 41.941888],
              [2.826467, 41.942474],
              [2.826647, 41.942993],
              [2.826807, 41.943522],
              [2.826751, 41.944229],
              [2.826756, 41.944517],
              [2.826593, 41.945162],
              [2.826534, 41.945476],
              [2.82657, 41.945985],
              [2.826776, 41.946549],
              [2.827039, 41.947173],
              [2.827231, 41.947537],
              [2.827667, 41.948071],
              [2.828271, 41.948596],
              [2.828914, 41.949001],
              [2.829372, 41.949146],
              [2.830052, 41.949001],
              [2.83106, 41.948787],
              [2.832074, 41.948608],
              [2.832679, 41.9486],
              [2.833139, 41.948631],
              [2.833536, 41.948825],
              [2.833754, 41.949092],
              [2.833854, 41.949426],
              [2.833894, 41.949813],
              [2.833714, 41.95032],
              [2.833631, 41.950991],
              [2.833627, 41.951741],
              [2.83344, 41.952622],
              [2.833382, 41.952855],
              [2.833726, 41.953173],
              [2.83429, 41.953355],
              [2.835083, 41.953372],
              [2.835306, 41.953433],
              [2.835306, 41.953433],
              [2.834975, 41.953862],
              [2.834644, 41.954291],
              [2.834325, 41.954516],
              [2.834115, 41.954716],
              [2.833784, 41.955055],
              [2.833676, 41.955179],
              [2.83343, 41.955549],
              [2.83343, 41.95555],
              [2.83334, 41.955717],
              [2.83325, 41.956022],
              [2.833272, 41.956428],
              [2.833347, 41.956683],
              [2.833385, 41.956815],
              [2.833392, 41.956881],
              [2.833193, 41.957353],
              [2.833193, 41.957353],
              [2.832724, 41.957942],
              [2.832551, 41.958127],
              [2.833362, 41.958553],
              [2.834069, 41.958822],
              [2.834038, 41.958877],
              [2.833906, 41.959071],
              [2.833905, 41.959071],
              [2.833813, 41.959264],
              [2.833738, 41.959437],
              [2.833611, 41.959704],
              [2.833457, 41.960043],
              [2.833343, 41.960227],
              [2.833343, 41.960228],
              [2.833244, 41.960373],
              [2.833244, 41.960374],
              [2.833234, 41.960491],
              [2.83318, 41.960717],
              [2.833181, 41.960862],
              [2.833192, 41.960926],
              [2.833165, 41.961243],
              [2.833155, 41.961435],
              [2.833183, 41.961712],
              [2.833213, 41.961879],
              [2.833236, 41.961965],
              [2.833313, 41.962101],
              [2.833331, 41.962131],
              [2.833339, 41.962157],
              [2.83334, 41.962184],
              [2.833334, 41.962201],
              [2.833301, 41.962268],
              [2.833258, 41.96242],
              [2.83324, 41.962528],
              [2.83322, 41.962924],
              [2.833196, 41.963147],
              [2.833153, 41.963611]
            ]
          ]
        ]
      }
    },
    {
      "type": "Feature",
      "properties": {
        "id": "pedreres",
        "name": "Pedreres",
        "cityId": "girona"
      },
      "geometry": {
        "type": "MultiPolygon",
        "coordinates": [
          [
            [
              [2.832876, 41.973817],
              [2.834473, 41.97325],
              [2.835244, 41.973243],
              [2.835557, 41.973573],
              [2.836244, 41.973608],
              [2.836573, 41.974328],
              [2.83758, 41.975018],
              [2.837677, 41.975834],
              [2.837136, 41.97648],
              [2.836779, 41.977242],
              [2.836365, 41.977994],
              [2.836406, 41.979091],
              [2.836605, 41.979157],
              [2.836771, 41.979147],
              [2.837167, 41.979172],
              [2.837293, 41.979184],
              [2.837461, 41.979289],
              [2.837545, 41.979426],
              [2.837721, 41.979463],
              [2.837939, 41.97951],
              [2.838082, 41.979573],
              [2.838157, 41.979605],
              [2.83829, 41.979663],
              [2.838374, 41.979699],
              [2.838419, 41.979763],
              [2.838473, 41.979824],
              [2.838732, 41.979869],
              [2.838976, 41.979796],
              [2.8391, 41.97974],
              [2.839176, 41.979672],
              [2.839403, 41.979543],
              [2.839647, 41.979535],
              [2.839863, 41.979556],
              [2.840073, 41.979548],
              [2.840198, 41.979463],
              [2.840257, 41.979419],
              [2.84029, 41.979351],
              [2.840463, 41.979214],
              [2.840604, 41.979202],
              [2.84075, 41.97925],
              [2.840955, 41.979295],
              [2.841079, 41.97936],
              [2.841198, 41.979295],
              [2.841269, 41.979134],
              [2.841307, 41.97907],
              [2.841442, 41.979094],
              [2.841528, 41.97907],
              [2.841723, 41.97901],
              [2.841906, 41.979063],
              [2.842176, 41.979204],
              [2.842408, 41.979289],
              [2.842549, 41.979342],
              [2.842781, 41.979386],
              [2.842965, 41.979415],
              [2.842925, 41.979569],
              [2.843013, 41.979596],
              [2.843137, 41.979734],
              [2.843207, 41.979838],
              [2.843326, 41.979851],
              [2.843429, 41.979613],
              [2.843489, 41.979444],
              [2.843597, 41.979319],
              [2.843743, 41.979259],
              [2.843787, 41.979146],
              [2.843706, 41.979037],
              [2.843788, 41.978763],
              [2.843907, 41.97844],
              [2.843994, 41.978211],
              [2.844059, 41.978134],
              [2.84413, 41.978082],
              [2.844124, 41.978191],
              [2.844086, 41.97838],
              [2.844069, 41.978509],
              [2.844091, 41.978642],
              [2.844193, 41.978755],
              [2.844409, 41.978836],
              [2.844485, 41.978853],
              [2.844452, 41.978921],
              [2.844392, 41.979288],
              [2.844353, 41.979477],
              [2.84435, 41.97962],
              [2.844347, 41.979755],
              [2.844358, 41.979872],
              [2.844374, 41.980005],
              [2.844427, 41.980183],
              [2.84447, 41.980308],
              [2.844529, 41.980457],
              [2.844594, 41.980566],
              [2.844632, 41.980671],
              [2.844804, 41.980941],
              [2.844933, 41.981091],
              [2.845133, 41.981272],
              [2.845424, 41.981491],
              [2.845618, 41.981636],
              [2.84578, 41.981741],
              [2.846012, 41.981887],
              [2.84625, 41.981984],
              [2.846574, 41.982133],
              [2.84687, 41.982238],
              [2.847124, 41.982352],
              [2.847027, 41.982392],
              [2.846827, 41.982513],
              [2.846659, 41.982637],
              [2.846448, 41.982722],
              [2.84621, 41.982734],
              [2.846021, 41.982794],
              [2.845831, 41.982838],
              [2.845631, 41.982922],
              [2.845431, 41.983003],
              [2.845177, 41.983115],
              [2.844712, 41.983211],
              [2.843935, 41.983409],
              [2.8426, 41.983693],
              [2.84251, 41.98369],
              [2.841246, 41.983457],
              [2.840909, 41.983467],
              [2.839844, 41.983806],
              [2.835734, 41.983735],
              [2.834959, 41.983672],
              [2.834651, 41.983644],
              [2.834415, 41.983706],
              [2.83357, 41.983259],
              [2.83346, 41.983325],
              [2.833171, 41.983615],
              [2.832872, 41.98377],
              [2.832413, 41.983948],
              [2.831746, 41.98411],
              [2.831179, 41.984147],
              [2.830601, 41.984123],
              [2.830379, 41.984014],
              [2.830225, 41.983965],
              [2.830122, 41.983899],
              [2.830758, 41.983892],
              [2.831055, 41.983808],
              [2.831186, 41.983568],
              [2.831047, 41.983359],
              [2.830734, 41.983072],
              [2.830543, 41.982958],
              [2.830235, 41.982893],
              [2.829981, 41.982783],
              [2.829728, 41.982581],
              [2.82942, 41.982315],
              [2.829327, 41.982275],
              [2.828978, 41.982181],
              [2.828967, 41.982088],
              [2.829081, 41.981943],
              [2.829135, 41.981835],
              [2.828854, 41.981733],
              [2.828736, 41.981616],
              [2.828752, 41.981511],
              [2.828818, 41.981366],
              [2.828899, 41.981278],
              [2.829267, 41.981161],
              [2.829359, 41.981137],
              [2.829614, 41.981094],
              [2.829731, 41.980884],
              [2.829612, 41.980445],
              [2.829682, 41.980316],
              [2.829897, 41.97974],
              [2.830499, 41.979111],
              [2.830525, 41.978721],
              [2.830344, 41.978433],
              [2.829799, 41.978247],
              [2.829411, 41.977851],
              [2.829231, 41.977641],
              [2.829182, 41.977233],
              [2.829321, 41.977012],
              [2.829461, 41.976886],
              [2.829698, 41.976788],
              [2.829789, 41.976726],
              [2.829865, 41.976718],
              [2.82991, 41.97672],
              [2.830154, 41.976683],
              [2.830576, 41.976635],
              [2.83084, 41.976728],
              [2.830958, 41.976922],
              [2.831164, 41.976971],
              [2.831364, 41.97685],
              [2.831543, 41.97662],
              [2.831576, 41.976407],
              [2.831501, 41.976116],
              [2.831431, 41.975991],
              [2.831334, 41.975854],
              [2.831319, 41.97562],
              [2.831341, 41.97533],
              [2.831442, 41.975106],
              [2.832104, 41.974512],
              [2.83275, 41.973966],
              [2.832876, 41.973817]
            ]
          ]
        ]
      }
    },
    {
      "type": "Feature",
      "properties": {
        "id": "pedret",
        "name": "Pedret",
        "cityId": "girona"
      },
      "geometry": {
        "type": "MultiPolygon",
        "coordinates": [
          [
            [
              [2.826315, 41.990428],
              [2.826389, 41.990409],
              [2.826661, 41.990459],
              [2.826594, 41.990613],
              [2.826594, 41.990817],
              [2.826526, 41.991225],
              [2.826525, 41.991512],
              [2.826458, 41.991796],
              [2.82661, 41.992218],
              [2.826729, 41.992685],
              [2.826821, 41.993177],
              [2.826746, 41.993823],
              [2.826604, 41.99432],
              [2.826603, 41.994727],
              [2.826769, 41.995061],
              [2.826915, 41.995379],
              [2.827047, 41.995697],
              [2.827047, 41.995821],
              [2.826833, 41.99598],
              [2.826673, 41.996188],
              [2.826585, 41.996417],
              [2.826585, 41.996705],
              [2.826404, 41.997033],
              [2.826243, 41.997326],
              [2.826136, 41.99749],
              [2.826206, 41.997831],
              [2.824642, 41.99762],
              [2.824254, 41.99752],
              [2.822869, 41.997262],
              [2.82338, 41.995399],
              [2.823841, 41.994157],
              [2.823654, 41.992648],
              [2.823567, 41.992088],
              [2.823518, 41.991377],
              [2.823329, 41.990684],
              [2.82323, 41.989858],
              [2.823188, 41.989508],
              [2.823984, 41.989571],
              [2.824428, 41.989455],
              [2.824731, 41.989621],
              [2.82542, 41.98994],
              [2.825961, 41.990168],
              [2.826006, 41.990272],
              [2.826064, 41.990484],
              [2.826148, 41.990509],
              [2.82624, 41.990484],
              [2.826315, 41.990428]
            ]
          ]
        ]
      }
    },
    {
      "type": "Feature",
      "properties": {
        "id": "pla-de-campdora",
        "name": "Pla de Campdorà",
        "cityId": "girona"
      },
      "geometry": {
        "type": "MultiPolygon",
        "coordinates": [
          [
            [
              [2.85026, 42.022859],
              [2.850466, 42.023331],
              [2.850527, 42.023562],
              [2.850572, 42.023648],
              [2.850633, 42.023697],
              [2.850743, 42.02374],
              [2.850943, 42.023798],
              [2.851136, 42.023854],
              [2.851371, 42.023917],
              [2.851741, 42.024044],
              [2.851741, 42.024044],
              [2.85134, 42.024609],
              [2.850927, 42.025132],
              [2.850344, 42.025813],
              [2.850344, 42.025814],
              [2.849964, 42.026408],
              [2.849963, 42.026408],
              [2.849672, 42.026513],
              [2.849342, 42.026859],
              [2.849342, 42.026859],
              [2.849075, 42.027221],
              [2.848915, 42.027509],
              [2.848932, 42.027697],
              [2.848509, 42.028154],
              [2.848509, 42.028154],
              [2.847862, 42.02874],
              [2.847251, 42.029093],
              [2.84652, 42.029357],
              [2.845598, 42.029493],
              [2.84486, 42.029503],
              [2.843668, 42.02967],
              [2.842271, 42.029753],
              [2.841767, 42.029858],
              [2.841001, 42.029804],
              [2.84054, 42.029788],
              [2.839512, 42.029617],
              [2.838952, 42.029442],
              [2.83842, 42.029288],
              [2.838102, 42.02907],
              [2.837868, 42.028874],
              [2.836833, 42.028667],
              [2.835557, 42.028401],
              [2.834937, 42.028341],
              [2.833423, 42.028048],
              [2.8323, 42.02787],
              [2.831633, 42.027742],
              [2.831017, 42.027471],
              [2.830649, 42.027272],
              [2.830436, 42.027018],
              [2.829997, 42.026737],
              [2.829888, 42.026415],
              [2.829683, 42.026157],
              [2.829513, 42.025824],
              [2.829213, 42.025553],
              [2.829101, 42.025313],
              [2.828997, 42.025157],
              [2.828715, 42.024932],
              [2.828522, 42.024712],
              [2.828548, 42.024447],
              [2.828508, 42.024152],
              [2.828043, 42.023088],
              [2.827895, 42.022713],
              [2.827807, 42.022387],
              [2.827736, 42.022024],
              [2.827717, 42.021599],
              [2.827797, 42.02097],
              [2.827959, 42.020363],
              [2.827958, 42.019848],
              [2.827959, 42.019601],
              [2.82796, 42.019457],
              [2.827959, 42.019291],
              [2.827955, 42.019152],
              [2.827962, 42.019004],
              [2.827956, 42.018809],
              [2.827961, 42.018577],
              [2.827957, 42.018294],
              [2.827925, 42.018063],
              [2.827891, 42.017679],
              [2.827866, 42.01734],
              [2.827841, 42.017093],
              [2.82782, 42.016909],
              [2.827785, 42.016731],
              [2.827759, 42.01651],
              [2.827699, 42.016308],
              [2.827642, 42.016197],
              [2.827582, 42.015987],
              [2.827503, 42.015783],
              [2.827399, 42.015586],
              [2.827303, 42.015476],
              [2.827303, 42.015476],
              [2.830657, 42.014531],
              [2.830907, 42.014423],
              [2.831086, 42.014431],
              [2.831326, 42.013853],
              [2.831386, 42.013535],
              [2.8311, 42.012942],
              [2.830833, 42.012253],
              [2.830676, 42.011816],
              [2.830815, 42.011527],
              [2.830965, 42.011365],
              [2.831492, 42.011099],
              [2.831899, 42.010974],
              [2.832564, 42.01096],
              [2.832951, 42.011049],
              [2.833478, 42.011102],
              [2.833597, 42.010983],
              [2.833866, 42.010791],
              [2.834638, 42.011385],
              [2.834846, 42.011615],
              [2.835183, 42.011919],
              [2.83551, 42.012289],
              [2.835837, 42.01269],
              [2.836293, 42.01272],
              [2.836641, 42.012521],
              [2.83693, 42.012314],
              [2.837486, 42.012411],
              [2.838011, 42.012604],
              [2.838587, 42.012753],
              [2.839351, 42.012902],
              [2.840164, 42.013259],
              [2.840441, 42.013349],
              [2.840459, 42.013415],
              [2.839705, 42.014828],
              [2.838718, 42.016754],
              [2.837676, 42.017695],
              [2.836345, 42.018507],
              [2.835246, 42.019363],
              [2.83406, 42.019789],
              [2.833335, 42.02001],
              [2.832639, 42.020253],
              [2.832361, 42.020386],
              [2.831864, 42.02057],
              [2.831526, 42.020696],
              [2.831416, 42.020873],
              [2.831664, 42.021029],
              [2.831942, 42.021155],
              [2.832517, 42.021356],
              [2.833272, 42.021231],
              [2.833719, 42.021202],
              [2.834256, 42.021092],
              [2.835041, 42.021056],
              [2.835627, 42.020946],
              [2.836402, 42.020829],
              [2.8366, 42.020873],
              [2.836739, 42.020955],
              [2.836868, 42.020955],
              [2.837226, 42.020867],
              [2.837633, 42.020793],
              [2.837951, 42.020697],
              [2.838352, 42.020534],
              [2.838528, 42.020513],
              [2.840196, 42.020478],
              [2.841636, 42.020436],
              [2.841605, 42.020925],
              [2.842536, 42.022044],
              [2.84288, 42.023481],
              [2.843016, 42.024711],
              [2.843183, 42.025288],
              [2.843421, 42.025511],
              [2.84358, 42.025637],
              [2.843788, 42.02577],
              [2.844185, 42.025927],
              [2.844443, 42.026023],
              [2.84481, 42.026061],
              [2.845088, 42.026105],
              [2.845426, 42.026106],
              [2.845694, 42.026114],
              [2.845975, 42.026057],
              [2.846365, 42.025895],
              [2.846539, 42.025826],
              [2.846569, 42.025648],
              [2.846609, 42.025471],
              [2.846632, 42.025231],
              [2.846812, 42.025098],
              [2.847053, 42.024971],
              [2.847184, 42.025004],
              [2.847275, 42.025072],
              [2.847424, 42.025153],
              [2.847573, 42.025079],
              [2.848011, 42.024702],
              [2.849161, 42.023723],
              [2.85026, 42.022859]
            ]
          ]
        ]
      }
    },
    {
      "type": "Feature",
      "properties": {
        "id": "pont-major",
        "name": "Pont Major",
        "cityId": "girona"
      },
      "geometry": {
        "type": "MultiPolygon",
        "coordinates": [
          [
            [
              [2.840441, 42.013349],
              [2.840164, 42.013259],
              [2.839351, 42.012902],
              [2.838587, 42.012753],
              [2.838011, 42.012604],
              [2.837486, 42.012411],
              [2.83693, 42.012314],
              [2.836641, 42.012521],
              [2.836293, 42.01272],
              [2.835837, 42.01269],
              [2.83551, 42.012289],
              [2.835183, 42.011919],
              [2.834846, 42.011615],
              [2.834638, 42.011385],
              [2.833866, 42.010791],
              [2.833597, 42.010983],
              [2.833478, 42.011102],
              [2.832951, 42.011049],
              [2.832564, 42.01096],
              [2.831899, 42.010974],
              [2.831492, 42.011099],
              [2.830965, 42.011365],
              [2.830815, 42.011527],
              [2.830676, 42.011816],
              [2.830833, 42.012253],
              [2.8311, 42.012942],
              [2.831386, 42.013535],
              [2.831326, 42.013853],
              [2.831086, 42.014431],
              [2.830907, 42.014423],
              [2.830657, 42.014531],
              [2.827303, 42.015476],
              [2.827303, 42.015476],
              [2.827268, 42.015435],
              [2.827057, 42.015254],
              [2.826792, 42.015023],
              [2.826543, 42.014825],
              [2.826211, 42.014604],
              [2.825886, 42.014372],
              [2.825524, 42.014179],
              [2.825252, 42.013968],
              [2.824986, 42.013768],
              [2.824694, 42.013559],
              [2.824361, 42.01337],
              [2.824068, 42.013171],
              [2.823696, 42.012951],
              [2.823416, 42.012782],
              [2.82311, 42.012632],
              [2.822631, 42.012393],
              [2.822254, 42.012196],
              [2.821908, 42.012028],
              [2.821627, 42.011884],
              [2.821351, 42.011735],
              [2.821095, 42.011601],
              [2.82079, 42.011428],
              [2.820497, 42.011256],
              [2.820245, 42.011091],
              [2.819905, 42.01086],
              [2.819636, 42.010682],
              [2.819383, 42.010511],
              [2.819186, 42.010333],
              [2.819005, 42.010126],
              [2.818823, 42.009925],
              [2.818626, 42.009689],
              [2.818413, 42.009453],
              [2.818223, 42.009228],
              [2.818089, 42.009074],
              [2.817908, 42.008867],
              [2.817742, 42.008643],
              [2.817632, 42.008489],
              [2.817569, 42.008324],
              [2.817538, 42.008176],
              [2.817523, 42.008005],
              [2.817511, 42.007813],
              [2.81752, 42.007624],
              [2.81756, 42.007471],
              [2.817624, 42.007282],
              [2.817648, 42.00717],
              [2.817688, 42.007034],
              [2.817759, 42.006898],
              [2.817847, 42.006751],
              [2.817942, 42.006568],
              [2.81803, 42.006338],
              [2.81815, 42.005972],
              [2.818245, 42.005677],
              [2.818357, 42.005353],
              [2.818461, 42.005075],
              [2.818552, 42.00483],
              [2.818611, 42.004686],
              [2.818657, 42.004555],
              [2.818688, 42.004476],
              [2.818778, 42.004278],
              [2.818889, 42.004084],
              [2.818979, 42.003919],
              [2.818979, 42.003919],
              [2.8191, 42.003763],
              [2.819221, 42.003576],
              [2.819341, 42.003404],
              [2.819342, 42.003404],
              [2.819472, 42.003233],
              [2.819619, 42.003026],
              [2.819771, 42.002788],
              [2.819976, 42.002486],
              [2.819976, 42.002486],
              [2.819976, 42.002486],
              [2.82165, 41.999843],
              [2.822327, 41.998306],
              [2.822869, 41.997262],
              [2.824254, 41.99752],
              [2.824642, 41.99762],
              [2.826206, 41.997831],
              [2.82623, 41.998097],
              [2.826331, 41.998467],
              [2.826338, 41.998577],
              [2.826718, 41.998755],
              [2.82742, 41.999144],
              [2.827784, 41.999375],
              [2.828093, 41.999501],
              [2.828543, 41.999502],
              [2.828838, 41.999544],
              [2.830129, 41.999829],
              [2.830466, 41.999882],
              [2.830748, 41.999851],
              [2.83138, 41.999863],
              [2.831462, 41.999809],
              [2.831417, 42.000028],
              [2.831216, 42.000195],
              [2.831163, 42.00042],
              [2.830679, 42.000708],
              [2.830272, 42.001003],
              [2.830089, 42.001285],
              [2.830247, 42.001299],
              [2.830414, 42.001317],
              [2.830577, 42.001328],
              [2.830735, 42.001389],
              [2.830835, 42.001425],
              [2.831036, 42.00134],
              [2.831175, 42.001354],
              [2.831294, 42.001404],
              [2.831428, 42.00149],
              [2.831542, 42.00154],
              [2.831834, 42.001512],
              [2.832202, 42.001431],
              [2.832376, 42.00243],
              [2.832378, 42.002441],
              [2.832617, 42.002656],
              [2.83405, 42.00356],
              [2.834141, 42.00395],
              [2.834157, 42.004796],
              [2.833058, 42.005309],
              [2.834096, 42.005953],
              [2.83554, 42.006062],
              [2.837386, 42.0069],
              [2.838078, 42.007286],
              [2.839488, 42.00898],
              [2.83963, 42.009966],
              [2.839772, 42.01093],
              [2.840441, 42.013349]
            ]
          ]
        ]
      }
    },
    {
      "type": "Feature",
      "properties": {
        "id": "sant-daniel",
        "name": "Sant Daniel",
        "cityId": "girona"
      },
      "geometry": {
        "type": "MultiPolygon",
        "coordinates": [
          [
            [
              [2.847124, 41.982352],
              [2.847437, 41.982501],
              [2.847549, 41.982564],
              [2.847961, 41.982829],
              [2.848448, 41.983283],
              [2.848732, 41.983668],
              [2.848879, 41.984045],
              [2.849016, 41.98462],
              [2.849004, 41.984919],
              [2.848672, 41.985838],
              [2.847831, 41.987304],
              [2.847478, 41.987997],
              [2.847277, 41.98869],
              [2.847345, 41.989594],
              [2.847705, 41.990546],
              [2.848684, 41.99247],
              [2.849552, 41.994449],
              [2.849758, 41.995363],
              [2.849831, 41.996331],
              [2.849605, 41.997935],
              [2.849128, 41.999108],
              [2.847825, 42.00151],
              [2.847398, 42.001236],
              [2.846299, 42.000915],
              [2.845994, 42.000528],
              [2.845813, 41.999912],
              [2.845203, 41.999478],
              [2.843705, 41.99975],
              [2.843399, 42.000137],
              [2.841107, 42.000293],
              [2.840132, 41.999896],
              [2.84044, 41.998374],
              [2.840273, 41.997925],
              [2.839915, 41.997516],
              [2.839758, 41.997185],
              [2.839559, 41.996469],
              [2.839625, 41.995675],
              [2.839932, 41.995628],
              [2.840023, 41.995457],
              [2.840043, 41.994903],
              [2.840241, 41.994561],
              [2.840317, 41.993869],
              [2.840179, 41.993103],
              [2.839533, 41.992331],
              [2.83836, 41.991668],
              [2.837239, 41.991232],
              [2.837478, 41.991728],
              [2.83751, 41.992042],
              [2.836994, 41.992106],
              [2.836569, 41.992096],
              [2.836163, 41.992032],
              [2.835534, 41.991953],
              [2.835042, 41.992245],
              [2.834539, 41.992627],
              [2.833764, 41.991337],
              [2.833249, 41.990583],
              [2.832544, 41.990239],
              [2.831379, 41.989827],
              [2.830928, 41.989918],
              [2.830115, 41.989831],
              [2.829065, 41.989328],
              [2.828486, 41.989272],
              [2.827833, 41.989387],
              [2.827502, 41.989636],
              [2.826999, 41.988834],
              [2.827, 41.988591],
              [2.82676, 41.988477],
              [2.826707, 41.988324],
              [2.826714, 41.988019],
              [2.826924, 41.987838],
              [2.828029, 41.98739],
              [2.828431, 41.987158],
              [2.82858, 41.987168],
              [2.828727, 41.987148],
              [2.828858, 41.987139],
              [2.828974, 41.987096],
              [2.829032, 41.987053],
              [2.82914, 41.98697],
              [2.829298, 41.986907],
              [2.829549, 41.986885],
              [2.829609, 41.986781],
              [2.829709, 41.986692],
              [2.829808, 41.986603],
              [2.829987, 41.986663],
              [2.830234, 41.986492],
              [2.830781, 41.986167],
              [2.831487, 41.98599],
              [2.831969, 41.985867],
              [2.832363, 41.985746],
              [2.832877, 41.985516],
              [2.833166, 41.985293],
              [2.833606, 41.984811],
              [2.834067, 41.984362],
              [2.834315, 41.98398],
              [2.834415, 41.983706],
              [2.834651, 41.983644],
              [2.834959, 41.983672],
              [2.835734, 41.983735],
              [2.839844, 41.983806],
              [2.840909, 41.983467],
              [2.841246, 41.983457],
              [2.84251, 41.98369],
              [2.8426, 41.983693],
              [2.843935, 41.983409],
              [2.844712, 41.983211],
              [2.845177, 41.983115],
              [2.845431, 41.983003],
              [2.845631, 41.982922],
              [2.845831, 41.982838],
              [2.846021, 41.982794],
              [2.84621, 41.982734],
              [2.846448, 41.982722],
              [2.846659, 41.982637],
              [2.846827, 41.982513],
              [2.847027, 41.982392],
              [2.847124, 41.982352]
            ]
          ]
        ]
      }
    },
    {
      "type": "Feature",
      "properties": {
        "id": "sant-narcis",
        "name": "Sant Narcís",
        "cityId": "girona"
      },
      "geometry": {
        "type": "MultiPolygon",
        "coordinates": [
          [
            [
              [2.813376, 41.976626],
              [2.813296, 41.976626],
              [2.811781, 41.976625],
              [2.809958, 41.976546],
              [2.809659, 41.976053],
              [2.809401, 41.975366],
              [2.809363, 41.97477],
              [2.808965, 41.974068],
              [2.808766, 41.973635],
              [2.808648, 41.973112],
              [2.809769, 41.972846],
              [2.809535, 41.972269],
              [2.809999, 41.972402],
              [2.811209, 41.972903],
              [2.81179, 41.972088],
              [2.811791, 41.971849],
              [2.812111, 41.97179],
              [2.812469, 41.972552],
              [2.813401, 41.975149],
              [2.813238, 41.976059],
              [2.813376, 41.976626]
            ]
          ]
        ]
      }
    },
    {
      "type": "Feature",
      "properties": {
        "id": "sant-ponc",
        "name": "Sant Ponç",
        "cityId": "girona"
      },
      "geometry": {
        "type": "MultiPolygon",
        "coordinates": [
          [
            [
              [2.819976, 42.002486],
              [2.816824, 42.001674],
              [2.816723, 42.001681],
              [2.816707, 42.001547],
              [2.816707, 42.001546],
              [2.816634, 42.000922],
              [2.816746, 42.000734],
              [2.816801, 42.000568],
              [2.816803, 42.00049],
              [2.816803, 42.00049],
              [2.81701, 42.000281],
              [2.81736, 41.999918],
              [2.817837, 41.999522],
              [2.818265, 41.999213],
              [2.81862, 41.998874],
              [2.818942, 41.998524],
              [2.819198, 41.99814],
              [2.819249, 41.997768],
              [2.819271, 41.995908],
              [2.819486, 41.993688],
              [2.819823, 41.992741],
              [2.820649, 41.990568],
              [2.821878, 41.991175],
              [2.822778, 41.992068],
              [2.823841, 41.994157],
              [2.82338, 41.995399],
              [2.822869, 41.997262],
              [2.822327, 41.998306],
              [2.82165, 41.999843],
              [2.819976, 42.002486],
              [2.819976, 42.002486]
            ]
          ]
        ]
      }
    },
    {
      "type": "Feature",
      "properties": {
        "id": "santa-eugenia",
        "name": "Santa Eugènia",
        "cityId": "girona"
      },
      "geometry": {
        "type": "MultiPolygon",
        "coordinates": [
          [
            [
              [2.809953, 41.976546],
              [2.810724, 41.978481],
              [2.811012, 41.979368],
              [2.811089, 41.980334],
              [2.811033, 41.98132],
              [2.810367, 41.98327],
              [2.809798, 41.984849],
              [2.808581, 41.984569],
              [2.808178, 41.984425],
              [2.808307, 41.981626],
              [2.80754, 41.981359],
              [2.807665, 41.981141],
              [2.807767, 41.980726],
              [2.808062, 41.97995],
              [2.808098, 41.979436],
              [2.808687, 41.979623],
              [2.80875, 41.979658],
              [2.808854, 41.979675],
              [2.808999, 41.979669],
              [2.80898, 41.979372],
              [2.809197, 41.979164],
              [2.808411, 41.978921],
              [2.808128, 41.978717],
              [2.807134, 41.978314],
              [2.806707, 41.978988],
              [2.806004, 41.978812],
              [2.805896, 41.979081],
              [2.80528, 41.978935],
              [2.805263, 41.978932],
              [2.805395, 41.978647],
              [2.805412, 41.978654],
              [2.805652, 41.978705],
              [2.805956, 41.978061],
              [2.804508, 41.977574],
              [2.804029, 41.977476],
              [2.80367, 41.977459],
              [2.803038, 41.97749],
              [2.802581, 41.977449],
              [2.802211, 41.977505],
              [2.801993, 41.977537],
              [2.80159, 41.977699],
              [2.801372, 41.977747],
              [2.801122, 41.977706],
              [2.800876, 41.977814],
              [2.800856, 41.977942],
              [2.800827, 41.978039],
              [2.800925, 41.978153],
              [2.800805, 41.978291],
              [2.800663, 41.978388],
              [2.800369, 41.978469],
              [2.800122, 41.978526],
              [2.800138, 41.97845],
              [2.800145, 41.978414],
              [2.800138, 41.978132],
              [2.800138, 41.978131],
              [2.800127, 41.97772],
              [2.800348, 41.976387],
              [2.800541, 41.976017],
              [2.800982, 41.975171],
              [2.801038, 41.97503],
              [2.801094, 41.974888],
              [2.801052, 41.974317],
              [2.801052, 41.974317],
              [2.80129, 41.974286],
              [2.806063, 41.975092],
              [2.806782, 41.975407],
              [2.80756, 41.97593],
              [2.807999, 41.97611],
              [2.808638, 41.97635],
              [2.809278, 41.976485],
              [2.809953, 41.976546]
            ]
          ]
        ]
      }
    },
    {
      "type": "Feature",
      "properties": {
        "id": "taiala",
        "name": "Taialà",
        "cityId": "girona"
      },
      "geometry": {
        "type": "MultiPolygon",
        "coordinates": [
          [
            [
              [2.809199, 41.990605],
              [2.810915, 41.991751],
              [2.813317, 41.993792],
              [2.812582, 41.994096],
              [2.811924, 41.994324],
              [2.811291, 41.994776],
              [2.812192, 41.995629],
              [2.812275, 41.997641],
              [2.812718, 41.997791],
              [2.813039, 41.998847],
              [2.813168, 41.999395],
              [2.813185, 41.999491],
              [2.812555, 41.999519],
              [2.812471, 42.00002],
              [2.812329, 42.00024],
              [2.812161, 42.000502],
              [2.811858, 42.001133],
              [2.811611, 42.002194],
              [2.811085, 42.003983],
              [2.810972, 42.004369],
              [2.810523, 42.004249],
              [2.809862, 42.004071],
              [2.808876, 42.003809],
              [2.808163, 42.003667],
              [2.807311, 42.003483],
              [2.806831, 42.003314],
              [2.806344, 42.003163],
              [2.806288, 42.00299],
              [2.804558, 42.001349],
              [2.802158, 41.99926],
              [2.802158, 41.999259],
              [2.802158, 41.999259],
              [2.802244, 41.999021],
              [2.802323, 41.998773],
              [2.802428, 41.998612],
              [2.802468, 41.998356],
              [2.802579, 41.998282],
              [2.80279, 41.998138],
              [2.803073, 41.997981],
              [2.803412, 41.997717],
              [2.803495, 41.997536],
              [2.803446, 41.997432],
              [2.803347, 41.997188],
              [2.803497, 41.996953],
              [2.803686, 41.996767],
              [2.803703, 41.996635],
              [2.803565, 41.996474],
              [2.803438, 41.996478],
              [2.803211, 41.996395],
              [2.803034, 41.996171],
              [2.802625, 41.996034],
              [2.802436, 41.996224],
              [2.801842, 41.996611],
              [2.801448, 41.996796],
              [2.80127, 41.99697],
              [2.801297, 41.997098],
              [2.801436, 41.997164],
              [2.801452, 41.997301],
              [2.801108, 41.997478],
              [2.800886, 41.997552],
              [2.800676, 41.997522],
              [2.800487, 41.997493],
              [2.800316, 41.997476],
              [2.800116, 41.997455],
              [2.799986, 41.997533],
              [2.799975, 41.997542],
              [2.799975, 41.997542],
              [2.799975, 41.997542],
              [2.798612, 41.996525],
              [2.798612, 41.996524],
              [2.798612, 41.996524],
              [2.800303, 41.99557],
              [2.800721, 41.995431],
              [2.80228, 41.994755],
              [2.804392, 41.994463],
              [2.806294, 41.994193],
              [2.80759, 41.994055],
              [2.807987, 41.993985],
              [2.80827, 41.993853],
              [2.808459, 41.993596],
              [2.808637, 41.993254],
              [2.809038, 41.992265],
              [2.809048, 41.992241],
              [2.809199, 41.990605]
            ]
          ]
        ]
      }
    },
    {
      "type": "Feature",
      "properties": {
        "id": "torre-gironella",
        "name": "Torre Gironella",
        "cityId": "girona"
      },
      "geometry": {
        "type": "MultiPolygon",
        "coordinates": [
          [
            [
              [2.834415, 41.983706],
              [2.834315, 41.98398],
              [2.834067, 41.984362],
              [2.833606, 41.984811],
              [2.833166, 41.985293],
              [2.832877, 41.985516],
              [2.832363, 41.985746],
              [2.831969, 41.985867],
              [2.831487, 41.98599],
              [2.830781, 41.986167],
              [2.830234, 41.986492],
              [2.829987, 41.986663],
              [2.829808, 41.986603],
              [2.829709, 41.986692],
              [2.829585, 41.986502],
              [2.829557, 41.986456],
              [2.829549, 41.986375],
              [2.829535, 41.986239],
              [2.829487, 41.986118],
              [2.829369, 41.98569],
              [2.829108, 41.985163],
              [2.828838, 41.984704],
              [2.828312, 41.984124],
              [2.827943, 41.984033],
              [2.82788, 41.984008],
              [2.827866, 41.983954],
              [2.82788, 41.983873],
              [2.827907, 41.98378],
              [2.82797, 41.983722],
              [2.828021, 41.983665],
              [2.828075, 41.983645],
              [2.828167, 41.983619],
              [2.828321, 41.983581],
              [2.828546, 41.983539],
              [2.828664, 41.983562],
              [2.828764, 41.983588],
              [2.828964, 41.983612],
              [2.829064, 41.983598],
              [2.829129, 41.983603],
              [2.829205, 41.983631],
              [2.82928, 41.983661],
              [2.82941, 41.983706],
              [2.829604, 41.983765],
              [2.829691, 41.983779],
              [2.829812, 41.983807],
              [2.829966, 41.983824],
              [2.830071, 41.98387],
              [2.830122, 41.983899],
              [2.830225, 41.983965],
              [2.830379, 41.984014],
              [2.830601, 41.984123],
              [2.831179, 41.984147],
              [2.831746, 41.98411],
              [2.832413, 41.983948],
              [2.832872, 41.98377],
              [2.833171, 41.983615],
              [2.83346, 41.983325],
              [2.83357, 41.983259],
              [2.834415, 41.983706]
            ]
          ]
        ]
      }
    },
    {
      "type": "Feature",
      "properties": {
        "id": "vila-roja",
        "name": "Vila-roja",
        "cityId": "girona"
      },
      "geometry": {
        "type": "MultiPolygon",
        "coordinates": [
          [
            [
              [2.850368, 41.967826],
              [2.850368, 41.967827],
              [2.850368, 41.967917],
              [2.850344, 41.968321],
              [2.850262, 41.968691],
              [2.850007, 41.969156],
              [2.849602, 41.969775],
              [2.849092, 41.970558],
              [2.848895, 41.971178],
              [2.848755, 41.971892],
              [2.848637, 41.97296],
              [2.848255, 41.973579],
              [2.848, 41.973975],
              [2.847422, 41.974542],
              [2.847051, 41.975024],
              [2.846471, 41.97622],
              [2.845838, 41.975952],
              [2.845134, 41.975658],
              [2.844993, 41.975173],
              [2.845186, 41.97503],
              [2.845357, 41.974692],
              [2.845389, 41.974467],
              [2.84539, 41.97429],
              [2.845167, 41.97393],
              [2.8452, 41.973486],
              [2.845228, 41.973339],
              [2.844771, 41.973478],
              [2.844863, 41.973648],
              [2.844686, 41.973701],
              [2.844422, 41.973956],
              [2.843899, 41.973986],
              [2.843987, 41.974063],
              [2.8438, 41.973995],
              [2.843235, 41.973658],
              [2.842832, 41.973443],
              [2.842287, 41.973345],
              [2.841707, 41.973177],
              [2.840962, 41.972957],
              [2.840178, 41.972005],
              [2.839909, 41.971564],
              [2.839676, 41.971251],
              [2.839446, 41.971053],
              [2.839458, 41.970907],
              [2.839481, 41.97076],
              [2.838824, 41.970665],
              [2.83842, 41.970716],
              [2.838016, 41.970844],
              [2.837115, 41.971317],
              [2.835897, 41.971949],
              [2.836145, 41.971636],
              [2.836255, 41.97109],
              [2.836278, 41.970399],
              [2.836214, 41.969932],
              [2.836323, 41.969482],
              [2.836345, 41.969321],
              [2.836992, 41.969178],
              [2.83766, 41.96913],
              [2.838306, 41.96926],
              [2.839319, 41.969117],
              [2.840374, 41.969295],
              [2.841666, 41.969249],
              [2.842506, 41.96933],
              [2.843261, 41.96909],
              [2.843994, 41.968818],
              [2.844749, 41.968401],
              [2.844987, 41.968096],
              [2.845289, 41.967646],
              [2.845311, 41.967437],
              [2.844732, 41.967003],
              [2.844732, 41.967003],
              [2.84571, 41.967097],
              [2.845863, 41.967083],
              [2.846053, 41.967038],
              [2.846209, 41.966952],
              [2.846382, 41.966895],
              [2.846375, 41.967214],
              [2.849742, 41.96773],
              [2.850368, 41.967826]
            ]
          ]
        ]
      }
    }
  ]
}
