{
  "type": "FeatureCollection",
  "name": "cordoba-neighborhoods",
  "metadata": {
    "schemaVersion": 1,
    "cityId": "cordoba",
    "cityName": "Córdoba",
    "representative": false,
    "source": "Barrios urbanos DERA — Instituto de Estadística y Cartografía de Andalucía (Junta de Andalucía), CC BY 4.0"
  },
  "features": [
    {
      "type": "Feature",
      "properties": {
        "id": "arcangel",
        "name": "Arcángel",
        "cityId": "cordoba"
      },
      "geometry": {
        "type": "Polygon",
        "coordinates": [
          [
            [-4.762213, 37.881732],
            [-4.762244, 37.88178],
            [-4.763343, 37.881595],
            [-4.765381, 37.881565],
            [-4.766927, 37.881667],
            [-4.76704, 37.881674],
            [-4.767193, 37.880965],
            [-4.767866, 37.88072],
            [-4.76974, 37.880691],
            [-4.769755, 37.880691],
            [-4.770032, 37.880754],
            [-4.770983, 37.880701],
            [-4.770927, 37.880127],
            [-4.770293, 37.879866],
            [-4.769287, 37.878981],
            [-4.769189, 37.878512],
            [-4.768294, 37.879064],
            [-4.768322, 37.878941],
            [-4.767539, 37.877695],
            [-4.766662, 37.876531],
            [-4.762237, 37.879693],
            [-4.760839, 37.878065],
            [-4.759243, 37.878796],
            [-4.758917, 37.878712],
            [-4.76075, 37.879682],
            [-4.76145, 37.880546],
            [-4.762213, 37.881732]
          ]
        ]
      }
    },
    {
      "type": "Feature",
      "properties": {
        "id": "arroyo-del-moro",
        "name": "Arroyo del Moro",
        "cityId": "cordoba"
      },
      "geometry": {
        "type": "Polygon",
        "coordinates": [
          [
            [-4.802801, 37.892823],
            [-4.802198, 37.891027],
            [-4.802097, 37.888846],
            [-4.802058, 37.888681],
            [-4.802044, 37.888621],
            [-4.801008, 37.888975],
            [-4.800843, 37.888037],
            [-4.801882, 37.887795],
            [-4.80177, 37.887119],
            [-4.801067, 37.885549],
            [-4.799646, 37.885684],
            [-4.799241, 37.88435],
            [-4.79572, 37.886031],
            [-4.794021, 37.886842],
            [-4.796375, 37.891793],
            [-4.797569, 37.892076],
            [-4.798655, 37.891796],
            [-4.799251, 37.893467],
            [-4.79936, 37.893441],
            [-4.802801, 37.892823]
          ]
        ]
      }
    },
    {
      "type": "Feature",
      "properties": {
        "id": "arruzafilla",
        "name": "Arruzafilla",
        "cityId": "cordoba"
      },
      "geometry": {
        "type": "Polygon",
        "coordinates": [
          [
            [-4.785855, 37.897621],
            [-4.785875, 37.89765],
            [-4.785912, 37.897632],
            [-4.790403, 37.89788],
            [-4.800226, 37.898421],
            [-4.800219, 37.898356],
            [-4.800195, 37.898144],
            [-4.799856, 37.897993],
            [-4.799686, 37.897918],
            [-4.802442, 37.896445],
            [-4.804768, 37.895471],
            [-4.804406, 37.895381],
            [-4.805831, 37.894569],
            [-4.805831, 37.89457],
            [-4.805997, 37.894812],
            [-4.808533, 37.893176],
            [-4.809054, 37.892456],
            [-4.808343, 37.891581],
            [-4.807776, 37.891613],
            [-4.807819, 37.89192],
            [-4.802801, 37.892823],
            [-4.79936, 37.893441],
            [-4.799251, 37.893467],
            [-4.795711, 37.894289],
            [-4.787153, 37.896277],
            [-4.786898, 37.896605],
            [-4.785855, 37.897621]
          ]
        ]
      }
    },
    {
      "type": "Feature",
      "properties": {
        "id": "asomadilla",
        "name": "Asomadilla",
        "cityId": "cordoba"
      },
      "geometry": {
        "type": "Polygon",
        "coordinates": [
          [
            [-4.789552, 37.903028],
            [-4.788304, 37.901238],
            [-4.787849, 37.901415],
            [-4.787387, 37.90137],
            [-4.786619, 37.900964],
            [-4.785695, 37.900899],
            [-4.783137, 37.901408],
            [-4.781317, 37.902454],
            [-4.780879, 37.900031],
            [-4.780876, 37.900033],
            [-4.776126, 37.902296],
            [-4.773859, 37.903376],
            [-4.773973, 37.904001],
            [-4.773941, 37.904013],
            [-4.775609, 37.90489],
            [-4.776311, 37.905323],
            [-4.776594, 37.906129],
            [-4.777235, 37.906719],
            [-4.77803, 37.90689],
            [-4.78057, 37.908366],
            [-4.781712, 37.909263],
            [-4.783811, 37.910223],
            [-4.784174, 37.910373],
            [-4.785276, 37.910828],
            [-4.785466, 37.910511],
            [-4.785393, 37.908868],
            [-4.78568, 37.908472],
            [-4.786231, 37.908098],
            [-4.787204, 37.90743],
            [-4.787879, 37.906741],
            [-4.788196, 37.906214],
            [-4.788922, 37.904924],
            [-4.78932, 37.903638],
            [-4.789552, 37.903028]
          ]
        ]
      }
    },
    {
      "type": "Feature",
      "properties": {
        "id": "camino-de-turrunuelos",
        "name": "Camino de Turruñuelos",
        "cityId": "cordoba"
      },
      "geometry": {
        "type": "Polygon",
        "coordinates": [
          [
            [-4.811276, 37.896012],
            [-4.813952, 37.89656],
            [-4.815083, 37.896717],
            [-4.815077, 37.896736],
            [-4.81461, 37.897251],
            [-4.814481, 37.897712],
            [-4.815569, 37.898044],
            [-4.81548, 37.898474],
            [-4.816426, 37.898728],
            [-4.816517, 37.898362],
            [-4.817685, 37.898661],
            [-4.817866, 37.897866],
            [-4.819455, 37.898222],
            [-4.819181, 37.899288],
            [-4.820427, 37.899539],
            [-4.820224, 37.900223],
            [-4.822658, 37.900756],
            [-4.822947, 37.901116],
            [-4.826203, 37.901732],
            [-4.826666, 37.900235],
            [-4.82518, 37.899988],
            [-4.825331, 37.898829],
            [-4.822698, 37.89833],
            [-4.822752, 37.897283],
            [-4.821486, 37.897049],
            [-4.821339, 37.897559],
            [-4.81941, 37.897208],
            [-4.819306, 37.896259],
            [-4.818606, 37.896254],
            [-4.818214, 37.896561],
            [-4.816366, 37.896272],
            [-4.816458, 37.895922],
            [-4.815394, 37.89578],
            [-4.816127, 37.894149],
            [-4.816684, 37.893074],
            [-4.816699, 37.892524],
            [-4.809054, 37.892456],
            [-4.808533, 37.893176],
            [-4.805997, 37.894812],
            [-4.806129, 37.894971],
            [-4.80674, 37.895088],
            [-4.80636, 37.895703],
            [-4.807283, 37.895934],
            [-4.807434, 37.895991],
            [-4.808559, 37.896185],
            [-4.808927, 37.895976],
            [-4.809266, 37.895878],
            [-4.809295, 37.895789],
            [-4.809247, 37.895667],
            [-4.80881, 37.895603],
            [-4.809378, 37.894066],
            [-4.809684, 37.894787],
            [-4.8107, 37.894906],
            [-4.810587, 37.895441],
            [-4.811418, 37.895563],
            [-4.811276, 37.896012]
          ]
        ]
      }
    },
    {
      "type": "Feature",
      "properties": {
        "id": "camping",
        "name": "Camping",
        "cityId": "cordoba"
      },
      "geometry": {
        "type": "Polygon",
        "coordinates": [
          [
            [-4.788304, 37.901238],
            [-4.788339, 37.901225],
            [-4.787009, 37.899391],
            [-4.790403, 37.89788],
            [-4.785912, 37.897632],
            [-4.785875, 37.89765],
            [-4.780879, 37.900031],
            [-4.781317, 37.902454],
            [-4.783137, 37.901408],
            [-4.785695, 37.900899],
            [-4.786619, 37.900964],
            [-4.787387, 37.90137],
            [-4.787849, 37.901415],
            [-4.788304, 37.901238]
          ]
        ]
      }
    },
    {
      "type": "Feature",
      "properties": {
        "id": "campo-de-la-verdad-miraflores",
        "name": "Campo de la Verdad-Miraflores",
        "cityId": "cordoba"
      },
      "geometry": {
        "type": "Polygon",
        "coordinates": [
          [
            [-4.7711, 37.874616],
            [-4.770905, 37.875417],
            [-4.770613, 37.877461],
            [-4.770829, 37.878568],
            [-4.771601, 37.879216],
            [-4.772558, 37.879652],
            [-4.773425, 37.879519],
            [-4.774728, 37.878629],
            [-4.776031, 37.87774],
            [-4.776798, 37.876558],
            [-4.776806, 37.875918],
            [-4.776602, 37.875875],
            [-4.776221, 37.875757],
            [-4.775668, 37.875457],
            [-4.775379, 37.875115],
            [-4.773782, 37.874818],
            [-4.771308, 37.874641],
            [-4.7711, 37.874616]
          ]
        ]
      }
    },
    {
      "type": "Feature",
      "properties": {
        "id": "canero",
        "name": "Cañero",
        "cityId": "cordoba"
      },
      "geometry": {
        "type": "Polygon",
        "coordinates": [
          [
            [-4.751828, 37.887277],
            [-4.751737, 37.887433],
            [-4.751756, 37.887433],
            [-4.748855, 37.891579],
            [-4.75764, 37.891115],
            [-4.759981, 37.890194],
            [-4.760507, 37.889813],
            [-4.758779, 37.887856],
            [-4.758527, 37.887995],
            [-4.757565, 37.886831],
            [-4.756468, 37.886993],
            [-4.756466, 37.887016],
            [-4.751828, 37.887277]
          ]
        ]
      }
    },
    {
      "type": "Feature",
      "properties": {
        "id": "catedral",
        "name": "Catedral",
        "cityId": "cordoba"
      },
      "geometry": {
        "type": "Polygon",
        "coordinates": [
          [
            [-4.77986, 37.882116],
            [-4.780015, 37.881967],
            [-4.780079, 37.882008],
            [-4.780178, 37.881666],
            [-4.780378, 37.881134],
            [-4.780398, 37.880817],
            [-4.780633, 37.880609],
            [-4.780929, 37.880351],
            [-4.781053, 37.880349],
            [-4.781558, 37.880637],
            [-4.781715, 37.880875],
            [-4.781771, 37.881001],
            [-4.781795, 37.88124],
            [-4.781906, 37.881414],
            [-4.782041, 37.881497],
            [-4.782237, 37.881501],
            [-4.78252, 37.88144],
            [-4.782829, 37.881379],
            [-4.783217, 37.881239],
            [-4.783469, 37.88101],
            [-4.78367, 37.880852],
            [-4.784131, 37.880608],
            [-4.782796, 37.877879],
            [-4.78279, 37.877866],
            [-4.781943, 37.877963],
            [-4.781675, 37.877395],
            [-4.781246, 37.877233],
            [-4.780703, 37.876326],
            [-4.780565, 37.876136],
            [-4.779277, 37.877391],
            [-4.777518, 37.878464],
            [-4.77741, 37.878523],
            [-4.775777, 37.879385],
            [-4.775268, 37.879604],
            [-4.775287, 37.879644],
            [-4.775587, 37.880123],
            [-4.775973, 37.881015],
            [-4.776144, 37.881515],
            [-4.777093, 37.882011],
            [-4.778067, 37.881475],
            [-4.778694, 37.881726],
            [-4.77986, 37.882116]
          ]
        ]
      }
    },
    {
      "type": "Feature",
      "properties": {
        "id": "centro-comercial",
        "name": "Centro Comercial",
        "cityId": "cordoba"
      },
      "geometry": {
        "type": "Polygon",
        "coordinates": [
          [
            [-4.777682, 37.885434],
            [-4.777981, 37.885473],
            [-4.778491, 37.885436],
            [-4.778963, 37.885313],
            [-4.779253, 37.885222],
            [-4.779373, 37.885655],
            [-4.779774, 37.88562],
            [-4.779783, 37.885967],
            [-4.780003, 37.885993],
            [-4.779672, 37.887417],
            [-4.779478, 37.888491],
            [-4.779355, 37.889261],
            [-4.779674, 37.890646],
            [-4.780362, 37.892032],
            [-4.780888, 37.892918],
            [-4.78324, 37.89193],
            [-4.783248, 37.891984],
            [-4.787803, 37.88981],
            [-4.787974, 37.889729],
            [-4.785906, 37.886668],
            [-4.785308, 37.886496],
            [-4.785446, 37.88497],
            [-4.784729, 37.884994],
            [-4.784078, 37.884799],
            [-4.784088, 37.884193],
            [-4.783047, 37.883427],
            [-4.782133, 37.883412],
            [-4.782271, 37.883091],
            [-4.781863, 37.882837],
            [-4.781352, 37.882845],
            [-4.780079, 37.882008],
            [-4.780015, 37.881967],
            [-4.77986, 37.882116],
            [-4.78002, 37.88217],
            [-4.779775, 37.882608],
            [-4.779267, 37.882731],
            [-4.778218, 37.883182],
            [-4.778084, 37.883705],
            [-4.77762, 37.884175],
            [-4.777681, 37.884577],
            [-4.77763, 37.88458],
            [-4.777682, 37.885434]
          ]
        ]
      }
    },
    {
      "type": "Feature",
      "properties": {
        "id": "cercadilla-medina-azahara",
        "name": "Cercadilla-Medina Azahara",
        "cityId": "cordoba"
      },
      "geometry": {
        "type": "Polygon",
        "coordinates": [
          [
            [-4.79531, 37.88533],
            [-4.785447, 37.884964],
            [-4.785446, 37.88497],
            [-4.785308, 37.886496],
            [-4.785906, 37.886668],
            [-4.787974, 37.889729],
            [-4.794021, 37.886842],
            [-4.79572, 37.886031],
            [-4.795351, 37.885384],
            [-4.795321, 37.885331],
            [-4.79531, 37.88533]
          ]
        ]
      }
    },
    {
      "type": "Feature",
      "properties": {
        "id": "cerro-de-la-golondrina",
        "name": "Cerro de la Golondrina",
        "cityId": "cordoba"
      },
      "geometry": {
        "type": "Polygon",
        "coordinates": [
          [
            [-4.763728, 37.886704],
            [-4.764774, 37.8903],
            [-4.765026, 37.890706],
            [-4.768874, 37.888363],
            [-4.767973, 37.887211],
            [-4.767729, 37.88733],
            [-4.767533, 37.887068],
            [-4.76727, 37.887026],
            [-4.767116, 37.886659],
            [-4.768577, 37.88642],
            [-4.768595, 37.886417],
            [-4.768641, 37.88592],
            [-4.768633, 37.885563],
            [-4.76826, 37.885211],
            [-4.767491, 37.884744],
            [-4.767449, 37.88475],
            [-4.766649, 37.884101],
            [-4.766353, 37.884949],
            [-4.765643, 37.885431],
            [-4.764177, 37.886261],
            [-4.763728, 37.886704]
          ]
        ]
      }
    },
    {
      "type": "Feature",
      "properties": {
        "id": "ciudad-jardin",
        "name": "Ciudad Jardín",
        "cityId": "cordoba"
      },
      "geometry": {
        "type": "Polygon",
        "coordinates": [
          [
            [-4.791948, 37.877592],
            [-4.791938, 37.877569],
            [-4.785905, 37.879888],
            [-4.785637, 37.882856],
            [-4.785447, 37.884964],
            [-4.79531, 37.88533],
            [-4.793787, 37.881826],
            [-4.791948, 37.877592]
          ]
        ]
      }
    },
    {
      "type": "Feature",
      "properties": {
        "id": "el-arenal",
        "name": "El Arenal",
        "cityId": "cordoba"
      },
      "geometry": {
        "type": "Polygon",
        "coordinates": [
          [
            [-4.758917, 37.878712],
            [-4.759243, 37.878796],
            [-4.760839, 37.878065],
            [-4.762237, 37.879693],
            [-4.766662, 37.876531],
            [-4.767539, 37.877695],
            [-4.768322, 37.878941],
            [-4.768294, 37.879064],
            [-4.769189, 37.878512],
            [-4.769031, 37.877755],
            [-4.769078, 37.876554],
            [-4.769796, 37.873334],
            [-4.769504, 37.872257],
            [-4.769482, 37.871945],
            [-4.76935, 37.87169],
            [-4.769132, 37.870885],
            [-4.768673, 37.870383],
            [-4.768547, 37.870141],
            [-4.767764, 37.86939],
            [-4.767344, 37.868932],
            [-4.767203, 37.868852],
            [-4.767027, 37.868683],
            [-4.765841, 37.868087],
            [-4.765155, 37.867701],
            [-4.765133, 37.867731],
            [-4.765125, 37.867742],
            [-4.765079, 37.867808],
            [-4.765029, 37.867786],
            [-4.765005, 37.867774],
            [-4.764752, 37.868393],
            [-4.761147, 37.873995],
            [-4.758934, 37.876998],
            [-4.757923, 37.878458],
            [-4.758917, 37.878712]
          ]
        ]
      }
    },
    {
      "type": "Feature",
      "properties": {
        "id": "el-brillante",
        "name": "El Brillante",
        "cityId": "cordoba"
      },
      "geometry": {
        "type": "Polygon",
        "coordinates": [
          [
            [-4.778234, 37.911571],
            [-4.7783, 37.911644],
            [-4.778395, 37.911894],
            [-4.778342, 37.911909],
            [-4.778372, 37.911978],
            [-4.778418, 37.912082],
            [-4.778433, 37.912182],
            [-4.778447, 37.912282],
            [-4.778462, 37.912382],
            [-4.778477, 37.912482],
            [-4.778549, 37.912606],
            [-4.778705, 37.912715],
            [-4.778861, 37.912824],
            [-4.779017, 37.912933],
            [-4.779118, 37.913002],
            [-4.779081, 37.913036],
            [-4.778745, 37.913246],
            [-4.778759, 37.913256],
            [-4.778801, 37.913287],
            [-4.778842, 37.913318],
            [-4.778979, 37.91342],
            [-4.778942, 37.913454],
            [-4.778977, 37.913478],
            [-4.779025, 37.913453],
            [-4.779033, 37.913459],
            [-4.779066, 37.913459],
            [-4.779136, 37.913458],
            [-4.779264, 37.913397],
            [-4.77932, 37.913395],
            [-4.779323, 37.913449],
            [-4.779351, 37.913487],
            [-4.779371, 37.913513],
            [-4.7794, 37.913551],
            [-4.779455, 37.913625],
            [-4.779477, 37.913654],
            [-4.779551, 37.913723],
            [-4.779632, 37.913799],
            [-4.77967, 37.913835],
            [-4.779676, 37.913841],
            [-4.77972, 37.913812],
            [-4.779808, 37.913769],
            [-4.779895, 37.913736],
            [-4.780005, 37.913681],
            [-4.779924, 37.913604],
            [-4.779985, 37.913492],
            [-4.780007, 37.913426],
            [-4.779883, 37.913248],
            [-4.77971, 37.912806],
            [-4.779667, 37.912671],
            [-4.779876, 37.912592],
            [-4.780094, 37.912585],
            [-4.780254, 37.912611],
            [-4.780392, 37.912549],
            [-4.780716, 37.912608],
            [-4.780924, 37.912658],
            [-4.781264, 37.9127],
            [-4.781446, 37.912672],
            [-4.781892, 37.912688],
            [-4.782075, 37.912663],
            [-4.782253, 37.912625],
            [-4.78242, 37.912623],
            [-4.782714, 37.91259],
            [-4.782892, 37.912559],
            [-4.783152, 37.912776],
            [-4.783147, 37.91287],
            [-4.782902, 37.912962],
            [-4.782805, 37.913074],
            [-4.782843, 37.913307],
            [-4.782827, 37.913484],
            [-4.782732, 37.913684],
            [-4.78259, 37.913875],
            [-4.782401, 37.91415],
            [-4.78224, 37.914395],
            [-4.782184, 37.91455],
            [-4.782225, 37.914597],
            [-4.782345, 37.91462],
            [-4.782352, 37.91492],
            [-4.782383, 37.915045],
            [-4.782307, 37.915359],
            [-4.782158, 37.915959],
            [-4.782706, 37.916079],
            [-4.782637, 37.916439],
            [-4.782562, 37.916581],
            [-4.782414, 37.916891],
            [-4.782338, 37.916965],
            [-4.782257, 37.917038],
            [-4.782157, 37.916979],
            [-4.782141, 37.916978],
            [-4.782086, 37.916966],
            [-4.782067, 37.91702],
            [-4.781983, 37.917091],
            [-4.781918, 37.917155],
            [-4.781827, 37.917234],
            [-4.78182, 37.91724],
            [-4.781751, 37.917303],
            [-4.781675, 37.917369],
            [-4.781582, 37.917447],
            [-4.781528, 37.917495],
            [-4.781525, 37.917497],
            [-4.781517, 37.917506],
            [-4.781511, 37.917512],
            [-4.781454, 37.91757],
            [-4.781555, 37.917632],
            [-4.781585, 37.91765],
            [-4.781677, 37.917704],
            [-4.7818, 37.917777],
            [-4.781923, 37.917849],
            [-4.782045, 37.917922],
            [-4.782168, 37.917994],
            [-4.782291, 37.918067],
            [-4.782413, 37.918139],
            [-4.782536, 37.918212],
            [-4.782659, 37.918284],
            [-4.78266, 37.918285],
            [-4.782781, 37.918356],
            [-4.782814, 37.918376],
            [-4.782904, 37.918429],
            [-4.783027, 37.918501],
            [-4.783149, 37.918574],
            [-4.783272, 37.918646],
            [-4.783395, 37.918719],
            [-4.783408, 37.918705],
            [-4.783471, 37.918637],
            [-4.783498, 37.918609],
            [-4.783544, 37.918635],
            [-4.783722, 37.918466],
            [-4.783758, 37.918431],
            [-4.783795, 37.918397],
            [-4.784062, 37.918142],
            [-4.784446, 37.918398],
            [-4.784552, 37.918465],
            [-4.784564, 37.9185],
            [-4.784295, 37.918729],
            [-4.784258, 37.918763],
            [-4.784283, 37.91878],
            [-4.784173, 37.918838],
            [-4.784154, 37.918848],
            [-4.784062, 37.918896],
            [-4.783955, 37.918952],
            [-4.783986, 37.91899],
            [-4.783909, 37.919056],
            [-4.783767, 37.919176],
            [-4.784143, 37.919784],
            [-4.784476, 37.919563],
            [-4.784501, 37.919523],
            [-4.784616, 37.919567],
            [-4.784718, 37.919606],
            [-4.784765, 37.919624],
            [-4.784884, 37.91967],
            [-4.785004, 37.919716],
            [-4.785081, 37.919818],
            [-4.785158, 37.919919],
            [-4.785236, 37.92002],
            [-4.785313, 37.920122],
            [-4.78535, 37.920171],
            [-4.78539, 37.920223],
            [-4.785467, 37.920324],
            [-4.785545, 37.920425],
            [-4.785622, 37.920527],
            [-4.785709, 37.920591],
            [-4.78567, 37.920624],
            [-4.785746, 37.920778],
            [-4.785904, 37.920797],
            [-4.785943, 37.920764],
            [-4.78599, 37.920799],
            [-4.786112, 37.92089],
            [-4.786136, 37.920907],
            [-4.786193, 37.920949],
            [-4.786292, 37.920864],
            [-4.786392, 37.920779],
            [-4.786492, 37.920694],
            [-4.786591, 37.920608],
            [-4.786634, 37.920572],
            [-4.786647, 37.920561],
            [-4.786693, 37.920527],
            [-4.786772, 37.92047],
            [-4.786788, 37.92046],
            [-4.78685, 37.920422],
            [-4.787003, 37.920538],
            [-4.787147, 37.920677],
            [-4.787215, 37.920751],
            [-4.787282, 37.920825],
            [-4.787347, 37.9209],
            [-4.787411, 37.920975],
            [-4.78753, 37.921117],
            [-4.787631, 37.92124],
            [-4.78771, 37.921338],
            [-4.787769, 37.921413],
            [-4.787815, 37.921474],
            [-4.787851, 37.921526],
            [-4.78788, 37.921574],
            [-4.787907, 37.921622],
            [-4.787932, 37.921672],
            [-4.787955, 37.921724],
            [-4.787973, 37.921769],
            [-4.787975, 37.921774],
            [-4.787992, 37.921823],
            [-4.788007, 37.921886],
            [-4.788023, 37.921978],
            [-4.788042, 37.922113],
            [-4.788063, 37.922278],
            [-4.788087, 37.922455],
            [-4.788111, 37.922624],
            [-4.788132, 37.922775],
            [-4.788149, 37.922896],
            [-4.78816, 37.922981],
            [-4.788166, 37.923039],
            [-4.788171, 37.923084],
            [-4.788176, 37.923128],
            [-4.788183, 37.923171],
            [-4.788192, 37.923214],
            [-4.788204, 37.923253],
            [-4.788219, 37.92329],
            [-4.788237, 37.923324],
            [-4.788259, 37.923357],
            [-4.788284, 37.923388],
            [-4.78831, 37.923417],
            [-4.788334, 37.923442],
            [-4.788356, 37.923463],
            [-4.788378, 37.923481],
            [-4.788405, 37.923498],
            [-4.788438, 37.923516],
            [-4.788477, 37.923536],
            [-4.788519, 37.923556],
            [-4.788564, 37.923577],
            [-4.788608, 37.923596],
            [-4.788653, 37.923615],
            [-4.788702, 37.923637],
            [-4.788763, 37.923663],
            [-4.788838, 37.923696],
            [-4.788919, 37.923734],
            [-4.788995, 37.923773],
            [-4.789059, 37.92381],
            [-4.78911, 37.923846],
            [-4.789152, 37.923882],
            [-4.789188, 37.923919],
            [-4.789221, 37.923958],
            [-4.78925, 37.923999],
            [-4.789274, 37.92404],
            [-4.789294, 37.924083],
            [-4.789313, 37.924129],
            [-4.789334, 37.924185],
            [-4.789364, 37.924275],
            [-4.789408, 37.924422],
            [-4.78947, 37.924516],
            [-4.789532, 37.924609],
            [-4.789594, 37.924703],
            [-4.789656, 37.924797],
            [-4.789682, 37.924842],
            [-4.789755, 37.924972],
            [-4.789828, 37.925103],
            [-4.78989, 37.925228],
            [-4.789952, 37.925353],
            [-4.790005, 37.925465],
            [-4.790058, 37.925576],
            [-4.790101, 37.925666],
            [-4.790105, 37.925674],
            [-4.790152, 37.925773],
            [-4.790229, 37.925942],
            [-4.790289, 37.926079],
            [-4.790333, 37.926189],
            [-4.790365, 37.926275],
            [-4.790367, 37.926279],
            [-4.790422, 37.926267],
            [-4.790594, 37.926495],
            [-4.790758, 37.92657],
            [-4.790735, 37.926611],
            [-4.790799, 37.926634],
            [-4.790917, 37.926675],
            [-4.791038, 37.92672],
            [-4.791048, 37.926725],
            [-4.791075, 37.926685],
            [-4.791337, 37.926732],
            [-4.791425, 37.92675],
            [-4.791668, 37.926798],
            [-4.791803, 37.926801],
            [-4.791934, 37.926803],
            [-4.79201, 37.92678],
            [-4.792062, 37.926765],
            [-4.792238, 37.926714],
            [-4.792281, 37.926701],
            [-4.792445, 37.926644],
            [-4.792495, 37.926615],
            [-4.79256, 37.926579],
            [-4.792604, 37.926425],
            [-4.792687, 37.926135],
            [-4.792582, 37.925759],
            [-4.792573, 37.925669],
            [-4.792541, 37.925376],
            [-4.792579, 37.925183],
            [-4.792589, 37.925136],
            [-4.792579, 37.925044],
            [-4.792555, 37.924804],
            [-4.79255, 37.924759],
            [-4.793088, 37.924537],
            [-4.793187, 37.924496],
            [-4.794033, 37.924654],
            [-4.79409, 37.924711],
            [-4.794201, 37.924729],
            [-4.794269, 37.924728],
            [-4.794367, 37.924727],
            [-4.794471, 37.924683],
            [-4.794605, 37.924622],
            [-4.794636, 37.924669],
            [-4.794653, 37.924734],
            [-4.794647, 37.924794],
            [-4.79464, 37.92483],
            [-4.79465, 37.924937],
            [-4.794631, 37.92508],
            [-4.794646, 37.92527],
            [-4.794906, 37.925532],
            [-4.795189, 37.925781],
            [-4.795439, 37.926002],
            [-4.795256, 37.926115],
            [-4.794696, 37.92646],
            [-4.794942, 37.926699],
            [-4.795116, 37.926867],
            [-4.795755, 37.926481],
            [-4.795949, 37.926682],
            [-4.796566, 37.92732],
            [-4.796625, 37.927303],
            [-4.796623, 37.927317],
            [-4.797232, 37.927201],
            [-4.797416, 37.926926],
            [-4.797358, 37.926869],
            [-4.797476, 37.926806],
            [-4.797222, 37.926525],
            [-4.797213, 37.926516],
            [-4.797418, 37.926229],
            [-4.797181, 37.9259],
            [-4.797397, 37.925689],
            [-4.797743, 37.925688],
            [-4.797888, 37.92553],
            [-4.797825, 37.92528],
            [-4.798115, 37.925007],
            [-4.797956, 37.92398],
            [-4.797184, 37.923856],
            [-4.797152, 37.923654],
            [-4.797153, 37.923464],
            [-4.797234, 37.923299],
            [-4.797391, 37.923208],
            [-4.797566, 37.923189],
            [-4.797944, 37.923255],
            [-4.798243, 37.923973],
            [-4.798418, 37.923966],
            [-4.798598, 37.923505],
            [-4.798722, 37.923369],
            [-4.798893, 37.923396],
            [-4.799297, 37.923642],
            [-4.799588, 37.923886],
            [-4.799682, 37.924181],
            [-4.799736, 37.924831],
            [-4.799998, 37.925387],
            [-4.800564, 37.925863],
            [-4.800878, 37.926222],
            [-4.800965, 37.926629],
            [-4.801111, 37.927142],
            [-4.801327, 37.927381],
            [-4.801824, 37.927373],
            [-4.801749, 37.926663],
            [-4.801517, 37.925743],
            [-4.800963, 37.924979],
            [-4.800105, 37.924295],
            [-4.800213, 37.924006],
            [-4.800284, 37.923793],
            [-4.799821, 37.923454],
            [-4.799843, 37.923363],
            [-4.800343, 37.923329],
            [-4.80057, 37.923061],
            [-4.801179, 37.923395],
            [-4.801885, 37.923596],
            [-4.802281, 37.923405],
            [-4.802735, 37.922869],
            [-4.802895, 37.922576],
            [-4.803662, 37.922564],
            [-4.80406, 37.922426],
            [-4.804322, 37.922237],
            [-4.804286, 37.922132],
            [-4.80375, 37.92206],
            [-4.803311, 37.921856],
            [-4.802494, 37.921181],
            [-4.803759, 37.921056],
            [-4.80396, 37.921105],
            [-4.804627, 37.921069],
            [-4.804935, 37.921355],
            [-4.805208, 37.921615],
            [-4.80575, 37.92195],
            [-4.80621, 37.92208],
            [-4.806329, 37.921853],
            [-4.806428, 37.921657],
            [-4.806558, 37.92155],
            [-4.80682, 37.921471],
            [-4.807086, 37.921557],
            [-4.80723, 37.921644],
            [-4.807492, 37.921939],
            [-4.807806, 37.922054],
            [-4.808143, 37.922296],
            [-4.808466, 37.922403],
            [-4.808837, 37.921769],
            [-4.808921, 37.921723],
            [-4.808146, 37.921294],
            [-4.807747, 37.921165],
            [-4.807642, 37.921115],
            [-4.807639, 37.920988],
            [-4.807893, 37.920954],
            [-4.808513, 37.920855],
            [-4.808513, 37.920777],
            [-4.808393, 37.920703],
            [-4.808332, 37.920663],
            [-4.807985, 37.920378],
            [-4.807764, 37.920226],
            [-4.80749, 37.920087],
            [-4.807237, 37.919969],
            [-4.806904, 37.919575],
            [-4.806987, 37.91951],
            [-4.807752, 37.919103],
            [-4.807923, 37.918924],
            [-4.80806, 37.918781],
            [-4.808094, 37.918745],
            [-4.808178, 37.918697],
            [-4.80824, 37.918661],
            [-4.808386, 37.918578],
            [-4.808497, 37.918463],
            [-4.808608, 37.918349],
            [-4.808515, 37.918227],
            [-4.808422, 37.918104],
            [-4.80833, 37.917982],
            [-4.808237, 37.917859],
            [-4.808202, 37.917812],
            [-4.808145, 37.917737],
            [-4.808052, 37.917614],
            [-4.807959, 37.917491],
            [-4.807867, 37.917369],
            [-4.807964, 37.917306],
            [-4.808012, 37.917275],
            [-4.808156, 37.917181],
            [-4.808301, 37.917088],
            [-4.808446, 37.916994],
            [-4.808483, 37.91697],
            [-4.808494, 37.916963],
            [-4.808521, 37.916974],
            [-4.808547, 37.916934],
            [-4.808607, 37.916901],
            [-4.80891, 37.916934],
            [-4.808961, 37.916845],
            [-4.808958, 37.916513],
            [-4.809119, 37.916364],
            [-4.809197, 37.916493],
            [-4.809721, 37.916455],
            [-4.810375, 37.916481],
            [-4.810411, 37.916432],
            [-4.810676, 37.916016],
            [-4.811542, 37.916259],
            [-4.812139, 37.916561],
            [-4.812071, 37.916814],
            [-4.811838, 37.917053],
            [-4.81187, 37.917297],
            [-4.812019, 37.917509],
            [-4.811761, 37.917807],
            [-4.811876, 37.918228],
            [-4.811888, 37.918272],
            [-4.812001, 37.918252],
            [-4.812115, 37.918232],
            [-4.812298, 37.91823],
            [-4.812297, 37.918185],
            [-4.81243, 37.918024],
            [-4.812408, 37.917797],
            [-4.812569, 37.917643],
            [-4.81265, 37.917508],
            [-4.812742, 37.917346],
            [-4.812755, 37.91722],
            [-4.812677, 37.917062],
            [-4.812722, 37.91696],
            [-4.81281, 37.916862],
            [-4.81274, 37.916611],
            [-4.812456, 37.916506],
            [-4.812277, 37.916332],
            [-4.812192, 37.916123],
            [-4.812262, 37.915718],
            [-4.812785, 37.915643],
            [-4.81315, 37.91557],
            [-4.813493, 37.91551],
            [-4.813557, 37.915723],
            [-4.81357, 37.915837],
            [-4.813735, 37.915864],
            [-4.813872, 37.915803],
            [-4.814024, 37.915926],
            [-4.814061, 37.916307],
            [-4.813897, 37.916448],
            [-4.813756, 37.916805],
            [-4.813817, 37.917093],
            [-4.814216, 37.917226],
            [-4.814251, 37.917191],
            [-4.814274, 37.917205],
            [-4.814402, 37.917282],
            [-4.814418, 37.917292],
            [-4.814453, 37.917257],
            [-4.814625, 37.917244],
            [-4.814656, 37.917237],
            [-4.81488, 37.917184],
            [-4.814931, 37.917172],
            [-4.815135, 37.917068],
            [-4.815216, 37.916886],
            [-4.815146, 37.916718],
            [-4.815131, 37.916681],
            [-4.815102, 37.916618],
            [-4.815041, 37.916485],
            [-4.814927, 37.916356],
            [-4.814921, 37.916339],
            [-4.814856, 37.916151],
            [-4.814847, 37.916124],
            [-4.814819, 37.916084],
            [-4.814914, 37.916043],
            [-4.81504, 37.915988],
            [-4.815013, 37.915949],
            [-4.815038, 37.91593],
            [-4.815257, 37.915767],
            [-4.815483, 37.915679],
            [-4.815584, 37.9157],
            [-4.815611, 37.915739],
            [-4.815729, 37.915688],
            [-4.815701, 37.915648],
            [-4.815851, 37.915501],
            [-4.816001, 37.915586],
            [-4.816024, 37.915598],
            [-4.816136, 37.915661],
            [-4.816269, 37.915737],
            [-4.816405, 37.915814],
            [-4.816437, 37.915833],
            [-4.816616, 37.915758],
            [-4.816712, 37.915564],
            [-4.81681, 37.915432],
            [-4.816817, 37.915301],
            [-4.816623, 37.915199],
            [-4.81625, 37.914919],
            [-4.816199, 37.914789],
            [-4.816243, 37.914637],
            [-4.816351, 37.914493],
            [-4.816603, 37.914375],
            [-4.816574, 37.914258],
            [-4.816459, 37.914138],
            [-4.816333, 37.913946],
            [-4.816479, 37.913847],
            [-4.816667, 37.913743],
            [-4.816637, 37.913593],
            [-4.816095, 37.913576],
            [-4.815408, 37.91349],
            [-4.814839, 37.913427],
            [-4.814514, 37.913398],
            [-4.814143, 37.913417],
            [-4.813767, 37.913443],
            [-4.81346, 37.913482],
            [-4.81319, 37.913499],
            [-4.812816, 37.913408],
            [-4.812419, 37.913246],
            [-4.81217, 37.91301],
            [-4.811871, 37.912745],
            [-4.811689, 37.912689],
            [-4.810897, 37.911553],
            [-4.809245, 37.912151],
            [-4.809084, 37.912069],
            [-4.808916, 37.911929],
            [-4.808768, 37.911935],
            [-4.808619, 37.911954],
            [-4.806669, 37.910773],
            [-4.806684, 37.910743],
            [-4.806529, 37.910738],
            [-4.805283, 37.909635],
            [-4.803057, 37.908885],
            [-4.802398, 37.908896],
            [-4.801193, 37.908131],
            [-4.800821, 37.907745],
            [-4.799289, 37.907089],
            [-4.798727, 37.906825],
            [-4.798724, 37.906863],
            [-4.796859, 37.906082],
            [-4.79525, 37.904932],
            [-4.794683, 37.904679],
            [-4.792239, 37.904455],
            [-4.791015, 37.904239],
            [-4.790457, 37.904326],
            [-4.789552, 37.903028],
            [-4.78932, 37.903638],
            [-4.788922, 37.904924],
            [-4.788196, 37.906214],
            [-4.787879, 37.906741],
            [-4.787204, 37.90743],
            [-4.786231, 37.908098],
            [-4.78568, 37.908472],
            [-4.785393, 37.908868],
            [-4.785466, 37.910511],
            [-4.785276, 37.910828],
            [-4.784174, 37.910373],
            [-4.7829, 37.910707],
            [-4.781886, 37.911036],
            [-4.780938, 37.911337],
            [-4.779852, 37.911406],
            [-4.778995, 37.911393],
            [-4.778234, 37.911571]
          ]
        ]
      }
    },
    {
      "type": "Feature",
      "properties": {
        "id": "el-naranjo",
        "name": "El Naranjo",
        "cityId": "cordoba"
      },
      "geometry": {
        "type": "Polygon",
        "coordinates": [
          [
            [-4.784174, 37.910373],
            [-4.783811, 37.910223],
            [-4.781712, 37.909263],
            [-4.78057, 37.908366],
            [-4.77803, 37.90689],
            [-4.777235, 37.906719],
            [-4.776594, 37.906129],
            [-4.776311, 37.905323],
            [-4.775609, 37.90489],
            [-4.773941, 37.904013],
            [-4.772116, 37.904722],
            [-4.772111, 37.904725],
            [-4.772055, 37.90476],
            [-4.771992, 37.904796],
            [-4.771927, 37.904832],
            [-4.771861, 37.904867],
            [-4.7718, 37.904898],
            [-4.771749, 37.904925],
            [-4.771713, 37.904947],
            [-4.77169, 37.904966],
            [-4.771675, 37.904984],
            [-4.771666, 37.905002],
            [-4.771662, 37.90502],
            [-4.771663, 37.90503],
            [-4.771618, 37.905053],
            [-4.771573, 37.905076],
            [-4.771601, 37.90512],
            [-4.771572, 37.905134],
            [-4.771407, 37.905197],
            [-4.771241, 37.90526],
            [-4.77122, 37.905271],
            [-4.771173, 37.905295],
            [-4.771204, 37.905333],
            [-4.77117, 37.905459],
            [-4.771079, 37.905609],
            [-4.771038, 37.905676],
            [-4.771005, 37.90573],
            [-4.770825, 37.906025],
            [-4.770355, 37.906511],
            [-4.770141, 37.906706],
            [-4.770076, 37.906764],
            [-4.770012, 37.906823],
            [-4.769912, 37.906913],
            [-4.769784, 37.907057],
            [-4.769782, 37.907119],
            [-4.769781, 37.90718],
            [-4.76978, 37.90724],
            [-4.769779, 37.907267],
            [-4.770183, 37.907567],
            [-4.770585, 37.907823],
            [-4.770744, 37.907939],
            [-4.770788, 37.90791],
            [-4.770879, 37.907998],
            [-4.7709, 37.908008],
            [-4.770871, 37.908047],
            [-4.771035, 37.90821],
            [-4.771092, 37.908208],
            [-4.771155, 37.908231],
            [-4.771156, 37.908289],
            [-4.771158, 37.908385],
            [-4.771159, 37.908473],
            [-4.771159, 37.90855],
            [-4.771158, 37.908618],
            [-4.771158, 37.908676],
            [-4.771155, 37.908728],
            [-4.771149, 37.908774],
            [-4.771138, 37.908817],
            [-4.771121, 37.90886],
            [-4.771098, 37.908905],
            [-4.771081, 37.908934],
            [-4.771069, 37.908954],
            [-4.771035, 37.909006],
            [-4.771085, 37.909027],
            [-4.771086, 37.909056],
            [-4.771626, 37.909527],
            [-4.772173, 37.909892],
            [-4.772341, 37.909837],
            [-4.773383, 37.91062],
            [-4.773439, 37.910614],
            [-4.773448, 37.910669],
            [-4.77346, 37.910744],
            [-4.77348, 37.910761],
            [-4.773515, 37.910792],
            [-4.773511, 37.910764],
            [-4.773567, 37.910759],
            [-4.773648, 37.910819],
            [-4.773688, 37.910875],
            [-4.773646, 37.910905],
            [-4.773708, 37.910959],
            [-4.773805, 37.911065],
            [-4.773901, 37.911172],
            [-4.773998, 37.911308],
            [-4.774095, 37.911443],
            [-4.774145, 37.911537],
            [-4.774196, 37.911631],
            [-4.774229, 37.911727],
            [-4.774262, 37.911823],
            [-4.774302, 37.911953],
            [-4.774311, 37.911981],
            [-4.774366, 37.91197],
            [-4.774602, 37.912449],
            [-4.774642, 37.912449],
            [-4.774676, 37.912485],
            [-4.774744, 37.912444],
            [-4.774875, 37.912364],
            [-4.774891, 37.912356],
            [-4.774923, 37.912393],
            [-4.775016, 37.912368],
            [-4.775577, 37.912173],
            [-4.776119, 37.911933],
            [-4.776194, 37.911895],
            [-4.776197, 37.91185],
            [-4.776217, 37.911851],
            [-4.776342, 37.911855],
            [-4.776467, 37.911859],
            [-4.776593, 37.911863],
            [-4.776695, 37.911822],
            [-4.776797, 37.911781],
            [-4.776807, 37.911775],
            [-4.776931, 37.911693],
            [-4.777064, 37.911604],
            [-4.777198, 37.911516],
            [-4.777331, 37.911428],
            [-4.777413, 37.911345],
            [-4.777494, 37.911262],
            [-4.777576, 37.911179],
            [-4.777657, 37.911096],
            [-4.777745, 37.911006],
            [-4.777864, 37.910885],
            [-4.777916, 37.911003],
            [-4.777948, 37.911077],
            [-4.777981, 37.911154],
            [-4.778045, 37.911305],
            [-4.77811, 37.911455],
            [-4.778155, 37.911559],
            [-4.778209, 37.911545],
            [-4.778234, 37.911571],
            [-4.778995, 37.911393],
            [-4.779852, 37.911406],
            [-4.780938, 37.911337],
            [-4.781886, 37.911036],
            [-4.7829, 37.910707],
            [-4.784174, 37.910373]
          ]
        ]
      }
    },
    {
      "type": "Feature",
      "properties": {
        "id": "el-patriarca",
        "name": "El Patriarca",
        "cityId": "cordoba"
      },
      "geometry": {
        "type": "Polygon",
        "coordinates": [
          [
            [-4.806684, 37.910743],
            [-4.806775, 37.910553],
            [-4.806948, 37.910445],
            [-4.807759, 37.909751],
            [-4.80635, 37.908768],
            [-4.806622, 37.908402],
            [-4.806803, 37.908029],
            [-4.806823, 37.907987],
            [-4.806725, 37.907931],
            [-4.806626, 37.907876],
            [-4.806528, 37.907821],
            [-4.806429, 37.907765],
            [-4.806331, 37.90771],
            [-4.806232, 37.907654],
            [-4.806134, 37.907599],
            [-4.806035, 37.907543],
            [-4.805852, 37.90751],
            [-4.805669, 37.907477],
            [-4.805487, 37.907443],
            [-4.805304, 37.90741],
            [-4.805171, 37.907322],
            [-4.805076, 37.907259],
            [-4.805146, 37.907132],
            [-4.805568, 37.90707],
            [-4.805886, 37.907093],
            [-4.806035, 37.907184],
            [-4.806186, 37.907321],
            [-4.806364, 37.907412],
            [-4.806731, 37.907467],
            [-4.806813, 37.907466],
            [-4.806869, 37.907334],
            [-4.806951, 37.907114],
            [-4.806984, 37.90702],
            [-4.806745, 37.906865],
            [-4.806494, 37.906692],
            [-4.806332, 37.906559],
            [-4.806142, 37.906497],
            [-4.806089, 37.906498],
            [-4.805732, 37.906587],
            [-4.805584, 37.906781],
            [-4.804984, 37.90679],
            [-4.804957, 37.906655],
            [-4.804795, 37.906666],
            [-4.804797, 37.906663],
            [-4.804823, 37.906631],
            [-4.804895, 37.906539],
            [-4.804993, 37.906416],
            [-4.805091, 37.906292],
            [-4.805189, 37.906169],
            [-4.805255, 37.906085],
            [-4.805321, 37.906001],
            [-4.805388, 37.905917],
            [-4.805454, 37.905833],
            [-4.80552, 37.90575],
            [-4.805586, 37.905666],
            [-4.805652, 37.905582],
            [-4.805718, 37.905498],
            [-4.805784, 37.905414],
            [-4.805851, 37.90533],
            [-4.805917, 37.905247],
            [-4.805983, 37.905163],
            [-4.806049, 37.905079],
            [-4.806115, 37.904995],
            [-4.806181, 37.904911],
            [-4.806185, 37.904907],
            [-4.806244, 37.904831],
            [-4.807218, 37.904662],
            [-4.809034, 37.905104],
            [-4.80836, 37.898863],
            [-4.806275, 37.898773],
            [-4.800219, 37.898356],
            [-4.800226, 37.898421],
            [-4.80025, 37.898631],
            [-4.799994, 37.898876],
            [-4.799962, 37.898884],
            [-4.799907, 37.898897],
            [-4.799852, 37.898911],
            [-4.799466, 37.899007],
            [-4.799446, 37.899334],
            [-4.799444, 37.899352],
            [-4.799441, 37.8994],
            [-4.799438, 37.899447],
            [-4.799438, 37.899452],
            [-4.799416, 37.899494],
            [-4.799473, 37.899512],
            [-4.799508, 37.899573],
            [-4.799585, 37.89966],
            [-4.799609, 37.899688],
            [-4.799625, 37.899705],
            [-4.799644, 37.899924],
            [-4.799555, 37.900002],
            [-4.799444, 37.900101],
            [-4.799217, 37.900241],
            [-4.799193, 37.900256],
            [-4.79905, 37.902254],
            [-4.799013, 37.902288],
            [-4.798886, 37.903856],
            [-4.798882, 37.903901],
            [-4.798883, 37.903901],
            [-4.798879, 37.903946],
            [-4.798826, 37.904808],
            [-4.798858, 37.904845],
            [-4.798905, 37.904819],
            [-4.798727, 37.906825],
            [-4.799289, 37.907089],
            [-4.800821, 37.907745],
            [-4.801193, 37.908131],
            [-4.802398, 37.908896],
            [-4.803057, 37.908885],
            [-4.805283, 37.909635],
            [-4.806529, 37.910738],
            [-4.806684, 37.910743]
          ]
        ]
      }
    },
    {
      "type": "Feature",
      "properties": {
        "id": "el-salvador-y-la-compania",
        "name": "El Salvador y la Compañía",
        "cityId": "cordoba"
      },
      "geometry": {
        "type": "Polygon",
        "coordinates": [
          [
            [-4.775948, 37.884536],
            [-4.77596, 37.88504],
            [-4.77597, 37.885445],
            [-4.776305, 37.885459],
            [-4.776298, 37.885382],
            [-4.776991, 37.885343],
            [-4.777682, 37.885434],
            [-4.77763, 37.88458],
            [-4.777681, 37.884577],
            [-4.77762, 37.884175],
            [-4.778084, 37.883705],
            [-4.778218, 37.883182],
            [-4.779267, 37.882731],
            [-4.779775, 37.882608],
            [-4.78002, 37.88217],
            [-4.77986, 37.882116],
            [-4.778694, 37.881726],
            [-4.778067, 37.881475],
            [-4.777093, 37.882011],
            [-4.776144, 37.881515],
            [-4.776406, 37.882282],
            [-4.776659, 37.882974],
            [-4.77668, 37.883031],
            [-4.776762, 37.883406],
            [-4.776699, 37.883842],
            [-4.775946, 37.884432],
            [-4.775948, 37.884536]
          ]
        ]
      }
    },
    {
      "type": "Feature",
      "properties": {
        "id": "el-tablero",
        "name": "El Tablero",
        "cityId": "cordoba"
      },
      "geometry": {
        "type": "Polygon",
        "coordinates": [
          [
            [-4.798727, 37.906825],
            [-4.798905, 37.904819],
            [-4.798858, 37.904845],
            [-4.798826, 37.904808],
            [-4.798879, 37.903946],
            [-4.798883, 37.903901],
            [-4.798882, 37.903901],
            [-4.798886, 37.903856],
            [-4.799013, 37.902288],
            [-4.79905, 37.902254],
            [-4.799193, 37.900256],
            [-4.799217, 37.900241],
            [-4.799444, 37.900101],
            [-4.799555, 37.900002],
            [-4.799644, 37.899924],
            [-4.799625, 37.899705],
            [-4.799609, 37.899688],
            [-4.799585, 37.89966],
            [-4.799508, 37.899573],
            [-4.799473, 37.899512],
            [-4.799416, 37.899494],
            [-4.799438, 37.899452],
            [-4.799438, 37.899447],
            [-4.799441, 37.8994],
            [-4.799444, 37.899352],
            [-4.799446, 37.899334],
            [-4.799466, 37.899007],
            [-4.799852, 37.898911],
            [-4.799907, 37.898897],
            [-4.799962, 37.898884],
            [-4.799994, 37.898876],
            [-4.80025, 37.898631],
            [-4.800226, 37.898421],
            [-4.790403, 37.89788],
            [-4.787009, 37.899391],
            [-4.788339, 37.901225],
            [-4.788304, 37.901238],
            [-4.789552, 37.903028],
            [-4.790457, 37.904326],
            [-4.791015, 37.904239],
            [-4.792239, 37.904455],
            [-4.794683, 37.904679],
            [-4.79525, 37.904932],
            [-4.796859, 37.906082],
            [-4.798724, 37.906863],
            [-4.798727, 37.906825]
          ]
        ]
      }
    },
    {
      "type": "Feature",
      "properties": {
        "id": "electromecanicas",
        "name": "Electromecánicas",
        "cityId": "cordoba"
      },
      "geometry": {
        "type": "Polygon",
        "coordinates": [
          [
            [-4.805895, 37.881172],
            [-4.807229, 37.883122],
            [-4.80826, 37.885337],
            [-4.810951, 37.884647],
            [-4.811469, 37.884383],
            [-4.814641, 37.883743],
            [-4.814778, 37.884412],
            [-4.819136, 37.883709],
            [-4.818876, 37.883742],
            [-4.818349, 37.88116],
            [-4.818401, 37.881149],
            [-4.813145, 37.881992],
            [-4.812513, 37.879604],
            [-4.811901, 37.879745],
            [-4.811726, 37.879389],
            [-4.811198, 37.879446],
            [-4.809478, 37.879985],
            [-4.805962, 37.88123],
            [-4.805916, 37.881162],
            [-4.805895, 37.881172]
          ]
        ]
      }
    },
    {
      "type": "Feature",
      "properties": {
        "id": "fatima",
        "name": "Fátima",
        "cityId": "cordoba"
      },
      "geometry": {
        "type": "Polygon",
        "coordinates": [
          [
            [-4.766229, 37.89748],
            [-4.763321, 37.897144],
            [-4.757204, 37.896436],
            [-4.749869, 37.895586],
            [-4.74986, 37.895608],
            [-4.748339, 37.895523],
            [-4.747553, 37.895535],
            [-4.747274, 37.895976],
            [-4.749425, 37.900393],
            [-4.749896, 37.900323],
            [-4.750826, 37.899707],
            [-4.751154, 37.899385],
            [-4.751171, 37.899406],
            [-4.751185, 37.899428],
            [-4.751211, 37.899469],
            [-4.751217, 37.899478],
            [-4.751589, 37.899947],
            [-4.752754, 37.901414],
            [-4.752908, 37.901608],
            [-4.753114, 37.901841],
            [-4.75388, 37.902235],
            [-4.75483, 37.902807],
            [-4.755218, 37.903168],
            [-4.75548, 37.903412],
            [-4.757269, 37.90292],
            [-4.76364, 37.90017],
            [-4.769236, 37.897754],
            [-4.767069, 37.897786],
            [-4.766229, 37.89748]
          ]
        ]
      }
    },
    {
      "type": "Feature",
      "properties": {
        "id": "fray-albino",
        "name": "Fray Albino",
        "cityId": "cordoba"
      },
      "geometry": {
        "type": "Polygon",
        "coordinates": [
          [
            [-4.776806, 37.875918],
            [-4.776811, 37.875538],
            [-4.780076, 37.872336],
            [-4.780011, 37.872287],
            [-4.778808, 37.871463],
            [-4.778194, 37.871984],
            [-4.777803, 37.871815],
            [-4.777643, 37.872036],
            [-4.776524, 37.871513],
            [-4.776092, 37.870484],
            [-4.774291, 37.866667],
            [-4.77374, 37.865226],
            [-4.773328, 37.862963],
            [-4.773014, 37.862374],
            [-4.772826, 37.862021],
            [-4.771547, 37.86001],
            [-4.770383, 37.860764],
            [-4.769605, 37.861465],
            [-4.769118, 37.861985],
            [-4.768637, 37.86277],
            [-4.76794, 37.863777],
            [-4.767222, 37.864726],
            [-4.766758, 37.865423],
            [-4.766007, 37.866516],
            [-4.765955, 37.866589],
            [-4.765821, 37.866775],
            [-4.767541, 37.867639],
            [-4.769546, 37.869229],
            [-4.770836, 37.870949],
            [-4.771289, 37.872502],
            [-4.771353, 37.873581],
            [-4.7711, 37.874616],
            [-4.771308, 37.874641],
            [-4.773782, 37.874818],
            [-4.775379, 37.875115],
            [-4.775668, 37.875457],
            [-4.776221, 37.875757],
            [-4.776602, 37.875875],
            [-4.776806, 37.875918]
          ]
        ]
      }
    },
    {
      "type": "Feature",
      "properties": {
        "id": "fuensantilla-edisol",
        "name": "Fuensantilla-Edisol",
        "cityId": "cordoba"
      },
      "geometry": {
        "type": "Polygon",
        "coordinates": [
          [
            [-4.769545, 37.893231],
            [-4.769527, 37.893224],
            [-4.76938, 37.893168],
            [-4.768631, 37.892615],
            [-4.766669, 37.891944],
            [-4.764154, 37.893],
            [-4.763719, 37.894103],
            [-4.763321, 37.897144],
            [-4.766229, 37.89748],
            [-4.766105, 37.897435],
            [-4.766132, 37.897174],
            [-4.769545, 37.893231]
          ]
        ]
      }
    },
    {
      "type": "Feature",
      "properties": {
        "id": "huerta-de-la-marquesa",
        "name": "Huerta de la Marquesa",
        "cityId": "cordoba"
      },
      "geometry": {
        "type": "Polygon",
        "coordinates": [
          [
            [-4.793787, 37.881826],
            [-4.79531, 37.88533],
            [-4.795321, 37.885331],
            [-4.795351, 37.885384],
            [-4.799898, 37.881704],
            [-4.795644, 37.881708],
            [-4.794727, 37.881542],
            [-4.793787, 37.881826]
          ]
        ]
      }
    },
    {
      "type": "Feature",
      "properties": {
        "id": "huerta-de-la-reina",
        "name": "Huerta de la Reina",
        "cityId": "cordoba"
      },
      "geometry": {
        "type": "Polygon",
        "coordinates": [
          [
            [-4.783248, 37.891984],
            [-4.783659, 37.894836],
            [-4.784095, 37.895127],
            [-4.785855, 37.897621],
            [-4.786898, 37.896605],
            [-4.787153, 37.896277],
            [-4.787728, 37.895538],
            [-4.788208, 37.8938],
            [-4.788144, 37.892885],
            [-4.788063, 37.891732],
            [-4.787803, 37.88981],
            [-4.783248, 37.891984]
          ]
        ]
      }
    },
    {
      "type": "Feature",
      "properties": {
        "id": "huerta-de-san-rafael",
        "name": "Huerta de San Rafael",
        "cityId": "cordoba"
      },
      "geometry": {
        "type": "Polygon",
        "coordinates": [
          [
            [-4.780879, 37.900031],
            [-4.785875, 37.89765],
            [-4.785855, 37.897621],
            [-4.784095, 37.895127],
            [-4.783659, 37.894836],
            [-4.783248, 37.891984],
            [-4.78324, 37.89193],
            [-4.780888, 37.892918],
            [-4.780771, 37.892967],
            [-4.780351, 37.893135],
            [-4.780455, 37.895458],
            [-4.780507, 37.897583],
            [-4.780817, 37.899321],
            [-4.780827, 37.89945],
            [-4.780876, 37.900033],
            [-4.780879, 37.900031]
          ]
        ]
      }
    },
    {
      "type": "Feature",
      "properties": {
        "id": "huerta-de-santa-isabel",
        "name": "Huerta de Santa Isabel",
        "cityId": "cordoba"
      },
      "geometry": {
        "type": "Polygon",
        "coordinates": [
          [
            [-4.804081, 37.882039],
            [-4.799241, 37.88435],
            [-4.799646, 37.885684],
            [-4.801067, 37.885549],
            [-4.80177, 37.887119],
            [-4.801882, 37.887795],
            [-4.800843, 37.888037],
            [-4.801008, 37.888975],
            [-4.802044, 37.888621],
            [-4.802058, 37.888681],
            [-4.808771, 37.886803],
            [-4.808482, 37.885812],
            [-4.80826, 37.885337],
            [-4.807229, 37.883122],
            [-4.805895, 37.881172],
            [-4.804081, 37.882039]
          ]
        ]
      }
    },
    {
      "type": "Feature",
      "properties": {
        "id": "huerta-de-santa-isabel-oeste",
        "name": "Huerta de Santa Isabel Oeste",
        "cityId": "cordoba"
      },
      "geometry": {
        "type": "Polygon",
        "coordinates": [
          [
            [-4.809054, 37.892456],
            [-4.816699, 37.892524],
            [-4.816707, 37.89222],
            [-4.816465, 37.891478],
            [-4.816321, 37.886319],
            [-4.816009, 37.88629],
            [-4.815916, 37.886844],
            [-4.81591, 37.886889],
            [-4.815908, 37.886888],
            [-4.815808, 37.88688],
            [-4.815535, 37.886881],
            [-4.815243, 37.886825],
            [-4.815025, 37.886849],
            [-4.814629, 37.886826],
            [-4.81418, 37.886799],
            [-4.814134, 37.886796],
            [-4.81344, 37.886782],
            [-4.813438, 37.886782],
            [-4.813429, 37.886782],
            [-4.812905, 37.886783],
            [-4.812639, 37.886722],
            [-4.812506, 37.886692],
            [-4.81244, 37.886677],
            [-4.812392, 37.88668],
            [-4.812245, 37.886691],
            [-4.811915, 37.886714],
            [-4.811302, 37.886633],
            [-4.810849, 37.886518],
            [-4.810708, 37.886463],
            [-4.810574, 37.88641],
            [-4.810503, 37.886383],
            [-4.810488, 37.886377],
            [-4.810475, 37.886338],
            [-4.810438, 37.886232],
            [-4.810413, 37.886159],
            [-4.810304, 37.885977],
            [-4.810148, 37.885881],
            [-4.810114, 37.885916],
            [-4.810057, 37.885894],
            [-4.810006, 37.886119],
            [-4.809687, 37.886371],
            [-4.809342, 37.886464],
            [-4.809302, 37.886432],
            [-4.809182, 37.88653],
            [-4.809019, 37.886661],
            [-4.809026, 37.886685],
            [-4.808971, 37.886695],
            [-4.808828, 37.886855],
            [-4.808849, 37.887068],
            [-4.809027, 37.888904],
            [-4.809061, 37.889436],
            [-4.80904, 37.889435],
            [-4.809103, 37.89198],
            [-4.809054, 37.892456]
          ]
        ]
      }
    },
    {
      "type": "Feature",
      "properties": {
        "id": "huerta-del-rey-de-vallellano",
        "name": "Huerta del Rey de Vallellano",
        "cityId": "cordoba"
      },
      "geometry": {
        "type": "Polygon",
        "coordinates": [
          [
            [-4.785905, 37.879888],
            [-4.786281, 37.875738],
            [-4.786188, 37.874993],
            [-4.78543, 37.875589],
            [-4.784582, 37.87651],
            [-4.783856, 37.877194],
            [-4.783274, 37.87769],
            [-4.782796, 37.877879],
            [-4.784131, 37.880608],
            [-4.784375, 37.881105],
            [-4.784821, 37.882024],
            [-4.784819, 37.882798],
            [-4.785637, 37.882856],
            [-4.785905, 37.879888]
          ]
        ]
      }
    },
    {
      "type": "Feature",
      "properties": {
        "id": "la-magdalena",
        "name": "La Magdalena",
        "cityId": "cordoba"
      },
      "geometry": {
        "type": "Polygon",
        "coordinates": [
          [
            [-4.768577, 37.88642],
            [-4.768582, 37.886621],
            [-4.768642, 37.886836],
            [-4.769497, 37.886737],
            [-4.769503, 37.886751],
            [-4.769975, 37.886698],
            [-4.770436, 37.886658],
            [-4.770888, 37.886708],
            [-4.771676, 37.886632],
            [-4.771778, 37.886598],
            [-4.771464, 37.886358],
            [-4.771497, 37.886],
            [-4.771445, 37.885538],
            [-4.771353, 37.885133],
            [-4.771319, 37.884849],
            [-4.771302, 37.884703],
            [-4.771174, 37.884502],
            [-4.770943, 37.884286],
            [-4.769806, 37.884335],
            [-4.769759, 37.8841],
            [-4.769449, 37.883761],
            [-4.76919, 37.883916],
            [-4.768112, 37.884486],
            [-4.767637, 37.884724],
            [-4.767491, 37.884744],
            [-4.76826, 37.885211],
            [-4.768633, 37.885563],
            [-4.768641, 37.88592],
            [-4.768595, 37.886417],
            [-4.768577, 37.88642]
          ]
        ]
      }
    },
    {
      "type": "Feature",
      "properties": {
        "id": "la-trinidad-san-juan-y-todos-los-santos",
        "name": "La Trinidad, San Juan y Todos los Santos",
        "cityId": "cordoba"
      },
      "geometry": {
        "type": "Polygon",
        "coordinates": [
          [
            [-4.785637, 37.882856],
            [-4.784819, 37.882798],
            [-4.784821, 37.882024],
            [-4.784375, 37.881105],
            [-4.784131, 37.880608],
            [-4.78367, 37.880852],
            [-4.783469, 37.88101],
            [-4.783217, 37.881239],
            [-4.782829, 37.881379],
            [-4.78252, 37.88144],
            [-4.782237, 37.881501],
            [-4.782041, 37.881497],
            [-4.781906, 37.881414],
            [-4.781795, 37.88124],
            [-4.781771, 37.881001],
            [-4.781715, 37.880875],
            [-4.781558, 37.880637],
            [-4.781053, 37.880349],
            [-4.780929, 37.880351],
            [-4.780633, 37.880609],
            [-4.780398, 37.880817],
            [-4.780378, 37.881134],
            [-4.780178, 37.881666],
            [-4.780079, 37.882008],
            [-4.781352, 37.882845],
            [-4.781863, 37.882837],
            [-4.782271, 37.883091],
            [-4.782133, 37.883412],
            [-4.783047, 37.883427],
            [-4.784088, 37.884193],
            [-4.784078, 37.884799],
            [-4.784729, 37.884994],
            [-4.785446, 37.88497],
            [-4.785447, 37.884964],
            [-4.785637, 37.882856]
          ]
        ]
      }
    },
    {
      "type": "Feature",
      "properties": {
        "id": "las-margaritas",
        "name": "Las Margaritas",
        "cityId": "cordoba"
      },
      "geometry": {
        "type": "Polygon",
        "coordinates": [
          [
            [-4.788144, 37.892885],
            [-4.789443, 37.892259],
            [-4.789789, 37.891844],
            [-4.790953, 37.892151],
            [-4.790804, 37.892576],
            [-4.795528, 37.893647],
            [-4.795711, 37.894289],
            [-4.799251, 37.893467],
            [-4.798655, 37.891796],
            [-4.797569, 37.892076],
            [-4.796375, 37.891793],
            [-4.794021, 37.886842],
            [-4.787974, 37.889729],
            [-4.787803, 37.88981],
            [-4.788063, 37.891732],
            [-4.788144, 37.892885]
          ]
        ]
      }
    },
    {
      "type": "Feature",
      "properties": {
        "id": "levante",
        "name": "Levante",
        "cityId": "cordoba"
      },
      "geometry": {
        "type": "Polygon",
        "coordinates": [
          [
            [-4.748704, 37.894732],
            [-4.748881, 37.894844],
            [-4.748972, 37.895004],
            [-4.749132, 37.895194],
            [-4.749349, 37.895375],
            [-4.749535, 37.895464],
            [-4.749886, 37.895543],
            [-4.749869, 37.895586],
            [-4.757204, 37.896436],
            [-4.757538, 37.894639],
            [-4.756648, 37.893399],
            [-4.755622, 37.891968],
            [-4.750554, 37.894205],
            [-4.750585, 37.894233],
            [-4.748704, 37.894732]
          ]
        ]
      }
    },
    {
      "type": "Feature",
      "properties": {
        "id": "los-morales",
        "name": "Los Morales",
        "cityId": "cordoba"
      },
      "geometry": {
        "type": "Polygon",
        "coordinates": [
          [
            [-4.804551, 37.931012],
            [-4.804647, 37.931095],
            [-4.804656, 37.931102],
            [-4.804817, 37.931392],
            [-4.804847, 37.93145],
            [-4.804857, 37.931469],
            [-4.804873, 37.931471],
            [-4.804169, 37.932366],
            [-4.804717, 37.93294],
            [-4.80432, 37.933104],
            [-4.803892, 37.933323],
            [-4.803905, 37.933851],
            [-4.803846, 37.934196],
            [-4.804263, 37.934851],
            [-4.804996, 37.934786],
            [-4.805521, 37.934408],
            [-4.805277, 37.933989],
            [-4.8058, 37.933558],
            [-4.805679, 37.932687],
            [-4.805332, 37.932137],
            [-4.805434, 37.931923],
            [-4.805717, 37.93174],
            [-4.805785, 37.931643],
            [-4.805706, 37.931431],
            [-4.805693, 37.931422],
            [-4.805491, 37.931289],
            [-4.805413, 37.93122],
            [-4.805408, 37.931215],
            [-4.805307, 37.931127],
            [-4.805271, 37.931092],
            [-4.805326, 37.931057],
            [-4.805483, 37.930957],
            [-4.805721, 37.931093],
            [-4.805722, 37.931093],
            [-4.806211, 37.931076],
            [-4.806237, 37.931041],
            [-4.806408, 37.930903],
            [-4.806488, 37.930824],
            [-4.806585, 37.930775],
            [-4.806704, 37.930714],
            [-4.806987, 37.930608],
            [-4.807124, 37.93056],
            [-4.807432, 37.93084],
            [-4.807553, 37.931041],
            [-4.807907, 37.930974],
            [-4.807893, 37.930692],
            [-4.808054, 37.930628],
            [-4.808041, 37.930432],
            [-4.807864, 37.930094],
            [-4.808185, 37.930216],
            [-4.808173, 37.930298],
            [-4.808229, 37.930303],
            [-4.808809, 37.93041],
            [-4.808743, 37.930581],
            [-4.80871, 37.930684],
            [-4.808575, 37.930738],
            [-4.80857, 37.930865],
            [-4.808779, 37.930939],
            [-4.808708, 37.931188],
            [-4.80869, 37.931231],
            [-4.808661, 37.931223],
            [-4.808648, 37.931251],
            [-4.808678, 37.931264],
            [-4.808784, 37.931311],
            [-4.808815, 37.931325],
            [-4.8089, 37.931362],
            [-4.80903, 37.93142],
            [-4.809098, 37.93145],
            [-4.809131, 37.931411],
            [-4.809144, 37.931396],
            [-4.809173, 37.931362],
            [-4.809217, 37.931373],
            [-4.809321, 37.93124],
            [-4.809434, 37.931094],
            [-4.809445, 37.931024],
            [-4.809448, 37.931003],
            [-4.809449, 37.930993],
            [-4.80956, 37.930758],
            [-4.809531, 37.930519],
            [-4.809535, 37.930384],
            [-4.809641, 37.930285],
            [-4.809567, 37.930064],
            [-4.809605, 37.930043],
            [-4.809688, 37.929997],
            [-4.809798, 37.929967],
            [-4.809981, 37.929902],
            [-4.810053, 37.929862],
            [-4.810136, 37.929828],
            [-4.8103, 37.929712],
            [-4.810354, 37.929665],
            [-4.810406, 37.929597],
            [-4.810454, 37.92962],
            [-4.810526, 37.92955],
            [-4.810552, 37.929492],
            [-4.810608, 37.929483],
            [-4.810595, 37.929434],
            [-4.810593, 37.929425],
            [-4.810589, 37.929409],
            [-4.81063, 37.929315],
            [-4.810626, 37.929311],
            [-4.810734, 37.929149],
            [-4.810799, 37.929084],
            [-4.810864, 37.929053],
            [-4.810992, 37.929067],
            [-4.811163, 37.929086],
            [-4.811246, 37.929109],
            [-4.81146, 37.929169],
            [-4.811491, 37.929186],
            [-4.811608, 37.929249],
            [-4.811866, 37.929309],
            [-4.811921, 37.929337],
            [-4.811952, 37.929299],
            [-4.812036, 37.929248],
            [-4.812124, 37.929197],
            [-4.812183, 37.929175],
            [-4.81233, 37.929071],
            [-4.812609, 37.928896],
            [-4.812853, 37.928845],
            [-4.812938, 37.928794],
            [-4.813045, 37.928648],
            [-4.813144, 37.928538],
            [-4.81359, 37.928466],
            [-4.813647, 37.928463],
            [-4.813641, 37.928394],
            [-4.813638, 37.928361],
            [-4.813626, 37.928301],
            [-4.813581, 37.928004],
            [-4.813576, 37.927968],
            [-4.81356, 37.927823],
            [-4.813628, 37.927755],
            [-4.813621, 37.927656],
            [-4.813595, 37.92752],
            [-4.81359, 37.927335],
            [-4.813586, 37.927174],
            [-4.813628, 37.927048],
            [-4.813701, 37.926934],
            [-4.813888, 37.926913],
            [-4.81412, 37.926862],
            [-4.814355, 37.926918],
            [-4.814503, 37.926879],
            [-4.814567, 37.926815],
            [-4.814619, 37.926751],
            [-4.814571, 37.926727],
            [-4.814475, 37.926488],
            [-4.81422, 37.926003],
            [-4.814075, 37.92593],
            [-4.814226, 37.925546],
            [-4.814262, 37.925511],
            [-4.813822, 37.925225],
            [-4.813803, 37.925218],
            [-4.813053, 37.924941],
            [-4.812913, 37.924889],
            [-4.812703, 37.924687],
            [-4.81254, 37.924531],
            [-4.812527, 37.924518],
            [-4.812498, 37.924497],
            [-4.812467, 37.924475],
            [-4.812429, 37.924508],
            [-4.812361, 37.924615],
            [-4.81226, 37.924744],
            [-4.811997, 37.924793],
            [-4.811611, 37.924821],
            [-4.811523, 37.924696],
            [-4.811241, 37.924737],
            [-4.811004, 37.924696],
            [-4.81083, 37.924916],
            [-4.811193, 37.925067],
            [-4.811356, 37.925169],
            [-4.811652, 37.925344],
            [-4.811923, 37.925594],
            [-4.811871, 37.925797],
            [-4.811665, 37.925867],
            [-4.811081, 37.925921],
            [-4.810532, 37.925855],
            [-4.810203, 37.925882],
            [-4.809916, 37.926126],
            [-4.809926, 37.926529],
            [-4.80995, 37.926753],
            [-4.809936, 37.92694],
            [-4.809572, 37.92711],
            [-4.808555, 37.927186],
            [-4.807761, 37.927146],
            [-4.807428, 37.927039],
            [-4.806996, 37.926731],
            [-4.80679, 37.926421],
            [-4.806802, 37.926212],
            [-4.806359, 37.926357],
            [-4.806196, 37.926545],
            [-4.805482, 37.926],
            [-4.804652, 37.926198],
            [-4.804063, 37.926683],
            [-4.804169, 37.926919],
            [-4.804008, 37.92716],
            [-4.804016, 37.927477],
            [-4.803547, 37.927405],
            [-4.803246, 37.927383],
            [-4.803005, 37.927689],
            [-4.803096, 37.927699],
            [-4.803295, 37.927999],
            [-4.803517, 37.928172],
            [-4.803652, 37.928292],
            [-4.803858, 37.928333],
            [-4.803888, 37.928371],
            [-4.804404, 37.928113],
            [-4.804584, 37.928023],
            [-4.804601, 37.928182],
            [-4.804528, 37.928312],
            [-4.805344, 37.928795],
            [-4.8053, 37.928837],
            [-4.804609, 37.929312],
            [-4.804525, 37.929362],
            [-4.803818, 37.929784],
            [-4.803751, 37.929824],
            [-4.803513, 37.93006],
            [-4.803369, 37.93029],
            [-4.803382, 37.930293],
            [-4.803366, 37.930336],
            [-4.803344, 37.930651],
            [-4.803362, 37.930696],
            [-4.803346, 37.930706],
            [-4.803381, 37.930742],
            [-4.803606, 37.930916],
            [-4.803642, 37.93095],
            [-4.803761, 37.930873],
            [-4.803843, 37.930817],
            [-4.804131, 37.930621],
            [-4.804486, 37.930956],
            [-4.804551, 37.931012]
          ]
        ]
      }
    },
    {
      "type": "Feature",
      "properties": {
        "id": "miralbaida",
        "name": "Miralbaida",
        "cityId": "cordoba"
      },
      "geometry": {
        "type": "Polygon",
        "coordinates": [
          [
            [-4.808849, 37.887068],
            [-4.808828, 37.886855],
            [-4.808971, 37.886695],
            [-4.809026, 37.886685],
            [-4.809019, 37.886661],
            [-4.809182, 37.88653],
            [-4.809302, 37.886432],
            [-4.809342, 37.886464],
            [-4.809687, 37.886371],
            [-4.810006, 37.886119],
            [-4.810057, 37.885894],
            [-4.810114, 37.885916],
            [-4.810148, 37.885881],
            [-4.810304, 37.885977],
            [-4.810413, 37.886159],
            [-4.810438, 37.886232],
            [-4.810475, 37.886338],
            [-4.810488, 37.886377],
            [-4.810503, 37.886383],
            [-4.810574, 37.88641],
            [-4.810708, 37.886463],
            [-4.810849, 37.886518],
            [-4.811302, 37.886633],
            [-4.811915, 37.886714],
            [-4.812245, 37.886691],
            [-4.812392, 37.88668],
            [-4.81244, 37.886677],
            [-4.812506, 37.886692],
            [-4.812639, 37.886722],
            [-4.812905, 37.886783],
            [-4.813429, 37.886782],
            [-4.813438, 37.886782],
            [-4.81344, 37.886782],
            [-4.814134, 37.886796],
            [-4.81418, 37.886799],
            [-4.814629, 37.886826],
            [-4.815025, 37.886849],
            [-4.815243, 37.886825],
            [-4.815535, 37.886881],
            [-4.815808, 37.88688],
            [-4.815908, 37.886888],
            [-4.81591, 37.886889],
            [-4.815916, 37.886844],
            [-4.816009, 37.88629],
            [-4.816321, 37.886319],
            [-4.816308, 37.886084],
            [-4.815825, 37.886007],
            [-4.816172, 37.884841],
            [-4.81619, 37.884723],
            [-4.819784, 37.884185],
            [-4.81979, 37.884213],
            [-4.819741, 37.883632],
            [-4.819136, 37.883709],
            [-4.814778, 37.884412],
            [-4.814641, 37.883743],
            [-4.811469, 37.884383],
            [-4.810951, 37.884647],
            [-4.80826, 37.885337],
            [-4.808482, 37.885812],
            [-4.808771, 37.886803],
            [-4.808849, 37.887068]
          ]
        ]
      }
    },
    {
      "type": "Feature",
      "properties": {
        "id": "molinos-altas",
        "name": "Molinos Altas",
        "cityId": "cordoba"
      },
      "geometry": {
        "type": "Polygon",
        "coordinates": [
          [
            [-4.780351, 37.893135],
            [-4.780771, 37.892967],
            [-4.780888, 37.892918],
            [-4.780362, 37.892032],
            [-4.779674, 37.890646],
            [-4.779355, 37.889261],
            [-4.779349, 37.889232],
            [-4.776659, 37.888788],
            [-4.776493, 37.88877],
            [-4.77628, 37.888748],
            [-4.776343, 37.888954],
            [-4.776863, 37.889385],
            [-4.777015, 37.889683],
            [-4.777503, 37.891131],
            [-4.777835, 37.891078],
            [-4.777904, 37.891538],
            [-4.777738, 37.891864],
            [-4.777578, 37.891901],
            [-4.777766, 37.89337],
            [-4.778531, 37.893375],
            [-4.779775, 37.893366],
            [-4.780351, 37.893135]
          ]
        ]
      }
    },
    {
      "type": "Feature",
      "properties": {
        "id": "moreras",
        "name": "Moreras",
        "cityId": "cordoba"
      },
      "geometry": {
        "type": "Polygon",
        "coordinates": [
          [
            [-4.787153, 37.896277],
            [-4.795711, 37.894289],
            [-4.795528, 37.893647],
            [-4.790804, 37.892576],
            [-4.790953, 37.892151],
            [-4.789789, 37.891844],
            [-4.789443, 37.892259],
            [-4.788144, 37.892885],
            [-4.788208, 37.8938],
            [-4.787728, 37.895538],
            [-4.787153, 37.896277]
          ]
        ]
      }
    },
    {
      "type": "Feature",
      "properties": {
        "id": "olivos-borrachos",
        "name": "Olivos Borrachos",
        "cityId": "cordoba"
      },
      "geometry": {
        "type": "Polygon",
        "coordinates": [
          [
            [-4.799898, 37.881704],
            [-4.795351, 37.885384],
            [-4.79572, 37.886031],
            [-4.799241, 37.88435],
            [-4.804081, 37.882039],
            [-4.802436, 37.881388],
            [-4.801291, 37.881224],
            [-4.800157, 37.881495],
            [-4.799898, 37.881704]
          ]
        ]
      }
    },
    {
      "type": "Feature",
      "properties": {
        "id": "ollerias",
        "name": "Ollerías",
        "cityId": "cordoba"
      },
      "geometry": {
        "type": "Polygon",
        "coordinates": [
          [
            [-4.77093, 37.894553],
            [-4.772768, 37.892897],
            [-4.773109, 37.893122],
            [-4.773367, 37.892968],
            [-4.77361, 37.89278],
            [-4.7742, 37.892483],
            [-4.774822, 37.892323],
            [-4.775509, 37.89244],
            [-4.775356, 37.893354],
            [-4.777766, 37.89337],
            [-4.777578, 37.891901],
            [-4.777738, 37.891864],
            [-4.777904, 37.891538],
            [-4.777835, 37.891078],
            [-4.777503, 37.891131],
            [-4.775834, 37.891397],
            [-4.774718, 37.891644],
            [-4.773954, 37.891333],
            [-4.773493, 37.891547],
            [-4.773166, 37.891252],
            [-4.771714, 37.892012],
            [-4.771638, 37.891892],
            [-4.771592, 37.891818],
            [-4.771185, 37.891847],
            [-4.769527, 37.893224],
            [-4.769545, 37.893231],
            [-4.769812, 37.893331],
            [-4.770329, 37.894077],
            [-4.77093, 37.894553]
          ]
        ]
      }
    },
    {
      "type": "Feature",
      "properties": {
        "id": "p-i-amargacena",
        "name": "P.I. Amargacena",
        "cityId": "cordoba"
      },
      "geometry": {
        "type": "Polygon",
        "coordinates": [
          [
            [-4.802018, 37.848225],
            [-4.802209, 37.847042],
            [-4.802216, 37.846998],
            [-4.802224, 37.846953],
            [-4.802255, 37.846759],
            [-4.80221, 37.846685],
            [-4.802155, 37.846673],
            [-4.802173, 37.846624],
            [-4.802136, 37.84661],
            [-4.802111, 37.8466],
            [-4.802088, 37.846591],
            [-4.802043, 37.846574],
            [-4.801996, 37.846556],
            [-4.801923, 37.846534],
            [-4.801323, 37.846134],
            [-4.800819, 37.845752],
            [-4.800733, 37.845687],
            [-4.800465, 37.845489],
            [-4.800132, 37.845218],
            [-4.799882, 37.845061],
            [-4.799668, 37.845008],
            [-4.799599, 37.844982],
            [-4.799416, 37.844859],
            [-4.799396, 37.844827],
            [-4.799255, 37.844601],
            [-4.799192, 37.844501],
            [-4.799167, 37.84446],
            [-4.799023, 37.844372],
            [-4.798909, 37.844385],
            [-4.797101, 37.843853],
            [-4.797034, 37.8439],
            [-4.797005, 37.84392],
            [-4.796993, 37.843926],
            [-4.796853, 37.843998],
            [-4.796697, 37.844029],
            [-4.796505, 37.844079],
            [-4.795798, 37.843863],
            [-4.795496, 37.843796],
            [-4.795163, 37.843745],
            [-4.794841, 37.843766],
            [-4.794813, 37.843761],
            [-4.79479, 37.84377],
            [-4.794649, 37.843779],
            [-4.794259, 37.843834],
            [-4.793967, 37.843926],
            [-4.793695, 37.844047],
            [-4.793485, 37.844185],
            [-4.79343, 37.844221],
            [-4.79338, 37.844258],
            [-4.793222, 37.844373],
            [-4.793073, 37.844482],
            [-4.793019, 37.844521],
            [-4.79298, 37.844548],
            [-4.792901, 37.844602],
            [-4.792886, 37.844613],
            [-4.792849, 37.844579],
            [-4.792686, 37.844262],
            [-4.792181, 37.844433],
            [-4.792423, 37.844896],
            [-4.792464, 37.844927],
            [-4.792286, 37.845074],
            [-4.792125, 37.845198],
            [-4.792066, 37.845226],
            [-4.791989, 37.845218],
            [-4.791826, 37.845142],
            [-4.791742, 37.845056],
            [-4.791681, 37.844893],
            [-4.791681, 37.844896],
            [-4.791646, 37.845057],
            [-4.791599, 37.845374],
            [-4.791986, 37.845474],
            [-4.791999, 37.845462],
            [-4.80166, 37.848198],
            [-4.801675, 37.84815],
            [-4.802018, 37.848225]
          ]
        ]
      }
    },
    {
      "type": "Feature",
      "properties": {
        "id": "p-i-chinales",
        "name": "P.I. Chinales",
        "cityId": "cordoba"
      },
      "geometry": {
        "type": "Polygon",
        "coordinates": [
          [
            [-4.776126, 37.902296],
            [-4.775809, 37.901861],
            [-4.776923, 37.901356],
            [-4.776172, 37.90022],
            [-4.776423, 37.899514],
            [-4.770512, 37.897946],
            [-4.771086, 37.896955],
            [-4.769236, 37.897754],
            [-4.76364, 37.90017],
            [-4.759302, 37.905083],
            [-4.759286, 37.905684],
            [-4.759314, 37.905654],
            [-4.759345, 37.90563],
            [-4.759371, 37.905666],
            [-4.759417, 37.905631],
            [-4.759441, 37.905614],
            [-4.759399, 37.905714],
            [-4.759358, 37.905815],
            [-4.759316, 37.905915],
            [-4.759274, 37.906016],
            [-4.759253, 37.906174],
            [-4.759231, 37.906332],
            [-4.759184, 37.906427],
            [-4.759136, 37.906522],
            [-4.759123, 37.906548],
            [-4.759176, 37.906564],
            [-4.759133, 37.906756],
            [-4.759045, 37.906825],
            [-4.758992, 37.906808],
            [-4.758945, 37.906902],
            [-4.758898, 37.906997],
            [-4.75885, 37.907092],
            [-4.758906, 37.907208],
            [-4.758957, 37.90731],
            [-4.758903, 37.907327],
            [-4.758943, 37.907477],
            [-4.759032, 37.907592],
            [-4.759086, 37.907575],
            [-4.759132, 37.907671],
            [-4.759189, 37.907787],
            [-4.759238, 37.907888],
            [-4.759291, 37.907872],
            [-4.759399, 37.907975],
            [-4.759398, 37.90802],
            [-4.759448, 37.90802],
            [-4.759595, 37.908022],
            [-4.759741, 37.908023],
            [-4.759888, 37.908025],
            [-4.760035, 37.908027],
            [-4.760102, 37.908027],
            [-4.760101, 37.908072],
            [-4.760434, 37.908111],
            [-4.760566, 37.90808],
            [-4.760788, 37.907807],
            [-4.761272, 37.907203],
            [-4.761808, 37.906543],
            [-4.761815, 37.906534],
            [-4.761768, 37.906509],
            [-4.761858, 37.906402],
            [-4.76195, 37.906295],
            [-4.762041, 37.906188],
            [-4.762132, 37.90608],
            [-4.762223, 37.905973],
            [-4.762314, 37.905866],
            [-4.762405, 37.905758],
            [-4.762496, 37.905651],
            [-4.762587, 37.905544],
            [-4.762547, 37.905542],
            [-4.762574, 37.905505],
            [-4.762646, 37.905508],
            [-4.762778, 37.905506],
            [-4.762923, 37.905479],
            [-4.763017, 37.905435],
            [-4.763187, 37.905337],
            [-4.763358, 37.90524],
            [-4.763488, 37.905169],
            [-4.763618, 37.905098],
            [-4.763748, 37.905027],
            [-4.763877, 37.904956],
            [-4.764017, 37.904878],
            [-4.764485, 37.904613],
            [-4.765011, 37.904312],
            [-4.76535, 37.904164],
            [-4.765594, 37.90416],
            [-4.765994, 37.904283],
            [-4.766365, 37.904395],
            [-4.766828, 37.904627],
            [-4.766919, 37.904661],
            [-4.767063, 37.904729],
            [-4.767215, 37.904789],
            [-4.767367, 37.904842],
            [-4.767533, 37.904889],
            [-4.767714, 37.90493],
            [-4.767895, 37.904972],
            [-4.768077, 37.905014],
            [-4.768258, 37.905055],
            [-4.7684, 37.9051],
            [-4.768541, 37.905144],
            [-4.768692, 37.905178],
            [-4.768792, 37.905169],
            [-4.768936, 37.905138],
            [-4.769049, 37.905112],
            [-4.769112, 37.905078],
            [-4.76917, 37.905024],
            [-4.769291, 37.904907],
            [-4.769371, 37.904829],
            [-4.769451, 37.904752],
            [-4.769532, 37.904674],
            [-4.769612, 37.904597],
            [-4.769709, 37.904504],
            [-4.769805, 37.904412],
            [-4.769902, 37.90432],
            [-4.769998, 37.904228],
            [-4.770131, 37.904097],
            [-4.770264, 37.903965],
            [-4.770401, 37.903834],
            [-4.77047, 37.903741],
            [-4.770538, 37.903649],
            [-4.770559, 37.903591],
            [-4.770562, 37.903523],
            [-4.770585, 37.903357],
            [-4.770608, 37.903192],
            [-4.770643, 37.903026],
            [-4.770677, 37.90286],
            [-4.770711, 37.902756],
            [-4.770754, 37.902665],
            [-4.770825, 37.902592],
            [-4.77096, 37.902518],
            [-4.770994, 37.902557],
            [-4.771003, 37.902554],
            [-4.771027, 37.902594],
            [-4.771158, 37.902742],
            [-4.771213, 37.902752],
            [-4.771186, 37.902842],
            [-4.771383, 37.902895],
            [-4.771581, 37.902947],
            [-4.771727, 37.902987],
            [-4.771709, 37.903029],
            [-4.771722, 37.903044],
            [-4.77176, 37.903089],
            [-4.771798, 37.903134],
            [-4.771816, 37.903155],
            [-4.771929, 37.903218],
            [-4.771984, 37.903207],
            [-4.772065, 37.903209],
            [-4.772082, 37.903237],
            [-4.772102, 37.903268],
            [-4.772126, 37.903303],
            [-4.772154, 37.903338],
            [-4.772185, 37.903376],
            [-4.772218, 37.903418],
            [-4.772252, 37.903469],
            [-4.772285, 37.903531],
            [-4.772319, 37.903607],
            [-4.772336, 37.903651],
            [-4.772354, 37.903696],
            [-4.772391, 37.903795],
            [-4.772412, 37.903856],
            [-4.772427, 37.903897],
            [-4.772457, 37.90399],
            [-4.772478, 37.904068],
            [-4.77249, 37.904131],
            [-4.772496, 37.904182],
            [-4.772496, 37.904223],
            [-4.772491, 37.904259],
            [-4.772479, 37.904296],
            [-4.77246, 37.904338],
            [-4.772438, 37.904383],
            [-4.772412, 37.904429],
            [-4.772387, 37.904473],
            [-4.772361, 37.904514],
            [-4.772333, 37.904551],
            [-4.772303, 37.904583],
            [-4.772272, 37.904611],
            [-4.772238, 37.904638],
            [-4.772201, 37.904665],
            [-4.772159, 37.904694],
            [-4.772116, 37.904722],
            [-4.773941, 37.904013],
            [-4.773973, 37.904001],
            [-4.773859, 37.903376],
            [-4.776126, 37.902296]
          ]
        ]
      }
    },
    {
      "type": "Feature",
      "properties": {
        "id": "p-i-el-granadal",
        "name": "P.I. El Granadal",
        "cityId": "cordoba"
      },
      "geometry": {
        "type": "Polygon",
        "coordinates": [
          [
            [-4.752043, 37.88691],
            [-4.752026, 37.886934],
            [-4.751346, 37.886289],
            [-4.749191, 37.887843],
            [-4.748419, 37.888493],
            [-4.747858, 37.889017],
            [-4.746998, 37.890011],
            [-4.746813, 37.890219],
            [-4.746296, 37.891154],
            [-4.745922, 37.891765],
            [-4.74563, 37.891849],
            [-4.745626, 37.892028],
            [-4.745622, 37.892673],
            [-4.745674, 37.893218],
            [-4.7459, 37.893752],
            [-4.746192, 37.894216],
            [-4.746642, 37.894808],
            [-4.747004, 37.894972],
            [-4.747384, 37.895051],
            [-4.747828, 37.894998],
            [-4.748704, 37.894732],
            [-4.750585, 37.894233],
            [-4.750554, 37.894205],
            [-4.748388, 37.892246],
            [-4.748855, 37.891579],
            [-4.751756, 37.887433],
            [-4.751737, 37.887433],
            [-4.751828, 37.887277],
            [-4.752043, 37.88691]
          ]
        ]
      }
    },
    {
      "type": "Feature",
      "properties": {
        "id": "p-i-pedroches",
        "name": "P.I. Pedroches",
        "cityId": "cordoba"
      },
      "geometry": {
        "type": "Polygon",
        "coordinates": [
          [
            [-4.75548, 37.903412],
            [-4.755497, 37.903427],
            [-4.755621, 37.903478],
            [-4.755668, 37.903522],
            [-4.755747, 37.903578],
            [-4.756011, 37.903803],
            [-4.756243, 37.904071],
            [-4.756283, 37.904094],
            [-4.75629, 37.904105],
            [-4.756298, 37.904118],
            [-4.75631, 37.904136],
            [-4.756333, 37.904244],
            [-4.756199, 37.904542],
            [-4.756236, 37.904903],
            [-4.756536, 37.905425],
            [-4.756569, 37.905464],
            [-4.756576, 37.905472],
            [-4.756773, 37.905708],
            [-4.756889, 37.905848],
            [-4.756983, 37.905959],
            [-4.756998, 37.905978],
            [-4.757006, 37.905987],
            [-4.757016, 37.906],
            [-4.757024, 37.90601],
            [-4.757033, 37.90602],
            [-4.757034, 37.906021],
            [-4.757051, 37.906042],
            [-4.757065, 37.90606],
            [-4.757067, 37.906063],
            [-4.75709, 37.906092],
            [-4.75679, 37.906197],
            [-4.756597, 37.906275],
            [-4.756571, 37.906235],
            [-4.756095, 37.90638],
            [-4.755161, 37.906761],
            [-4.754439, 37.907362],
            [-4.754126, 37.907681],
            [-4.754085, 37.907786],
            [-4.754137, 37.907804],
            [-4.754077, 37.907912],
            [-4.753987, 37.908062],
            [-4.753905, 37.908266],
            [-4.753882, 37.908311],
            [-4.753867, 37.908342],
            [-4.753858, 37.908363],
            [-4.753799, 37.908511],
            [-4.75374, 37.908658],
            [-4.753702, 37.908754],
            [-4.753664, 37.90885],
            [-4.753625, 37.908946],
            [-4.753587, 37.909042],
            [-4.75367, 37.909044],
            [-4.753787, 37.909047],
            [-4.753905, 37.90905],
            [-4.754022, 37.909052],
            [-4.754139, 37.909055],
            [-4.754151, 37.909054],
            [-4.754336, 37.909032],
            [-4.754533, 37.909009],
            [-4.754592, 37.909002],
            [-4.754653, 37.908994],
            [-4.754697, 37.908989],
            [-4.754855, 37.909077],
            [-4.755012, 37.909165],
            [-4.755036, 37.909178],
            [-4.75517, 37.909252],
            [-4.755328, 37.90934],
            [-4.755371, 37.909319],
            [-4.755451, 37.909283],
            [-4.755465, 37.909278],
            [-4.755489, 37.909319],
            [-4.755607, 37.909281],
            [-4.755732, 37.909227],
            [-4.755707, 37.909187],
            [-4.75582, 37.909144],
            [-4.755947, 37.909096],
            [-4.756074, 37.909049],
            [-4.756201, 37.909001],
            [-4.756186, 37.908866],
            [-4.756172, 37.908732],
            [-4.756161, 37.908626],
            [-4.756149, 37.908521],
            [-4.756138, 37.908415],
            [-4.756127, 37.90831],
            [-4.756117, 37.908219],
            [-4.756174, 37.908216],
            [-4.756599, 37.908192],
            [-4.756845, 37.908047],
            [-4.7569, 37.908038],
            [-4.756895, 37.908017],
            [-4.756858, 37.907871],
            [-4.75682, 37.907725],
            [-4.756783, 37.907579],
            [-4.756671, 37.907525],
            [-4.756515, 37.907518],
            [-4.756359, 37.907512],
            [-4.756244, 37.90754],
            [-4.75613, 37.907568],
            [-4.756025, 37.907419],
            [-4.756056, 37.907412],
            [-4.756191, 37.907378],
            [-4.756279, 37.907359],
            [-4.756403, 37.907364],
            [-4.756528, 37.907366],
            [-4.756724, 37.907413],
            [-4.756861, 37.907445],
            [-4.757002, 37.907468],
            [-4.757131, 37.907472],
            [-4.757144, 37.907472],
            [-4.757224, 37.90746],
            [-4.757323, 37.907412],
            [-4.757398, 37.907373],
            [-4.75745, 37.907338],
            [-4.757498, 37.907313],
            [-4.757535, 37.907292],
            [-4.757574, 37.907259],
            [-4.7577, 37.9072],
            [-4.75779, 37.907145],
            [-4.75788, 37.90709],
            [-4.757857, 37.907057],
            [-4.757883, 37.90704],
            [-4.758019, 37.906941],
            [-4.758156, 37.906842],
            [-4.758249, 37.906781],
            [-4.758343, 37.90672],
            [-4.758437, 37.90666],
            [-4.758531, 37.906599],
            [-4.758687, 37.906486],
            [-4.758842, 37.906372],
            [-4.758941, 37.906342],
            [-4.759009, 37.906309],
            [-4.759031, 37.906273],
            [-4.759064, 37.906168],
            [-4.759098, 37.906063],
            [-4.75914, 37.905901],
            [-4.759187, 37.905807],
            [-4.759249, 37.905723],
            [-4.759286, 37.905684],
            [-4.759302, 37.905083],
            [-4.76364, 37.90017],
            [-4.757269, 37.90292],
            [-4.75548, 37.903412]
          ]
        ]
      }
    },
    {
      "type": "Feature",
      "properties": {
        "id": "p-i-torrecillas",
        "name": "P.I. Torrecillas",
        "cityId": "cordoba"
      },
      "geometry": {
        "type": "Polygon",
        "coordinates": [
          [
            [-4.790682, 37.859554],
            [-4.795277, 37.856881],
            [-4.798709, 37.854429],
            [-4.799598, 37.853267],
            [-4.799723, 37.853124],
            [-4.799762, 37.853053],
            [-4.800119, 37.852585],
            [-4.80058, 37.851194],
            [-4.801472, 37.849588],
            [-4.801484, 37.849487],
            [-4.801586, 37.84934],
            [-4.801969, 37.848762],
            [-4.801971, 37.848563],
            [-4.801975, 37.848514],
            [-4.801979, 37.848466],
            [-4.802006, 37.848299],
            [-4.802018, 37.848225],
            [-4.801675, 37.84815],
            [-4.80166, 37.848198],
            [-4.791999, 37.845462],
            [-4.791986, 37.845474],
            [-4.791599, 37.845374],
            [-4.791598, 37.845386],
            [-4.791589, 37.845494],
            [-4.791574, 37.845677],
            [-4.79155, 37.845893],
            [-4.791535, 37.846034],
            [-4.791455, 37.846323],
            [-4.791405, 37.84659],
            [-4.791297, 37.847014],
            [-4.791233, 37.847305],
            [-4.791073, 37.848034],
            [-4.790936, 37.848598],
            [-4.79092, 37.848677],
            [-4.790813, 37.849195],
            [-4.790692, 37.849778],
            [-4.790673, 37.849854],
            [-4.790438, 37.850521],
            [-4.789592, 37.851615],
            [-4.788331, 37.852419],
            [-4.78698, 37.853108],
            [-4.785925, 37.854024],
            [-4.785102, 37.854867],
            [-4.784123, 37.85532],
            [-4.782207, 37.855511],
            [-4.780704, 37.855595],
            [-4.781342, 37.855654],
            [-4.782011, 37.855715],
            [-4.782528, 37.855763],
            [-4.78267, 37.855802],
            [-4.784184, 37.856221],
            [-4.786775, 37.857408],
            [-4.787295, 37.857647],
            [-4.788343, 37.858233],
            [-4.788809, 37.858494],
            [-4.790617, 37.859516],
            [-4.790682, 37.859554]
          ]
        ]
      }
    },
    {
      "type": "Feature",
      "properties": {
        "id": "palmeras",
        "name": "Palmeras",
        "cityId": "cordoba"
      },
      "geometry": {
        "type": "Polygon",
        "coordinates": [
          [
            [-4.818401, 37.881149],
            [-4.818349, 37.88116],
            [-4.818876, 37.883742],
            [-4.819136, 37.883709],
            [-4.819741, 37.883632],
            [-4.81979, 37.884213],
            [-4.819849, 37.88451],
            [-4.819714, 37.884792],
            [-4.819672, 37.885172],
            [-4.819666, 37.88522],
            [-4.819661, 37.885267],
            [-4.819656, 37.885309],
            [-4.81998, 37.885292],
            [-4.820038, 37.885289],
            [-4.820097, 37.885286],
            [-4.820109, 37.885285],
            [-4.820506, 37.885066],
            [-4.820601, 37.885024],
            [-4.820582, 37.884982],
            [-4.820585, 37.884981],
            [-4.820767, 37.884913],
            [-4.820858, 37.884879],
            [-4.820946, 37.884873],
            [-4.821216, 37.884855],
            [-4.821235, 37.884854],
            [-4.821602, 37.884819],
            [-4.821683, 37.884812],
            [-4.82171, 37.884765],
            [-4.821838, 37.884541],
            [-4.821977, 37.884116],
            [-4.822033, 37.884125],
            [-4.822037, 37.884112],
            [-4.822076, 37.883957],
            [-4.822907, 37.881951],
            [-4.823105, 37.881272],
            [-4.823171, 37.881003],
            [-4.823234, 37.880891],
            [-4.823238, 37.880885],
            [-4.823242, 37.880877],
            [-4.823269, 37.880803],
            [-4.82328, 37.880772],
            [-4.823316, 37.880671],
            [-4.823318, 37.880571],
            [-4.823294, 37.880575],
            [-4.823283, 37.880531],
            [-4.823298, 37.880418],
            [-4.82138, 37.880704],
            [-4.819409, 37.880997],
            [-4.819395, 37.880973],
            [-4.818509, 37.881126],
            [-4.818401, 37.881149]
          ]
        ]
      }
    },
    {
      "type": "Feature",
      "properties": {
        "id": "parque-azahara",
        "name": "Parque Azahara",
        "cityId": "cordoba"
      },
      "geometry": {
        "type": "Polygon",
        "coordinates": [
          [
            [-4.812513, 37.879604],
            [-4.813145, 37.881992],
            [-4.818401, 37.881149],
            [-4.818509, 37.881126],
            [-4.819395, 37.880973],
            [-4.819409, 37.880997],
            [-4.82138, 37.880704],
            [-4.820283, 37.877899],
            [-4.817806, 37.87843],
            [-4.817779, 37.878388],
            [-4.812513, 37.879604]
          ]
        ]
      }
    },
    {
      "type": "Feature",
      "properties": {
        "id": "parque-cruz-conde",
        "name": "Parque Cruz Conde",
        "cityId": "cordoba"
      },
      "geometry": {
        "type": "Polygon",
        "coordinates": [
          [
            [-4.803864, 37.870813],
            [-4.803853, 37.870751],
            [-4.805727, 37.870073],
            [-4.805885, 37.870007],
            [-4.805881, 37.870001],
            [-4.805857, 37.86996],
            [-4.805833, 37.869919],
            [-4.805815, 37.869888],
            [-4.805785, 37.86985],
            [-4.805769, 37.869858],
            [-4.805731, 37.869797],
            [-4.80573, 37.869796],
            [-4.8056, 37.869591],
            [-4.804798, 37.868216],
            [-4.804459, 37.867668],
            [-4.804475, 37.867644],
            [-4.804337, 37.867766],
            [-4.80427, 37.867844],
            [-4.804199, 37.867925],
            [-4.804131, 37.867999],
            [-4.804071, 37.868062],
            [-4.804018, 37.868117],
            [-4.803967, 37.868168],
            [-4.803918, 37.868218],
            [-4.803869, 37.868267],
            [-4.80382, 37.868314],
            [-4.803772, 37.868359],
            [-4.803719, 37.868409],
            [-4.803655, 37.86847],
            [-4.803578, 37.868548],
            [-4.803524, 37.868601],
            [-4.803492, 37.868634],
            [-4.803406, 37.868718],
            [-4.803326, 37.868792],
            [-4.803324, 37.868794],
            [-4.803248, 37.868861],
            [-4.803177, 37.868921],
            [-4.803109, 37.868976],
            [-4.80304, 37.86903],
            [-4.802966, 37.869089],
            [-4.802881, 37.869156],
            [-4.802877, 37.86916],
            [-4.802333, 37.868121],
            [-4.802045, 37.867765],
            [-4.801741, 37.86745],
            [-4.801458, 37.867258],
            [-4.801451, 37.867253],
            [-4.801406, 37.867282],
            [-4.801077, 37.867343],
            [-4.800633, 37.867414],
            [-4.800617, 37.86742],
            [-4.80056, 37.867416],
            [-4.800462, 37.867465],
            [-4.800262, 37.8675],
            [-4.799584, 37.867659],
            [-4.799227, 37.867748],
            [-4.799216, 37.867751],
            [-4.799199, 37.867708],
            [-4.79911, 37.86761],
            [-4.799058, 37.867628],
            [-4.79903, 37.867579],
            [-4.79899, 37.86752],
            [-4.798941, 37.867455],
            [-4.798892, 37.867396],
            [-4.799288, 37.867177],
            [-4.799305, 37.867168],
            [-4.799272, 37.867131],
            [-4.799265, 37.867118],
            [-4.7991, 37.866962],
            [-4.799059, 37.866929],
            [-4.798916, 37.866817],
            [-4.798893, 37.866799],
            [-4.798879, 37.86679],
            [-4.798827, 37.866757],
            [-4.798783, 37.866728],
            [-4.798742, 37.866709],
            [-4.798734, 37.866707],
            [-4.79868, 37.866759],
            [-4.798449, 37.866985],
            [-4.798412, 37.867021],
            [-4.79834, 37.866981],
            [-4.798128, 37.866861],
            [-4.797978, 37.866776],
            [-4.798011, 37.866739],
            [-4.798797, 37.866122],
            [-4.798838, 37.866144],
            [-4.798872, 37.866108],
            [-4.798894, 37.866121],
            [-4.799098, 37.866245],
            [-4.799164, 37.866286],
            [-4.799143, 37.866306],
            [-4.799179, 37.866326],
            [-4.799238, 37.86628],
            [-4.799337, 37.866183],
            [-4.799526, 37.865996],
            [-4.799671, 37.865853],
            [-4.799634, 37.865827],
            [-4.799591, 37.865796],
            [-4.799505, 37.865735],
            [-4.799483, 37.865693],
            [-4.799383, 37.865648],
            [-4.799306, 37.865614],
            [-4.799278, 37.865653],
            [-4.799078, 37.86573],
            [-4.799092, 37.865774],
            [-4.798997, 37.865793],
            [-4.798985, 37.865796],
            [-4.798674, 37.865836],
            [-4.798549, 37.86583],
            [-4.798403, 37.865823],
            [-4.798372, 37.865806],
            [-4.798364, 37.865802],
            [-4.798332, 37.865839],
            [-4.798178, 37.865968],
            [-4.797711, 37.865619],
            [-4.79767, 37.865588],
            [-4.797249, 37.865948],
            [-4.797193, 37.865955],
            [-4.796985, 37.865882],
            [-4.796869, 37.865775],
            [-4.796809, 37.865636],
            [-4.796836, 37.865489],
            [-4.796912, 37.86532],
            [-4.796987, 37.865203],
            [-4.797243, 37.865178],
            [-4.797296, 37.865026],
            [-4.7973, 37.864941],
            [-4.797471, 37.864902],
            [-4.797525, 37.864888],
            [-4.797492, 37.864801],
            [-4.797469, 37.864743],
            [-4.797468, 37.864711],
            [-4.797411, 37.864712],
            [-4.796853, 37.864454],
            [-4.796806, 37.864428],
            [-4.796803, 37.864431],
            [-4.796772, 37.864416],
            [-4.79678, 37.864406],
            [-4.796736, 37.864377],
            [-4.796732, 37.864371],
            [-4.796678, 37.864285],
            [-4.796829, 37.863728],
            [-4.797156, 37.863853],
            [-4.797244, 37.863857],
            [-4.797284, 37.863889],
            [-4.797319, 37.86386],
            [-4.797331, 37.863851],
            [-4.797614, 37.86363],
            [-4.79781, 37.863462],
            [-4.798001, 37.863329],
            [-4.798065, 37.863318],
            [-4.798309, 37.863153],
            [-4.798513, 37.863016],
            [-4.799182, 37.862674],
            [-4.799447, 37.862542],
            [-4.799955, 37.862279],
            [-4.800017, 37.862361],
            [-4.800019, 37.862364],
            [-4.800068, 37.86234],
            [-4.80012, 37.862319],
            [-4.800134, 37.862305],
            [-4.800151, 37.862248],
            [-4.800157, 37.862248],
            [-4.800185, 37.862273],
            [-4.800208, 37.862251],
            [-4.800253, 37.862238],
            [-4.800262, 37.86224],
            [-4.800326, 37.862209],
            [-4.80033, 37.862206],
            [-4.800393, 37.86219],
            [-4.800513, 37.862157],
            [-4.800774, 37.862515],
            [-4.800799, 37.862555],
            [-4.800803, 37.862554],
            [-4.801044, 37.862458],
            [-4.8008, 37.86204],
            [-4.800661, 37.862032],
            [-4.800665, 37.861987],
            [-4.800936, 37.861848],
            [-4.800671, 37.861407],
            [-4.799466, 37.861736],
            [-4.799446, 37.861694],
            [-4.799229, 37.861758],
            [-4.799158, 37.861779],
            [-4.799142, 37.861753],
            [-4.799081, 37.861654],
            [-4.799024, 37.861562],
            [-4.798956, 37.861451],
            [-4.798919, 37.86139],
            [-4.798895, 37.861351],
            [-4.798907, 37.861307],
            [-4.798906, 37.861304],
            [-4.798915, 37.86128],
            [-4.800983, 37.86064],
            [-4.80176, 37.860399],
            [-4.801907, 37.860354],
            [-4.801927, 37.860414],
            [-4.802402, 37.860287],
            [-4.802498, 37.860309],
            [-4.80266, 37.860264],
            [-4.802677, 37.860164],
            [-4.802685, 37.860113],
            [-4.803186, 37.859958],
            [-4.803115, 37.859799],
            [-4.804455, 37.859418],
            [-4.804511, 37.859385],
            [-4.804569, 37.859324],
            [-4.804552, 37.859249],
            [-4.804326, 37.858824],
            [-4.804197, 37.858582],
            [-4.804173, 37.858538],
            [-4.804153, 37.858496],
            [-4.804151, 37.858496],
            [-4.804123, 37.858444],
            [-4.803793, 37.858545],
            [-4.803647, 37.858589],
            [-4.803627, 37.858547],
            [-4.803385, 37.858597],
            [-4.802718, 37.858735],
            [-4.802647, 37.858738],
            [-4.802505, 37.858744],
            [-4.802292, 37.858752],
            [-4.802154, 37.858758],
            [-4.800407, 37.858326],
            [-4.799607, 37.858128],
            [-4.799489, 37.858031],
            [-4.799844, 37.857302],
            [-4.800697, 37.855548],
            [-4.800708, 37.855525],
            [-4.800684, 37.855497],
            [-4.800614, 37.855412],
            [-4.800586, 37.855393],
            [-4.800385, 37.855255],
            [-4.798117, 37.856971],
            [-4.793241, 37.860714],
            [-4.790191, 37.862746],
            [-4.787332, 37.865651],
            [-4.786421, 37.866607],
            [-4.786042, 37.867381],
            [-4.785891, 37.867632],
            [-4.785714, 37.868051],
            [-4.785126, 37.869252],
            [-4.783842, 37.871993],
            [-4.78373, 37.872164],
            [-4.783732, 37.872229],
            [-4.783713, 37.872268],
            [-4.78374, 37.872579],
            [-4.783746, 37.872644],
            [-4.785267, 37.873438],
            [-4.786111, 37.874366],
            [-4.786163, 37.874788],
            [-4.788259, 37.874514],
            [-4.789577, 37.874277],
            [-4.79339, 37.873459],
            [-4.795116, 37.876328],
            [-4.79691, 37.875612],
            [-4.797703, 37.874442],
            [-4.798589, 37.873308],
            [-4.799572, 37.872461],
            [-4.801245, 37.87182],
            [-4.803864, 37.870813]
          ]
        ]
      }
    },
    {
      "type": "Feature",
      "properties": {
        "id": "parque-fidiana",
        "name": "Parque Fidiana",
        "cityId": "cordoba"
      },
      "geometry": {
        "type": "Polygon",
        "coordinates": [
          [
            [-4.750554, 37.894205],
            [-4.755622, 37.891968],
            [-4.756868, 37.891419],
            [-4.75764, 37.891115],
            [-4.748855, 37.891579],
            [-4.748388, 37.892246],
            [-4.750554, 37.894205]
          ]
        ]
      }
    },
    {
      "type": "Feature",
      "properties": {
        "id": "parque-figueroa",
        "name": "Parque Figueroa",
        "cityId": "cordoba"
      },
      "geometry": {
        "type": "Polygon",
        "coordinates": [
          [
            [-4.809054, 37.892456],
            [-4.809103, 37.89198],
            [-4.80904, 37.889435],
            [-4.809061, 37.889436],
            [-4.809027, 37.888904],
            [-4.808849, 37.887068],
            [-4.808771, 37.886803],
            [-4.802058, 37.888681],
            [-4.802097, 37.888846],
            [-4.802198, 37.891027],
            [-4.802801, 37.892823],
            [-4.807819, 37.89192],
            [-4.807776, 37.891613],
            [-4.808343, 37.891581],
            [-4.809054, 37.892456]
          ]
        ]
      }
    },
    {
      "type": "Feature",
      "properties": {
        "id": "poligono-de-la-fuensanta",
        "name": "Polígono de la Fuensanta",
        "cityId": "cordoba"
      },
      "geometry": {
        "type": "Polygon",
        "coordinates": [
          [
            [-4.756468, 37.886993],
            [-4.757565, 37.886831],
            [-4.758527, 37.887995],
            [-4.758779, 37.887856],
            [-4.760507, 37.889813],
            [-4.760568, 37.889882],
            [-4.762226, 37.888175],
            [-4.763139, 37.887286],
            [-4.763728, 37.886704],
            [-4.764177, 37.886261],
            [-4.765643, 37.885431],
            [-4.766353, 37.884949],
            [-4.766649, 37.884101],
            [-4.766671, 37.884036],
            [-4.766927, 37.881667],
            [-4.765381, 37.881565],
            [-4.763343, 37.881595],
            [-4.762244, 37.88178],
            [-4.762213, 37.881732],
            [-4.756801, 37.883241],
            [-4.756468, 37.886993]
          ]
        ]
      }
    },
    {
      "type": "Feature",
      "properties": {
        "id": "poligono-guadalquivir",
        "name": "Polígono Guadalquivir",
        "cityId": "cordoba"
      },
      "geometry": {
        "type": "Polygon",
        "coordinates": [
          [
            [-4.773014, 37.862374],
            [-4.77356, 37.861599],
            [-4.774857, 37.861072],
            [-4.775489, 37.860748],
            [-4.775871, 37.860139],
            [-4.780272, 37.862004],
            [-4.782121, 37.86287],
            [-4.782625, 37.864843],
            [-4.784313, 37.862837],
            [-4.785041, 37.862705],
            [-4.785334, 37.862193],
            [-4.785792, 37.862391],
            [-4.787073, 37.862941],
            [-4.789248, 37.860497],
            [-4.789626, 37.860168],
            [-4.790682, 37.859554],
            [-4.790617, 37.859516],
            [-4.788809, 37.858494],
            [-4.788343, 37.858233],
            [-4.787295, 37.857647],
            [-4.786775, 37.857408],
            [-4.784184, 37.856221],
            [-4.78267, 37.855802],
            [-4.782528, 37.855763],
            [-4.782011, 37.855715],
            [-4.781342, 37.855654],
            [-4.780704, 37.855595],
            [-4.780545, 37.855603],
            [-4.780408, 37.855578],
            [-4.780296, 37.855557],
            [-4.780183, 37.855536],
            [-4.779717, 37.855449],
            [-4.779629, 37.855432],
            [-4.779541, 37.855416],
            [-4.779451, 37.855399],
            [-4.778624, 37.855603],
            [-4.778144, 37.855792],
            [-4.777839, 37.855913],
            [-4.777167, 37.856252],
            [-4.776895, 37.856434],
            [-4.776022, 37.857019],
            [-4.775578, 37.857279],
            [-4.774688, 37.857829],
            [-4.774103, 37.858234],
            [-4.774004, 37.858283],
            [-4.772423, 37.859442],
            [-4.771547, 37.86001],
            [-4.772826, 37.862021],
            [-4.773014, 37.862374]
          ]
        ]
      }
    },
    {
      "type": "Feature",
      "properties": {
        "id": "poligono-poniente",
        "name": "Polígono Poniente",
        "cityId": "cordoba"
      },
      "geometry": {
        "type": "Polygon",
        "coordinates": [
          [
            [-4.799898, 37.881704],
            [-4.800157, 37.881495],
            [-4.801291, 37.881224],
            [-4.802436, 37.881388],
            [-4.804081, 37.882039],
            [-4.805895, 37.881172],
            [-4.805916, 37.881162],
            [-4.80437, 37.878873],
            [-4.803715, 37.876907],
            [-4.803978, 37.873281],
            [-4.804075, 37.871988],
            [-4.803864, 37.870813],
            [-4.801245, 37.87182],
            [-4.799572, 37.872461],
            [-4.798589, 37.873308],
            [-4.797703, 37.874442],
            [-4.79691, 37.875612],
            [-4.795116, 37.876328],
            [-4.791948, 37.877592],
            [-4.793787, 37.881826],
            [-4.794727, 37.881542],
            [-4.795644, 37.881708],
            [-4.799898, 37.881704]
          ]
        ]
      }
    },
    {
      "type": "Feature",
      "properties": {
        "id": "ribera",
        "name": "Ribera",
        "cityId": "cordoba"
      },
      "geometry": {
        "type": "Polygon",
        "coordinates": [
          [
            [-4.766649, 37.884101],
            [-4.767449, 37.88475],
            [-4.767491, 37.884744],
            [-4.767637, 37.884724],
            [-4.768112, 37.884486],
            [-4.76919, 37.883916],
            [-4.769449, 37.883761],
            [-4.769922, 37.883478],
            [-4.770498, 37.883193],
            [-4.770486, 37.88318],
            [-4.771145, 37.882736],
            [-4.771566, 37.882328],
            [-4.771563, 37.882177],
            [-4.771308, 37.882141],
            [-4.771119, 37.881149],
            [-4.771118, 37.881142],
            [-4.770983, 37.880701],
            [-4.770032, 37.880754],
            [-4.769755, 37.880691],
            [-4.76974, 37.880691],
            [-4.767866, 37.88072],
            [-4.767193, 37.880965],
            [-4.76704, 37.881674],
            [-4.766927, 37.881667],
            [-4.766671, 37.884036],
            [-4.766649, 37.884101]
          ]
        ]
      }
    },
    {
      "type": "Feature",
      "properties": {
        "id": "sagunto",
        "name": "Sagunto",
        "cityId": "cordoba"
      },
      "geometry": {
        "type": "Polygon",
        "coordinates": [
          [
            [-4.763321, 37.897144],
            [-4.763719, 37.894103],
            [-4.764154, 37.893],
            [-4.766669, 37.891944],
            [-4.766259, 37.891803],
            [-4.765342, 37.891214],
            [-4.765112, 37.890844],
            [-4.759773, 37.893039],
            [-4.756648, 37.893399],
            [-4.757538, 37.894639],
            [-4.757204, 37.896436],
            [-4.763321, 37.897144]
          ]
        ]
      }
    },
    {
      "type": "Feature",
      "properties": {
        "id": "san-andres-san-pablo",
        "name": "San Andrés-San Pablo",
        "cityId": "cordoba"
      },
      "geometry": {
        "type": "Polygon",
        "coordinates": [
          [
            [-4.775948, 37.884536],
            [-4.775519, 37.884316],
            [-4.774984, 37.884296],
            [-4.774227, 37.884261],
            [-4.773774, 37.884268],
            [-4.773218, 37.884323],
            [-4.772863, 37.884314],
            [-4.772708, 37.884639],
            [-4.772596, 37.884825],
            [-4.771319, 37.884849],
            [-4.771353, 37.885133],
            [-4.771445, 37.885538],
            [-4.771497, 37.886],
            [-4.771464, 37.886358],
            [-4.771778, 37.886598],
            [-4.771676, 37.886632],
            [-4.770888, 37.886708],
            [-4.770436, 37.886658],
            [-4.769975, 37.886698],
            [-4.769503, 37.886751],
            [-4.76958, 37.88694],
            [-4.769767, 37.886925],
            [-4.770051, 37.887044],
            [-4.770115, 37.887136],
            [-4.770394, 37.887076],
            [-4.770595, 37.887314],
            [-4.770627, 37.88735],
            [-4.77052, 37.887439],
            [-4.770252, 37.887647],
            [-4.770339, 37.887998],
            [-4.770392, 37.88859],
            [-4.770394, 37.888797],
            [-4.770604, 37.888846],
            [-4.770618, 37.888908],
            [-4.770996, 37.888892],
            [-4.771213, 37.889219],
            [-4.771238, 37.889264],
            [-4.771603, 37.889156],
            [-4.77245, 37.888858],
            [-4.77352, 37.888291],
            [-4.774322, 37.888125],
            [-4.774811, 37.887655],
            [-4.775446, 37.887469],
            [-4.77634, 37.887456],
            [-4.776347, 37.885903],
            [-4.776305, 37.885459],
            [-4.77597, 37.885445],
            [-4.77596, 37.88504],
            [-4.775948, 37.884536]
          ]
        ]
      }
    },
    {
      "type": "Feature",
      "properties": {
        "id": "san-basilio",
        "name": "San Basilio",
        "cityId": "cordoba"
      },
      "geometry": {
        "type": "Polygon",
        "coordinates": [
          [
            [-4.786163, 37.874788],
            [-4.786111, 37.874366],
            [-4.785267, 37.873438],
            [-4.783746, 37.872644],
            [-4.78374, 37.872579],
            [-4.783748, 37.872914],
            [-4.781718, 37.875014],
            [-4.780565, 37.876136],
            [-4.780703, 37.876326],
            [-4.781246, 37.877233],
            [-4.781675, 37.877395],
            [-4.781943, 37.877963],
            [-4.78279, 37.877866],
            [-4.782796, 37.877879],
            [-4.783274, 37.87769],
            [-4.783856, 37.877194],
            [-4.784582, 37.87651],
            [-4.78543, 37.875589],
            [-4.786188, 37.874993],
            [-4.786163, 37.874788]
          ]
        ]
      }
    },
    {
      "type": "Feature",
      "properties": {
        "id": "san-cayetano",
        "name": "San Cayetano",
        "cityId": "cordoba"
      },
      "geometry": {
        "type": "Polygon",
        "coordinates": [
          [
            [-4.779283, 37.893564],
            [-4.779775, 37.893366],
            [-4.778531, 37.893375],
            [-4.777766, 37.89337],
            [-4.775356, 37.893354],
            [-4.775509, 37.89244],
            [-4.774822, 37.892323],
            [-4.7742, 37.892483],
            [-4.77361, 37.89278],
            [-4.773367, 37.892968],
            [-4.773109, 37.893122],
            [-4.772768, 37.892897],
            [-4.77093, 37.894553],
            [-4.770958, 37.894576],
            [-4.771668, 37.895412],
            [-4.773223, 37.895996],
            [-4.779283, 37.893564]
          ]
        ]
      }
    },
    {
      "type": "Feature",
      "properties": {
        "id": "san-francisco-ribera",
        "name": "San Francisco-Ribera",
        "cityId": "cordoba"
      },
      "geometry": {
        "type": "Polygon",
        "coordinates": [
          [
            [-4.776144, 37.881515],
            [-4.775973, 37.881015],
            [-4.775587, 37.880123],
            [-4.775287, 37.879644],
            [-4.775268, 37.879604],
            [-4.773296, 37.88045],
            [-4.772051, 37.880589],
            [-4.770927, 37.880127],
            [-4.770983, 37.880701],
            [-4.771118, 37.881142],
            [-4.771809, 37.881339],
            [-4.772925, 37.881865],
            [-4.773114, 37.881832],
            [-4.773652, 37.881533],
            [-4.773809, 37.882254],
            [-4.775253, 37.882725],
            [-4.776659, 37.882974],
            [-4.776406, 37.882282],
            [-4.776144, 37.881515]
          ]
        ]
      }
    },
    {
      "type": "Feature",
      "properties": {
        "id": "san-lorenzo",
        "name": "San Lorenzo",
        "cityId": "cordoba"
      },
      "geometry": {
        "type": "Polygon",
        "coordinates": [
          [
            [-4.765026, 37.890706],
            [-4.765112, 37.890844],
            [-4.765342, 37.891214],
            [-4.766259, 37.891803],
            [-4.766669, 37.891944],
            [-4.768631, 37.892615],
            [-4.76938, 37.893168],
            [-4.769527, 37.893224],
            [-4.771185, 37.891847],
            [-4.771592, 37.891818],
            [-4.771638, 37.891892],
            [-4.771651, 37.891469],
            [-4.771686, 37.891382],
            [-4.771938, 37.890615],
            [-4.77154, 37.889804],
            [-4.771238, 37.889264],
            [-4.771213, 37.889219],
            [-4.770996, 37.888892],
            [-4.770618, 37.888908],
            [-4.770604, 37.888846],
            [-4.770394, 37.888797],
            [-4.770392, 37.88859],
            [-4.770339, 37.887998],
            [-4.770252, 37.887647],
            [-4.77052, 37.887439],
            [-4.770627, 37.88735],
            [-4.770595, 37.887314],
            [-4.770394, 37.887076],
            [-4.770115, 37.887136],
            [-4.770051, 37.887044],
            [-4.769767, 37.886925],
            [-4.76958, 37.88694],
            [-4.769503, 37.886751],
            [-4.769497, 37.886737],
            [-4.768642, 37.886836],
            [-4.768582, 37.886621],
            [-4.768577, 37.88642],
            [-4.767116, 37.886659],
            [-4.76727, 37.887026],
            [-4.767533, 37.887068],
            [-4.767729, 37.88733],
            [-4.767973, 37.887211],
            [-4.768874, 37.888363],
            [-4.765026, 37.890706]
          ]
        ]
      }
    },
    {
      "type": "Feature",
      "properties": {
        "id": "san-miguel-capuchinos",
        "name": "San Miguel-Capuchinos",
        "cityId": "cordoba"
      },
      "geometry": {
        "type": "Polygon",
        "coordinates": [
          [
            [-4.776305, 37.885459],
            [-4.776347, 37.885903],
            [-4.77634, 37.887456],
            [-4.776336, 37.888509],
            [-4.776493, 37.88877],
            [-4.776659, 37.888788],
            [-4.779349, 37.889232],
            [-4.779355, 37.889261],
            [-4.779478, 37.888491],
            [-4.779672, 37.887417],
            [-4.780003, 37.885993],
            [-4.779783, 37.885967],
            [-4.779774, 37.88562],
            [-4.779373, 37.885655],
            [-4.779253, 37.885222],
            [-4.778963, 37.885313],
            [-4.778491, 37.885436],
            [-4.777981, 37.885473],
            [-4.777682, 37.885434],
            [-4.776991, 37.885343],
            [-4.776298, 37.885382],
            [-4.776305, 37.885459]
          ]
        ]
      }
    },
    {
      "type": "Feature",
      "properties": {
        "id": "san-pedro",
        "name": "San Pedro",
        "cityId": "cordoba"
      },
      "geometry": {
        "type": "Polygon",
        "coordinates": [
          [
            [-4.776659, 37.882974],
            [-4.775253, 37.882725],
            [-4.773809, 37.882254],
            [-4.773652, 37.881533],
            [-4.773114, 37.881832],
            [-4.772925, 37.881865],
            [-4.771809, 37.881339],
            [-4.771118, 37.881142],
            [-4.771119, 37.881149],
            [-4.771308, 37.882141],
            [-4.771563, 37.882177],
            [-4.771566, 37.882328],
            [-4.771145, 37.882736],
            [-4.770486, 37.88318],
            [-4.770498, 37.883193],
            [-4.769922, 37.883478],
            [-4.769449, 37.883761],
            [-4.769759, 37.8841],
            [-4.769806, 37.884335],
            [-4.770943, 37.884286],
            [-4.771174, 37.884502],
            [-4.771302, 37.884703],
            [-4.771319, 37.884849],
            [-4.772596, 37.884825],
            [-4.772708, 37.884639],
            [-4.772863, 37.884314],
            [-4.773218, 37.884323],
            [-4.773774, 37.884268],
            [-4.774227, 37.884261],
            [-4.774984, 37.884296],
            [-4.775519, 37.884316],
            [-4.775948, 37.884536],
            [-4.775946, 37.884432],
            [-4.776699, 37.883842],
            [-4.776762, 37.883406],
            [-4.77668, 37.883031],
            [-4.776659, 37.882974]
          ]
        ]
      }
    },
    {
      "type": "Feature",
      "properties": {
        "id": "san-rafael-de-la-albaida",
        "name": "San Rafael de la Albaida",
        "cityId": "cordoba"
      },
      "geometry": {
        "type": "Polygon",
        "coordinates": [
          [
            [-4.80836, 37.898863],
            [-4.810301, 37.898947],
            [-4.810448, 37.898835],
            [-4.81084, 37.898745],
            [-4.811004, 37.897593],
            [-4.811146, 37.896424],
            [-4.811276, 37.896012],
            [-4.811418, 37.895563],
            [-4.810587, 37.895441],
            [-4.8107, 37.894906],
            [-4.809684, 37.894787],
            [-4.809378, 37.894066],
            [-4.80881, 37.895603],
            [-4.809247, 37.895667],
            [-4.809295, 37.895789],
            [-4.809266, 37.895878],
            [-4.808927, 37.895976],
            [-4.808559, 37.896185],
            [-4.807434, 37.895991],
            [-4.807283, 37.895934],
            [-4.80636, 37.895703],
            [-4.80674, 37.895088],
            [-4.806129, 37.894971],
            [-4.805997, 37.894812],
            [-4.805831, 37.89457],
            [-4.805831, 37.894569],
            [-4.804406, 37.895381],
            [-4.804768, 37.895471],
            [-4.805372, 37.895621],
            [-4.805123, 37.896153],
            [-4.805808, 37.897571],
            [-4.806275, 37.898773],
            [-4.80836, 37.898863]
          ]
        ]
      }
    },
    {
      "type": "Feature",
      "properties": {
        "id": "santa-marina",
        "name": "Santa Marina",
        "cityId": "cordoba"
      },
      "geometry": {
        "type": "Polygon",
        "coordinates": [
          [
            [-4.777503, 37.891131],
            [-4.777015, 37.889683],
            [-4.776863, 37.889385],
            [-4.776343, 37.888954],
            [-4.77628, 37.888748],
            [-4.776493, 37.88877],
            [-4.776336, 37.888509],
            [-4.77634, 37.887456],
            [-4.775446, 37.887469],
            [-4.774811, 37.887655],
            [-4.774322, 37.888125],
            [-4.77352, 37.888291],
            [-4.77245, 37.888858],
            [-4.771603, 37.889156],
            [-4.771238, 37.889264],
            [-4.77154, 37.889804],
            [-4.771938, 37.890615],
            [-4.771686, 37.891382],
            [-4.771651, 37.891469],
            [-4.771638, 37.891892],
            [-4.771714, 37.892012],
            [-4.773166, 37.891252],
            [-4.773493, 37.891547],
            [-4.773954, 37.891333],
            [-4.774718, 37.891644],
            [-4.775834, 37.891397],
            [-4.777503, 37.891131]
          ]
        ]
      }
    },
    {
      "type": "Feature",
      "properties": {
        "id": "santa-rosa",
        "name": "Santa Rosa",
        "cityId": "cordoba"
      },
      "geometry": {
        "type": "Polygon",
        "coordinates": [
          [
            [-4.780827, 37.89945],
            [-4.780817, 37.899321],
            [-4.780507, 37.897583],
            [-4.780455, 37.895458],
            [-4.780351, 37.893135],
            [-4.779775, 37.893366],
            [-4.779283, 37.893564],
            [-4.779332, 37.895581],
            [-4.777818, 37.896199],
            [-4.777369, 37.896482],
            [-4.77695, 37.896914],
            [-4.778169, 37.897384],
            [-4.780827, 37.89945]
          ]
        ]
      }
    },
    {
      "type": "Feature",
      "properties": {
        "id": "santuario",
        "name": "Santuario",
        "cityId": "cordoba"
      },
      "geometry": {
        "type": "Polygon",
        "coordinates": [
          [
            [-4.752043, 37.88691],
            [-4.751828, 37.887277],
            [-4.756466, 37.887016],
            [-4.756468, 37.886993],
            [-4.756801, 37.883241],
            [-4.762213, 37.881732],
            [-4.76145, 37.880546],
            [-4.76075, 37.879682],
            [-4.758917, 37.878712],
            [-4.757923, 37.878458],
            [-4.755445, 37.882033],
            [-4.752043, 37.88691]
          ]
        ]
      }
    },
    {
      "type": "Feature",
      "properties": {
        "id": "sector-sur",
        "name": "Sector Sur",
        "cityId": "cordoba"
      },
      "geometry": {
        "type": "Polygon",
        "coordinates": [
          [
            [-4.780076, 37.872336],
            [-4.781469, 37.870969],
            [-4.781654, 37.870755],
            [-4.781554, 37.870676],
            [-4.784593, 37.866341],
            [-4.7867, 37.863355],
            [-4.786703, 37.863356],
            [-4.787073, 37.862941],
            [-4.785792, 37.862391],
            [-4.785334, 37.862193],
            [-4.785041, 37.862705],
            [-4.784313, 37.862837],
            [-4.782625, 37.864843],
            [-4.782121, 37.86287],
            [-4.780272, 37.862004],
            [-4.775871, 37.860139],
            [-4.775489, 37.860748],
            [-4.774857, 37.861072],
            [-4.77356, 37.861599],
            [-4.773014, 37.862374],
            [-4.773328, 37.862963],
            [-4.77374, 37.865226],
            [-4.774291, 37.866667],
            [-4.776092, 37.870484],
            [-4.776524, 37.871513],
            [-4.777643, 37.872036],
            [-4.777803, 37.871815],
            [-4.778194, 37.871984],
            [-4.778808, 37.871463],
            [-4.780011, 37.872287],
            [-4.780076, 37.872336]
          ]
        ]
      }
    },
    {
      "type": "Feature",
      "properties": {
        "id": "valdeolleros",
        "name": "Valdeolleros",
        "cityId": "cordoba"
      },
      "geometry": {
        "type": "Polygon",
        "coordinates": [
          [
            [-4.780876, 37.900033],
            [-4.780827, 37.89945],
            [-4.778169, 37.897384],
            [-4.77695, 37.896914],
            [-4.777369, 37.896482],
            [-4.777818, 37.896199],
            [-4.779332, 37.895581],
            [-4.779283, 37.893564],
            [-4.773223, 37.895996],
            [-4.773267, 37.896013],
            [-4.771086, 37.896955],
            [-4.770512, 37.897946],
            [-4.776423, 37.899514],
            [-4.776172, 37.90022],
            [-4.776923, 37.901356],
            [-4.775809, 37.901861],
            [-4.776126, 37.902296],
            [-4.780876, 37.900033]
          ]
        ]
      }
    },
    {
      "type": "Feature",
      "properties": {
        "id": "vinuela-rescatado",
        "name": "Viñuela-Rescatado",
        "cityId": "cordoba"
      },
      "geometry": {
        "type": "Polygon",
        "coordinates": [
          [
            [-4.760507, 37.889813],
            [-4.759981, 37.890194],
            [-4.75764, 37.891115],
            [-4.756868, 37.891419],
            [-4.755622, 37.891968],
            [-4.756648, 37.893399],
            [-4.759773, 37.893039],
            [-4.765112, 37.890844],
            [-4.765026, 37.890706],
            [-4.764774, 37.8903],
            [-4.763728, 37.886704],
            [-4.763139, 37.887286],
            [-4.762226, 37.888175],
            [-4.760568, 37.889882],
            [-4.760507, 37.889813]
          ]
        ]
      }
    },
    {
      "type": "Feature",
      "properties": {
        "id": "vista-alegre",
        "name": "Vista Alegre",
        "cityId": "cordoba"
      },
      "geometry": {
        "type": "Polygon",
        "coordinates": [
          [
            [-4.795116, 37.876328],
            [-4.79339, 37.873459],
            [-4.789577, 37.874277],
            [-4.788259, 37.874514],
            [-4.786163, 37.874788],
            [-4.786188, 37.874993],
            [-4.786281, 37.875738],
            [-4.785905, 37.879888],
            [-4.791938, 37.877569],
            [-4.791948, 37.877592],
            [-4.795116, 37.876328]
          ]
        ]
      }
    },
    {
      "type": "Feature",
      "properties": {
        "id": "zumbacon-gavilan",
        "name": "Zumbacón-Gavilán",
        "cityId": "cordoba"
      },
      "geometry": {
        "type": "Polygon",
        "coordinates": [
          [
            [-4.773223, 37.895996],
            [-4.771668, 37.895412],
            [-4.770958, 37.894576],
            [-4.77093, 37.894553],
            [-4.770329, 37.894077],
            [-4.769812, 37.893331],
            [-4.769545, 37.893231],
            [-4.766132, 37.897174],
            [-4.766105, 37.897435],
            [-4.766229, 37.89748],
            [-4.767069, 37.897786],
            [-4.769236, 37.897754],
            [-4.771086, 37.896955],
            [-4.773267, 37.896013],
            [-4.773223, 37.895996]
          ]
        ]
      }
    }
  ]
}
