{
  "type": "FeatureCollection",
  "name": "pamplona-neighborhoods",
  "metadata": {
    "schemaVersion": 1,
    "cityId": "pamplona",
    "cityName": "Pamplona",
    "representative": false,
    "source": "Ayuntamiento de Pamplona / Iruñeko Udala (CC BY 4.0)"
  },
  "features": [
    {
      "type": "Feature",
      "properties": {
        "id": "0",
        "name": "Azpilagaña",
        "cityId": "pamplona"
      },
      "geometry": {
        "type": "Polygon",
        "coordinates": [
          [
            [-1.640993, 42.795432],
            [-1.641063, 42.795485],
            [-1.641178, 42.79554],
            [-1.641328, 42.795592],
            [-1.641477, 42.795633],
            [-1.641683, 42.795986],
            [-1.641823, 42.796245],
            [-1.642159, 42.797061],
            [-1.642839, 42.79868],
            [-1.64313, 42.79937],
            [-1.643405, 42.800026],
            [-1.643459, 42.800312],
            [-1.643858, 42.80189],
            [-1.643918, 42.802188],
            [-1.644041, 42.802801],
            [-1.644289, 42.803782],
            [-1.644339, 42.803981],
            [-1.644372, 42.804419],
            [-1.64435, 42.804804],
            [-1.644334, 42.804887],
            [-1.644294, 42.805717],
            [-1.644236, 42.806273],
            [-1.644146, 42.807203],
            [-1.644122, 42.807455],
            [-1.644075, 42.808318],
            [-1.644054, 42.808477],
            [-1.644046, 42.80861],
            [-1.644089, 42.80863],
            [-1.644146, 42.808656],
            [-1.644269, 42.808519],
            [-1.644463, 42.808258],
            [-1.644766, 42.807804],
            [-1.644794, 42.807786],
            [-1.644848, 42.807788],
            [-1.645669, 42.806607],
            [-1.64597, 42.806145],
            [-1.646694, 42.804916],
            [-1.647041, 42.804426],
            [-1.648071, 42.803427],
            [-1.648859, 42.802891],
            [-1.649517, 42.802369],
            [-1.64992, 42.802014],
            [-1.65, 42.801807],
            [-1.650065, 42.80164],
            [-1.650217, 42.80129],
            [-1.650415, 42.800948],
            [-1.650499, 42.800803],
            [-1.650719, 42.800546],
            [-1.650973, 42.800433],
            [-1.651329, 42.800298],
            [-1.651615, 42.800167],
            [-1.651812, 42.800072],
            [-1.652023, 42.799945],
            [-1.652234, 42.799808],
            [-1.652628, 42.799646],
            [-1.653078, 42.799475],
            [-1.653264, 42.799436],
            [-1.653354, 42.799355],
            [-1.653414, 42.799284],
            [-1.653481, 42.799173],
            [-1.653504, 42.799122],
            [-1.653487, 42.79904],
            [-1.653458, 42.798965],
            [-1.653361, 42.798767],
            [-1.653299, 42.798588],
            [-1.653249, 42.7984],
            [-1.653201, 42.798118],
            [-1.653145, 42.797724],
            [-1.653113, 42.797413],
            [-1.653062, 42.797181],
            [-1.653029, 42.797006],
            [-1.652967, 42.796777],
            [-1.652825, 42.796426],
            [-1.652531, 42.796227],
            [-1.652196, 42.796058],
            [-1.651996, 42.795943],
            [-1.651938, 42.795705],
            [-1.651956, 42.795376],
            [-1.651982, 42.795118],
            [-1.652006, 42.794876],
            [-1.652131, 42.794434],
            [-1.652251, 42.793792],
            [-1.652365, 42.79325],
            [-1.652418, 42.793028],
            [-1.652583, 42.792887],
            [-1.652572, 42.792816],
            [-1.65257, 42.792799],
            [-1.652562, 42.792745],
            [-1.652771, 42.791721],
            [-1.652983, 42.790822],
            [-1.65306, 42.790566],
            [-1.653076, 42.790562],
            [-1.653096, 42.790558],
            [-1.653117, 42.790554],
            [-1.653146, 42.790546],
            [-1.653148, 42.790546],
            [-1.653157, 42.790543],
            [-1.653183, 42.790535],
            [-1.653197, 42.79053],
            [-1.653203, 42.790528],
            [-1.653235, 42.790516],
            [-1.653272, 42.790499],
            [-1.653277, 42.790496],
            [-1.653282, 42.790493],
            [-1.6533, 42.790484],
            [-1.653301, 42.790483],
            [-1.653306, 42.790481],
            [-1.653339, 42.790461],
            [-1.653371, 42.790439],
            [-1.653378, 42.790433],
            [-1.6534, 42.790416],
            [-1.653427, 42.790391],
            [-1.653439, 42.790378],
            [-1.65344, 42.790378],
            [-1.653452, 42.790366],
            [-1.65348, 42.790328],
            [-1.653493, 42.79031],
            [-1.653504, 42.790292],
            [-1.65351, 42.790281],
            [-1.653524, 42.790252],
            [-1.653529, 42.790233],
            [-1.653532, 42.790225],
            [-1.65355, 42.790159],
            [-1.653553, 42.790127],
            [-1.653553, 42.790116],
            [-1.653553, 42.790096],
            [-1.65355, 42.790064],
            [-1.653544, 42.790033],
            [-1.653539, 42.790014],
            [-1.653538, 42.790012],
            [-1.653536, 42.790002],
            [-1.653524, 42.789972],
            [-1.653509, 42.789942],
            [-1.653492, 42.789913],
            [-1.653472, 42.789885],
            [-1.65345, 42.789858],
            [-1.653444, 42.789852],
            [-1.653425, 42.789832],
            [-1.653398, 42.789808],
            [-1.653386, 42.789799],
            [-1.653379, 42.789793],
            [-1.653431, 42.78968],
            [-1.653241, 42.789675],
            [-1.653202, 42.789673],
            [-1.65318, 42.789673],
            [-1.653116, 42.789671],
            [-1.6529, 42.789665],
            [-1.652813, 42.789662],
            [-1.652804, 42.789696],
            [-1.652797, 42.789723],
            [-1.652796, 42.789724],
            [-1.652795, 42.789728],
            [-1.652794, 42.789732],
            [-1.652793, 42.789736],
            [-1.652791, 42.789739],
            [-1.652789, 42.789743],
            [-1.652787, 42.789746],
            [-1.652785, 42.78975],
            [-1.652782, 42.789753],
            [-1.65278, 42.789757],
            [-1.652777, 42.78976],
            [-1.652774, 42.789763],
            [-1.652771, 42.789766],
            [-1.652768, 42.789769],
            [-1.652764, 42.789772],
            [-1.652761, 42.789775],
            [-1.652757, 42.789778],
            [-1.652754, 42.789781],
            [-1.65275, 42.789783],
            [-1.652746, 42.789786],
            [-1.652741, 42.789788],
            [-1.652737, 42.78979],
            [-1.652733, 42.789792],
            [-1.652728, 42.789794],
            [-1.652724, 42.789796],
            [-1.652719, 42.789798],
            [-1.652714, 42.789799],
            [-1.652709, 42.789801],
            [-1.652704, 42.789802],
            [-1.652699, 42.789803],
            [-1.652694, 42.789804],
            [-1.652689, 42.789805],
            [-1.652682, 42.789808],
            [-1.652673, 42.789812],
            [-1.652665, 42.789816],
            [-1.652657, 42.78982],
            [-1.652649, 42.789824],
            [-1.652641, 42.789828],
            [-1.652633, 42.789832],
            [-1.652626, 42.789836],
            [-1.652618, 42.789841],
            [-1.652611, 42.789845],
            [-1.652604, 42.78985],
            [-1.652596, 42.789855],
            [-1.65259, 42.78986],
            [-1.652583, 42.789865],
            [-1.652576, 42.78987],
            [-1.652569, 42.789875],
            [-1.652563, 42.78988],
            [-1.652557, 42.789886],
            [-1.652551, 42.789891],
            [-1.652545, 42.789897],
            [-1.652539, 42.789903],
            [-1.652533, 42.789908],
            [-1.652528, 42.789914],
            [-1.652522, 42.78992],
            [-1.652517, 42.789926],
            [-1.652512, 42.789932],
            [-1.652507, 42.789938],
            [-1.652503, 42.789945],
            [-1.652498, 42.789951],
            [-1.652494, 42.789957],
            [-1.65249, 42.789964],
            [-1.652486, 42.78997],
            [-1.652485, 42.789972],
            [-1.652482, 42.789977],
            [-1.652478, 42.789983],
            [-1.652475, 42.78999],
            [-1.652472, 42.789996],
            [-1.652469, 42.790003],
            [-1.652466, 42.79001],
            [-1.652422, 42.790015],
            [-1.652388, 42.790019],
            [-1.651914, 42.790073],
            [-1.651584, 42.790111],
            [-1.651441, 42.790128],
            [-1.651318, 42.790142],
            [-1.650496, 42.790236],
            [-1.650246, 42.790265],
            [-1.649789, 42.790319],
            [-1.648672, 42.790447],
            [-1.64839, 42.790479],
            [-1.648146, 42.790507],
            [-1.648017, 42.790524],
            [-1.647971, 42.790492],
            [-1.646641, 42.789541],
            [-1.646495, 42.789437],
            [-1.646254, 42.789268],
            [-1.646007, 42.789177],
            [-1.645762, 42.788947],
            [-1.645735, 42.788894],
            [-1.645675, 42.78894],
            [-1.64549, 42.789083],
            [-1.6455, 42.78909],
            [-1.645427, 42.789076],
            [-1.645035, 42.788998],
            [-1.644556, 42.788904],
            [-1.644309, 42.788856],
            [-1.644224, 42.788839],
            [-1.644149, 42.788983],
            [-1.644108, 42.789063],
            [-1.644135, 42.789143],
            [-1.644284, 42.789379],
            [-1.644281, 42.789414],
            [-1.644273, 42.789534],
            [-1.644255, 42.789609],
            [-1.644238, 42.789681],
            [-1.644216, 42.789806],
            [-1.644199, 42.789921],
            [-1.644199, 42.790031],
            [-1.64421, 42.790154],
            [-1.644231, 42.790262],
            [-1.644273, 42.790375],
            [-1.644284, 42.790427],
            [-1.644301, 42.790503],
            [-1.644337, 42.790616],
            [-1.644337, 42.790754],
            [-1.644337, 42.790757],
            [-1.644339, 42.790819],
            [-1.644335, 42.790882],
            [-1.644325, 42.790945],
            [-1.64431, 42.791007],
            [-1.644289, 42.791068],
            [-1.644262, 42.791127],
            [-1.64423, 42.791186],
            [-1.644193, 42.791242],
            [-1.644189, 42.791247],
            [-1.64415, 42.791297],
            [-1.644103, 42.791349],
            [-1.643937, 42.791519],
            [-1.643878, 42.79157],
            [-1.643821, 42.791622],
            [-1.643769, 42.791677],
            [-1.643768, 42.791678],
            [-1.643714, 42.791738],
            [-1.643664, 42.791801],
            [-1.643649, 42.791824],
            [-1.64362, 42.791865],
            [-1.643581, 42.791932],
            [-1.643548, 42.792],
            [-1.643504, 42.792088],
            [-1.643453, 42.792174],
            [-1.643395, 42.792257],
            [-1.643329, 42.792338],
            [-1.643257, 42.792415],
            [-1.643179, 42.792489],
            [-1.643137, 42.792523],
            [-1.643134, 42.792526],
            [-1.643086, 42.792561],
            [-1.643036, 42.792594],
            [-1.642983, 42.792624],
            [-1.642927, 42.792652],
            [-1.642873, 42.79268],
            [-1.642822, 42.79271],
            [-1.642773, 42.792743],
            [-1.642728, 42.792779],
            [-1.642504, 42.793062],
            [-1.642301, 42.793403],
            [-1.642149, 42.793567],
            [-1.641888, 42.793891],
            [-1.641882, 42.793893],
            [-1.641881, 42.793893],
            [-1.641866, 42.793897],
            [-1.641859, 42.793898],
            [-1.64184, 42.793904],
            [-1.641519, 42.793989],
            [-1.640973, 42.794134],
            [-1.640999, 42.794188],
            [-1.641026, 42.794243],
            [-1.640631, 42.794348],
            [-1.640463, 42.794392],
            [-1.640429, 42.794401],
            [-1.640432, 42.794469],
            [-1.640435, 42.794521],
            [-1.64044, 42.794571],
            [-1.640445, 42.794606],
            [-1.64045, 42.794648],
            [-1.640451, 42.794651],
            [-1.640471, 42.794741],
            [-1.640509, 42.794834],
            [-1.640546, 42.794906],
            [-1.640604, 42.795015],
            [-1.640673, 42.795144],
            [-1.640761, 42.795238],
            [-1.640847, 42.795314],
            [-1.640943, 42.795384],
            [-1.640987, 42.795426],
            [-1.640993, 42.795432]
          ]
        ]
      }
    },
    {
      "type": "Feature",
      "properties": {
        "id": "1",
        "name": "Buztintxuri-Euntzetxiki",
        "cityId": "pamplona"
      },
      "geometry": {
        "type": "Polygon",
        "coordinates": [
          [
            [-1.675393, 42.83419],
            [-1.675718, 42.834435],
            [-1.676216, 42.834819],
            [-1.676942, 42.835367],
            [-1.677011, 42.835421],
            [-1.677096, 42.835487],
            [-1.677816, 42.836031],
            [-1.678357, 42.836442],
            [-1.678786, 42.836766],
            [-1.679267, 42.837131],
            [-1.679703, 42.837476],
            [-1.679974, 42.837696],
            [-1.680151, 42.837838],
            [-1.680404, 42.838069],
            [-1.680627, 42.83804],
            [-1.680643, 42.838038],
            [-1.680759, 42.838022],
            [-1.681116, 42.837975],
            [-1.681072, 42.83775],
            [-1.68104, 42.837588],
            [-1.680893, 42.836841],
            [-1.680779, 42.83626],
            [-1.681384, 42.836196],
            [-1.68199, 42.836132],
            [-1.682595, 42.836067],
            [-1.683201, 42.836003],
            [-1.683803, 42.835938],
            [-1.683806, 42.835938],
            [-1.684412, 42.835874],
            [-1.685017, 42.835809],
            [-1.685036, 42.835807],
            [-1.685622, 42.835745],
            [-1.686228, 42.83568],
            [-1.686446, 42.835659],
            [-1.687051, 42.835594],
            [-1.687657, 42.835529],
            [-1.688254, 42.835466],
            [-1.688868, 42.8354],
            [-1.689049, 42.835381],
            [-1.689267, 42.835357],
            [-1.689291, 42.835355],
            [-1.689352, 42.835348],
            [-1.689426, 42.83534],
            [-1.689544, 42.835328],
            [-1.689632, 42.835319],
            [-1.68975, 42.835306],
            [-1.691246, 42.835147],
            [-1.691297, 42.835141],
            [-1.691652, 42.835103],
            [-1.691745, 42.835034],
            [-1.691818, 42.834981],
            [-1.691906, 42.834917],
            [-1.691989, 42.834859],
            [-1.692071, 42.834801],
            [-1.692155, 42.834743],
            [-1.692255, 42.834675],
            [-1.692328, 42.834627],
            [-1.692408, 42.834574],
            [-1.692504, 42.834511],
            [-1.692553, 42.83448],
            [-1.692639, 42.834426],
            [-1.692698, 42.834389],
            [-1.692805, 42.834323],
            [-1.692901, 42.834265],
            [-1.692924, 42.834272],
            [-1.693124, 42.834329],
            [-1.693178, 42.834345],
            [-1.693377, 42.834405],
            [-1.693685, 42.834231],
            [-1.693953, 42.834081],
            [-1.694194, 42.833958],
            [-1.694498, 42.833811],
            [-1.694735, 42.833708],
            [-1.695008, 42.833589],
            [-1.694872, 42.833422],
            [-1.69469, 42.833197],
            [-1.693672, 42.831939],
            [-1.693511, 42.831101],
            [-1.69351, 42.831096],
            [-1.693479, 42.83094],
            [-1.692929, 42.830999],
            [-1.692909, 42.830967],
            [-1.692884, 42.830927],
            [-1.69288, 42.830922],
            [-1.692813, 42.830797],
            [-1.692743, 42.83067],
            [-1.692669, 42.830555],
            [-1.692602, 42.830441],
            [-1.692599, 42.830436],
            [-1.692563, 42.830286],
            [-1.692532, 42.830079],
            [-1.692498, 42.829898],
            [-1.692457, 42.82976],
            [-1.692425, 42.829752],
            [-1.692046, 42.829664],
            [-1.691921, 42.829635],
            [-1.691767, 42.829599],
            [-1.69167, 42.829533],
            [-1.690971, 42.829084],
            [-1.690765, 42.828952],
            [-1.690521, 42.829195],
            [-1.690105, 42.829073],
            [-1.690003, 42.829043],
            [-1.689926, 42.828953],
            [-1.689901, 42.828946],
            [-1.688841, 42.828631],
            [-1.688766, 42.828609],
            [-1.688543, 42.828543],
            [-1.688354, 42.828445],
            [-1.687822, 42.828286],
            [-1.687785, 42.828275],
            [-1.687212, 42.828105],
            [-1.686926, 42.828013],
            [-1.687063, 42.827777],
            [-1.687208, 42.827517],
            [-1.687317, 42.827311],
            [-1.687394, 42.82716],
            [-1.687467, 42.827013],
            [-1.687538, 42.826865],
            [-1.687586, 42.82676],
            [-1.687628, 42.826668],
            [-1.687686, 42.826536],
            [-1.687736, 42.826419],
            [-1.68779, 42.826289],
            [-1.68783, 42.82619],
            [-1.687877, 42.826072],
            [-1.687926, 42.825921],
            [-1.687937, 42.825877],
            [-1.687946, 42.825838],
            [-1.687952, 42.825805],
            [-1.687955, 42.825791],
            [-1.687958, 42.825772],
            [-1.687964, 42.82573],
            [-1.688416, 42.822226],
            [-1.688471, 42.821799],
            [-1.688427, 42.821793],
            [-1.688375, 42.821786],
            [-1.688308, 42.821775],
            [-1.6883, 42.821774],
            [-1.688263, 42.821768],
            [-1.688208, 42.821759],
            [-1.688165, 42.821751],
            [-1.688126, 42.821744],
            [-1.688081, 42.821735],
            [-1.688034, 42.821726],
            [-1.687981, 42.821715],
            [-1.687927, 42.821704],
            [-1.687864, 42.821689],
            [-1.687809, 42.821676],
            [-1.687761, 42.821665],
            [-1.687718, 42.821654],
            [-1.687669, 42.821641],
            [-1.687618, 42.821628],
            [-1.687565, 42.821613],
            [-1.687489, 42.821591],
            [-1.687419, 42.82157],
            [-1.686204, 42.821204],
            [-1.685866, 42.821103],
            [-1.685596, 42.821022],
            [-1.685599, 42.820975],
            [-1.685601, 42.820934],
            [-1.685602, 42.820914],
            [-1.685602, 42.820911],
            [-1.685602, 42.82089],
            [-1.685601, 42.820887],
            [-1.685586, 42.820795],
            [-1.685582, 42.820784],
            [-1.685572, 42.820752],
            [-1.685556, 42.820704],
            [-1.68555, 42.820684],
            [-1.685531, 42.820598],
            [-1.685525, 42.82057],
            [-1.685508, 42.820478],
            [-1.685544, 42.820417],
            [-1.685573, 42.820384],
            [-1.685677, 42.820276],
            [-1.685818, 42.820156],
            [-1.686003, 42.820016],
            [-1.686061, 42.819966],
            [-1.686146, 42.819893],
            [-1.686284, 42.819794],
            [-1.686461, 42.819677],
            [-1.686886, 42.819482],
            [-1.687112, 42.819392],
            [-1.68727, 42.819329],
            [-1.68753, 42.819194],
            [-1.68772, 42.81911],
            [-1.687724, 42.819101],
            [-1.687756, 42.819037],
            [-1.687961, 42.818554],
            [-1.687993, 42.818469],
            [-1.688158, 42.818033],
            [-1.688171, 42.818001],
            [-1.688363, 42.817512],
            [-1.688521, 42.817582],
            [-1.688784, 42.817698],
            [-1.68884, 42.817657],
            [-1.688886, 42.817622],
            [-1.68892, 42.817597],
            [-1.689038, 42.817497],
            [-1.689299, 42.81727],
            [-1.689424, 42.81715],
            [-1.689569, 42.816983],
            [-1.690046, 42.816475],
            [-1.690325, 42.816184],
            [-1.690521, 42.81598],
            [-1.690958, 42.815543],
            [-1.691092, 42.815371],
            [-1.691098, 42.815318],
            [-1.691098, 42.815312],
            [-1.691103, 42.815268],
            [-1.691103, 42.815266],
            [-1.691096, 42.815205],
            [-1.691093, 42.815185],
            [-1.691089, 42.815171],
            [-1.690631, 42.815385],
            [-1.690095, 42.81566],
            [-1.689554, 42.815906],
            [-1.688729, 42.816256],
            [-1.687854, 42.816603],
            [-1.68745, 42.816756],
            [-1.686343, 42.817117],
            [-1.685396, 42.817421],
            [-1.684843, 42.817594],
            [-1.684193, 42.817807],
            [-1.68255, 42.818328],
            [-1.680895, 42.818858],
            [-1.680292, 42.819054],
            [-1.679108, 42.819438],
            [-1.678257, 42.81971],
            [-1.677171, 42.820076],
            [-1.67594, 42.820467],
            [-1.674812, 42.820851],
            [-1.673627, 42.821237],
            [-1.671925, 42.821799],
            [-1.671013, 42.822121],
            [-1.670217, 42.82238],
            [-1.668867, 42.822829],
            [-1.667319, 42.823311],
            [-1.666486, 42.823585],
            [-1.665353, 42.823959],
            [-1.664629, 42.824184],
            [-1.663082, 42.824686],
            [-1.661704, 42.82513],
            [-1.660913, 42.825387],
            [-1.659263, 42.825919],
            [-1.65905, 42.826],
            [-1.65759, 42.826625],
            [-1.65704, 42.827],
            [-1.656696, 42.827297],
            [-1.656219, 42.827928],
            [-1.655951, 42.828387],
            [-1.655779, 42.828766],
            [-1.65566, 42.829231],
            [-1.655638, 42.829825],
            [-1.655795, 42.830631],
            [-1.656055, 42.831355],
            [-1.656077, 42.831343],
            [-1.656123, 42.831352],
            [-1.656193, 42.831366],
            [-1.656268, 42.83132],
            [-1.656281, 42.831312],
            [-1.656687, 42.831066],
            [-1.656813, 42.831056],
            [-1.657377, 42.831008],
            [-1.657577, 42.830991],
            [-1.657782, 42.830974],
            [-1.658456, 42.830917],
            [-1.658607, 42.830906],
            [-1.659188, 42.830864],
            [-1.659621, 42.830832],
            [-1.659828, 42.830817],
            [-1.660183, 42.830792],
            [-1.660285, 42.830799],
            [-1.660561, 42.830816],
            [-1.660696, 42.830825],
            [-1.661118, 42.83086],
            [-1.661343, 42.830862],
            [-1.661621, 42.830974],
            [-1.661632, 42.830979],
            [-1.661686, 42.831004],
            [-1.661772, 42.831044],
            [-1.661824, 42.831068],
            [-1.661859, 42.831084],
            [-1.66203, 42.831165],
            [-1.662202, 42.831245],
            [-1.662246, 42.831265],
            [-1.662305, 42.831298],
            [-1.662377, 42.831337],
            [-1.662367, 42.831348],
            [-1.662498, 42.831406],
            [-1.662572, 42.831442],
            [-1.662641, 42.831476],
            [-1.662653, 42.831483],
            [-1.662771, 42.83155],
            [-1.662856, 42.831599],
            [-1.662928, 42.831649],
            [-1.662968, 42.831676],
            [-1.663005, 42.831705],
            [-1.663031, 42.83172],
            [-1.663079, 42.83174],
            [-1.663128, 42.831756],
            [-1.663138, 42.831759],
            [-1.66319, 42.831773],
            [-1.663285, 42.831809],
            [-1.66343, 42.83187],
            [-1.663561, 42.831934],
            [-1.663718, 42.832018],
            [-1.663887, 42.832124],
            [-1.663978, 42.832181],
            [-1.664013, 42.832207],
            [-1.664084, 42.832261],
            [-1.664106, 42.83227],
            [-1.664156, 42.832299],
            [-1.664212, 42.83233],
            [-1.664226, 42.832338],
            [-1.664256, 42.832352],
            [-1.664359, 42.8324],
            [-1.664454, 42.832447],
            [-1.664574, 42.83252],
            [-1.664679, 42.832586],
            [-1.664818, 42.832673],
            [-1.664917, 42.832741],
            [-1.664985, 42.832788],
            [-1.665126, 42.832894],
            [-1.665157, 42.832922],
            [-1.66523, 42.832988],
            [-1.665319, 42.833083],
            [-1.665363, 42.83314],
            [-1.665374, 42.833156],
            [-1.665386, 42.833172],
            [-1.665403, 42.833196],
            [-1.66543, 42.83326],
            [-1.665438, 42.833291],
            [-1.665442, 42.833338],
            [-1.66544, 42.833366],
            [-1.665547, 42.833379],
            [-1.66558, 42.833382],
            [-1.665631, 42.833387],
            [-1.665634, 42.833387],
            [-1.665722, 42.833405],
            [-1.665816, 42.833422],
            [-1.665887, 42.833451],
            [-1.666135, 42.833264],
            [-1.666584, 42.832927],
            [-1.666902, 42.83269],
            [-1.667003, 42.832613],
            [-1.667126, 42.832521],
            [-1.667242, 42.832433],
            [-1.667371, 42.832336],
            [-1.667432, 42.83229],
            [-1.667458, 42.832272],
            [-1.667574, 42.83219],
            [-1.667807, 42.832028],
            [-1.668273, 42.831669],
            [-1.668614, 42.831402],
            [-1.668991, 42.831111],
            [-1.66905, 42.831068],
            [-1.669215, 42.830945],
            [-1.669381, 42.83083],
            [-1.669585, 42.830711],
            [-1.669814, 42.830609],
            [-1.669984, 42.830552],
            [-1.669996, 42.830548],
            [-1.67017, 42.830505],
            [-1.67022, 42.830493],
            [-1.67043, 42.830457],
            [-1.670611, 42.830442],
            [-1.670649, 42.83044],
            [-1.670795, 42.830432],
            [-1.670843, 42.830506],
            [-1.670863, 42.830529],
            [-1.671006, 42.8307],
            [-1.671158, 42.830864],
            [-1.671362, 42.831071],
            [-1.671586, 42.831273],
            [-1.671723, 42.831383],
            [-1.671915, 42.831533],
            [-1.67221, 42.831755],
            [-1.672806, 42.832205],
            [-1.673229, 42.832527],
            [-1.673374, 42.832637],
            [-1.673777, 42.832948],
            [-1.67413, 42.833217],
            [-1.674341, 42.833375],
            [-1.674537, 42.833537],
            [-1.674982, 42.833886],
            [-1.675393, 42.83419]
          ]
        ]
      }
    },
    {
      "type": "Feature",
      "properties": {
        "id": "10",
        "name": "Rochapea/Arrotxapea",
        "cityId": "pamplona"
      },
      "geometry": {
        "type": "Polygon",
        "coordinates": [
          [
            [-1.640775, 42.830831],
            [-1.64109, 42.830721],
            [-1.641127, 42.830826],
            [-1.641255, 42.831184],
            [-1.641507, 42.831903],
            [-1.641531, 42.831969],
            [-1.641672, 42.831932],
            [-1.642883, 42.831614],
            [-1.643973, 42.831327],
            [-1.644484, 42.831192],
            [-1.644658, 42.831147],
            [-1.645843, 42.830799],
            [-1.649121, 42.829835],
            [-1.649206, 42.82981],
            [-1.649516, 42.830214],
            [-1.64984, 42.830543],
            [-1.650456, 42.831021],
            [-1.650847, 42.831325],
            [-1.651018, 42.831437],
            [-1.651046, 42.831458],
            [-1.651144, 42.831541],
            [-1.651154, 42.831534],
            [-1.651165, 42.831543],
            [-1.651268, 42.831636],
            [-1.651546, 42.831894],
            [-1.651926, 42.832264],
            [-1.652291, 42.832618],
            [-1.65245, 42.83277],
            [-1.652636, 42.832951],
            [-1.652644, 42.832959],
            [-1.652881, 42.833183],
            [-1.652952, 42.83313],
            [-1.652959, 42.833125],
            [-1.653101, 42.833019],
            [-1.653495, 42.832727],
            [-1.653552, 42.832685],
            [-1.653772, 42.832662],
            [-1.653923, 42.832571],
            [-1.654091, 42.832469],
            [-1.654217, 42.832397],
            [-1.65454, 42.832212],
            [-1.655024, 42.831936],
            [-1.655095, 42.831896],
            [-1.655384, 42.831735],
            [-1.655679, 42.831569],
            [-1.655736, 42.831537],
            [-1.655806, 42.831497],
            [-1.655837, 42.831479],
            [-1.655891, 42.831448],
            [-1.656044, 42.831361],
            [-1.656055, 42.831355],
            [-1.655795, 42.830631],
            [-1.655638, 42.829825],
            [-1.65566, 42.829231],
            [-1.655779, 42.828766],
            [-1.655951, 42.828387],
            [-1.656219, 42.827928],
            [-1.656696, 42.827297],
            [-1.65704, 42.827],
            [-1.65759, 42.826625],
            [-1.65905, 42.826],
            [-1.65771, 42.824937],
            [-1.657481, 42.824713],
            [-1.657421, 42.824745],
            [-1.657403, 42.824751],
            [-1.657252, 42.824805],
            [-1.657109, 42.824811],
            [-1.656871, 42.824772],
            [-1.65665, 42.824705],
            [-1.656458, 42.824606],
            [-1.656261, 42.824477],
            [-1.656094, 42.82436],
            [-1.655979, 42.824256],
            [-1.655937, 42.824214],
            [-1.655889, 42.824162],
            [-1.65578, 42.824017],
            [-1.655678, 42.82389],
            [-1.655621, 42.823776],
            [-1.655615, 42.823622],
            [-1.6556, 42.8235],
            [-1.655586, 42.823399],
            [-1.655348, 42.823126],
            [-1.655076, 42.822785],
            [-1.654901, 42.822519],
            [-1.654756, 42.822338],
            [-1.654636, 42.822189],
            [-1.654365, 42.821897],
            [-1.654102, 42.821632],
            [-1.653736, 42.821274],
            [-1.653468, 42.82104],
            [-1.653144, 42.820762],
            [-1.652875, 42.820516],
            [-1.652582, 42.820245],
            [-1.65234, 42.820056],
            [-1.652047, 42.819858],
            [-1.651732, 42.819698],
            [-1.651296, 42.819553],
            [-1.650267, 42.81947],
            [-1.648694, 42.819759],
            [-1.648461, 42.819802],
            [-1.647221, 42.820327],
            [-1.64634, 42.820592],
            [-1.646235, 42.820612],
            [-1.64566, 42.820728],
            [-1.644835, 42.820978],
            [-1.64431, 42.821356],
            [-1.644121, 42.8216],
            [-1.643923, 42.821854],
            [-1.643621, 42.822315],
            [-1.64361, 42.822333],
            [-1.643508, 42.822819],
            [-1.643487, 42.822919],
            [-1.643556, 42.823535],
            [-1.643604, 42.823852],
            [-1.643601, 42.823894],
            [-1.643589, 42.824065],
            [-1.643724, 42.824245],
            [-1.644092, 42.825109],
            [-1.644201, 42.826151],
            [-1.644077, 42.826416],
            [-1.643986, 42.826612],
            [-1.643686, 42.827319],
            [-1.643618, 42.827424],
            [-1.643177, 42.828105],
            [-1.642744, 42.828733],
            [-1.642137, 42.829583],
            [-1.642032, 42.829691],
            [-1.641493, 42.830243],
            [-1.64074, 42.830805],
            [-1.640775, 42.830831]
          ]
        ]
      }
    },
    {
      "type": "Feature",
      "properties": {
        "id": "11",
        "name": "San Jorge-Sanduzelai",
        "cityId": "pamplona"
      },
      "geometry": {
        "type": "Polygon",
        "coordinates": [
          [
            [-1.669591, 42.817971],
            [-1.66941, 42.817951],
            [-1.668875, 42.817899],
            [-1.668403, 42.817877],
            [-1.668003, 42.817875],
            [-1.667799, 42.817912],
            [-1.667743, 42.817935],
            [-1.667639, 42.817968],
            [-1.667443, 42.81803],
            [-1.667112, 42.818126],
            [-1.666642, 42.818246],
            [-1.666216, 42.818349],
            [-1.665789, 42.818446],
            [-1.66569, 42.818466],
            [-1.665449, 42.818513],
            [-1.665139, 42.818549],
            [-1.664805, 42.818559],
            [-1.664517, 42.818529],
            [-1.664262, 42.818515],
            [-1.663919, 42.818552],
            [-1.66357, 42.818615],
            [-1.663286, 42.818637],
            [-1.663002, 42.818638],
            [-1.662707, 42.818664],
            [-1.662473, 42.818721],
            [-1.662289, 42.818805],
            [-1.66211, 42.818917],
            [-1.661953, 42.819038],
            [-1.661818, 42.819198],
            [-1.661723, 42.819403],
            [-1.66159, 42.819746],
            [-1.661454, 42.820157],
            [-1.661297, 42.820534],
            [-1.661205, 42.820853],
            [-1.661132, 42.821119],
            [-1.661123, 42.82115],
            [-1.661026, 42.821457],
            [-1.66098, 42.821656],
            [-1.660917, 42.821836],
            [-1.660827, 42.821993],
            [-1.660677, 42.822224],
            [-1.660484, 42.822456],
            [-1.660271, 42.822654],
            [-1.660005, 42.822875],
            [-1.659715, 42.823178],
            [-1.65942, 42.823495],
            [-1.659149, 42.823758],
            [-1.658875, 42.823958],
            [-1.658574, 42.824172],
            [-1.658297, 42.82435],
            [-1.657998, 42.82451],
            [-1.657762, 42.824601],
            [-1.657606, 42.824655],
            [-1.657561, 42.82467],
            [-1.657481, 42.824713],
            [-1.65771, 42.824937],
            [-1.65905, 42.826],
            [-1.659263, 42.825919],
            [-1.660913, 42.825387],
            [-1.661704, 42.82513],
            [-1.663082, 42.824686],
            [-1.664629, 42.824184],
            [-1.665353, 42.823959],
            [-1.666486, 42.823585],
            [-1.667319, 42.823311],
            [-1.668867, 42.822829],
            [-1.670217, 42.82238],
            [-1.671013, 42.822121],
            [-1.671925, 42.821799],
            [-1.673627, 42.821237],
            [-1.674812, 42.820851],
            [-1.67594, 42.820467],
            [-1.677171, 42.820076],
            [-1.678257, 42.81971],
            [-1.679108, 42.819438],
            [-1.680292, 42.819054],
            [-1.680895, 42.818858],
            [-1.68255, 42.818328],
            [-1.684193, 42.817807],
            [-1.684843, 42.817594],
            [-1.685396, 42.817421],
            [-1.686343, 42.817117],
            [-1.68745, 42.816756],
            [-1.687854, 42.816603],
            [-1.688729, 42.816256],
            [-1.689554, 42.815906],
            [-1.690095, 42.81566],
            [-1.690631, 42.815385],
            [-1.691089, 42.815171],
            [-1.691077, 42.815127],
            [-1.691061, 42.815069],
            [-1.691046, 42.815013],
            [-1.69103, 42.814955],
            [-1.69121, 42.814916],
            [-1.691284, 42.8149],
            [-1.691544, 42.814844],
            [-1.691757, 42.814798],
            [-1.691787, 42.814792],
            [-1.692246, 42.814698],
            [-1.69228, 42.814692],
            [-1.692385, 42.81467],
            [-1.692826, 42.814567],
            [-1.692673, 42.814532],
            [-1.692648, 42.814496],
            [-1.692625, 42.814462],
            [-1.692619, 42.814454],
            [-1.692569, 42.814382],
            [-1.69255, 42.814353],
            [-1.692533, 42.814328],
            [-1.692502, 42.814312],
            [-1.692353, 42.814233],
            [-1.692214, 42.814163],
            [-1.692042, 42.814043],
            [-1.691987, 42.814004],
            [-1.69145, 42.813475],
            [-1.691049, 42.813146],
            [-1.690823, 42.812913],
            [-1.690728, 42.812757],
            [-1.690687, 42.812557],
            [-1.689977, 42.810348],
            [-1.689975, 42.810342],
            [-1.689939, 42.810231],
            [-1.689856, 42.809971],
            [-1.689928, 42.809226],
            [-1.689961, 42.808897],
            [-1.68998, 42.808698],
            [-1.689798, 42.808646],
            [-1.689487, 42.808555],
            [-1.689073, 42.808439],
            [-1.688439, 42.808291],
            [-1.688264, 42.808242],
            [-1.688094, 42.80818],
            [-1.687874, 42.808086],
            [-1.687687, 42.807993],
            [-1.687581, 42.807923],
            [-1.68754, 42.807892],
            [-1.687409, 42.807795],
            [-1.687231, 42.807661],
            [-1.687045, 42.80753],
            [-1.686883, 42.807422],
            [-1.686752, 42.807323],
            [-1.686559, 42.807169],
            [-1.686394, 42.80705],
            [-1.686183, 42.806954],
            [-1.685909, 42.80683],
            [-1.685603, 42.806731],
            [-1.685359, 42.806659],
            [-1.685114, 42.806591],
            [-1.684828, 42.806546],
            [-1.684516, 42.806524],
            [-1.684138, 42.80648],
            [-1.683851, 42.806438],
            [-1.683563, 42.806401],
            [-1.683333, 42.806403],
            [-1.683072, 42.806417],
            [-1.682892, 42.806442],
            [-1.682772, 42.806475],
            [-1.682607, 42.806526],
            [-1.68252, 42.806579],
            [-1.682436, 42.806659],
            [-1.68237, 42.806765],
            [-1.682303, 42.806868],
            [-1.682201, 42.807072],
            [-1.681851, 42.807769],
            [-1.681568, 42.808378],
            [-1.681396, 42.80888],
            [-1.681243, 42.809416],
            [-1.681115, 42.810017],
            [-1.681073, 42.810512],
            [-1.681136, 42.810833],
            [-1.681249, 42.811112],
            [-1.681479, 42.811551],
            [-1.681698, 42.812037],
            [-1.681934, 42.812529],
            [-1.682011, 42.81282],
            [-1.682178, 42.813313],
            [-1.682322, 42.813696],
            [-1.68244, 42.814064],
            [-1.682581, 42.814476],
            [-1.682685, 42.814785],
            [-1.682718, 42.814975],
            [-1.68272, 42.815181],
            [-1.682655, 42.815411],
            [-1.682568, 42.815694],
            [-1.682429, 42.816006],
            [-1.682289, 42.816326],
            [-1.682113, 42.816642],
            [-1.681925, 42.816994],
            [-1.681711, 42.817317],
            [-1.681421, 42.817612],
            [-1.681093, 42.817854],
            [-1.680746, 42.818064],
            [-1.680498, 42.818181],
            [-1.680329, 42.818225],
            [-1.68027, 42.818227],
            [-1.679587, 42.818218],
            [-1.678948, 42.818219],
            [-1.678425, 42.818232],
            [-1.678056, 42.818268],
            [-1.677895, 42.818284],
            [-1.677332, 42.818391],
            [-1.676801, 42.818543],
            [-1.676266, 42.818661],
            [-1.675808, 42.818756],
            [-1.675357, 42.818823],
            [-1.674938, 42.818835],
            [-1.674563, 42.818809],
            [-1.674237, 42.818775],
            [-1.673855, 42.818714],
            [-1.673431, 42.818607],
            [-1.673016, 42.818496],
            [-1.672537, 42.818392],
            [-1.672035, 42.818276],
            [-1.67194, 42.818254],
            [-1.671503, 42.818167],
            [-1.671028, 42.818113],
            [-1.670496, 42.818059],
            [-1.669967, 42.818013],
            [-1.669591, 42.817971]
          ]
        ]
      }
    },
    {
      "type": "Feature",
      "properties": {
        "id": "12",
        "name": "San Juan/Donibane",
        "cityId": "pamplona"
      },
      "geometry": {
        "type": "Polygon",
        "coordinates": [
          [
            [-1.648694, 42.819759],
            [-1.650267, 42.81947],
            [-1.651296, 42.819553],
            [-1.651732, 42.819698],
            [-1.652047, 42.819858],
            [-1.65234, 42.820056],
            [-1.652582, 42.820245],
            [-1.652875, 42.820516],
            [-1.653144, 42.820762],
            [-1.653468, 42.82104],
            [-1.653736, 42.821274],
            [-1.654102, 42.821632],
            [-1.654365, 42.821897],
            [-1.654636, 42.822189],
            [-1.654756, 42.822338],
            [-1.654901, 42.822519],
            [-1.655076, 42.822785],
            [-1.655348, 42.823126],
            [-1.655586, 42.823399],
            [-1.6556, 42.8235],
            [-1.655615, 42.823622],
            [-1.655621, 42.823776],
            [-1.655678, 42.82389],
            [-1.65578, 42.824017],
            [-1.655889, 42.824162],
            [-1.655937, 42.824214],
            [-1.655979, 42.824256],
            [-1.656094, 42.82436],
            [-1.656261, 42.824477],
            [-1.656458, 42.824606],
            [-1.65665, 42.824705],
            [-1.656871, 42.824772],
            [-1.657109, 42.824811],
            [-1.657252, 42.824805],
            [-1.657403, 42.824751],
            [-1.657421, 42.824745],
            [-1.657481, 42.824713],
            [-1.657561, 42.82467],
            [-1.657606, 42.824655],
            [-1.657762, 42.824601],
            [-1.657998, 42.82451],
            [-1.658297, 42.82435],
            [-1.658574, 42.824172],
            [-1.658875, 42.823958],
            [-1.659149, 42.823758],
            [-1.65942, 42.823495],
            [-1.659715, 42.823178],
            [-1.660005, 42.822875],
            [-1.660271, 42.822654],
            [-1.660484, 42.822456],
            [-1.660677, 42.822224],
            [-1.660827, 42.821993],
            [-1.660917, 42.821836],
            [-1.66098, 42.821656],
            [-1.661026, 42.821457],
            [-1.661123, 42.82115],
            [-1.661132, 42.821119],
            [-1.661205, 42.820853],
            [-1.661297, 42.820534],
            [-1.661454, 42.820157],
            [-1.66159, 42.819746],
            [-1.661723, 42.819403],
            [-1.661818, 42.819198],
            [-1.661953, 42.819038],
            [-1.66211, 42.818917],
            [-1.662289, 42.818805],
            [-1.662473, 42.818721],
            [-1.662707, 42.818664],
            [-1.663002, 42.818638],
            [-1.663286, 42.818637],
            [-1.66357, 42.818615],
            [-1.663919, 42.818552],
            [-1.664262, 42.818515],
            [-1.664517, 42.818529],
            [-1.664805, 42.818559],
            [-1.665139, 42.818549],
            [-1.665449, 42.818513],
            [-1.66569, 42.818466],
            [-1.665789, 42.818446],
            [-1.666216, 42.818349],
            [-1.666642, 42.818246],
            [-1.667112, 42.818126],
            [-1.667443, 42.81803],
            [-1.667639, 42.817968],
            [-1.667743, 42.817935],
            [-1.667799, 42.817912],
            [-1.668003, 42.817875],
            [-1.668403, 42.817877],
            [-1.668875, 42.817899],
            [-1.66941, 42.817951],
            [-1.669591, 42.817971],
            [-1.669461, 42.817296],
            [-1.669439, 42.817235],
            [-1.669337, 42.817007],
            [-1.669196, 42.816685],
            [-1.668976, 42.816547],
            [-1.668585, 42.816484],
            [-1.668285, 42.81643],
            [-1.667937, 42.816325],
            [-1.666837, 42.815796],
            [-1.66679, 42.81559],
            [-1.666713, 42.815314],
            [-1.666722, 42.815036],
            [-1.666836, 42.81468],
            [-1.667245, 42.814339],
            [-1.667688, 42.814066],
            [-1.668214, 42.813768],
            [-1.668656, 42.813547],
            [-1.669002, 42.813351],
            [-1.669243, 42.813163],
            [-1.669385, 42.812925],
            [-1.668704, 42.812965],
            [-1.668077, 42.812984],
            [-1.667474, 42.813013],
            [-1.667042, 42.812959],
            [-1.66657, 42.812809],
            [-1.664949, 42.812289],
            [-1.664072, 42.812007],
            [-1.663321, 42.811767],
            [-1.662441, 42.811505],
            [-1.662215, 42.811893],
            [-1.660673, 42.81139],
            [-1.65977, 42.811126],
            [-1.659064, 42.810916],
            [-1.657906, 42.810496],
            [-1.657283, 42.810252],
            [-1.656391, 42.811112],
            [-1.655901, 42.811552],
            [-1.654872, 42.812509],
            [-1.653806, 42.813316],
            [-1.653468, 42.813572],
            [-1.653442, 42.813592],
            [-1.652791, 42.81435],
            [-1.652657, 42.814454],
            [-1.651361, 42.815459],
            [-1.651179, 42.815604],
            [-1.649524, 42.816781],
            [-1.650531, 42.817819],
            [-1.650669, 42.818141],
            [-1.650799, 42.818619],
            [-1.650975, 42.818841],
            [-1.650792, 42.81882],
            [-1.650364, 42.818833],
            [-1.64989, 42.819023],
            [-1.648945, 42.819431],
            [-1.648548, 42.819538],
            [-1.648694, 42.819759]
          ]
        ]
      }
    },
    {
      "type": "Feature",
      "properties": {
        "id": "13",
        "name": "Lezkairu",
        "cityId": "pamplona"
      },
      "geometry": {
        "type": "Polygon",
        "coordinates": [
          [
            [-1.62773, 42.797862],
            [-1.627722, 42.797862],
            [-1.627481, 42.797902],
            [-1.627246, 42.797925],
            [-1.626967, 42.797952],
            [-1.626962, 42.797952],
            [-1.626955, 42.797954],
            [-1.626763, 42.797973],
            [-1.626567, 42.797987],
            [-1.62652, 42.797985],
            [-1.626286, 42.797976],
            [-1.62622, 42.797974],
            [-1.626082, 42.79798],
            [-1.626063, 42.797984],
            [-1.625952, 42.798007],
            [-1.62556, 42.798],
            [-1.625274, 42.798],
            [-1.625269, 42.798031],
            [-1.625247, 42.798158],
            [-1.625242, 42.798187],
            [-1.625189, 42.79838],
            [-1.625117, 42.798543],
            [-1.625105, 42.798556],
            [-1.625044, 42.798625],
            [-1.624976, 42.798692],
            [-1.624712, 42.798884],
            [-1.624476, 42.79903],
            [-1.6243, 42.799139],
            [-1.624229, 42.799182],
            [-1.624227, 42.799183],
            [-1.624208, 42.799195],
            [-1.624216, 42.799206],
            [-1.624274, 42.799283],
            [-1.624405, 42.799457],
            [-1.624583, 42.799683],
            [-1.624614, 42.79973],
            [-1.624703, 42.799863],
            [-1.624684, 42.799901],
            [-1.624672, 42.799916],
            [-1.624665, 42.799925],
            [-1.624605, 42.799999],
            [-1.624604, 42.800001],
            [-1.624488, 42.800144],
            [-1.62444, 42.800204],
            [-1.624307, 42.800399],
            [-1.624184, 42.800544],
            [-1.623945, 42.800818],
            [-1.623938, 42.800827],
            [-1.623937, 42.800829],
            [-1.623903, 42.800895],
            [-1.623899, 42.800904],
            [-1.623885, 42.800931],
            [-1.623844, 42.800993],
            [-1.62372, 42.801176],
            [-1.623432, 42.801557],
            [-1.623427, 42.80161],
            [-1.623504, 42.801686],
            [-1.62364, 42.801769],
            [-1.623649, 42.801775],
            [-1.623773, 42.801849],
            [-1.623923, 42.801931],
            [-1.623994, 42.801969],
            [-1.624171, 42.802054],
            [-1.624237, 42.802086],
            [-1.624277, 42.802101],
            [-1.624531, 42.802201],
            [-1.624557, 42.802211],
            [-1.624625, 42.802237],
            [-1.624742, 42.802282],
            [-1.624891, 42.80234],
            [-1.625155, 42.80244],
            [-1.625174, 42.802447],
            [-1.625168, 42.802461],
            [-1.625109, 42.802602],
            [-1.624998, 42.802818],
            [-1.624847, 42.803043],
            [-1.624843, 42.803047],
            [-1.624826, 42.80307],
            [-1.62447, 42.803291],
            [-1.624453, 42.803289],
            [-1.62442, 42.803286],
            [-1.624395, 42.803285],
            [-1.624371, 42.803285],
            [-1.624341, 42.803286],
            [-1.624312, 42.803289],
            [-1.624283, 42.803293],
            [-1.624258, 42.803297],
            [-1.624239, 42.803302],
            [-1.624222, 42.803306],
            [-1.624205, 42.803311],
            [-1.624187, 42.803316],
            [-1.624185, 42.803317],
            [-1.62417, 42.803323],
            [-1.62416, 42.803327],
            [-1.624148, 42.803332],
            [-1.624137, 42.803336],
            [-1.624129, 42.80334],
            [-1.624121, 42.803344],
            [-1.624112, 42.803349],
            [-1.624097, 42.803357],
            [-1.624073, 42.803372],
            [-1.624053, 42.803386],
            [-1.624037, 42.803398],
            [-1.624025, 42.803408],
            [-1.624007, 42.803426],
            [-1.623994, 42.803439],
            [-1.623978, 42.803458],
            [-1.62397, 42.80347],
            [-1.623969, 42.803472],
            [-1.623957, 42.803489],
            [-1.623948, 42.803506],
            [-1.623939, 42.803526],
            [-1.623934, 42.803538],
            [-1.623927, 42.803558],
            [-1.623925, 42.803571],
            [-1.623923, 42.803577],
            [-1.62392, 42.803595],
            [-1.623918, 42.803619],
            [-1.623888, 42.803637],
            [-1.623873, 42.803646],
            [-1.623699, 42.803751],
            [-1.623414, 42.803922],
            [-1.623335, 42.803969],
            [-1.623304, 42.803988],
            [-1.62313, 42.804092],
            [-1.622941, 42.804206],
            [-1.62282, 42.804279],
            [-1.622752, 42.80432],
            [-1.622729, 42.804334],
            [-1.622689, 42.804358],
            [-1.62262, 42.804399],
            [-1.622515, 42.804463],
            [-1.622326, 42.804577],
            [-1.622138, 42.80469],
            [-1.622137, 42.804691],
            [-1.622106, 42.804709],
            [-1.62209, 42.804718],
            [-1.622079, 42.804723],
            [-1.622062, 42.80473],
            [-1.622045, 42.804735],
            [-1.622027, 42.804739],
            [-1.622006, 42.804742],
            [-1.621985, 42.804744],
            [-1.621964, 42.804744],
            [-1.621948, 42.804743],
            [-1.621933, 42.804741],
            [-1.621918, 42.804739],
            [-1.621898, 42.804735],
            [-1.621882, 42.804733],
            [-1.621856, 42.80473],
            [-1.621833, 42.804728],
            [-1.621798, 42.804726],
            [-1.621766, 42.804726],
            [-1.621736, 42.804727],
            [-1.621703, 42.804729],
            [-1.621671, 42.804732],
            [-1.621626, 42.804739],
            [-1.621595, 42.804744],
            [-1.621552, 42.804755],
            [-1.621511, 42.804767],
            [-1.621473, 42.80478],
            [-1.621444, 42.804792],
            [-1.621411, 42.804808],
            [-1.621406, 42.80481],
            [-1.621361, 42.804836],
            [-1.621322, 42.804862],
            [-1.621295, 42.804883],
            [-1.621281, 42.804895],
            [-1.621261, 42.804913],
            [-1.621227, 42.804949],
            [-1.621204, 42.80498],
            [-1.621181, 42.805016],
            [-1.621165, 42.805047],
            [-1.62115, 42.805086],
            [-1.621141, 42.805117],
            [-1.621134, 42.805154],
            [-1.621133, 42.805168],
            [-1.621132, 42.805188],
            [-1.621133, 42.805202],
            [-1.62114, 42.805274],
            [-1.621168, 42.80535],
            [-1.621173, 42.805363],
            [-1.621197, 42.805403],
            [-1.621228, 42.805445],
            [-1.62127, 42.805489],
            [-1.621314, 42.805526],
            [-1.621336, 42.805542],
            [-1.621339, 42.805544],
            [-1.621354, 42.805552],
            [-1.621353, 42.805553],
            [-1.621298, 42.805587],
            [-1.621266, 42.805606],
            [-1.62121, 42.805638],
            [-1.621094, 42.805697],
            [-1.620981, 42.805748],
            [-1.62092, 42.805772],
            [-1.62088, 42.805788],
            [-1.620795, 42.805818],
            [-1.620678, 42.805855],
            [-1.620542, 42.805891],
            [-1.620307, 42.805937],
            [-1.620172, 42.805956],
            [-1.619984, 42.805971],
            [-1.61987, 42.805977],
            [-1.619782, 42.805976],
            [-1.619646, 42.805971],
            [-1.619555, 42.805965],
            [-1.619197, 42.805944],
            [-1.61914, 42.805937],
            [-1.619079, 42.80593],
            [-1.619037, 42.805925],
            [-1.618959, 42.805915],
            [-1.618897, 42.805907],
            [-1.618818, 42.805895],
            [-1.618778, 42.805889],
            [-1.618718, 42.80588],
            [-1.618598, 42.805861],
            [-1.618538, 42.805852],
            [-1.618422, 42.805834],
            [-1.618359, 42.805824],
            [-1.618239, 42.805805],
            [-1.618178, 42.805796],
            [-1.618058, 42.805777],
            [-1.618013, 42.80577],
            [-1.617999, 42.805768],
            [-1.617881, 42.805744],
            [-1.617822, 42.805732],
            [-1.617704, 42.805708],
            [-1.617645, 42.805696],
            [-1.617527, 42.805673],
            [-1.617467, 42.80566],
            [-1.617349, 42.805637],
            [-1.61729, 42.805625],
            [-1.617262, 42.805619],
            [-1.617222, 42.805611],
            [-1.617173, 42.805599],
            [-1.617115, 42.805584],
            [-1.617054, 42.805569],
            [-1.616999, 42.805555],
            [-1.616941, 42.805541],
            [-1.616893, 42.805529],
            [-1.616825, 42.805512],
            [-1.616766, 42.805497],
            [-1.61665, 42.805468],
            [-1.616593, 42.805453],
            [-1.616477, 42.805424],
            [-1.616419, 42.80541],
            [-1.616406, 42.805406],
            [-1.616303, 42.80538],
            [-1.616246, 42.805365],
            [-1.616131, 42.805334],
            [-1.616072, 42.805319],
            [-1.616017, 42.805306],
            [-1.615956, 42.805291],
            [-1.615898, 42.805276],
            [-1.615776, 42.805246],
            [-1.61576, 42.805265],
            [-1.615757, 42.805268],
            [-1.615747, 42.805279],
            [-1.615719, 42.805314],
            [-1.615666, 42.805345],
            [-1.615615, 42.805374],
            [-1.615604, 42.805382],
            [-1.615526, 42.805404],
            [-1.615507, 42.805405],
            [-1.615444, 42.805407],
            [-1.61538, 42.80541],
            [-1.615339, 42.805399],
            [-1.615325, 42.805395],
            [-1.615268, 42.80538],
            [-1.615243, 42.805373],
            [-1.615173, 42.805325],
            [-1.615132, 42.805293],
            [-1.615082, 42.80521],
            [-1.615072, 42.805166],
            [-1.615068, 42.805138],
            [-1.615076, 42.805084],
            [-1.615085, 42.805068],
            [-1.615087, 42.805063],
            [-1.615103, 42.805034],
            [-1.615117, 42.805007],
            [-1.614872, 42.804897],
            [-1.61483, 42.804878],
            [-1.614735, 42.804835],
            [-1.614682, 42.804811],
            [-1.614524, 42.80474],
            [-1.614292, 42.804649],
            [-1.614039, 42.804549],
            [-1.613794, 42.804459],
            [-1.613701, 42.804424],
            [-1.613546, 42.804367],
            [-1.613299, 42.804284],
            [-1.613205, 42.804252],
            [-1.613152, 42.804234],
            [-1.612914, 42.804154],
            [-1.612899, 42.804231],
            [-1.612863, 42.804416],
            [-1.612854, 42.80446],
            [-1.612871, 42.804466],
            [-1.61285, 42.804479],
            [-1.612816, 42.804658],
            [-1.612798, 42.804747],
            [-1.612787, 42.804805],
            [-1.612801, 42.804813],
            [-1.613081, 42.804954],
            [-1.613357, 42.805095],
            [-1.613622, 42.805236],
            [-1.613882, 42.805398],
            [-1.614059, 42.805521],
            [-1.614242, 42.805634],
            [-1.614539, 42.805825],
            [-1.614745, 42.805943],
            [-1.614943, 42.80601],
            [-1.615146, 42.806069],
            [-1.615208, 42.806088],
            [-1.615517, 42.806187],
            [-1.615736, 42.806238],
            [-1.616018, 42.806277],
            [-1.616287, 42.806339],
            [-1.616522, 42.80638],
            [-1.616956, 42.806538],
            [-1.61745, 42.806739],
            [-1.617484, 42.806703],
            [-1.617484, 42.806712],
            [-1.6176, 42.806812],
            [-1.617923, 42.807093],
            [-1.618478, 42.80759],
            [-1.618885, 42.807944],
            [-1.61889, 42.807949],
            [-1.619158, 42.808195],
            [-1.619318, 42.808296],
            [-1.619726, 42.808555],
            [-1.620283, 42.8089],
            [-1.620719, 42.808931],
            [-1.621051, 42.809114],
            [-1.621316, 42.809258],
            [-1.621429, 42.809286],
            [-1.622171, 42.809474],
            [-1.622373, 42.80956],
            [-1.622515, 42.809621],
            [-1.622812, 42.809747],
            [-1.622871, 42.80978],
            [-1.62316, 42.80994],
            [-1.623164, 42.809942],
            [-1.62322, 42.80997],
            [-1.623281, 42.810005],
            [-1.623349, 42.810044],
            [-1.623402, 42.810074],
            [-1.623462, 42.810108],
            [-1.623542, 42.810153],
            [-1.623596, 42.810185],
            [-1.623653, 42.810223],
            [-1.623696, 42.810257],
            [-1.623733, 42.810291],
            [-1.623777, 42.810343],
            [-1.623795, 42.810372],
            [-1.623819, 42.810428],
            [-1.623829, 42.810467],
            [-1.623835, 42.810508],
            [-1.623839, 42.810559],
            [-1.623838, 42.810601],
            [-1.623836, 42.810648],
            [-1.623827, 42.810689],
            [-1.623809, 42.810748],
            [-1.623807, 42.810751],
            [-1.623805, 42.810768],
            [-1.623786, 42.810871],
            [-1.623761, 42.81094],
            [-1.623733, 42.810987],
            [-1.623688, 42.81104],
            [-1.623656, 42.811072],
            [-1.623629, 42.811094],
            [-1.623599, 42.811118],
            [-1.623547, 42.811145],
            [-1.62413, 42.811549],
            [-1.625621, 42.812972],
            [-1.626046, 42.812835],
            [-1.626465, 42.81274],
            [-1.626841, 42.812655],
            [-1.627163, 42.81257],
            [-1.627476, 42.812459],
            [-1.627746, 42.812334],
            [-1.628012, 42.812187],
            [-1.628223, 42.812043],
            [-1.62849, 42.811828],
            [-1.628845, 42.811589],
            [-1.629125, 42.811224],
            [-1.629262, 42.811081],
            [-1.629356, 42.81099],
            [-1.629638, 42.810764],
            [-1.630028, 42.810435],
            [-1.630246, 42.810266],
            [-1.63032, 42.810217],
            [-1.630609, 42.810084],
            [-1.63069, 42.809924],
            [-1.630745, 42.809857],
            [-1.630854, 42.809755],
            [-1.631017, 42.809607],
            [-1.63121, 42.809455],
            [-1.631428, 42.809274],
            [-1.631669, 42.809105],
            [-1.631935, 42.808923],
            [-1.632147, 42.808793],
            [-1.632494, 42.808579],
            [-1.632833, 42.808369],
            [-1.632525, 42.808254],
            [-1.632371, 42.808204],
            [-1.632164, 42.808109],
            [-1.631953, 42.808002],
            [-1.631786, 42.807904],
            [-1.631623, 42.807798],
            [-1.631433, 42.807644],
            [-1.63103, 42.80728],
            [-1.630976, 42.807231],
            [-1.63085, 42.807118],
            [-1.630769, 42.807044],
            [-1.630702, 42.806991],
            [-1.629596, 42.805983],
            [-1.629464, 42.805864],
            [-1.629436, 42.805838],
            [-1.630481, 42.805248],
            [-1.630744, 42.805099],
            [-1.63155, 42.804645],
            [-1.631563, 42.804637],
            [-1.632084, 42.804387],
            [-1.632391, 42.80424],
            [-1.633427, 42.803743],
            [-1.633557, 42.80368],
            [-1.633795, 42.803566],
            [-1.633639, 42.803438],
            [-1.633354, 42.803204],
            [-1.633274, 42.802727],
            [-1.62773, 42.797862]
          ]
        ]
      }
    },
    {
      "type": "Feature",
      "properties": {
        "id": "2",
        "name": "Casco Viejo/Alde Zaharra",
        "cityId": "pamplona"
      },
      "geometry": {
        "type": "Polygon",
        "coordinates": [
          [
            [-1.638604, 42.817012],
            [-1.638453, 42.81713],
            [-1.637967, 42.817388],
            [-1.637784, 42.817652],
            [-1.63776, 42.817805],
            [-1.637784, 42.817954],
            [-1.637849, 42.818087],
            [-1.638053, 42.818248],
            [-1.638406, 42.818485],
            [-1.638499, 42.818553],
            [-1.638851, 42.818809],
            [-1.639124, 42.819107],
            [-1.639294, 42.819427],
            [-1.639374, 42.819795],
            [-1.639369, 42.82017],
            [-1.639324, 42.820494],
            [-1.639313, 42.820571],
            [-1.639663, 42.821519],
            [-1.639805, 42.821903],
            [-1.639918, 42.822152],
            [-1.640005, 42.822291],
            [-1.640126, 42.822397],
            [-1.640297, 42.822491],
            [-1.64051, 42.82255],
            [-1.640787, 42.822645],
            [-1.640958, 42.822454],
            [-1.643621, 42.822315],
            [-1.643923, 42.821854],
            [-1.644121, 42.8216],
            [-1.64431, 42.821356],
            [-1.644835, 42.820978],
            [-1.64566, 42.820728],
            [-1.646235, 42.820612],
            [-1.64634, 42.820592],
            [-1.647221, 42.820327],
            [-1.648461, 42.819802],
            [-1.648694, 42.819759],
            [-1.648548, 42.819538],
            [-1.648945, 42.819431],
            [-1.64989, 42.819023],
            [-1.650364, 42.818833],
            [-1.650792, 42.81882],
            [-1.650975, 42.818841],
            [-1.650799, 42.818619],
            [-1.650669, 42.818141],
            [-1.650531, 42.817819],
            [-1.649524, 42.816781],
            [-1.651179, 42.815604],
            [-1.648226, 42.815463],
            [-1.648138, 42.815432],
            [-1.647315, 42.815135],
            [-1.64661, 42.814796],
            [-1.646248, 42.81462],
            [-1.644916, 42.815107],
            [-1.644373, 42.815306],
            [-1.6434, 42.815662],
            [-1.643318, 42.815842],
            [-1.643212, 42.815975],
            [-1.64313, 42.816114],
            [-1.642114, 42.816511],
            [-1.642036, 42.816422],
            [-1.641866, 42.816216],
            [-1.641759, 42.816039],
            [-1.641117, 42.815978],
            [-1.641062, 42.815972],
            [-1.64099, 42.816003],
            [-1.640806, 42.81608],
            [-1.640219, 42.816447],
            [-1.639459, 42.816748],
            [-1.63902, 42.816871],
            [-1.638604, 42.817012]
          ]
        ]
      }
    },
    {
      "type": "Feature",
      "properties": {
        "id": "3",
        "name": "Txantrea",
        "cityId": "pamplona"
      },
      "geometry": {
        "type": "Polygon",
        "coordinates": [
          [
            [-1.638604, 42.817012],
            [-1.638577, 42.817005],
            [-1.638312, 42.817077],
            [-1.638122, 42.817043],
            [-1.638076, 42.816985],
            [-1.637329, 42.816996],
            [-1.637309, 42.816989],
            [-1.637125, 42.817014],
            [-1.637095, 42.817016],
            [-1.637082, 42.817017],
            [-1.637066, 42.817017],
            [-1.637053, 42.817016],
            [-1.637039, 42.817014],
            [-1.637023, 42.81701],
            [-1.63701, 42.817007],
            [-1.636997, 42.817002],
            [-1.636983, 42.816996],
            [-1.636972, 42.81699],
            [-1.636961, 42.816982],
            [-1.63695, 42.816973],
            [-1.63694, 42.816961],
            [-1.636935, 42.816954],
            [-1.636902, 42.816893],
            [-1.63678, 42.816972],
            [-1.636744, 42.816942],
            [-1.636586, 42.816694],
            [-1.636126, 42.816336],
            [-1.635576, 42.815974],
            [-1.635023, 42.81569],
            [-1.634631, 42.815529],
            [-1.634431, 42.815411],
            [-1.634124, 42.815321],
            [-1.633984, 42.815282],
            [-1.633617, 42.815117],
            [-1.633337, 42.814991],
            [-1.633135, 42.81488],
            [-1.633013, 42.814764],
            [-1.632629, 42.814594],
            [-1.632236, 42.814436],
            [-1.631946, 42.814371],
            [-1.63135, 42.814322],
            [-1.630813, 42.814348],
            [-1.629125, 42.814437],
            [-1.627442, 42.815125],
            [-1.62702, 42.815325],
            [-1.626537, 42.815561],
            [-1.626081, 42.815794],
            [-1.62572, 42.815984],
            [-1.625406, 42.816175],
            [-1.625145, 42.816377],
            [-1.624921, 42.816557],
            [-1.624722, 42.816736],
            [-1.624518, 42.816948],
            [-1.624347, 42.81716],
            [-1.624147, 42.817416],
            [-1.623988, 42.817667],
            [-1.623806, 42.817956],
            [-1.623603, 42.818287],
            [-1.623448, 42.818587],
            [-1.623341, 42.818841],
            [-1.62325, 42.819115],
            [-1.623163, 42.819399],
            [-1.62309, 42.819634],
            [-1.623033, 42.819789],
            [-1.622969, 42.819894],
            [-1.622892, 42.820021],
            [-1.622808, 42.820145],
            [-1.622691, 42.820291],
            [-1.622581, 42.820414],
            [-1.622418, 42.820571],
            [-1.622155, 42.820789],
            [-1.621914, 42.821006],
            [-1.62163, 42.821264],
            [-1.621338, 42.821535],
            [-1.621449, 42.821609],
            [-1.621721, 42.821767],
            [-1.621993, 42.821943],
            [-1.622125, 42.821962],
            [-1.622505, 42.822016],
            [-1.622751, 42.822056],
            [-1.623416, 42.822008],
            [-1.624011, 42.821965],
            [-1.624616, 42.821918],
            [-1.625193, 42.82188],
            [-1.625906, 42.821836],
            [-1.626596, 42.821538],
            [-1.626626, 42.82164],
            [-1.626657, 42.821765],
            [-1.626719, 42.822011],
            [-1.626732, 42.822096],
            [-1.626777, 42.82233],
            [-1.62681, 42.822499],
            [-1.626892, 42.822892],
            [-1.626911, 42.822996],
            [-1.62697, 42.823312],
            [-1.626997, 42.823451],
            [-1.627064, 42.823799],
            [-1.627085, 42.823907],
            [-1.627155, 42.824274],
            [-1.627162, 42.824375],
            [-1.627238, 42.825465],
            [-1.627249, 42.825627],
            [-1.627261, 42.825786],
            [-1.627263, 42.825815],
            [-1.627303, 42.826388],
            [-1.627305, 42.826421],
            [-1.627339, 42.826903],
            [-1.627334, 42.826911],
            [-1.627307, 42.826952],
            [-1.62728, 42.826994],
            [-1.627161, 42.82711],
            [-1.627136, 42.827133],
            [-1.627135, 42.827206],
            [-1.627099, 42.827263],
            [-1.627087, 42.82728],
            [-1.627073, 42.827295],
            [-1.627041, 42.827322],
            [-1.626957, 42.82738],
            [-1.626867, 42.827431],
            [-1.626781, 42.827472],
            [-1.626696, 42.827514],
            [-1.62666, 42.827534],
            [-1.626597, 42.82757],
            [-1.626496, 42.827627],
            [-1.626471, 42.827655],
            [-1.626434, 42.827697],
            [-1.626386, 42.827752],
            [-1.626383, 42.827755],
            [-1.62638, 42.827759],
            [-1.626375, 42.827764],
            [-1.626374, 42.827764],
            [-1.626311, 42.827836],
            [-1.626277, 42.827875],
            [-1.626269, 42.827892],
            [-1.626237, 42.827922],
            [-1.626206, 42.827939],
            [-1.626179, 42.827954],
            [-1.626159, 42.827966],
            [-1.626124, 42.827991],
            [-1.626111, 42.828001],
            [-1.626085, 42.828021],
            [-1.626058, 42.828044],
            [-1.626035, 42.828065],
            [-1.626017, 42.82808],
            [-1.626001, 42.828097],
            [-1.625978, 42.828122],
            [-1.625957, 42.828144],
            [-1.625929, 42.828171],
            [-1.625875, 42.828219],
            [-1.625855, 42.828235],
            [-1.625841, 42.828245],
            [-1.625831, 42.828252],
            [-1.625799, 42.828271],
            [-1.625777, 42.828284],
            [-1.625741, 42.828303],
            [-1.625703, 42.828322],
            [-1.625664, 42.828341],
            [-1.62563, 42.828357],
            [-1.625598, 42.828368],
            [-1.625568, 42.82838],
            [-1.62553, 42.828391],
            [-1.625516, 42.828395],
            [-1.625495, 42.828399],
            [-1.625471, 42.828405],
            [-1.625442, 42.828412],
            [-1.625415, 42.82842],
            [-1.625386, 42.82843],
            [-1.625357, 42.828438],
            [-1.625295, 42.828458],
            [-1.625267, 42.828467],
            [-1.625236, 42.828476],
            [-1.625206, 42.828484],
            [-1.62515, 42.828497],
            [-1.6251, 42.828509],
            [-1.625091, 42.828511],
            [-1.62505, 42.828521],
            [-1.625009, 42.82853],
            [-1.624983, 42.828535],
            [-1.624977, 42.828535],
            [-1.624906, 42.828538],
            [-1.624874, 42.82854],
            [-1.624838, 42.828541],
            [-1.624764, 42.828547],
            [-1.624713, 42.82855],
            [-1.624685, 42.828552],
            [-1.624657, 42.828555],
            [-1.624624, 42.828556],
            [-1.624602, 42.828557],
            [-1.624582, 42.828556],
            [-1.62456, 42.828555],
            [-1.624476, 42.82855],
            [-1.624456, 42.828548],
            [-1.624402, 42.828545],
            [-1.624371, 42.828544],
            [-1.624312, 42.828542],
            [-1.624299, 42.828541],
            [-1.624236, 42.828539],
            [-1.624185, 42.828539],
            [-1.624164, 42.828539],
            [-1.624145, 42.82854],
            [-1.624123, 42.828542],
            [-1.624101, 42.828546],
            [-1.624081, 42.828549],
            [-1.624055, 42.828555],
            [-1.624032, 42.828561],
            [-1.624005, 42.828569],
            [-1.623984, 42.828576],
            [-1.62396, 42.828583],
            [-1.623911, 42.828601],
            [-1.623886, 42.828611],
            [-1.623856, 42.828623],
            [-1.623826, 42.828635],
            [-1.623784, 42.828651],
            [-1.623742, 42.828667],
            [-1.623694, 42.828685],
            [-1.623605, 42.828717],
            [-1.623571, 42.828729],
            [-1.623504, 42.82875],
            [-1.623473, 42.828759],
            [-1.623456, 42.828764],
            [-1.623426, 42.828773],
            [-1.623408, 42.82878],
            [-1.623399, 42.828784],
            [-1.62337, 42.828795],
            [-1.623329, 42.82881],
            [-1.623319, 42.828813],
            [-1.623297, 42.828821],
            [-1.623263, 42.828832],
            [-1.62324, 42.828839],
            [-1.623209, 42.828847],
            [-1.623189, 42.828852],
            [-1.623169, 42.828857],
            [-1.623132, 42.828865],
            [-1.623117, 42.828869],
            [-1.623104, 42.828872],
            [-1.623089, 42.828876],
            [-1.623072, 42.828881],
            [-1.623068, 42.828883],
            [-1.623014, 42.828905],
            [-1.622968, 42.828924],
            [-1.622946, 42.828933],
            [-1.6229, 42.828951],
            [-1.622769, 42.829004],
            [-1.622561, 42.829073],
            [-1.622418, 42.829179],
            [-1.622148, 42.829376],
            [-1.621887, 42.829566],
            [-1.621778, 42.829645],
            [-1.621715, 42.829691],
            [-1.623188, 42.831353],
            [-1.623227, 42.831397],
            [-1.623104, 42.831463],
            [-1.622975, 42.831532],
            [-1.622952, 42.831572],
            [-1.622799, 42.831836],
            [-1.622749, 42.831923],
            [-1.622691, 42.832024],
            [-1.622639, 42.832113],
            [-1.622457, 42.832428],
            [-1.621232, 42.834047],
            [-1.621207, 42.834081],
            [-1.621201, 42.834088],
            [-1.621177, 42.83412],
            [-1.621646, 42.834921],
            [-1.621879, 42.835444],
            [-1.622032, 42.835674],
            [-1.622244, 42.835877],
            [-1.622282, 42.835913],
            [-1.621993, 42.835928],
            [-1.621595, 42.835808],
            [-1.621131, 42.835587],
            [-1.621077, 42.83556],
            [-1.620959, 42.835488],
            [-1.620882, 42.835438],
            [-1.620695, 42.835314],
            [-1.620672, 42.835299],
            [-1.620658, 42.835311],
            [-1.620473, 42.83547],
            [-1.620358, 42.835579],
            [-1.620226, 42.835463],
            [-1.620186, 42.835444],
            [-1.619979, 42.835346],
            [-1.619873, 42.835296],
            [-1.619789, 42.835249],
            [-1.619765, 42.835236],
            [-1.619639, 42.835167],
            [-1.619548, 42.835128],
            [-1.61923, 42.834993],
            [-1.619125, 42.834947],
            [-1.618948, 42.834872],
            [-1.618867, 42.834837],
            [-1.618849, 42.834829],
            [-1.618805, 42.834815],
            [-1.618791, 42.834807],
            [-1.618717, 42.83476],
            [-1.618631, 42.834705],
            [-1.618461, 42.83467],
            [-1.618289, 42.834659],
            [-1.618173, 42.834667],
            [-1.618053, 42.834676],
            [-1.618049, 42.834676],
            [-1.618034, 42.834676],
            [-1.617972, 42.834674],
            [-1.61792, 42.834668],
            [-1.617865, 42.834657],
            [-1.617836, 42.834648],
            [-1.617782, 42.83463],
            [-1.617766, 42.834625],
            [-1.617625, 42.834572],
            [-1.6175, 42.834618],
            [-1.617342, 42.834676],
            [-1.617433, 42.834884],
            [-1.617534, 42.835144],
            [-1.61754, 42.83516],
            [-1.617558, 42.83532],
            [-1.617526, 42.83576],
            [-1.617353, 42.835742],
            [-1.616506, 42.835651],
            [-1.616542, 42.835944],
            [-1.61656, 42.836086],
            [-1.616572, 42.836183],
            [-1.616594, 42.836362],
            [-1.616537, 42.836743],
            [-1.616476, 42.837098],
            [-1.616418, 42.837457],
            [-1.616412, 42.837499],
            [-1.616411, 42.837504],
            [-1.616346, 42.837904],
            [-1.616333, 42.83799],
            [-1.616331, 42.837997],
            [-1.616312, 42.838099],
            [-1.616243, 42.838513],
            [-1.61619, 42.838831],
            [-1.616511, 42.838916],
            [-1.616649, 42.838953],
            [-1.617273, 42.839119],
            [-1.617962, 42.839295],
            [-1.618417, 42.839416],
            [-1.618876, 42.839539],
            [-1.619225, 42.839629],
            [-1.619292, 42.839643],
            [-1.619658, 42.839716],
            [-1.620345, 42.839842],
            [-1.621141, 42.839985],
            [-1.621974, 42.84013],
            [-1.622573, 42.840241],
            [-1.622966, 42.8403],
            [-1.623363, 42.840365],
            [-1.623554, 42.840396],
            [-1.623771, 42.840429],
            [-1.624177, 42.840491],
            [-1.624571, 42.840551],
            [-1.624973, 42.840612],
            [-1.625316, 42.840663],
            [-1.625599, 42.840706],
            [-1.625764, 42.840732],
            [-1.626651, 42.840871],
            [-1.626912, 42.840912],
            [-1.627105, 42.840951],
            [-1.628202, 42.84117],
            [-1.629179, 42.841378],
            [-1.629183, 42.841379],
            [-1.629625, 42.841448],
            [-1.630013, 42.841509],
            [-1.631963, 42.841834],
            [-1.63198, 42.841837],
            [-1.632222, 42.841876],
            [-1.634036, 42.842174],
            [-1.634083, 42.842161],
            [-1.634145, 42.842142],
            [-1.634209, 42.842124],
            [-1.634268, 42.842106],
            [-1.635628, 42.841709],
            [-1.635884, 42.84177],
            [-1.636716, 42.842027],
            [-1.637033, 42.842121],
            [-1.637479, 42.842254],
            [-1.638131, 42.842442],
            [-1.638166, 42.842403],
            [-1.638378, 42.842174],
            [-1.638861, 42.84167],
            [-1.638902, 42.841628],
            [-1.638946, 42.841582],
            [-1.639021, 42.841504],
            [-1.639058, 42.841465],
            [-1.639073, 42.841451],
            [-1.639179, 42.841345],
            [-1.639207, 42.841318],
            [-1.639367, 42.841159],
            [-1.63932, 42.841129],
            [-1.639231, 42.841098],
            [-1.639087, 42.841063],
            [-1.638962, 42.841019],
            [-1.638807, 42.84096],
            [-1.638612, 42.840908],
            [-1.638414, 42.840849],
            [-1.638176, 42.840768],
            [-1.637953, 42.840697],
            [-1.637687, 42.840627],
            [-1.637479, 42.84054],
            [-1.637231, 42.840466],
            [-1.636992, 42.840397],
            [-1.636705, 42.840317],
            [-1.636463, 42.840251],
            [-1.636269, 42.84018],
            [-1.635995, 42.840096],
            [-1.635764, 42.84003],
            [-1.635572, 42.839981],
            [-1.635246, 42.839898],
            [-1.634838, 42.839782],
            [-1.634565, 42.839707],
            [-1.634238, 42.839605],
            [-1.63409, 42.839559],
            [-1.633904, 42.8395],
            [-1.633607, 42.839406],
            [-1.633246, 42.839301],
            [-1.63297, 42.839225],
            [-1.632664, 42.839153],
            [-1.632456, 42.839081],
            [-1.632208, 42.839017],
            [-1.632226, 42.838965],
            [-1.632283, 42.838789],
            [-1.632325, 42.838671],
            [-1.632337, 42.838638],
            [-1.632355, 42.838587],
            [-1.632407, 42.838455],
            [-1.632436, 42.838356],
            [-1.632467, 42.838253],
            [-1.63247, 42.838241],
            [-1.632558, 42.837969],
            [-1.632658, 42.837684],
            [-1.632679, 42.837622],
            [-1.632827, 42.83717],
            [-1.632967, 42.836779],
            [-1.632968, 42.836777],
            [-1.632971, 42.836766],
            [-1.63299, 42.836666],
            [-1.632996, 42.836647],
            [-1.633014, 42.836564],
            [-1.633027, 42.836518],
            [-1.633049, 42.836399],
            [-1.633093, 42.836172],
            [-1.635336, 42.836055],
            [-1.635322, 42.835621],
            [-1.635318, 42.835488],
            [-1.635214, 42.832246],
            [-1.635323, 42.832204],
            [-1.635786, 42.832025],
            [-1.635947, 42.831962],
            [-1.636167, 42.831878],
            [-1.636543, 42.831732],
            [-1.637091, 42.831509],
            [-1.637224, 42.831456],
            [-1.6372, 42.831385],
            [-1.637174, 42.831306],
            [-1.639532, 42.831016],
            [-1.640633, 42.83088],
            [-1.640775, 42.830831],
            [-1.64074, 42.830805],
            [-1.641493, 42.830243],
            [-1.642032, 42.829691],
            [-1.642137, 42.829583],
            [-1.642744, 42.828733],
            [-1.643177, 42.828105],
            [-1.643618, 42.827424],
            [-1.643686, 42.827319],
            [-1.643986, 42.826612],
            [-1.644077, 42.826416],
            [-1.644201, 42.826151],
            [-1.644092, 42.825109],
            [-1.643724, 42.824245],
            [-1.643589, 42.824065],
            [-1.643601, 42.823894],
            [-1.643604, 42.823852],
            [-1.643556, 42.823535],
            [-1.643487, 42.822919],
            [-1.643508, 42.822819],
            [-1.64361, 42.822333],
            [-1.643621, 42.822315],
            [-1.640958, 42.822454],
            [-1.640787, 42.822645],
            [-1.64051, 42.82255],
            [-1.640297, 42.822491],
            [-1.640126, 42.822397],
            [-1.640005, 42.822291],
            [-1.639918, 42.822152],
            [-1.639805, 42.821903],
            [-1.639663, 42.821519],
            [-1.639313, 42.820571],
            [-1.639324, 42.820494],
            [-1.639369, 42.82017],
            [-1.639374, 42.819795],
            [-1.639294, 42.819427],
            [-1.639124, 42.819107],
            [-1.638851, 42.818809],
            [-1.638499, 42.818553],
            [-1.638406, 42.818485],
            [-1.638053, 42.818248],
            [-1.637849, 42.818087],
            [-1.637784, 42.817954],
            [-1.63776, 42.817805],
            [-1.637784, 42.817652],
            [-1.637967, 42.817388],
            [-1.638453, 42.81713],
            [-1.638604, 42.817012]
          ]
        ]
      }
    },
    {
      "type": "Feature",
      "properties": {
        "id": "4",
        "name": "Ensanche/Zabalgunea",
        "cityId": "pamplona"
      },
      "geometry": {
        "type": "Polygon",
        "coordinates": [
          [
            [-1.617006, 42.817481],
            [-1.617005, 42.817481],
            [-1.616997, 42.817491],
            [-1.616996, 42.817493],
            [-1.616981, 42.817512],
            [-1.616978, 42.817515],
            [-1.616964, 42.817533],
            [-1.616946, 42.817553],
            [-1.616895, 42.81775],
            [-1.616669, 42.818627],
            [-1.616555, 42.81865],
            [-1.616392, 42.818706],
            [-1.616352, 42.81872],
            [-1.616347, 42.818722],
            [-1.616341, 42.818742],
            [-1.616334, 42.818768],
            [-1.61637, 42.818891],
            [-1.616639, 42.819072],
            [-1.616689, 42.819105],
            [-1.616874, 42.819224],
            [-1.617259, 42.819174],
            [-1.617562, 42.819155],
            [-1.617848, 42.819246],
            [-1.618271, 42.819479],
            [-1.618621, 42.819669],
            [-1.619036, 42.819932],
            [-1.619307, 42.82015],
            [-1.619551, 42.820344],
            [-1.619787, 42.82052],
            [-1.620058, 42.820781],
            [-1.620273, 42.820973],
            [-1.620379, 42.821071],
            [-1.620477, 42.821135],
            [-1.620567, 42.821199],
            [-1.620725, 42.821267],
            [-1.620899, 42.821346],
            [-1.621151, 42.82145],
            [-1.621234, 42.821489],
            [-1.621338, 42.821535],
            [-1.62163, 42.821264],
            [-1.621914, 42.821006],
            [-1.622155, 42.820789],
            [-1.622418, 42.820571],
            [-1.622581, 42.820414],
            [-1.622691, 42.820291],
            [-1.622808, 42.820145],
            [-1.622892, 42.820021],
            [-1.622969, 42.819894],
            [-1.623033, 42.819789],
            [-1.62309, 42.819634],
            [-1.623163, 42.819399],
            [-1.62325, 42.819115],
            [-1.623341, 42.818841],
            [-1.623448, 42.818587],
            [-1.623603, 42.818287],
            [-1.623806, 42.817956],
            [-1.623988, 42.817667],
            [-1.624147, 42.817416],
            [-1.624347, 42.81716],
            [-1.624518, 42.816948],
            [-1.624722, 42.816736],
            [-1.624921, 42.816557],
            [-1.625145, 42.816377],
            [-1.625406, 42.816175],
            [-1.62572, 42.815984],
            [-1.626081, 42.815794],
            [-1.626537, 42.815561],
            [-1.62702, 42.815325],
            [-1.627442, 42.815125],
            [-1.629125, 42.814437],
            [-1.630813, 42.814348],
            [-1.63135, 42.814322],
            [-1.631946, 42.814371],
            [-1.632236, 42.814436],
            [-1.632629, 42.814594],
            [-1.633013, 42.814764],
            [-1.633135, 42.81488],
            [-1.633337, 42.814991],
            [-1.633617, 42.815117],
            [-1.633984, 42.815282],
            [-1.634124, 42.815321],
            [-1.634431, 42.815411],
            [-1.634631, 42.815529],
            [-1.635023, 42.81569],
            [-1.635576, 42.815974],
            [-1.636126, 42.816336],
            [-1.636586, 42.816694],
            [-1.636744, 42.816942],
            [-1.63678, 42.816972],
            [-1.636902, 42.816893],
            [-1.636935, 42.816954],
            [-1.63694, 42.816961],
            [-1.63695, 42.816973],
            [-1.636961, 42.816982],
            [-1.636972, 42.81699],
            [-1.636983, 42.816996],
            [-1.636997, 42.817002],
            [-1.63701, 42.817007],
            [-1.637023, 42.81701],
            [-1.637039, 42.817014],
            [-1.637053, 42.817016],
            [-1.637066, 42.817017],
            [-1.637082, 42.817017],
            [-1.637095, 42.817016],
            [-1.637125, 42.817014],
            [-1.637309, 42.816989],
            [-1.637329, 42.816996],
            [-1.638076, 42.816985],
            [-1.638122, 42.817043],
            [-1.638312, 42.817077],
            [-1.638577, 42.817005],
            [-1.638604, 42.817012],
            [-1.63902, 42.816871],
            [-1.639459, 42.816748],
            [-1.640219, 42.816447],
            [-1.640806, 42.81608],
            [-1.64099, 42.816003],
            [-1.641062, 42.815972],
            [-1.641117, 42.815978],
            [-1.641759, 42.816039],
            [-1.641866, 42.816216],
            [-1.642036, 42.816422],
            [-1.642114, 42.816511],
            [-1.64313, 42.816114],
            [-1.643212, 42.815975],
            [-1.643318, 42.815842],
            [-1.6434, 42.815662],
            [-1.644373, 42.815306],
            [-1.644916, 42.815107],
            [-1.646248, 42.81462],
            [-1.64661, 42.814796],
            [-1.647315, 42.815135],
            [-1.648138, 42.815432],
            [-1.648226, 42.815463],
            [-1.651179, 42.815604],
            [-1.651361, 42.815459],
            [-1.652657, 42.814454],
            [-1.652791, 42.81435],
            [-1.653442, 42.813592],
            [-1.653468, 42.813572],
            [-1.653806, 42.813316],
            [-1.65404, 42.813087],
            [-1.654146, 42.81299],
            [-1.654221, 42.812885],
            [-1.654258, 42.812795],
            [-1.654359, 42.812555],
            [-1.654487, 42.812309],
            [-1.654499, 42.812218],
            [-1.654495, 42.812091],
            [-1.654436, 42.811886],
            [-1.654348, 42.811721],
            [-1.654208, 42.811485],
            [-1.654039, 42.811198],
            [-1.653827, 42.810848],
            [-1.6537, 42.810628],
            [-1.653562, 42.810406],
            [-1.65345, 42.810213],
            [-1.653365, 42.810099],
            [-1.653127, 42.8099],
            [-1.652933, 42.809762],
            [-1.652794, 42.809663],
            [-1.652527, 42.809496],
            [-1.652301, 42.80936],
            [-1.652046, 42.809232],
            [-1.651724, 42.809122],
            [-1.651411, 42.809021],
            [-1.651093, 42.808921],
            [-1.650787, 42.808821],
            [-1.650535, 42.808743],
            [-1.650342, 42.808693],
            [-1.650183, 42.808665],
            [-1.650092, 42.808661],
            [-1.649856, 42.808637],
            [-1.649546, 42.808606],
            [-1.649307, 42.808581],
            [-1.649095, 42.808567],
            [-1.64895, 42.808566],
            [-1.64881, 42.808574],
            [-1.648596, 42.808587],
            [-1.648287, 42.808629],
            [-1.648061, 42.808659],
            [-1.647931, 42.808694],
            [-1.64776, 42.80875],
            [-1.647556, 42.808843],
            [-1.647346, 42.808936],
            [-1.646941, 42.80913],
            [-1.646644, 42.809266],
            [-1.646487, 42.80934],
            [-1.646299, 42.809431],
            [-1.646188, 42.809468],
            [-1.64607, 42.809506],
            [-1.64599, 42.809526],
            [-1.645883, 42.809561],
            [-1.645816, 42.809577],
            [-1.645754, 42.809582],
            [-1.645676, 42.809592],
            [-1.645611, 42.809603],
            [-1.645552, 42.80962],
            [-1.6455, 42.809636],
            [-1.645443, 42.809657],
            [-1.645399, 42.809678],
            [-1.645362, 42.809702],
            [-1.64531, 42.809744],
            [-1.645274, 42.809788],
            [-1.645248, 42.809837],
            [-1.645187, 42.809819],
            [-1.64516, 42.809811],
            [-1.6452, 42.809718],
            [-1.645219, 42.809587],
            [-1.645215, 42.809449],
            [-1.645176, 42.809345],
            [-1.645106, 42.809225],
            [-1.644952, 42.809071],
            [-1.644829, 42.808975],
            [-1.644691, 42.80889],
            [-1.644521, 42.808834],
            [-1.644354, 42.808784],
            [-1.644223, 42.808704],
            [-1.644146, 42.808656],
            [-1.644089, 42.80863],
            [-1.644046, 42.80861],
            [-1.644001, 42.808766],
            [-1.643937, 42.808984],
            [-1.64383, 42.80946],
            [-1.643797, 42.80956],
            [-1.64239, 42.809529],
            [-1.641346, 42.809517],
            [-1.640057, 42.809518],
            [-1.639346, 42.809509],
            [-1.639258, 42.809516],
            [-1.639262, 42.809279],
            [-1.639232, 42.80887],
            [-1.639228, 42.808821],
            [-1.639159, 42.807904],
            [-1.639232, 42.807627],
            [-1.638898, 42.807598],
            [-1.638107, 42.807563],
            [-1.637213, 42.807536],
            [-1.636285, 42.807535],
            [-1.635993, 42.807535],
            [-1.635624, 42.806751],
            [-1.635297, 42.806891],
            [-1.634655, 42.80725],
            [-1.63417, 42.807539],
            [-1.632833, 42.808369],
            [-1.632494, 42.808579],
            [-1.632147, 42.808793],
            [-1.631935, 42.808923],
            [-1.631669, 42.809105],
            [-1.631428, 42.809274],
            [-1.63121, 42.809455],
            [-1.631017, 42.809607],
            [-1.630854, 42.809755],
            [-1.630745, 42.809857],
            [-1.63069, 42.809924],
            [-1.630609, 42.810084],
            [-1.63032, 42.810217],
            [-1.630246, 42.810266],
            [-1.630028, 42.810435],
            [-1.629638, 42.810764],
            [-1.629356, 42.81099],
            [-1.629262, 42.811081],
            [-1.629125, 42.811224],
            [-1.628845, 42.811589],
            [-1.62849, 42.811828],
            [-1.628223, 42.812043],
            [-1.628012, 42.812187],
            [-1.627746, 42.812334],
            [-1.627476, 42.812459],
            [-1.627163, 42.81257],
            [-1.626841, 42.812655],
            [-1.626465, 42.81274],
            [-1.626046, 42.812835],
            [-1.625621, 42.812972],
            [-1.625206, 42.8131],
            [-1.625031, 42.81313],
            [-1.624728, 42.81316],
            [-1.62451, 42.813208],
            [-1.62394, 42.813389],
            [-1.623305, 42.813585],
            [-1.622705, 42.813774],
            [-1.621045, 42.814287],
            [-1.620882, 42.814342],
            [-1.620727, 42.814416],
            [-1.620769, 42.814469],
            [-1.620781, 42.814528],
            [-1.6208, 42.814568],
            [-1.620808, 42.814595],
            [-1.620857, 42.814677],
            [-1.620872, 42.814712],
            [-1.620995, 42.814672],
            [-1.621173, 42.81461],
            [-1.621395, 42.814528],
            [-1.6212, 42.816471],
            [-1.620972, 42.816868],
            [-1.620178, 42.817631],
            [-1.619799, 42.817788],
            [-1.619166, 42.817733],
            [-1.617015, 42.817481],
            [-1.617006, 42.817481]
          ]
        ]
      }
    },
    {
      "type": "Feature",
      "properties": {
        "id": "5",
        "name": "Ermitagaña-Mendebaldea",
        "cityId": "pamplona"
      },
      "geometry": {
        "type": "Polygon",
        "coordinates": [
          [
            [-1.669591, 42.817971],
            [-1.669967, 42.818013],
            [-1.670496, 42.818059],
            [-1.671028, 42.818113],
            [-1.671503, 42.818167],
            [-1.67194, 42.818254],
            [-1.672035, 42.818276],
            [-1.672537, 42.818392],
            [-1.673016, 42.818496],
            [-1.673431, 42.818607],
            [-1.673855, 42.818714],
            [-1.674237, 42.818775],
            [-1.674563, 42.818809],
            [-1.674938, 42.818835],
            [-1.675357, 42.818823],
            [-1.675808, 42.818756],
            [-1.676266, 42.818661],
            [-1.676801, 42.818543],
            [-1.677332, 42.818391],
            [-1.677895, 42.818284],
            [-1.678056, 42.818268],
            [-1.678425, 42.818232],
            [-1.678948, 42.818219],
            [-1.679587, 42.818218],
            [-1.68027, 42.818227],
            [-1.680329, 42.818225],
            [-1.680498, 42.818181],
            [-1.680746, 42.818064],
            [-1.681093, 42.817854],
            [-1.681421, 42.817612],
            [-1.681711, 42.817317],
            [-1.681925, 42.816994],
            [-1.682113, 42.816642],
            [-1.682289, 42.816326],
            [-1.682429, 42.816006],
            [-1.682568, 42.815694],
            [-1.682655, 42.815411],
            [-1.68272, 42.815181],
            [-1.682718, 42.814975],
            [-1.682685, 42.814785],
            [-1.682581, 42.814476],
            [-1.68244, 42.814064],
            [-1.682322, 42.813696],
            [-1.682178, 42.813313],
            [-1.682011, 42.81282],
            [-1.681934, 42.812529],
            [-1.681698, 42.812037],
            [-1.681479, 42.811551],
            [-1.681249, 42.811112],
            [-1.681136, 42.810833],
            [-1.681073, 42.810512],
            [-1.681115, 42.810017],
            [-1.681243, 42.809416],
            [-1.681396, 42.80888],
            [-1.681568, 42.808378],
            [-1.681851, 42.807769],
            [-1.682201, 42.807072],
            [-1.682303, 42.806868],
            [-1.682192, 42.80688],
            [-1.682091, 42.806886],
            [-1.681972, 42.806894],
            [-1.681918, 42.806897],
            [-1.681805, 42.806912],
            [-1.681708, 42.806914],
            [-1.681578, 42.806915],
            [-1.681464, 42.806908],
            [-1.681433, 42.806913],
            [-1.681339, 42.806926],
            [-1.6812, 42.806998],
            [-1.680986, 42.807129],
            [-1.680796, 42.807254],
            [-1.68061, 42.80737],
            [-1.680429, 42.807483],
            [-1.680276, 42.807592],
            [-1.680094, 42.807722],
            [-1.680092, 42.807723],
            [-1.679909, 42.807868],
            [-1.679751, 42.807991],
            [-1.679532, 42.808016],
            [-1.67927, 42.808045],
            [-1.678983, 42.808068],
            [-1.678706, 42.808097],
            [-1.678626, 42.808102],
            [-1.678378, 42.808138],
            [-1.678254, 42.808045],
            [-1.678219, 42.808022],
            [-1.678128, 42.807964],
            [-1.677894, 42.807811],
            [-1.677705, 42.807711],
            [-1.677565, 42.807658],
            [-1.677352, 42.807574],
            [-1.677157, 42.807501],
            [-1.677037, 42.807463],
            [-1.676957, 42.807438],
            [-1.676775, 42.807379],
            [-1.676631, 42.807325],
            [-1.676522, 42.807251],
            [-1.67639, 42.807134],
            [-1.676272, 42.807015],
            [-1.676266, 42.80701],
            [-1.676138, 42.806892],
            [-1.676104, 42.806864],
            [-1.676019, 42.806795],
            [-1.675982, 42.806765],
            [-1.67588, 42.806693],
            [-1.675729, 42.806625],
            [-1.675657, 42.806603],
            [-1.675613, 42.806597],
            [-1.675534, 42.806582],
            [-1.675492, 42.806573],
            [-1.675455, 42.806564],
            [-1.675398, 42.806548],
            [-1.675378, 42.806545],
            [-1.675317, 42.806536],
            [-1.675128, 42.806513],
            [-1.674934, 42.806478],
            [-1.67479, 42.806446],
            [-1.674644, 42.806381],
            [-1.674468, 42.806284],
            [-1.674251, 42.806121],
            [-1.674053, 42.805957],
            [-1.673865, 42.805806],
            [-1.673793, 42.805747],
            [-1.673765, 42.805724],
            [-1.673733, 42.805695],
            [-1.673529, 42.805488],
            [-1.673424, 42.805393],
            [-1.67333, 42.805309],
            [-1.67325, 42.80524],
            [-1.672622, 42.804922],
            [-1.672136, 42.804662],
            [-1.671613, 42.80433],
            [-1.671185, 42.803974],
            [-1.670558, 42.803383],
            [-1.670031, 42.802799],
            [-1.669673, 42.802343],
            [-1.669341, 42.802037],
            [-1.66895, 42.801829],
            [-1.668747, 42.8018],
            [-1.668475, 42.801656],
            [-1.668354, 42.801575],
            [-1.668161, 42.801576],
            [-1.667638, 42.801824],
            [-1.665233, 42.803305],
            [-1.664184, 42.803912],
            [-1.663961, 42.804243],
            [-1.66363, 42.804605],
            [-1.663431, 42.804841],
            [-1.662664, 42.805372],
            [-1.662396, 42.805642],
            [-1.66134, 42.806607],
            [-1.659362, 42.808415],
            [-1.658524, 42.809152],
            [-1.657382, 42.810155],
            [-1.657283, 42.810252],
            [-1.657906, 42.810496],
            [-1.659064, 42.810916],
            [-1.65977, 42.811126],
            [-1.660673, 42.81139],
            [-1.662215, 42.811893],
            [-1.662441, 42.811505],
            [-1.663321, 42.811767],
            [-1.664072, 42.812007],
            [-1.664949, 42.812289],
            [-1.66657, 42.812809],
            [-1.667042, 42.812959],
            [-1.667474, 42.813013],
            [-1.668077, 42.812984],
            [-1.668704, 42.812965],
            [-1.669385, 42.812925],
            [-1.669243, 42.813163],
            [-1.669002, 42.813351],
            [-1.668656, 42.813547],
            [-1.668214, 42.813768],
            [-1.667688, 42.814066],
            [-1.667245, 42.814339],
            [-1.666836, 42.81468],
            [-1.666722, 42.815036],
            [-1.666713, 42.815314],
            [-1.66679, 42.81559],
            [-1.666837, 42.815796],
            [-1.667937, 42.816325],
            [-1.668285, 42.81643],
            [-1.668585, 42.816484],
            [-1.668976, 42.816547],
            [-1.669196, 42.816685],
            [-1.669337, 42.817007],
            [-1.669439, 42.817235],
            [-1.669461, 42.817296],
            [-1.669591, 42.817971]
          ]
        ]
      }
    },
    {
      "type": "Feature",
      "properties": {
        "id": "6",
        "name": "Etxabakoitz",
        "cityId": "pamplona"
      },
      "geometry": {
        "type": "Polygon",
        "coordinates": [
          [
            [-1.668161, 42.801576],
            [-1.668354, 42.801575],
            [-1.668475, 42.801656],
            [-1.668747, 42.8018],
            [-1.66895, 42.801829],
            [-1.669341, 42.802037],
            [-1.669673, 42.802343],
            [-1.670031, 42.802799],
            [-1.670558, 42.803383],
            [-1.671185, 42.803974],
            [-1.671613, 42.80433],
            [-1.672136, 42.804662],
            [-1.672622, 42.804922],
            [-1.67325, 42.80524],
            [-1.67337, 42.805172],
            [-1.673669, 42.805012],
            [-1.674005, 42.804831],
            [-1.674327, 42.804705],
            [-1.674686, 42.80456],
            [-1.67494, 42.804467],
            [-1.67565, 42.80423],
            [-1.675818, 42.804179],
            [-1.676223, 42.804054],
            [-1.67671, 42.803903],
            [-1.677171, 42.803751],
            [-1.67772, 42.803587],
            [-1.678232, 42.803441],
            [-1.678755, 42.803293],
            [-1.678816, 42.803275],
            [-1.679255, 42.80315],
            [-1.679677, 42.803033],
            [-1.680077, 42.80292],
            [-1.680322, 42.802858],
            [-1.68051, 42.802807],
            [-1.680582, 42.802788],
            [-1.680822, 42.802724],
            [-1.681379, 42.802581],
            [-1.681902, 42.80245],
            [-1.682132, 42.802388],
            [-1.682364, 42.802323],
            [-1.684042, 42.80191],
            [-1.684029, 42.801872],
            [-1.684026, 42.801866],
            [-1.683991, 42.80177],
            [-1.68391, 42.801573],
            [-1.683825, 42.801406],
            [-1.683759, 42.801274],
            [-1.68371, 42.801178],
            [-1.683601, 42.800979],
            [-1.683487, 42.800756],
            [-1.683457, 42.8007],
            [-1.683399, 42.800592],
            [-1.683284, 42.80036],
            [-1.683197, 42.800201],
            [-1.683027, 42.799889],
            [-1.682914, 42.799662],
            [-1.682893, 42.79962],
            [-1.682756, 42.799375],
            [-1.682704, 42.799254],
            [-1.682633, 42.799121],
            [-1.682496, 42.798869],
            [-1.682381, 42.798693],
            [-1.682347, 42.798613],
            [-1.682335, 42.798585],
            [-1.682355, 42.798419],
            [-1.682381, 42.798233],
            [-1.682388, 42.798139],
            [-1.682393, 42.798106],
            [-1.682418, 42.797935],
            [-1.682422, 42.797906],
            [-1.682432, 42.797853],
            [-1.68245, 42.797759],
            [-1.682489, 42.797544],
            [-1.682513, 42.797351],
            [-1.682518, 42.797291],
            [-1.682525, 42.797224],
            [-1.68253, 42.797176],
            [-1.682534, 42.79716],
            [-1.682545, 42.797106],
            [-1.682546, 42.797101],
            [-1.682554, 42.797028],
            [-1.682555, 42.797018],
            [-1.682561, 42.79698],
            [-1.68257, 42.796924],
            [-1.682612, 42.796695],
            [-1.682635, 42.79645],
            [-1.682637, 42.796441],
            [-1.682661, 42.79629],
            [-1.682695, 42.796081],
            [-1.682728, 42.795906],
            [-1.682737, 42.795838],
            [-1.682738, 42.795836],
            [-1.682809, 42.795758],
            [-1.682875, 42.795653],
            [-1.682947, 42.795536],
            [-1.682989, 42.795459],
            [-1.68292, 42.795432],
            [-1.682886, 42.795419],
            [-1.682843, 42.795403],
            [-1.682434, 42.795282],
            [-1.681886, 42.79514],
            [-1.681535, 42.795048],
            [-1.681049, 42.794887],
            [-1.680878, 42.794858],
            [-1.680698, 42.794828],
            [-1.681094, 42.79461],
            [-1.68103, 42.794562],
            [-1.680896, 42.794547],
            [-1.680743, 42.794513],
            [-1.680724, 42.794506],
            [-1.680555, 42.794446],
            [-1.680322, 42.794349],
            [-1.680127, 42.794256],
            [-1.679944, 42.794138],
            [-1.679819, 42.794067],
            [-1.679657, 42.793986],
            [-1.679387, 42.793883],
            [-1.679103, 42.793774],
            [-1.678904, 42.793701],
            [-1.678752, 42.793648],
            [-1.67858, 42.793556],
            [-1.678427, 42.793476],
            [-1.678273, 42.793394],
            [-1.678092, 42.793304],
            [-1.677858, 42.793198],
            [-1.677549, 42.793052],
            [-1.677267, 42.792926],
            [-1.67691, 42.792763],
            [-1.676656, 42.792619],
            [-1.676365, 42.792446],
            [-1.676354, 42.792459],
            [-1.676283, 42.792546],
            [-1.676174, 42.792641],
            [-1.676072, 42.792739],
            [-1.676019, 42.792836],
            [-1.675941, 42.792949],
            [-1.67589, 42.793052],
            [-1.675833, 42.793213],
            [-1.675786, 42.793379],
            [-1.675714, 42.793588],
            [-1.675661, 42.793761],
            [-1.675658, 42.793768],
            [-1.675586, 42.793934],
            [-1.675479, 42.794165],
            [-1.675385, 42.794372],
            [-1.675286, 42.79459],
            [-1.675226, 42.79469],
            [-1.675176, 42.794754],
            [-1.675066, 42.794904],
            [-1.675001, 42.794989],
            [-1.674885, 42.79514],
            [-1.67468, 42.795435],
            [-1.674503, 42.795664],
            [-1.674302, 42.795923],
            [-1.67413, 42.796153],
            [-1.673957, 42.796375],
            [-1.673821, 42.796569],
            [-1.673665, 42.796774],
            [-1.673623, 42.796829],
            [-1.673577, 42.796894],
            [-1.673554, 42.796926],
            [-1.673518, 42.796972],
            [-1.673507, 42.796993],
            [-1.6734, 42.797132],
            [-1.673393, 42.797142],
            [-1.673384, 42.797154],
            [-1.67336, 42.797187],
            [-1.673353, 42.797197],
            [-1.673326, 42.797235],
            [-1.673167, 42.797205],
            [-1.673003, 42.79715],
            [-1.672843, 42.797092],
            [-1.672698, 42.797036],
            [-1.672556, 42.796979],
            [-1.672413, 42.796916],
            [-1.67228, 42.796856],
            [-1.672167, 42.796801],
            [-1.672044, 42.796744],
            [-1.671887, 42.796657],
            [-1.671762, 42.796591],
            [-1.671668, 42.796544],
            [-1.671574, 42.796487],
            [-1.671456, 42.796414],
            [-1.671359, 42.796354],
            [-1.671271, 42.796292],
            [-1.671186, 42.79622],
            [-1.67108, 42.796136],
            [-1.670975, 42.796067],
            [-1.670877, 42.795984],
            [-1.670711, 42.795837],
            [-1.670604, 42.795745],
            [-1.670495, 42.79566],
            [-1.670412, 42.795565],
            [-1.670309, 42.795664],
            [-1.670202, 42.795795],
            [-1.670088, 42.795923],
            [-1.669965, 42.796069],
            [-1.669846, 42.796215],
            [-1.669735, 42.796331],
            [-1.669695, 42.796377],
            [-1.66968, 42.796393],
            [-1.669669, 42.796499],
            [-1.669718, 42.79658],
            [-1.669877, 42.796658],
            [-1.670122, 42.796779],
            [-1.670423, 42.79692],
            [-1.670536, 42.796975],
            [-1.670637, 42.797022],
            [-1.67065, 42.797029],
            [-1.670668, 42.79704],
            [-1.670816, 42.797124],
            [-1.670938, 42.797206],
            [-1.671047, 42.797279],
            [-1.67106, 42.797287],
            [-1.671203, 42.797397],
            [-1.671244, 42.79743],
            [-1.671373, 42.797534],
            [-1.671472, 42.797609],
            [-1.671596, 42.797704],
            [-1.671788, 42.797854],
            [-1.671855, 42.797908],
            [-1.671963, 42.797996],
            [-1.671989, 42.798018],
            [-1.672139, 42.798138],
            [-1.672188, 42.798176],
            [-1.672284, 42.79825],
            [-1.67244, 42.798372],
            [-1.672568, 42.79848],
            [-1.67264, 42.798535],
            [-1.672462, 42.798493],
            [-1.672332, 42.798466],
            [-1.672157, 42.79843],
            [-1.672133, 42.798424],
            [-1.672076, 42.798411],
            [-1.671861, 42.798362],
            [-1.671748, 42.798342],
            [-1.671598, 42.798316],
            [-1.671507, 42.798418],
            [-1.671401, 42.798533],
            [-1.671302, 42.798641],
            [-1.671265, 42.798681],
            [-1.671253, 42.798695],
            [-1.671239, 42.798711],
            [-1.67115, 42.798814],
            [-1.670859, 42.799133],
            [-1.670715, 42.799298],
            [-1.670691, 42.799325],
            [-1.670636, 42.799387],
            [-1.670572, 42.799459],
            [-1.670365, 42.799513],
            [-1.670158, 42.799572],
            [-1.670054, 42.799599],
            [-1.67005, 42.7996],
            [-1.669934, 42.799636],
            [-1.669913, 42.799639],
            [-1.669903, 42.79964],
            [-1.669718, 42.799681],
            [-1.66954, 42.799713],
            [-1.669295, 42.799746],
            [-1.669028, 42.799778],
            [-1.66882, 42.799791],
            [-1.668622, 42.799784],
            [-1.668456, 42.799753],
            [-1.668287, 42.799702],
            [-1.66806, 42.799598],
            [-1.667833, 42.7995],
            [-1.667593, 42.799406],
            [-1.667414, 42.799336],
            [-1.667323, 42.799269],
            [-1.667296, 42.7992],
            [-1.667318, 42.799103],
            [-1.667386, 42.798982],
            [-1.667454, 42.798869],
            [-1.667491, 42.798764],
            [-1.6675, 42.798652],
            [-1.667483, 42.798517],
            [-1.667461, 42.798419],
            [-1.667403, 42.798321],
            [-1.66731, 42.798193],
            [-1.667213, 42.798048],
            [-1.667139, 42.797948],
            [-1.667083, 42.797892],
            [-1.66604, 42.79927],
            [-1.66516, 42.800943],
            [-1.665093, 42.801298],
            [-1.667582, 42.801239],
            [-1.668161, 42.801576]
          ]
        ]
      }
    },
    {
      "type": "Feature",
      "properties": {
        "id": "7",
        "name": "Iturrama",
        "cityId": "pamplona"
      },
      "geometry": {
        "type": "Polygon",
        "coordinates": [
          [
            [-1.652583, 42.792887],
            [-1.652418, 42.793028],
            [-1.652365, 42.79325],
            [-1.652251, 42.793792],
            [-1.652131, 42.794434],
            [-1.652006, 42.794876],
            [-1.651982, 42.795118],
            [-1.651956, 42.795376],
            [-1.651938, 42.795705],
            [-1.651996, 42.795943],
            [-1.652196, 42.796058],
            [-1.652531, 42.796227],
            [-1.652825, 42.796426],
            [-1.652967, 42.796777],
            [-1.653029, 42.797006],
            [-1.653062, 42.797181],
            [-1.653113, 42.797413],
            [-1.653145, 42.797724],
            [-1.653201, 42.798118],
            [-1.653249, 42.7984],
            [-1.653299, 42.798588],
            [-1.653361, 42.798767],
            [-1.653458, 42.798965],
            [-1.653487, 42.79904],
            [-1.653504, 42.799122],
            [-1.653481, 42.799173],
            [-1.653414, 42.799284],
            [-1.653354, 42.799355],
            [-1.653264, 42.799436],
            [-1.653078, 42.799475],
            [-1.652628, 42.799646],
            [-1.652234, 42.799808],
            [-1.652023, 42.799945],
            [-1.651812, 42.800072],
            [-1.651615, 42.800167],
            [-1.651329, 42.800298],
            [-1.650973, 42.800433],
            [-1.650719, 42.800546],
            [-1.650499, 42.800803],
            [-1.650415, 42.800948],
            [-1.650217, 42.80129],
            [-1.650065, 42.80164],
            [-1.65, 42.801807],
            [-1.64992, 42.802014],
            [-1.649517, 42.802369],
            [-1.648859, 42.802891],
            [-1.648071, 42.803427],
            [-1.647041, 42.804426],
            [-1.646694, 42.804916],
            [-1.64597, 42.806145],
            [-1.645669, 42.806607],
            [-1.644848, 42.807788],
            [-1.644794, 42.807786],
            [-1.644766, 42.807804],
            [-1.644463, 42.808258],
            [-1.644269, 42.808519],
            [-1.644146, 42.808656],
            [-1.644223, 42.808704],
            [-1.644354, 42.808784],
            [-1.644521, 42.808834],
            [-1.644691, 42.80889],
            [-1.644829, 42.808975],
            [-1.644952, 42.809071],
            [-1.645106, 42.809225],
            [-1.645176, 42.809345],
            [-1.645215, 42.809449],
            [-1.645219, 42.809587],
            [-1.6452, 42.809718],
            [-1.64516, 42.809811],
            [-1.645187, 42.809819],
            [-1.645248, 42.809837],
            [-1.645274, 42.809788],
            [-1.64531, 42.809744],
            [-1.645362, 42.809702],
            [-1.645399, 42.809678],
            [-1.645443, 42.809657],
            [-1.6455, 42.809636],
            [-1.645552, 42.80962],
            [-1.645611, 42.809603],
            [-1.645676, 42.809592],
            [-1.645754, 42.809582],
            [-1.645816, 42.809577],
            [-1.645883, 42.809561],
            [-1.64599, 42.809526],
            [-1.64607, 42.809506],
            [-1.646188, 42.809468],
            [-1.646299, 42.809431],
            [-1.646487, 42.80934],
            [-1.646644, 42.809266],
            [-1.646941, 42.80913],
            [-1.647346, 42.808936],
            [-1.647556, 42.808843],
            [-1.64776, 42.80875],
            [-1.647931, 42.808694],
            [-1.648061, 42.808659],
            [-1.648287, 42.808629],
            [-1.648596, 42.808587],
            [-1.64881, 42.808574],
            [-1.64895, 42.808566],
            [-1.649095, 42.808567],
            [-1.649307, 42.808581],
            [-1.649546, 42.808606],
            [-1.649856, 42.808637],
            [-1.650092, 42.808661],
            [-1.650183, 42.808665],
            [-1.650342, 42.808693],
            [-1.650535, 42.808743],
            [-1.650787, 42.808821],
            [-1.651093, 42.808921],
            [-1.651411, 42.809021],
            [-1.651724, 42.809122],
            [-1.652046, 42.809232],
            [-1.652301, 42.80936],
            [-1.652527, 42.809496],
            [-1.652794, 42.809663],
            [-1.652933, 42.809762],
            [-1.653127, 42.8099],
            [-1.653365, 42.810099],
            [-1.65345, 42.810213],
            [-1.653562, 42.810406],
            [-1.6537, 42.810628],
            [-1.653827, 42.810848],
            [-1.654039, 42.811198],
            [-1.654208, 42.811485],
            [-1.654348, 42.811721],
            [-1.654436, 42.811886],
            [-1.654495, 42.812091],
            [-1.654499, 42.812218],
            [-1.654487, 42.812309],
            [-1.654359, 42.812555],
            [-1.654258, 42.812795],
            [-1.654221, 42.812885],
            [-1.654146, 42.81299],
            [-1.65404, 42.813087],
            [-1.653806, 42.813316],
            [-1.654872, 42.812509],
            [-1.655901, 42.811552],
            [-1.656391, 42.811112],
            [-1.657283, 42.810252],
            [-1.657382, 42.810155],
            [-1.658524, 42.809152],
            [-1.659362, 42.808415],
            [-1.66134, 42.806607],
            [-1.662396, 42.805642],
            [-1.662664, 42.805372],
            [-1.663431, 42.804841],
            [-1.66363, 42.804605],
            [-1.663961, 42.804243],
            [-1.664184, 42.803912],
            [-1.665233, 42.803305],
            [-1.667638, 42.801824],
            [-1.668161, 42.801576],
            [-1.667582, 42.801239],
            [-1.665093, 42.801298],
            [-1.66516, 42.800943],
            [-1.66604, 42.79927],
            [-1.667083, 42.797892],
            [-1.66703, 42.797829],
            [-1.667, 42.797794],
            [-1.666971, 42.797742],
            [-1.666927, 42.797666],
            [-1.666876, 42.797544],
            [-1.666828, 42.797385],
            [-1.666762, 42.797206],
            [-1.666694, 42.797063],
            [-1.666647, 42.796933],
            [-1.666622, 42.796779],
            [-1.666577, 42.796693],
            [-1.666519, 42.796603],
            [-1.666417, 42.796489],
            [-1.666298, 42.796381],
            [-1.666139, 42.796297],
            [-1.666005, 42.796216],
            [-1.665789, 42.7962],
            [-1.665636, 42.796172],
            [-1.665501, 42.796176],
            [-1.665427, 42.796211],
            [-1.665335, 42.79626],
            [-1.665292, 42.79633],
            [-1.665253, 42.796437],
            [-1.665212, 42.796548],
            [-1.665165, 42.796657],
            [-1.665113, 42.796743],
            [-1.665063, 42.796796],
            [-1.664989, 42.796821],
            [-1.664868, 42.796819],
            [-1.664661, 42.796809],
            [-1.664433, 42.796796],
            [-1.664208, 42.79678],
            [-1.664013, 42.796769],
            [-1.663923, 42.796776],
            [-1.663735, 42.796781],
            [-1.663613, 42.796778],
            [-1.663408, 42.796748],
            [-1.663192, 42.796728],
            [-1.663075, 42.796754],
            [-1.662924, 42.796777],
            [-1.662794, 42.796806],
            [-1.662664, 42.796831],
            [-1.662563, 42.796823],
            [-1.662429, 42.796781],
            [-1.662326, 42.796732],
            [-1.662239, 42.796678],
            [-1.662172, 42.796615],
            [-1.662105, 42.79662],
            [-1.662105, 42.79662],
            [-1.662048, 42.796667],
            [-1.661945, 42.796751],
            [-1.661856, 42.796728],
            [-1.661725, 42.796693],
            [-1.661707, 42.796688],
            [-1.661702, 42.796687],
            [-1.661664, 42.796677],
            [-1.661553, 42.79665],
            [-1.661537, 42.796646],
            [-1.661533, 42.796645],
            [-1.661241, 42.796491],
            [-1.661185, 42.796462],
            [-1.660835, 42.796286],
            [-1.660627, 42.796181],
            [-1.660376, 42.796055],
            [-1.660184, 42.795962],
            [-1.660161, 42.795951],
            [-1.659657, 42.795717],
            [-1.659426, 42.79561],
            [-1.659215, 42.795516],
            [-1.658898, 42.795385],
            [-1.658747, 42.795323],
            [-1.658573, 42.795254],
            [-1.658506, 42.79523],
            [-1.658384, 42.795185],
            [-1.65812, 42.795093],
            [-1.657885, 42.79501],
            [-1.657689, 42.79494],
            [-1.657676, 42.794936],
            [-1.657505, 42.794877],
            [-1.657374, 42.794832],
            [-1.657108, 42.794741],
            [-1.656949, 42.794688],
            [-1.656931, 42.794682],
            [-1.656711, 42.794616],
            [-1.656516, 42.794563],
            [-1.656338, 42.794522],
            [-1.656076, 42.79446],
            [-1.656032, 42.794431],
            [-1.655978, 42.794404],
            [-1.655767, 42.794333],
            [-1.6546, 42.793938],
            [-1.654364, 42.79386],
            [-1.65428, 42.793835],
            [-1.654064, 42.793768],
            [-1.653924, 42.793728],
            [-1.65362, 42.793641],
            [-1.653611, 42.793638],
            [-1.653433, 42.793588],
            [-1.65338, 42.79357],
            [-1.653327, 42.793547],
            [-1.653293, 42.79353],
            [-1.65327, 42.793518],
            [-1.653232, 42.793496],
            [-1.653208, 42.793482],
            [-1.653151, 42.793445],
            [-1.653089, 42.7934],
            [-1.653046, 42.793364],
            [-1.653039, 42.793358],
            [-1.653011, 42.793333],
            [-1.652993, 42.793316],
            [-1.652966, 42.79329],
            [-1.652966, 42.79329],
            [-1.652948, 42.793271],
            [-1.65292, 42.793239],
            [-1.652915, 42.793233],
            [-1.652894, 42.793208],
            [-1.652873, 42.79318],
            [-1.652849, 42.793146],
            [-1.652839, 42.79313],
            [-1.652827, 42.793112],
            [-1.6528, 42.793063],
            [-1.652785, 42.793035],
            [-1.652779, 42.79301],
            [-1.65278, 42.792985],
            [-1.652788, 42.792965],
            [-1.6528, 42.792952],
            [-1.652789, 42.792947],
            [-1.652687, 42.792909],
            [-1.652593, 42.792889],
            [-1.652583, 42.792887]
          ]
        ]
      }
    },
    {
      "type": "Feature",
      "properties": {
        "id": "8",
        "name": "Mendillorri",
        "cityId": "pamplona"
      },
      "geometry": {
        "type": "Polygon",
        "coordinates": [
          [
            [-1.617006, 42.817481],
            [-1.617015, 42.817481],
            [-1.619166, 42.817733],
            [-1.619799, 42.817788],
            [-1.620178, 42.817631],
            [-1.620972, 42.816868],
            [-1.6212, 42.816471],
            [-1.621395, 42.814528],
            [-1.621173, 42.81461],
            [-1.620995, 42.814672],
            [-1.620872, 42.814712],
            [-1.620857, 42.814677],
            [-1.620808, 42.814595],
            [-1.6208, 42.814568],
            [-1.620781, 42.814528],
            [-1.620769, 42.814469],
            [-1.620727, 42.814416],
            [-1.620882, 42.814342],
            [-1.621045, 42.814287],
            [-1.622705, 42.813774],
            [-1.623305, 42.813585],
            [-1.62394, 42.813389],
            [-1.62451, 42.813208],
            [-1.624728, 42.81316],
            [-1.625031, 42.81313],
            [-1.625206, 42.8131],
            [-1.625621, 42.812972],
            [-1.62413, 42.811549],
            [-1.623605, 42.811186],
            [-1.623547, 42.811145],
            [-1.623599, 42.811118],
            [-1.623629, 42.811094],
            [-1.623656, 42.811072],
            [-1.623688, 42.81104],
            [-1.623733, 42.810987],
            [-1.623761, 42.81094],
            [-1.623786, 42.810871],
            [-1.623805, 42.810768],
            [-1.623807, 42.810751],
            [-1.623809, 42.810748],
            [-1.623827, 42.810689],
            [-1.623836, 42.810648],
            [-1.623838, 42.810601],
            [-1.623839, 42.810559],
            [-1.623835, 42.810508],
            [-1.623829, 42.810467],
            [-1.623819, 42.810428],
            [-1.623795, 42.810372],
            [-1.623777, 42.810343],
            [-1.623733, 42.810291],
            [-1.623696, 42.810257],
            [-1.623653, 42.810223],
            [-1.623596, 42.810185],
            [-1.623542, 42.810153],
            [-1.623462, 42.810108],
            [-1.623402, 42.810074],
            [-1.623349, 42.810044],
            [-1.623281, 42.810005],
            [-1.62322, 42.80997],
            [-1.623164, 42.809942],
            [-1.62316, 42.80994],
            [-1.622871, 42.80978],
            [-1.622812, 42.809747],
            [-1.622515, 42.809621],
            [-1.622373, 42.80956],
            [-1.622171, 42.809474],
            [-1.621429, 42.809286],
            [-1.621316, 42.809258],
            [-1.621051, 42.809114],
            [-1.620719, 42.808931],
            [-1.620283, 42.8089],
            [-1.619726, 42.808555],
            [-1.619318, 42.808296],
            [-1.619158, 42.808195],
            [-1.61889, 42.807949],
            [-1.618885, 42.807944],
            [-1.618478, 42.80759],
            [-1.617923, 42.807093],
            [-1.6176, 42.806812],
            [-1.617484, 42.806712],
            [-1.617484, 42.806703],
            [-1.61745, 42.806739],
            [-1.616956, 42.806538],
            [-1.616522, 42.80638],
            [-1.616287, 42.806339],
            [-1.616018, 42.806277],
            [-1.615736, 42.806238],
            [-1.615517, 42.806187],
            [-1.615208, 42.806088],
            [-1.615146, 42.806069],
            [-1.614943, 42.80601],
            [-1.614745, 42.805943],
            [-1.614539, 42.805825],
            [-1.614242, 42.805634],
            [-1.614059, 42.805521],
            [-1.613882, 42.805398],
            [-1.613622, 42.805236],
            [-1.613357, 42.805095],
            [-1.613081, 42.804954],
            [-1.612801, 42.804813],
            [-1.612787, 42.804805],
            [-1.612785, 42.804813],
            [-1.612775, 42.804808],
            [-1.612528, 42.80467],
            [-1.612398, 42.804597],
            [-1.612086, 42.804413],
            [-1.611945, 42.804328],
            [-1.611898, 42.8043],
            [-1.611853, 42.804278],
            [-1.611835, 42.80427],
            [-1.611741, 42.804224],
            [-1.611709, 42.804209],
            [-1.611612, 42.804134],
            [-1.611548, 42.804087],
            [-1.61151, 42.80406],
            [-1.611445, 42.804014],
            [-1.611279, 42.803892],
            [-1.611176, 42.803818],
            [-1.610955, 42.803658],
            [-1.610701, 42.803453],
            [-1.610346, 42.803135],
            [-1.610167, 42.802965],
            [-1.610103, 42.802896],
            [-1.609854, 42.802951],
            [-1.609485, 42.803168],
            [-1.609207, 42.803316],
            [-1.609185, 42.803328],
            [-1.609159, 42.803342],
            [-1.60912, 42.803363],
            [-1.608622, 42.803597],
            [-1.608182, 42.803808],
            [-1.607728, 42.804018],
            [-1.607038, 42.804418],
            [-1.606247, 42.804878],
            [-1.606153, 42.804933],
            [-1.606052, 42.804993],
            [-1.605956, 42.80505],
            [-1.605696, 42.805202],
            [-1.60522, 42.805477],
            [-1.605209, 42.805484],
            [-1.605122, 42.805534],
            [-1.605091, 42.805552],
            [-1.605072, 42.805563],
            [-1.605215, 42.805725],
            [-1.605618, 42.80615],
            [-1.606001, 42.80656],
            [-1.606271, 42.806834],
            [-1.606598, 42.807149],
            [-1.606847, 42.807405],
            [-1.607023, 42.807562],
            [-1.607193, 42.80775],
            [-1.607374, 42.808],
            [-1.607462, 42.808122],
            [-1.607651, 42.808311],
            [-1.607752, 42.808426],
            [-1.60787, 42.808559],
            [-1.607894, 42.808602],
            [-1.607908, 42.808684],
            [-1.607949, 42.808964],
            [-1.607974, 42.809132],
            [-1.607956, 42.809191],
            [-1.607934, 42.809227],
            [-1.607882, 42.809287],
            [-1.607727, 42.809471],
            [-1.607558, 42.809696],
            [-1.60785, 42.810457],
            [-1.607979, 42.810748],
            [-1.608091, 42.811],
            [-1.608122, 42.81106],
            [-1.608141, 42.811097],
            [-1.608272, 42.811349],
            [-1.608306, 42.811417],
            [-1.608312, 42.811428],
            [-1.608332, 42.811466],
            [-1.608073, 42.811656],
            [-1.607785, 42.811849],
            [-1.607496, 42.812027],
            [-1.607107, 42.812245],
            [-1.607024, 42.812287],
            [-1.606875, 42.812363],
            [-1.606683, 42.812458],
            [-1.60647, 42.812559],
            [-1.606036, 42.812756],
            [-1.605601, 42.812953],
            [-1.605228, 42.813119],
            [-1.604795, 42.813314],
            [-1.604649, 42.813384],
            [-1.604513, 42.813499],
            [-1.604511, 42.813501],
            [-1.604482, 42.813557],
            [-1.604494, 42.813573],
            [-1.604496, 42.813575],
            [-1.604501, 42.813582],
            [-1.604508, 42.813591],
            [-1.60451, 42.813593],
            [-1.604515, 42.813601],
            [-1.60452, 42.813609],
            [-1.604522, 42.813612],
            [-1.604527, 42.81362],
            [-1.604532, 42.813628],
            [-1.604534, 42.813631],
            [-1.604538, 42.813638],
            [-1.604543, 42.813647],
            [-1.604544, 42.81365],
            [-1.604548, 42.813657],
            [-1.604553, 42.813667],
            [-1.604554, 42.813669],
            [-1.604562, 42.813686],
            [-1.604563, 42.813688],
            [-1.604571, 42.813708],
            [-1.604578, 42.813728],
            [-1.604785, 42.813764],
            [-1.604829, 42.813771],
            [-1.604841, 42.813773],
            [-1.604853, 42.813775],
            [-1.604865, 42.813778],
            [-1.604877, 42.81378],
            [-1.604889, 42.813782],
            [-1.604901, 42.813784],
            [-1.604912, 42.813786],
            [-1.604924, 42.813789],
            [-1.604936, 42.813791],
            [-1.604948, 42.813793],
            [-1.60496, 42.813796],
            [-1.604972, 42.813798],
            [-1.604984, 42.8138],
            [-1.604996, 42.813802],
            [-1.605007, 42.813805],
            [-1.605019, 42.813807],
            [-1.605031, 42.813809],
            [-1.605043, 42.813812],
            [-1.605055, 42.813814],
            [-1.605067, 42.813816],
            [-1.605079, 42.813819],
            [-1.60509, 42.813821],
            [-1.605102, 42.813824],
            [-1.605114, 42.813826],
            [-1.605126, 42.813829],
            [-1.605138, 42.813831],
            [-1.60515, 42.813834],
            [-1.605152, 42.813834],
            [-1.605168, 42.813838],
            [-1.605185, 42.813842],
            [-1.605201, 42.813846],
            [-1.605204, 42.813847],
            [-1.605215, 42.81385],
            [-1.605226, 42.813854],
            [-1.605238, 42.813857],
            [-1.605249, 42.813861],
            [-1.60526, 42.813864],
            [-1.605272, 42.813868],
            [-1.605283, 42.813871],
            [-1.605653, 42.813962],
            [-1.605661, 42.813964],
            [-1.605672, 42.813967],
            [-1.605682, 42.813972],
            [-1.605691, 42.813976],
            [-1.6057, 42.813982],
            [-1.605709, 42.813987],
            [-1.605717, 42.813994],
            [-1.605723, 42.814001],
            [-1.60573, 42.814008],
            [-1.605735, 42.814015],
            [-1.605739, 42.814023],
            [-1.605743, 42.814031],
            [-1.605745, 42.814039],
            [-1.605745, 42.81404],
            [-1.605747, 42.814048],
            [-1.605747, 42.814057],
            [-1.605747, 42.814065],
            [-1.605746, 42.814074],
            [-1.605965, 42.814102],
            [-1.606032, 42.814081],
            [-1.606246, 42.814109],
            [-1.606261, 42.814111],
            [-1.606277, 42.814111],
            [-1.606292, 42.814112],
            [-1.606308, 42.814111],
            [-1.606323, 42.81411],
            [-1.606338, 42.814108],
            [-1.606353, 42.814105],
            [-1.606368, 42.814102],
            [-1.606383, 42.814098],
            [-1.606397, 42.814093],
            [-1.606408, 42.814089],
            [-1.606424, 42.814085],
            [-1.606441, 42.81408],
            [-1.606458, 42.814077],
            [-1.606475, 42.814074],
            [-1.606492, 42.814072],
            [-1.60651, 42.81407],
            [-1.606527, 42.814069],
            [-1.606545, 42.814069],
            [-1.606563, 42.81407],
            [-1.60658, 42.814071],
            [-1.606597, 42.814073],
            [-1.606615, 42.814076],
            [-1.606632, 42.81408],
            [-1.606648, 42.814084],
            [-1.606665, 42.814089],
            [-1.606681, 42.814094],
            [-1.606696, 42.814101],
            [-1.606711, 42.814107],
            [-1.606726, 42.814115],
            [-1.60674, 42.814123],
            [-1.606753, 42.814131],
            [-1.606755, 42.814133],
            [-1.60677, 42.814143],
            [-1.606787, 42.814152],
            [-1.606803, 42.814161],
            [-1.60682, 42.814169],
            [-1.606838, 42.814176],
            [-1.606856, 42.814183],
            [-1.606875, 42.81419],
            [-1.606894, 42.814195],
            [-1.606913, 42.8142],
            [-1.606933, 42.814204],
            [-1.606947, 42.814207],
            [-1.606967, 42.81421],
            [-1.606987, 42.814212],
            [-1.607007, 42.814214],
            [-1.607772, 42.814262],
            [-1.608463, 42.814299],
            [-1.608718, 42.814316],
            [-1.608701, 42.814357],
            [-1.60866, 42.814455],
            [-1.608637, 42.81451],
            [-1.608685, 42.814512],
            [-1.608771, 42.814515],
            [-1.608858, 42.814518],
            [-1.608944, 42.814519],
            [-1.609031, 42.81452],
            [-1.609117, 42.814521],
            [-1.60915, 42.814521],
            [-1.609172, 42.814521],
            [-1.609236, 42.814521],
            [-1.609323, 42.814523],
            [-1.609409, 42.814525],
            [-1.609496, 42.814527],
            [-1.609582, 42.814531],
            [-1.609668, 42.814535],
            [-1.613194, 42.814721],
            [-1.614313, 42.81478],
            [-1.614312, 42.81479],
            [-1.614311, 42.814812],
            [-1.614311, 42.814834],
            [-1.614312, 42.814857],
            [-1.614314, 42.814879],
            [-1.614318, 42.814901],
            [-1.614322, 42.814923],
            [-1.614324, 42.814933],
            [-1.614327, 42.814944],
            [-1.614333, 42.814966],
            [-1.61434, 42.814988],
            [-1.614348, 42.815009],
            [-1.614357, 42.81503],
            [-1.614366, 42.815051],
            [-1.614377, 42.815072],
            [-1.614394, 42.815101],
            [-1.614231, 42.815491],
            [-1.614135, 42.815719],
            [-1.614101, 42.815801],
            [-1.613878, 42.816332],
            [-1.613878, 42.816333],
            [-1.613836, 42.816432],
            [-1.613833, 42.816436],
            [-1.613829, 42.816439],
            [-1.613825, 42.816442],
            [-1.61382, 42.816445],
            [-1.613814, 42.816446],
            [-1.613809, 42.816447],
            [-1.613792, 42.816452],
            [-1.613775, 42.816457],
            [-1.613758, 42.816463],
            [-1.613742, 42.816469],
            [-1.613726, 42.816476],
            [-1.613711, 42.816484],
            [-1.613696, 42.816492],
            [-1.613682, 42.816501],
            [-1.613669, 42.81651],
            [-1.613667, 42.816512],
            [-1.613653, 42.816522],
            [-1.613641, 42.816532],
            [-1.61363, 42.816543],
            [-1.61362, 42.816554],
            [-1.61361, 42.816566],
            [-1.613602, 42.816578],
            [-1.613594, 42.81659],
            [-1.613587, 42.816603],
            [-1.613581, 42.816615],
            [-1.613576, 42.816629],
            [-1.613572, 42.816642],
            [-1.613569, 42.816655],
            [-1.613566, 42.816669],
            [-1.613565, 42.816682],
            [-1.613565, 42.816688],
            [-1.613565, 42.816702],
            [-1.613566, 42.816715],
            [-1.613568, 42.816729],
            [-1.613572, 42.816742],
            [-1.613576, 42.816755],
            [-1.613581, 42.816768],
            [-1.613587, 42.816781],
            [-1.613593, 42.816793],
            [-1.613604, 42.816809],
            [-1.613616, 42.816826],
            [-1.613629, 42.816841],
            [-1.613634, 42.816846],
            [-1.613644, 42.816855],
            [-1.613656, 42.816864],
            [-1.613661, 42.816868],
            [-1.613667, 42.816873],
            [-1.613673, 42.816877],
            [-1.613679, 42.816881],
            [-1.613685, 42.816886],
            [-1.613691, 42.816889],
            [-1.613697, 42.816893],
            [-1.613704, 42.816897],
            [-1.613717, 42.816904],
            [-1.613725, 42.816907],
            [-1.613731, 42.81691],
            [-1.613738, 42.816914],
            [-1.613753, 42.816919],
            [-1.61376, 42.816922],
            [-1.613768, 42.816925],
            [-1.613791, 42.816932],
            [-1.613799, 42.816934],
            [-1.613806, 42.816936],
            [-1.613814, 42.816937],
            [-1.613822, 42.816939],
            [-1.61383, 42.816941],
            [-1.613838, 42.816942],
            [-1.613846, 42.816943],
            [-1.613854, 42.816944],
            [-1.613871, 42.816946],
            [-1.613879, 42.816947],
            [-1.613887, 42.816947],
            [-1.613903, 42.816948],
            [-1.613912, 42.816948],
            [-1.61392, 42.816948],
            [-1.613928, 42.816948],
            [-1.613937, 42.816947],
            [-1.613945, 42.816947],
            [-1.613953, 42.816946],
            [-1.613961, 42.816946],
            [-1.613969, 42.816945],
            [-1.613977, 42.816944],
            [-1.613985, 42.816943],
            [-1.613994, 42.816941],
            [-1.614001, 42.81694],
            [-1.614017, 42.816936],
            [-1.614025, 42.816934],
            [-1.614033, 42.816932],
            [-1.61404, 42.81693],
            [-1.614048, 42.816928],
            [-1.614056, 42.816925],
            [-1.614063, 42.816923],
            [-1.614071, 42.81692],
            [-1.614085, 42.816914],
            [-1.614092, 42.816911],
            [-1.614099, 42.816908],
            [-1.614105, 42.816905],
            [-1.61412, 42.816897],
            [-1.614135, 42.816889],
            [-1.614149, 42.81688],
            [-1.614162, 42.81687],
            [-1.614174, 42.81686],
            [-1.614186, 42.81685],
            [-1.614194, 42.816842],
            [-1.61481, 42.816982],
            [-1.615877, 42.817224],
            [-1.615877, 42.817224],
            [-1.616826, 42.81744],
            [-1.616925, 42.817462],
            [-1.617005, 42.817481],
            [-1.617006, 42.817481]
          ]
        ]
      }
    },
    {
      "type": "Feature",
      "properties": {
        "id": "9",
        "name": "Milagrosa-Arrosadia",
        "cityId": "pamplona"
      },
      "geometry": {
        "type": "Polygon",
        "coordinates": [
          [
            [-1.640993, 42.795432],
            [-1.640981, 42.795434],
            [-1.640882, 42.795455],
            [-1.640871, 42.795458],
            [-1.640821, 42.795468],
            [-1.640623, 42.79551],
            [-1.640378, 42.79558],
            [-1.640271, 42.795611],
            [-1.640134, 42.795651],
            [-1.639752, 42.795761],
            [-1.639661, 42.795787],
            [-1.639591, 42.795807],
            [-1.639462, 42.795775],
            [-1.638965, 42.795652],
            [-1.638586, 42.795557],
            [-1.637757, 42.795327],
            [-1.637662, 42.795224],
            [-1.637661, 42.795222],
            [-1.637626, 42.795157],
            [-1.637593, 42.795081],
            [-1.637574, 42.795019],
            [-1.637573, 42.795016],
            [-1.637566, 42.794994],
            [-1.637544, 42.794913],
            [-1.637544, 42.794911],
            [-1.637543, 42.794907],
            [-1.637518, 42.794817],
            [-1.637481, 42.794703],
            [-1.637454, 42.7946],
            [-1.637437, 42.794532],
            [-1.637393, 42.79438],
            [-1.637263, 42.794392],
            [-1.637262, 42.794392],
            [-1.637102, 42.794391],
            [-1.636974, 42.794393],
            [-1.63687, 42.794402],
            [-1.636716, 42.794415],
            [-1.636413, 42.79443],
            [-1.63638, 42.794432],
            [-1.636378, 42.794432],
            [-1.636292, 42.794436],
            [-1.636179, 42.794759],
            [-1.636158, 42.794819],
            [-1.636101, 42.794817],
            [-1.636032, 42.794815],
            [-1.635949, 42.794798],
            [-1.635942, 42.794796],
            [-1.635894, 42.794786],
            [-1.635677, 42.794718],
            [-1.635676, 42.794718],
            [-1.635674, 42.794717],
            [-1.634656, 42.794338],
            [-1.634428, 42.794431],
            [-1.634122, 42.794587],
            [-1.63406, 42.794611],
            [-1.634011, 42.794629],
            [-1.63394, 42.794647],
            [-1.633919, 42.794651],
            [-1.633854, 42.794661],
            [-1.633577, 42.794678],
            [-1.633569, 42.794678],
            [-1.633218, 42.794564],
            [-1.633154, 42.794542],
            [-1.633016, 42.794497],
            [-1.633017, 42.794472],
            [-1.633025, 42.794336],
            [-1.633032, 42.794238],
            [-1.633043, 42.79411],
            [-1.633046, 42.794074],
            [-1.633051, 42.794022],
            [-1.633057, 42.79397],
            [-1.633061, 42.793936],
            [-1.633066, 42.79389],
            [-1.633073, 42.793829],
            [-1.633083, 42.793754],
            [-1.633097, 42.793657],
            [-1.633111, 42.793566],
            [-1.633129, 42.793457],
            [-1.633171, 42.793236],
            [-1.633199, 42.793073],
            [-1.633215, 42.79298],
            [-1.633292, 42.792525],
            [-1.633304, 42.792453],
            [-1.633331, 42.79229],
            [-1.63337, 42.792032],
            [-1.6334, 42.791781],
            [-1.633417, 42.791587],
            [-1.633422, 42.791468],
            [-1.633422, 42.791312],
            [-1.633422, 42.790862],
            [-1.633421, 42.790736],
            [-1.633398, 42.790421],
            [-1.63338, 42.79027],
            [-1.633286, 42.789497],
            [-1.633124, 42.788854],
            [-1.633121, 42.788844],
            [-1.632914, 42.788821],
            [-1.632768, 42.788805],
            [-1.632333, 42.788757],
            [-1.632115, 42.788773],
            [-1.631982, 42.788782],
            [-1.63131, 42.788788],
            [-1.63083, 42.788936],
            [-1.630723, 42.788968],
            [-1.630658, 42.788989],
            [-1.630331, 42.789089],
            [-1.630153, 42.789144],
            [-1.629645, 42.7893],
            [-1.629307, 42.789405],
            [-1.629211, 42.789434],
            [-1.62887, 42.789539],
            [-1.628799, 42.789561],
            [-1.628461, 42.789665],
            [-1.628292, 42.789717],
            [-1.628268, 42.789725],
            [-1.628123, 42.789769],
            [-1.627953, 42.789822],
            [-1.627784, 42.789874],
            [-1.627615, 42.789926],
            [-1.627427, 42.789984],
            [-1.627324, 42.790077],
            [-1.627299, 42.7901],
            [-1.627251, 42.790144],
            [-1.627216, 42.790186],
            [-1.62718, 42.790218],
            [-1.627174, 42.790223],
            [-1.627138, 42.790255],
            [-1.627111, 42.79028],
            [-1.627041, 42.790308],
            [-1.626973, 42.790335],
            [-1.626959, 42.790337],
            [-1.626929, 42.79034],
            [-1.62692, 42.79034],
            [-1.626868, 42.790345],
            [-1.626817, 42.79035],
            [-1.626748, 42.790341],
            [-1.626691, 42.790326],
            [-1.626591, 42.790284],
            [-1.626497, 42.790255],
            [-1.626412, 42.790262],
            [-1.626237, 42.790308],
            [-1.626064, 42.790355],
            [-1.625835, 42.790416],
            [-1.625662, 42.790462],
            [-1.62549, 42.790508],
            [-1.625317, 42.790554],
            [-1.62515, 42.790599],
            [-1.625251, 42.790956],
            [-1.62532, 42.791198],
            [-1.625321, 42.791203],
            [-1.625445, 42.791636],
            [-1.625464, 42.791699],
            [-1.625496, 42.791903],
            [-1.625588, 42.792226],
            [-1.625675, 42.792429],
            [-1.625718, 42.792613],
            [-1.625727, 42.792653],
            [-1.62588, 42.793025],
            [-1.625967, 42.793211],
            [-1.625991, 42.793262],
            [-1.626073, 42.793437],
            [-1.626245, 42.793836],
            [-1.626419, 42.794198],
            [-1.626429, 42.794219],
            [-1.626544, 42.794456],
            [-1.626586, 42.794567],
            [-1.626592, 42.794582],
            [-1.626738, 42.794962],
            [-1.626868, 42.795339],
            [-1.626859, 42.795405],
            [-1.627023, 42.795532],
            [-1.627081, 42.795553],
            [-1.627199, 42.795595],
            [-1.627314, 42.795626],
            [-1.62744, 42.795642],
            [-1.627623, 42.795646],
            [-1.627973, 42.795648],
            [-1.628056, 42.795768],
            [-1.628187, 42.795882],
            [-1.62823, 42.795919],
            [-1.628235, 42.795923],
            [-1.628272, 42.795954],
            [-1.628455, 42.79611],
            [-1.628595, 42.796228],
            [-1.628739, 42.796348],
            [-1.628773, 42.796376],
            [-1.628802, 42.7964],
            [-1.628924, 42.796502],
            [-1.629159, 42.796698],
            [-1.629209, 42.796739],
            [-1.629218, 42.796747],
            [-1.629277, 42.7968],
            [-1.629459, 42.796964],
            [-1.629625, 42.797116],
            [-1.629628, 42.797119],
            [-1.62966, 42.797149],
            [-1.629837, 42.797317],
            [-1.629561, 42.797456],
            [-1.62927, 42.79757],
            [-1.629261, 42.797574],
            [-1.629061, 42.797641],
            [-1.628861, 42.797707],
            [-1.628618, 42.797759],
            [-1.628379, 42.797794],
            [-1.628364, 42.797796],
            [-1.628019, 42.797833],
            [-1.62773, 42.797862],
            [-1.633274, 42.802727],
            [-1.633354, 42.803204],
            [-1.633639, 42.803438],
            [-1.633795, 42.803566],
            [-1.633557, 42.80368],
            [-1.633427, 42.803743],
            [-1.632391, 42.80424],
            [-1.632084, 42.804387],
            [-1.631563, 42.804637],
            [-1.63155, 42.804645],
            [-1.630744, 42.805099],
            [-1.630481, 42.805248],
            [-1.629436, 42.805838],
            [-1.629464, 42.805864],
            [-1.629596, 42.805983],
            [-1.630702, 42.806991],
            [-1.630769, 42.807044],
            [-1.63085, 42.807118],
            [-1.630976, 42.807231],
            [-1.63103, 42.80728],
            [-1.631433, 42.807644],
            [-1.631623, 42.807798],
            [-1.631786, 42.807904],
            [-1.631953, 42.808002],
            [-1.632164, 42.808109],
            [-1.632371, 42.808204],
            [-1.632525, 42.808254],
            [-1.632833, 42.808369],
            [-1.63417, 42.807539],
            [-1.634655, 42.80725],
            [-1.635297, 42.806891],
            [-1.635624, 42.806751],
            [-1.635993, 42.807535],
            [-1.637213, 42.807536],
            [-1.638107, 42.807563],
            [-1.638898, 42.807598],
            [-1.639232, 42.807627],
            [-1.639159, 42.807904],
            [-1.639228, 42.808821],
            [-1.639232, 42.80887],
            [-1.639262, 42.809279],
            [-1.639258, 42.809516],
            [-1.639346, 42.809509],
            [-1.640057, 42.809518],
            [-1.641346, 42.809517],
            [-1.64239, 42.809529],
            [-1.643797, 42.80956],
            [-1.64383, 42.80946],
            [-1.643937, 42.808984],
            [-1.644001, 42.808766],
            [-1.644046, 42.80861],
            [-1.644054, 42.808477],
            [-1.644075, 42.808318],
            [-1.644122, 42.807455],
            [-1.644146, 42.807203],
            [-1.644236, 42.806273],
            [-1.644294, 42.805717],
            [-1.644334, 42.804887],
            [-1.64435, 42.804804],
            [-1.644372, 42.804419],
            [-1.644339, 42.803981],
            [-1.644289, 42.803782],
            [-1.644041, 42.802801],
            [-1.643918, 42.802188],
            [-1.643858, 42.80189],
            [-1.643459, 42.800312],
            [-1.643405, 42.800026],
            [-1.64313, 42.79937],
            [-1.642839, 42.79868],
            [-1.642159, 42.797061],
            [-1.641823, 42.796245],
            [-1.641683, 42.795986],
            [-1.641477, 42.795633],
            [-1.641328, 42.795592],
            [-1.641178, 42.79554],
            [-1.641063, 42.795485],
            [-1.640993, 42.795432]
          ]
        ]
      }
    }
  ]
}
