{
  "type": "FeatureCollection",
  "name": "tarragona-neighborhoods",
  "metadata": {
    "schemaVersion": 1,
    "cityId": "tarragona",
    "cityName": "Tarragona",
    "representative": false,
    "source": "Unitats Mínimes Territorials — Ajuntament de Tarragona (atribución)"
  },
  "features": [
    {
      "type": "Feature",
      "properties": {
        "id": "aqueducte-de-les-ferreres",
        "name": "Aqüeducte de les Ferreres",
        "cityId": "tarragona"
      },
      "geometry": {
        "type": "MultiPolygon",
        "coordinates": [
          [
            [
              [1.248423, 41.146171],
              [1.248298, 41.146247],
              [1.24821, 41.146317],
              [1.248133, 41.146427],
              [1.248078, 41.146517],
              [1.247848, 41.14679],
              [1.247843, 41.146793],
              [1.247787, 41.146861],
              [1.247763, 41.146888],
              [1.247619, 41.146948],
              [1.247497, 41.14696],
              [1.247343, 41.147005],
              [1.247158, 41.146998],
              [1.246955, 41.14701],
              [1.246776, 41.147032],
              [1.246684, 41.147042],
              [1.246629, 41.147044],
              [1.246573, 41.147054],
              [1.246491, 41.147082],
              [1.246389, 41.147097],
              [1.246323, 41.147133],
              [1.246234, 41.147151],
              [1.246135, 41.147163],
              [1.245933, 41.147234],
              [1.245823, 41.147254],
              [1.245631, 41.147274],
              [1.245467, 41.147295],
              [1.245446, 41.147297],
              [1.245304, 41.147292],
              [1.245259, 41.147296],
              [1.244939, 41.147329],
              [1.244879, 41.147342],
              [1.244699, 41.147393],
              [1.244443, 41.147428],
              [1.243777, 41.147518],
              [1.243448, 41.147553],
              [1.242997, 41.147614],
              [1.242613, 41.14768],
              [1.242366, 41.147733],
              [1.242226, 41.147746],
              [1.242133, 41.147748],
              [1.241969, 41.147737],
              [1.241849, 41.147727],
              [1.241682, 41.147699],
              [1.241416, 41.147642],
              [1.241305, 41.147613],
              [1.241105, 41.147576],
              [1.241011, 41.147567],
              [1.240958, 41.147568],
              [1.240928, 41.147584],
              [1.240914, 41.1476],
              [1.240912, 41.147622],
              [1.240919, 41.147645],
              [1.240958, 41.147703],
              [1.241002, 41.147748],
              [1.241055, 41.147804],
              [1.241075, 41.147836],
              [1.241095, 41.147868],
              [1.241092, 41.147896],
              [1.241074, 41.147934],
              [1.241055, 41.147952],
              [1.241032, 41.147962],
              [1.241002, 41.147964],
              [1.240972, 41.147961],
              [1.240944, 41.147944],
              [1.240899, 41.147917],
              [1.240854, 41.147889],
              [1.240786, 41.147839],
              [1.240669, 41.14777],
              [1.240591, 41.147721],
              [1.240556, 41.147672],
              [1.240498, 41.14759],
              [1.240451, 41.147513],
              [1.240425, 41.147472],
              [1.24022, 41.147437],
              [1.239922, 41.147386],
              [1.239666, 41.147371],
              [1.239618, 41.147366],
              [1.239615, 41.147314],
              [1.239565, 41.146415],
              [1.239552, 41.14618],
              [1.239545, 41.146055],
              [1.23953, 41.145792],
              [1.239505, 41.145347],
              [1.239494, 41.145169],
              [1.240178, 41.145101],
              [1.241421, 41.144945],
              [1.242258, 41.144829],
              [1.243576, 41.144635],
              [1.244665, 41.144448],
              [1.24575, 41.144257],
              [1.24665, 41.144091],
              [1.248037, 41.143838],
              [1.248541, 41.143753],
              [1.249031, 41.143669],
              [1.249815, 41.143539],
              [1.250414, 41.143452],
              [1.251039, 41.143371],
              [1.251497, 41.14332],
              [1.251586, 41.143309],
              [1.251692, 41.143437],
              [1.251735, 41.143489],
              [1.251788, 41.143542],
              [1.25184, 41.143574],
              [1.251886, 41.143602],
              [1.25193, 41.143635],
              [1.251984, 41.143669],
              [1.252025, 41.14369],
              [1.252148, 41.143742],
              [1.252206, 41.143799],
              [1.252276, 41.14389],
              [1.252299, 41.143939],
              [1.252333, 41.143993],
              [1.25237, 41.144068],
              [1.252392, 41.144093],
              [1.252428, 41.144134],
              [1.252451, 41.144168],
              [1.252481, 41.144219],
              [1.252505, 41.144247],
              [1.252441, 41.144259],
              [1.252322, 41.144327],
              [1.252252, 41.144372],
              [1.252163, 41.144457],
              [1.252098, 41.144523],
              [1.251973, 41.144651],
              [1.251853, 41.144787],
              [1.251757, 41.144879],
              [1.251664, 41.144933],
              [1.251557, 41.145028],
              [1.251528, 41.145055],
              [1.251455, 41.145118],
              [1.251289, 41.1452],
              [1.250841, 41.145296],
              [1.250479, 41.145368],
              [1.250282, 41.145452],
              [1.250022, 41.145501],
              [1.249849, 41.145559],
              [1.24974, 41.145592],
              [1.249253, 41.1457],
              [1.249195, 41.145711],
              [1.248977, 41.145814],
              [1.248882, 41.145855],
              [1.24876, 41.145922],
              [1.24868, 41.145969],
              [1.248627, 41.146007],
              [1.248534, 41.146103],
              [1.248423, 41.146171]
            ]
          ]
        ]
      }
    },
    {
      "type": "Feature",
      "properties": {
        "id": "avinguda-d-andorra",
        "name": "Avinguda d'Andorra",
        "cityId": "tarragona"
      },
      "geometry": {
        "type": "MultiPolygon",
        "coordinates": [
          [
            [
              [1.247649, 41.12178],
              [1.24767, 41.121807],
              [1.247758, 41.121937],
              [1.248333, 41.12281],
              [1.248457, 41.123024],
              [1.248478, 41.123277],
              [1.248376, 41.123282],
              [1.247826, 41.123448],
              [1.247698, 41.12348],
              [1.247354, 41.123555],
              [1.24728, 41.123569],
              [1.247158, 41.123582],
              [1.24716, 41.123592],
              [1.246678, 41.123638],
              [1.246677, 41.123617],
              [1.246472, 41.123614],
              [1.246355, 41.12361],
              [1.246198, 41.123685],
              [1.24614, 41.123697],
              [1.246007, 41.123719],
              [1.245889, 41.123715],
              [1.245665, 41.123701],
              [1.245345, 41.123534],
              [1.244805, 41.123461],
              [1.244403, 41.123386],
              [1.243753, 41.123254],
              [1.243699, 41.123242],
              [1.243436, 41.123172],
              [1.243571, 41.12288],
              [1.243618, 41.122777],
              [1.242748, 41.122488],
              [1.24268, 41.122455],
              [1.242076, 41.122025],
              [1.242014, 41.12198],
              [1.241504, 41.121611],
              [1.241482, 41.121593],
              [1.241029, 41.121159],
              [1.245375, 41.119068],
              [1.246098, 41.119919],
              [1.246815, 41.120784],
              [1.247649, 41.12178]
            ]
          ]
        ]
      }
    },
    {
      "type": "Feature",
      "properties": {
        "id": "bon-sol",
        "name": "Bon Sol",
        "cityId": "tarragona"
      },
      "geometry": {
        "type": "MultiPolygon",
        "coordinates": [
          [
            [
              [1.302289, 41.134078],
              [1.30231, 41.134118],
              [1.302317, 41.134135],
              [1.30232, 41.134153],
              [1.302323, 41.134174],
              [1.302283, 41.134271],
              [1.302125, 41.1344],
              [1.301578, 41.134393],
              [1.301257, 41.13434],
              [1.300917, 41.13434],
              [1.300557, 41.134309],
              [1.300455, 41.134295],
              [1.300386, 41.134284],
              [1.300073, 41.134258],
              [1.300002, 41.134184],
              [1.299845, 41.134027],
              [1.29977, 41.133819],
              [1.299818, 41.133507],
              [1.299757, 41.133211],
              [1.299958, 41.133164],
              [1.300523, 41.133224],
              [1.301642, 41.133108],
              [1.301875, 41.133064],
              [1.302176, 41.133013],
              [1.302212, 41.133087],
              [1.302226, 41.133122],
              [1.302132, 41.133172],
              [1.302062, 41.133214],
              [1.301974, 41.133273],
              [1.301926, 41.133331],
              [1.301906, 41.133403],
              [1.301918, 41.133458],
              [1.301934, 41.133493],
              [1.302093, 41.13375],
              [1.302289, 41.134078]
            ]
          ]
        ]
      }
    },
    {
      "type": "Feature",
      "properties": {
        "id": "bonavista",
        "name": "Bonavista",
        "cityId": "tarragona"
      },
      "geometry": {
        "type": "MultiPolygon",
        "coordinates": [
          [
            [
              [1.197641, 41.120703],
              [1.195745, 41.121242],
              [1.19596, 41.121697],
              [1.196303, 41.122354],
              [1.196451, 41.122617],
              [1.196606, 41.122872],
              [1.196769, 41.123123],
              [1.196898, 41.123312],
              [1.197044, 41.123521],
              [1.197173, 41.123698],
              [1.197335, 41.123914],
              [1.197565, 41.124206],
              [1.197807, 41.124493],
              [1.198474, 41.125075],
              [1.198038, 41.125685],
              [1.197794, 41.125581],
              [1.197652, 41.125524],
              [1.197369, 41.125422],
              [1.197094, 41.125334],
              [1.19695, 41.125292],
              [1.196824, 41.125257],
              [1.196669, 41.125217],
              [1.19647, 41.12517],
              [1.196272, 41.125129],
              [1.196072, 41.125092],
              [1.195841, 41.125054],
              [1.195638, 41.125024],
              [1.195461, 41.125002],
              [1.195296, 41.124985],
              [1.195112, 41.124969],
              [1.194935, 41.124959],
              [1.19475, 41.124951],
              [1.194524, 41.124947],
              [1.194302, 41.124947],
              [1.194132, 41.124952],
              [1.193918, 41.124962],
              [1.193693, 41.124977],
              [1.193528, 41.124992],
              [1.193305, 41.125017],
              [1.193099, 41.125045],
              [1.19292, 41.125073],
              [1.192698, 41.125113],
              [1.192483, 41.125157],
              [1.192301, 41.125198],
              [1.192104, 41.125248],
              [1.191947, 41.125291],
              [1.191735, 41.125352],
              [1.19157, 41.125404],
              [1.191367, 41.125469],
              [1.1883, 41.12649],
              [1.188009, 41.125993],
              [1.186813, 41.123748],
              [1.188433, 41.123134],
              [1.189375, 41.121384],
              [1.190093, 41.120065],
              [1.189287, 41.117754],
              [1.189447, 41.114571],
              [1.197073, 41.114785],
              [1.197106, 41.114847],
              [1.197478, 41.114854],
              [1.198707, 41.114884],
              [1.199749, 41.114905],
              [1.200587, 41.114925],
              [1.200582, 41.114981],
              [1.200571, 41.115029],
              [1.200552, 41.115079],
              [1.200507, 41.115165],
              [1.200449, 41.11526],
              [1.200396, 41.115322],
              [1.200316, 41.115377],
              [1.200248, 41.115414],
              [1.200166, 41.115455],
              [1.200049, 41.115506],
              [1.199871, 41.115587],
              [1.199642, 41.115679],
              [1.199434, 41.115769],
              [1.19929, 41.115825],
              [1.199103, 41.11592],
              [1.199003, 41.115981],
              [1.198912, 41.116054],
              [1.198845, 41.116139],
              [1.198784, 41.116232],
              [1.198757, 41.116326],
              [1.198741, 41.116437],
              [1.198738, 41.116546],
              [1.198758, 41.116639],
              [1.198797, 41.116725],
              [1.198851, 41.116808],
              [1.198903, 41.116873],
              [1.199, 41.116956],
              [1.199043, 41.116988],
              [1.199186, 41.117152],
              [1.198996, 41.117264],
              [1.198914, 41.1173],
              [1.198653, 41.117362],
              [1.198255, 41.117457],
              [1.199578, 41.120162],
              [1.199102, 41.120299],
              [1.198876, 41.120361],
              [1.198615, 41.120431],
              [1.198117, 41.120569],
              [1.197876, 41.120634],
              [1.197641, 41.120703]
            ]
          ]
        ]
      }
    },
    {
      "type": "Feature",
      "properties": {
        "id": "bosc-de-la-marquesa",
        "name": "Bosc de la Marquesa",
        "cityId": "tarragona"
      },
      "geometry": {
        "type": "MultiPolygon",
        "coordinates": [
          [
            [
              [1.342408, 41.130212],
              [1.342361, 41.130252],
              [1.342312, 41.130291],
              [1.342261, 41.130329],
              [1.342207, 41.130365],
              [1.342152, 41.130399],
              [1.342081, 41.130438],
              [1.342064, 41.130449],
              [1.342051, 41.13046],
              [1.342038, 41.130471],
              [1.342026, 41.130483],
              [1.342016, 41.130495],
              [1.342006, 41.130508],
              [1.341998, 41.130521],
              [1.341991, 41.130535],
              [1.341985, 41.130549],
              [1.34198, 41.130563],
              [1.341977, 41.130577],
              [1.341975, 41.130592],
              [1.341962, 41.130662],
              [1.341955, 41.130733],
              [1.341955, 41.130803],
              [1.341962, 41.130874],
              [1.341975, 41.130944],
              [1.341994, 41.131013],
              [1.34202, 41.131081],
              [1.342052, 41.131148],
              [1.34209, 41.131213],
              [1.342134, 41.131275],
              [1.342184, 41.131335],
              [1.342332, 41.131445],
              [1.342469, 41.131563],
              [1.342594, 41.131688],
              [1.342707, 41.13182],
              [1.342807, 41.131957],
              [1.342893, 41.1321],
              [1.342965, 41.132247],
              [1.342997, 41.132486],
              [1.343028, 41.1329],
              [1.342786, 41.132782],
              [1.342475, 41.132663],
              [1.342152, 41.132603],
              [1.341978, 41.132521],
              [1.341728, 41.132376],
              [1.341489, 41.132291],
              [1.341421, 41.132257],
              [1.341038, 41.132411],
              [1.340605, 41.132667],
              [1.340239, 41.132809],
              [1.340002, 41.132842],
              [1.339725, 41.132801],
              [1.339173, 41.132705],
              [1.338701, 41.132551],
              [1.33825, 41.1324],
              [1.33792, 41.132287],
              [1.337369, 41.132073],
              [1.337102, 41.131991],
              [1.337047, 41.13195],
              [1.337137, 41.131587],
              [1.337284, 41.131344],
              [1.337589, 41.131258],
              [1.337895, 41.131165],
              [1.338075, 41.130865],
              [1.338431, 41.130497],
              [1.338674, 41.130292],
              [1.338667, 41.130145],
              [1.338426, 41.130035],
              [1.338232, 41.13002],
              [1.338022, 41.130173],
              [1.337785, 41.13037],
              [1.33758, 41.130559],
              [1.3374, 41.13081],
              [1.337218, 41.13095],
              [1.336909, 41.131011],
              [1.336727, 41.130923],
              [1.336656, 41.130734],
              [1.336524, 41.130584],
              [1.3364, 41.130583],
              [1.336185, 41.130747],
              [1.335806, 41.130959],
              [1.335503, 41.131208],
              [1.33516, 41.131485],
              [1.334873, 41.131706],
              [1.33457, 41.13171],
              [1.334117, 41.131654],
              [1.333868, 41.131667],
              [1.333601, 41.131765],
              [1.333265, 41.13176],
              [1.332757, 41.131745],
              [1.331659, 41.131737],
              [1.331335, 41.131732],
              [1.331191, 41.131632],
              [1.331126, 41.131451],
              [1.33111, 41.130797],
              [1.331075, 41.130367],
              [1.331057, 41.129908],
              [1.330961, 41.129629],
              [1.330711, 41.129545],
              [1.330576, 41.129658],
              [1.330482, 41.129722],
              [1.330335, 41.129661],
              [1.330211, 41.129448],
              [1.330163, 41.129308],
              [1.330049, 41.129127],
              [1.329775, 41.129158],
              [1.32956, 41.129289],
              [1.329423, 41.129478],
              [1.329378, 41.129886],
              [1.329283, 41.130081],
              [1.329142, 41.13023],
              [1.328958, 41.13032],
              [1.328604, 41.130327],
              [1.328063, 41.130427],
              [1.327957, 41.130428],
              [1.327822, 41.130436],
              [1.327592, 41.130449],
              [1.327426, 41.130489],
              [1.327215, 41.130583],
              [1.327115, 41.130591],
              [1.326928, 41.130603],
              [1.326779, 41.130697],
              [1.326461, 41.130778],
              [1.326231, 41.130795],
              [1.326103, 41.130793],
              [1.325885, 41.130778],
              [1.325749, 41.130798],
              [1.325603, 41.130796],
              [1.325428, 41.130775],
              [1.325273, 41.130814],
              [1.325059, 41.130811],
              [1.324854, 41.130785],
              [1.324755, 41.130737],
              [1.324612, 41.130622],
              [1.324395, 41.130638],
              [1.324265, 41.130672],
              [1.324228, 41.130608],
              [1.324214, 41.130565],
              [1.324211, 41.130518],
              [1.32421, 41.130467],
              [1.32422, 41.130429],
              [1.324228, 41.1304],
              [1.324238, 41.130366],
              [1.324248, 41.130311],
              [1.324251, 41.130277],
              [1.324247, 41.130218],
              [1.324233, 41.130147],
              [1.324224, 41.130093],
              [1.324192, 41.130017],
              [1.324159, 41.129932],
              [1.324131, 41.129902],
              [1.324111, 41.129863],
              [1.324097, 41.129838],
              [1.324052, 41.129752],
              [1.324027, 41.129688],
              [1.324007, 41.12962],
              [1.323985, 41.129553],
              [1.323977, 41.129492],
              [1.32397, 41.129454],
              [1.323981, 41.129421],
              [1.32399, 41.129371],
              [1.323987, 41.129326],
              [1.323979, 41.129292],
              [1.323952, 41.129249],
              [1.323849, 41.129082],
              [1.32321, 41.129089],
              [1.323205, 41.129081],
              [1.323204, 41.12907],
              [1.323214, 41.129045],
              [1.323224, 41.129019],
              [1.323238, 41.128986],
              [1.323235, 41.128959],
              [1.323223, 41.128926],
              [1.323219, 41.128909],
              [1.323219, 41.128892],
              [1.323225, 41.128872],
              [1.323235, 41.128852],
              [1.323252, 41.128835],
              [1.323271, 41.128815],
              [1.323259, 41.128802],
              [1.323254, 41.128792],
              [1.32326, 41.128779],
              [1.323282, 41.128754],
              [1.323282, 41.128741],
              [1.323272, 41.128717],
              [1.32326, 41.128693],
              [1.32324, 41.128659],
              [1.323221, 41.128624],
              [1.323219, 41.128614],
              [1.323222, 41.128604],
              [1.323247, 41.128564],
              [1.323278, 41.128528],
              [1.323295, 41.128514],
              [1.323317, 41.128496],
              [1.323322, 41.128466],
              [1.323314, 41.128454],
              [1.323305, 41.128453],
              [1.323295, 41.128452],
              [1.323286, 41.128441],
              [1.323278, 41.12843],
              [1.323268, 41.128415],
              [1.32326, 41.128399],
              [1.323258, 41.128386],
              [1.323256, 41.128372],
              [1.323242, 41.128353],
              [1.323224, 41.128347],
              [1.323217, 41.128353],
              [1.323213, 41.128365],
              [1.323207, 41.128374],
              [1.323191, 41.128379],
              [1.323175, 41.128377],
              [1.323167, 41.128373],
              [1.323162, 41.128367],
              [1.32316, 41.128356],
              [1.323174, 41.128326],
              [1.323166, 41.128311],
              [1.323162, 41.128299],
              [1.32317, 41.128278],
              [1.323185, 41.128258],
              [1.32322, 41.128223],
              [1.32324, 41.128209],
              [1.323264, 41.1282],
              [1.323307, 41.128194],
              [1.323349, 41.128188],
              [1.323382, 41.128182],
              [1.323414, 41.128176],
              [1.32342, 41.128178],
              [1.323424, 41.128187],
              [1.323424, 41.128191],
              [1.323422, 41.128194],
              [1.323403, 41.128199],
              [1.323383, 41.128205],
              [1.323332, 41.128224],
              [1.323311, 41.128243],
              [1.323322, 41.128264],
              [1.323333, 41.12828],
              [1.323349, 41.128307],
              [1.323359, 41.12831],
              [1.323369, 41.128305],
              [1.323387, 41.128288],
              [1.323397, 41.12828],
              [1.323407, 41.128275],
              [1.323455, 41.128263],
              [1.323503, 41.12825],
              [1.323552, 41.128241],
              [1.323572, 41.128226],
              [1.32357, 41.128209],
              [1.323569, 41.128179],
              [1.323568, 41.128148],
              [1.323568, 41.128132],
              [1.32357, 41.128116],
              [1.323575, 41.128112],
              [1.323588, 41.128112],
              [1.323601, 41.128114],
              [1.323617, 41.128122],
              [1.323647, 41.128146],
              [1.323666, 41.128149],
              [1.323679, 41.128145],
              [1.323692, 41.128139],
              [1.323704, 41.128134],
              [1.323712, 41.128134],
              [1.323733, 41.128143],
              [1.323755, 41.128128],
              [1.323763, 41.128112],
              [1.323767, 41.128096],
              [1.323773, 41.128082],
              [1.323777, 41.128081],
              [1.323794, 41.128085],
              [1.323796, 41.128075],
              [1.323795, 41.128069],
              [1.323793, 41.128062],
              [1.323793, 41.128047],
              [1.323799, 41.128031],
              [1.32381, 41.128019],
              [1.32383, 41.128004],
              [1.323849, 41.127988],
              [1.323874, 41.127955],
              [1.323887, 41.127939],
              [1.323905, 41.127923],
              [1.323912, 41.127921],
              [1.323946, 41.127934],
              [1.32398, 41.127948],
              [1.323994, 41.127956],
              [1.324012, 41.127964],
              [1.324023, 41.127959],
              [1.324037, 41.127947],
              [1.324051, 41.127938],
              [1.324075, 41.127935],
              [1.324101, 41.12793],
              [1.324142, 41.127917],
              [1.32416, 41.127907],
              [1.324179, 41.127891],
              [1.324177, 41.127877],
              [1.324177, 41.127866],
              [1.32418, 41.127856],
              [1.324186, 41.127847],
              [1.324211, 41.127828],
              [1.324225, 41.127823],
              [1.32424, 41.127821],
              [1.324261, 41.127822],
              [1.324281, 41.127823],
              [1.324302, 41.127823],
              [1.324332, 41.127824],
              [1.324358, 41.127816],
              [1.324389, 41.127799],
              [1.324421, 41.127786],
              [1.324471, 41.127773],
              [1.324521, 41.12776],
              [1.324579, 41.127746],
              [1.324637, 41.127732],
              [1.324656, 41.127719],
              [1.324679, 41.127718],
              [1.324702, 41.127721],
              [1.324724, 41.127727],
              [1.324769, 41.127747],
              [1.32479, 41.127749],
              [1.32481, 41.127744],
              [1.324838, 41.127726],
              [1.324852, 41.127717],
              [1.324867, 41.127711],
              [1.324907, 41.127703],
              [1.324928, 41.127702],
              [1.324947, 41.127705],
              [1.324966, 41.127713],
              [1.324986, 41.127722],
              [1.325025, 41.127733],
              [1.325058, 41.127737],
              [1.325095, 41.127737],
              [1.325131, 41.127739],
              [1.325155, 41.127745],
              [1.325202, 41.127762],
              [1.325226, 41.127766],
              [1.325294, 41.127768],
              [1.325363, 41.127769],
              [1.325431, 41.127772],
              [1.325499, 41.127776],
              [1.325532, 41.127781],
              [1.325564, 41.127789],
              [1.325593, 41.127802],
              [1.325623, 41.127814],
              [1.325694, 41.127831],
              [1.325765, 41.127848],
              [1.325795, 41.127857],
              [1.325837, 41.127871],
              [1.325861, 41.12787],
              [1.325897, 41.127851],
              [1.325926, 41.127833],
              [1.325946, 41.12782],
              [1.325967, 41.127807],
              [1.325987, 41.127799],
              [1.326008, 41.127797],
              [1.326046, 41.127803],
              [1.326084, 41.127811],
              [1.326153, 41.127827],
              [1.326221, 41.127844],
              [1.326279, 41.127864],
              [1.326335, 41.127885],
              [1.326375, 41.12789],
              [1.32639, 41.127881],
              [1.326402, 41.127867],
              [1.326408, 41.127862],
              [1.326414, 41.127861],
              [1.326436, 41.127869],
              [1.32647, 41.127886],
              [1.3265, 41.127909],
              [1.326535, 41.127941],
              [1.326569, 41.127975],
              [1.32662, 41.128027],
              [1.326671, 41.128079],
              [1.326716, 41.128126],
              [1.326762, 41.128172],
              [1.32679, 41.128196],
              [1.326837, 41.128228],
              [1.326882, 41.128261],
              [1.326931, 41.128308],
              [1.327, 41.128381],
              [1.327036, 41.128416],
              [1.327075, 41.12845],
              [1.327168, 41.128525],
              [1.327231, 41.128574],
              [1.32728, 41.128582],
              [1.327312, 41.128587],
              [1.32737, 41.128597],
              [1.327427, 41.128607],
              [1.327513, 41.128618],
              [1.3276, 41.128623],
              [1.327706, 41.128628],
              [1.327813, 41.128634],
              [1.327926, 41.128654],
              [1.328071, 41.128672],
              [1.328217, 41.128687],
              [1.328298, 41.128692],
              [1.328367, 41.128697],
              [1.328435, 41.128701],
              [1.328503, 41.128705],
              [1.328644, 41.128705],
              [1.328786, 41.128704],
              [1.32892, 41.128704],
              [1.329055, 41.128704],
              [1.329144, 41.128705],
              [1.329233, 41.128707],
              [1.32929, 41.128708],
              [1.329347, 41.128708],
              [1.329369, 41.128704],
              [1.329401, 41.128689],
              [1.329418, 41.128682],
              [1.329471, 41.128614],
              [1.329478, 41.128605],
              [1.329502, 41.128571],
              [1.329523, 41.12855],
              [1.32959, 41.128501],
              [1.32966, 41.128454],
              [1.329682, 41.128442],
              [1.329707, 41.128433],
              [1.329758, 41.128415],
              [1.329791, 41.128397],
              [1.329799, 41.128378],
              [1.329802, 41.128347],
              [1.329806, 41.128316],
              [1.329806, 41.128316],
              [1.329824, 41.128296],
              [1.329838, 41.128262],
              [1.329847, 41.128234],
              [1.329851, 41.128202],
              [1.329833, 41.128183],
              [1.329828, 41.128176],
              [1.329825, 41.128169],
              [1.329829, 41.128158],
              [1.329839, 41.128148],
              [1.32985, 41.128144],
              [1.329866, 41.128144],
              [1.329882, 41.128145],
              [1.329949, 41.128141],
              [1.330017, 41.128139],
              [1.330043, 41.128142],
              [1.330082, 41.12815],
              [1.330121, 41.128157],
              [1.330165, 41.12816],
              [1.33021, 41.128159],
              [1.330232, 41.128156],
              [1.330264, 41.128144],
              [1.330299, 41.128126],
              [1.330305, 41.128107],
              [1.330307, 41.1281],
              [1.330313, 41.128095],
              [1.330326, 41.128095],
              [1.33034, 41.128096],
              [1.330367, 41.128079],
              [1.330394, 41.128063],
              [1.330433, 41.128053],
              [1.330465, 41.128045],
              [1.33048, 41.12803],
              [1.330485, 41.128004],
              [1.330488, 41.127993],
              [1.330497, 41.127982],
              [1.330511, 41.127975],
              [1.330525, 41.127973],
              [1.330548, 41.12798],
              [1.33057, 41.127989],
              [1.330584, 41.127989],
              [1.330591, 41.127988],
              [1.330598, 41.12799],
              [1.330603, 41.127998],
              [1.330603, 41.128021],
              [1.330614, 41.128036],
              [1.330626, 41.128048],
              [1.330637, 41.128037],
              [1.330646, 41.128031],
              [1.33067, 41.12803],
              [1.330693, 41.128032],
              [1.330728, 41.12804],
              [1.330761, 41.128049],
              [1.330782, 41.128059],
              [1.330821, 41.128084],
              [1.330843, 41.12809],
              [1.330868, 41.128091],
              [1.330906, 41.128087],
              [1.330943, 41.128081],
              [1.331006, 41.128065],
              [1.331037, 41.128056],
              [1.331069, 41.128051],
              [1.331082, 41.128052],
              [1.331114, 41.12806],
              [1.331166, 41.128055],
              [1.331213, 41.128051],
              [1.331257, 41.128053],
              [1.331302, 41.128054],
              [1.331345, 41.128053],
              [1.331387, 41.128051],
              [1.331421, 41.128046],
              [1.33147, 41.128036],
              [1.331495, 41.128032],
              [1.331519, 41.128031],
              [1.331537, 41.128035],
              [1.331564, 41.128045],
              [1.331591, 41.128054],
              [1.331624, 41.128061],
              [1.331657, 41.128064],
              [1.331716, 41.128062],
              [1.331775, 41.128058],
              [1.331812, 41.128059],
              [1.33183, 41.128061],
              [1.331848, 41.128067],
              [1.331893, 41.12809],
              [1.331935, 41.128113],
              [1.332008, 41.12815],
              [1.332116, 41.128213],
              [1.332157, 41.128243],
              [1.332171, 41.128244],
              [1.332184, 41.128244],
              [1.332222, 41.128245],
              [1.332258, 41.128244],
              [1.332277, 41.128241],
              [1.332297, 41.128236],
              [1.332314, 41.128235],
              [1.332331, 41.128237],
              [1.332347, 41.128244],
              [1.332365, 41.128253],
              [1.332397, 41.128262],
              [1.332423, 41.12826],
              [1.332468, 41.128232],
              [1.332514, 41.128203],
              [1.332532, 41.128198],
              [1.332564, 41.128194],
              [1.332615, 41.128191],
              [1.33264, 41.128186],
              [1.332663, 41.128177],
              [1.332679, 41.128163],
              [1.332691, 41.128143],
              [1.332687, 41.128121],
              [1.332688, 41.128114],
              [1.332694, 41.128108],
              [1.332707, 41.128103],
              [1.332727, 41.128101],
              [1.332747, 41.128101],
              [1.332766, 41.128101],
              [1.332785, 41.128102],
              [1.332814, 41.128109],
              [1.332855, 41.128124],
              [1.332896, 41.128138],
              [1.33293, 41.128144],
              [1.332954, 41.128138],
              [1.332972, 41.128117],
              [1.332976, 41.128101],
              [1.332973, 41.128082],
              [1.332966, 41.128054],
              [1.332967, 41.128041],
              [1.332977, 41.128029],
              [1.33299, 41.128024],
              [1.333003, 41.128022],
              [1.333019, 41.128021],
              [1.333032, 41.128024],
              [1.333064, 41.12804],
              [1.333094, 41.128057],
              [1.333172, 41.1281],
              [1.33325, 41.128142],
              [1.333295, 41.128175],
              [1.333324, 41.12819],
              [1.333348, 41.128187],
              [1.333353, 41.128161],
              [1.333354, 41.128141],
              [1.333357, 41.128107],
              [1.333355, 41.128073],
              [1.333348, 41.128057],
              [1.333328, 41.128034],
              [1.333319, 41.128023],
              [1.333315, 41.128012],
              [1.333317, 41.127993],
              [1.333328, 41.127974],
              [1.33334, 41.12796],
              [1.333348, 41.127954],
              [1.333357, 41.127951],
              [1.333376, 41.12795],
              [1.333394, 41.127953],
              [1.333434, 41.127959],
              [1.333453, 41.127963],
              [1.333471, 41.12797],
              [1.333551, 41.128014],
              [1.333627, 41.12806],
              [1.333698, 41.128103],
              [1.333768, 41.128146],
              [1.333811, 41.12817],
              [1.33386, 41.128198],
              [1.333914, 41.128233],
              [1.333966, 41.128272],
              [1.333999, 41.128302],
              [1.334032, 41.128331],
              [1.334075, 41.128362],
              [1.334118, 41.128392],
              [1.33413, 41.1284],
              [1.334142, 41.128409],
              [1.33415, 41.12842],
              [1.334166, 41.128442],
              [1.334179, 41.128455],
              [1.33418, 41.128457],
              [1.334179, 41.128459],
              [1.334176, 41.128465],
              [1.334175, 41.128466],
              [1.334165, 41.128476],
              [1.334238, 41.128513],
              [1.334324, 41.128557],
              [1.334375, 41.128571],
              [1.33441, 41.128576],
              [1.334465, 41.128579],
              [1.334519, 41.12858],
              [1.334652, 41.128582],
              [1.334785, 41.128582],
              [1.334924, 41.12858],
              [1.335058, 41.128576],
              [1.335145, 41.128573],
              [1.335192, 41.128569],
              [1.335239, 41.128566],
              [1.335265, 41.128566],
              [1.335291, 41.128566],
              [1.335396, 41.12857],
              [1.335502, 41.128574],
              [1.335589, 41.128576],
              [1.335675, 41.128578],
              [1.33578, 41.128582],
              [1.335897, 41.128588],
              [1.335923, 41.128586],
              [1.335943, 41.12858],
              [1.33597, 41.128566],
              [1.336, 41.128553],
              [1.336024, 41.128549],
              [1.336048, 41.12855],
              [1.336071, 41.128559],
              [1.336086, 41.128566],
              [1.336113, 41.128564],
              [1.336136, 41.12856],
              [1.336248, 41.128531],
              [1.336358, 41.128498],
              [1.336446, 41.12847],
              [1.336488, 41.128454],
              [1.336526, 41.128434],
              [1.336562, 41.128409],
              [1.336596, 41.128382],
              [1.336605, 41.128376],
              [1.336602, 41.12831],
              [1.336591, 41.128275],
              [1.336587, 41.128261],
              [1.336584, 41.128244],
              [1.336577, 41.128188],
              [1.336571, 41.128131],
              [1.336562, 41.128069],
              [1.336553, 41.128007],
              [1.336557, 41.127985],
              [1.336566, 41.12797],
              [1.336605, 41.127927],
              [1.336617, 41.127917],
              [1.336646, 41.127902],
              [1.336655, 41.127892],
              [1.336664, 41.127866],
              [1.336672, 41.12784],
              [1.336689, 41.127797],
              [1.336699, 41.127776],
              [1.336712, 41.127755],
              [1.336727, 41.127741],
              [1.336755, 41.127726],
              [1.336785, 41.127713],
              [1.336824, 41.127699],
              [1.336867, 41.127685],
              [1.336864, 41.127665],
              [1.336864, 41.127658],
              [1.336867, 41.127653],
              [1.33688, 41.127649],
              [1.336905, 41.127649],
              [1.336926, 41.127655],
              [1.336933, 41.127663],
              [1.336945, 41.127692],
              [1.336975, 41.127685],
              [1.336999, 41.12768],
              [1.33704, 41.127678],
              [1.337081, 41.127676],
              [1.337107, 41.127677],
              [1.337141, 41.127677],
              [1.337169, 41.127667],
              [1.3372, 41.127649],
              [1.337216, 41.127642],
              [1.337234, 41.127638],
              [1.337276, 41.127637],
              [1.337318, 41.127641],
              [1.337364, 41.127647],
              [1.337409, 41.127657],
              [1.337475, 41.127686],
              [1.337539, 41.127715],
              [1.337582, 41.12773],
              [1.337624, 41.127744],
              [1.337646, 41.127758],
              [1.337683, 41.127795],
              [1.337707, 41.127804],
              [1.337724, 41.127807],
              [1.33774, 41.12781],
              [1.337787, 41.127817],
              [1.337833, 41.127825],
              [1.337879, 41.127837],
              [1.337945, 41.127863],
              [1.338011, 41.127887],
              [1.338102, 41.127916],
              [1.338146, 41.127916],
              [1.338164, 41.127908],
              [1.338178, 41.127896],
              [1.338189, 41.127882],
              [1.3382, 41.127868],
              [1.338213, 41.127853],
              [1.338228, 41.127843],
              [1.338255, 41.127833],
              [1.338284, 41.127827],
              [1.338341, 41.127821],
              [1.338399, 41.127819],
              [1.338447, 41.127818],
              [1.338494, 41.127821],
              [1.338527, 41.127827],
              [1.338573, 41.127842],
              [1.338619, 41.127856],
              [1.338679, 41.127867],
              [1.338717, 41.127868],
              [1.338738, 41.127859],
              [1.33876, 41.127846],
              [1.338784, 41.127821],
              [1.338805, 41.127795],
              [1.338825, 41.127757],
              [1.338836, 41.127738],
              [1.338853, 41.127724],
              [1.338907, 41.127697],
              [1.338962, 41.127669],
              [1.339022, 41.127639],
              [1.339094, 41.127602],
              [1.339109, 41.127573],
              [1.339118, 41.12754],
              [1.33911, 41.127516],
              [1.339094, 41.127484],
              [1.33909, 41.127469],
              [1.339094, 41.127454],
              [1.339108, 41.127436],
              [1.339128, 41.127419],
              [1.339172, 41.127386],
              [1.339195, 41.127373],
              [1.339222, 41.127363],
              [1.339267, 41.127356],
              [1.339335, 41.127349],
              [1.339403, 41.127342],
              [1.339456, 41.127333],
              [1.339514, 41.127321],
              [1.33952, 41.127309],
              [1.339524, 41.127289],
              [1.339528, 41.127281],
              [1.339534, 41.127278],
              [1.339551, 41.127282],
              [1.339589, 41.127302],
              [1.339607, 41.127307],
              [1.339642, 41.12731],
              [1.339678, 41.127309],
              [1.339736, 41.1273],
              [1.339765, 41.127292],
              [1.339793, 41.12728],
              [1.339825, 41.127261],
              [1.339845, 41.127245],
              [1.339868, 41.127218],
              [1.339881, 41.127188],
              [1.33989, 41.127141],
              [1.339891, 41.127094],
              [1.339891, 41.127072],
              [1.339889, 41.127049],
              [1.339882, 41.127031],
              [1.339866, 41.127005],
              [1.339865, 41.126992],
              [1.339867, 41.126985],
              [1.339873, 41.126979],
              [1.339882, 41.126976],
              [1.339893, 41.126976],
              [1.339913, 41.126977],
              [1.339944, 41.126979],
              [1.339969, 41.126976],
              [1.339979, 41.126965],
              [1.339985, 41.126949],
              [1.33999, 41.126922],
              [1.339994, 41.12691],
              [1.340002, 41.1269],
              [1.340039, 41.126879],
              [1.340104, 41.126852],
              [1.340135, 41.126837],
              [1.340161, 41.126817],
              [1.340187, 41.126787],
              [1.340204, 41.126755],
              [1.340207, 41.126736],
              [1.340204, 41.126708],
              [1.340204, 41.126694],
              [1.340206, 41.12668],
              [1.340217, 41.126659],
              [1.340226, 41.126649],
              [1.340238, 41.126641],
              [1.340262, 41.126634],
              [1.340317, 41.126633],
              [1.340342, 41.126629],
              [1.340358, 41.12662],
              [1.34037, 41.126607],
              [1.340377, 41.126592],
              [1.340379, 41.126579],
              [1.340375, 41.126558],
              [1.340376, 41.126547],
              [1.34038, 41.126537],
              [1.340393, 41.126526],
              [1.340411, 41.126519],
              [1.340435, 41.126516],
              [1.340472, 41.126518],
              [1.340509, 41.126517],
              [1.340535, 41.126511],
              [1.340543, 41.126504],
              [1.340544, 41.126494],
              [1.340539, 41.126476],
              [1.340539, 41.126469],
              [1.340544, 41.126463],
              [1.340552, 41.126462],
              [1.340574, 41.126465],
              [1.340606, 41.126454],
              [1.340616, 41.126444],
              [1.340624, 41.126427],
              [1.340626, 41.126412],
              [1.340622, 41.126385],
              [1.34061, 41.126345],
              [1.340606, 41.126325],
              [1.340607, 41.126305],
              [1.340617, 41.126262],
              [1.340625, 41.126241],
              [1.340638, 41.12622],
              [1.340651, 41.126205],
              [1.340675, 41.126186],
              [1.340705, 41.126172],
              [1.340736, 41.126163],
              [1.340768, 41.126159],
              [1.340808, 41.126157],
              [1.340847, 41.126162],
              [1.340882, 41.126174],
              [1.340932, 41.126197],
              [1.340982, 41.126218],
              [1.341011, 41.126225],
              [1.341041, 41.126231],
              [1.341071, 41.126238],
              [1.341091, 41.126186],
              [1.341105, 41.126155],
              [1.341131, 41.126117],
              [1.341149, 41.126081],
              [1.341166, 41.126045],
              [1.34117, 41.12601],
              [1.341175, 41.126],
              [1.3412, 41.125976],
              [1.341242, 41.125944],
              [1.341282, 41.125912],
              [1.341328, 41.125869],
              [1.341427, 41.126188],
              [1.34162, 41.126715],
              [1.341715, 41.126907],
              [1.341866, 41.127043],
              [1.342076, 41.12725],
              [1.342227, 41.12741],
              [1.34231, 41.127519],
              [1.342381, 41.127644],
              [1.342408, 41.127713],
              [1.342435, 41.127893],
              [1.342433, 41.12809],
              [1.342459, 41.128195],
              [1.3426, 41.12863],
              [1.342792, 41.128929],
              [1.342578, 41.129047],
              [1.342423, 41.129164],
              [1.342323, 41.129247],
              [1.342226, 41.129358],
              [1.342156, 41.129425],
              [1.342058, 41.129536],
              [1.341958, 41.129655],
              [1.341864, 41.129806],
              [1.342408, 41.130212]
            ]
          ]
        ]
      }
    },
    {
      "type": "Feature",
      "properties": {
        "id": "boscos-de-tarragona",
        "name": "Boscos de Tarragona",
        "cityId": "tarragona"
      },
      "geometry": {
        "type": "MultiPolygon",
        "coordinates": [
          [
            [
              [1.293409, 41.134883],
              [1.293504, 41.13483],
              [1.293561, 41.134804],
              [1.294038, 41.13465],
              [1.294094, 41.134633],
              [1.294134, 41.134626],
              [1.294171, 41.134616],
              [1.294284, 41.134597],
              [1.294774, 41.13396],
              [1.295065, 41.133982],
              [1.295566, 41.134166],
              [1.295617, 41.134545],
              [1.296693, 41.134643],
              [1.296805, 41.134655],
              [1.296925, 41.134664],
              [1.297245, 41.134654],
              [1.297469, 41.134642],
              [1.297387, 41.135113],
              [1.297382, 41.135154],
              [1.297318, 41.135358],
              [1.297262, 41.13556],
              [1.297228, 41.135693],
              [1.297182, 41.135892],
              [1.297023, 41.136249],
              [1.296617, 41.136613],
              [1.296337, 41.136882],
              [1.296089, 41.137075],
              [1.295675, 41.13738],
              [1.295537, 41.137535],
              [1.295446, 41.137746],
              [1.295389, 41.137888],
              [1.295388, 41.13799],
              [1.295196, 41.138504],
              [1.295177, 41.138581],
              [1.295124, 41.138726],
              [1.295033, 41.138944],
              [1.294895, 41.13927],
              [1.294862, 41.139492],
              [1.294794, 41.139913],
              [1.294811, 41.140042],
              [1.294721, 41.140285],
              [1.294648, 41.140558],
              [1.294615, 41.140804],
              [1.294573, 41.141006],
              [1.294601, 41.141194],
              [1.294662, 41.141411],
              [1.294667, 41.141495],
              [1.29482, 41.142038],
              [1.294848, 41.142154],
              [1.294878, 41.142259],
              [1.29507, 41.142696],
              [1.294757, 41.143127],
              [1.294738, 41.143121],
              [1.29471, 41.143176],
              [1.294306, 41.144076],
              [1.294215, 41.144272],
              [1.294166, 41.144359],
              [1.294091, 41.144485],
              [1.294086, 41.144498],
              [1.294073, 41.144546],
              [1.294042, 41.144712],
              [1.293972, 41.144943],
              [1.293949, 41.14503],
              [1.293927, 41.145141],
              [1.293914, 41.14525],
              [1.293917, 41.145358],
              [1.293929, 41.145444],
              [1.293957, 41.145581],
              [1.293993, 41.145567],
              [1.294274, 41.14593],
              [1.294345, 41.146094],
              [1.294349, 41.146093],
              [1.294377, 41.14616],
              [1.294358, 41.146163],
              [1.294414, 41.146304],
              [1.294407, 41.146305],
              [1.294437, 41.14641],
              [1.29447, 41.146559],
              [1.294453, 41.146702],
              [1.294384, 41.146952],
              [1.294342, 41.147148],
              [1.294286, 41.147374],
              [1.294229, 41.147652],
              [1.294198, 41.147786],
              [1.293754, 41.148053],
              [1.293511, 41.147923],
              [1.293286, 41.147978],
              [1.293241, 41.148008],
              [1.29301, 41.148222],
              [1.292495, 41.14792],
              [1.292157, 41.147735],
              [1.291853, 41.147572],
              [1.291395, 41.14734],
              [1.291101, 41.147198],
              [1.291428, 41.146802],
              [1.291629, 41.146576],
              [1.291699, 41.146467],
              [1.291713, 41.146435],
              [1.291742, 41.146255],
              [1.291727, 41.145801],
              [1.291517, 41.145365],
              [1.291632, 41.145331],
              [1.291834, 41.145319],
              [1.291902, 41.145313],
              [1.291913, 41.145307],
              [1.291934, 41.145153],
              [1.291953, 41.144995],
              [1.292006, 41.144712],
              [1.292039, 41.14456],
              [1.29207, 41.144395],
              [1.292074, 41.14435],
              [1.291989, 41.144308],
              [1.291908, 41.144256],
              [1.291853, 41.144229],
              [1.291794, 41.14409],
              [1.291871, 41.143622],
              [1.2919, 41.143459],
              [1.291901, 41.143384],
              [1.291874, 41.143103],
              [1.291852, 41.142952],
              [1.291775, 41.142726],
              [1.29179, 41.142474],
              [1.291817, 41.142277],
              [1.291769, 41.14227],
              [1.291829, 41.14188],
              [1.2919, 41.14177],
              [1.291972, 41.141702],
              [1.292031, 41.141651],
              [1.292085, 41.141651],
              [1.292274, 41.141513],
              [1.292341, 41.141295],
              [1.292319, 41.141175],
              [1.292288, 41.141032],
              [1.292281, 41.140921],
              [1.292298, 41.140885],
              [1.292291, 41.140736],
              [1.292131, 41.140791],
              [1.291974, 41.140548],
              [1.291828, 41.140371],
              [1.291824, 41.14037],
              [1.29176, 41.140254],
              [1.291824, 41.140232],
              [1.291733, 41.139955],
              [1.291706, 41.139916],
              [1.291683, 41.139922],
              [1.291672, 41.139902],
              [1.29169, 41.139892],
              [1.29163, 41.139741],
              [1.291649, 41.139478],
              [1.291621, 41.139455],
              [1.291584, 41.13946],
              [1.291558, 41.139422],
              [1.291535, 41.139412],
              [1.291504, 41.139414],
              [1.291453, 41.139433],
              [1.291427, 41.139392],
              [1.291414, 41.139349],
              [1.2913, 41.139189],
              [1.29125, 41.139144],
              [1.291023, 41.138808],
              [1.29101, 41.138815],
              [1.290962, 41.138767],
              [1.290806, 41.138587],
              [1.290215, 41.137915],
              [1.290971, 41.137424],
              [1.290974, 41.137356],
              [1.290795, 41.137251],
              [1.29059, 41.137029],
              [1.290284, 41.136738],
              [1.290458, 41.136658],
              [1.290928, 41.136463],
              [1.291075, 41.136424],
              [1.291444, 41.13632],
              [1.291197, 41.135936],
              [1.291756, 41.135762],
              [1.292129, 41.135615],
              [1.292119, 41.135562],
              [1.292429, 41.135591],
              [1.292527, 41.135576],
              [1.292519, 41.135542],
              [1.292791, 41.135406],
              [1.29283, 41.135388],
              [1.292879, 41.135318],
              [1.292908, 41.135285],
              [1.293313, 41.134955],
              [1.293409, 41.134883]
            ]
          ]
        ]
      }
    },
    {
      "type": "Feature",
      "properties": {
        "id": "cala-tamarit",
        "name": "Cala Tamarit",
        "cityId": "tarragona"
      },
      "geometry": {
        "type": "MultiPolygon",
        "coordinates": [
          [
            [
              [1.360624, 41.129876],
              [1.360573, 41.129888],
              [1.360548, 41.129894],
              [1.360513, 41.129902],
              [1.360463, 41.129914],
              [1.360441, 41.12996],
              [1.360418, 41.130005],
              [1.360335, 41.130174],
              [1.360227, 41.130403],
              [1.360152, 41.130559],
              [1.360141, 41.130582],
              [1.360112, 41.130641],
              [1.360109, 41.130647],
              [1.360104, 41.13067],
              [1.360102, 41.130691],
              [1.360105, 41.130722],
              [1.360105, 41.13073],
              [1.36012, 41.13075],
              [1.360145, 41.130766],
              [1.360108, 41.130792],
              [1.360057, 41.130827],
              [1.360028, 41.130846],
              [1.359851, 41.130959],
              [1.359867, 41.130975],
              [1.359879, 41.130986],
              [1.359892, 41.130999],
              [1.359904, 41.131011],
              [1.359918, 41.131024],
              [1.359931, 41.131037],
              [1.359962, 41.131067],
              [1.359873, 41.131105],
              [1.359687, 41.131184],
              [1.359672, 41.131191],
              [1.359603, 41.13122],
              [1.359414, 41.131219],
              [1.35941, 41.131219],
              [1.359366, 41.13124],
              [1.359248, 41.131281],
              [1.359058, 41.131348],
              [1.359021, 41.131409],
              [1.358936, 41.131547],
              [1.358912, 41.131588],
              [1.358905, 41.131599],
              [1.358808, 41.131566],
              [1.358735, 41.131541],
              [1.358736, 41.131533],
              [1.358719, 41.131524],
              [1.358673, 41.131507],
              [1.358631, 41.131491],
              [1.358513, 41.131446],
              [1.358469, 41.13143],
              [1.358422, 41.131412],
              [1.358383, 41.131397],
              [1.358359, 41.131388],
              [1.358305, 41.131368],
              [1.358257, 41.13135],
              [1.35822, 41.131336],
              [1.358195, 41.131326],
              [1.358165, 41.131315],
              [1.358122, 41.131299],
              [1.3581, 41.13129],
              [1.358073, 41.13128],
              [1.358015, 41.131258],
              [1.357972, 41.131242],
              [1.3579, 41.131215],
              [1.357858, 41.131199],
              [1.357491, 41.131415],
              [1.357371, 41.131597],
              [1.357218, 41.131821],
              [1.357103, 41.131986],
              [1.356983, 41.132148],
              [1.356823, 41.132368],
              [1.356041, 41.133272],
              [1.356082, 41.13329],
              [1.356164, 41.133325],
              [1.356249, 41.133362],
              [1.356334, 41.133399],
              [1.356416, 41.133436],
              [1.356458, 41.133455],
              [1.356491, 41.13347],
              [1.356531, 41.133487],
              [1.35654, 41.133492],
              [1.356573, 41.133506],
              [1.356599, 41.133518],
              [1.356611, 41.133523],
              [1.356637, 41.133535],
              [1.356684, 41.133556],
              [1.356704, 41.133565],
              [1.356749, 41.133584],
              [1.356773, 41.133595],
              [1.356798, 41.133606],
              [1.35682, 41.133616],
              [1.356835, 41.133623],
              [1.356848, 41.133628],
              [1.356869, 41.133638],
              [1.356895, 41.133649],
              [1.356909, 41.133655],
              [1.356927, 41.133663],
              [1.356932, 41.133666],
              [1.356941, 41.13367],
              [1.356945, 41.133672],
              [1.356959, 41.133678],
              [1.356997, 41.133694],
              [1.35701, 41.1337],
              [1.357427, 41.133909],
              [1.356991, 41.134073],
              [1.356607, 41.134247],
              [1.356325, 41.134458],
              [1.356102, 41.134588],
              [1.356042, 41.134629],
              [1.356022, 41.134663],
              [1.35602, 41.134758],
              [1.3561, 41.135087],
              [1.356295, 41.135375],
              [1.356253, 41.135427],
              [1.356105, 41.135629],
              [1.35604, 41.135707],
              [1.355956, 41.135806],
              [1.355866, 41.135918],
              [1.355798, 41.136025],
              [1.355769, 41.136105],
              [1.355741, 41.136197],
              [1.355715, 41.136329],
              [1.355689, 41.136458],
              [1.355646, 41.136602],
              [1.355546, 41.136841],
              [1.355534, 41.136887],
              [1.355528, 41.136971],
              [1.35553, 41.137145],
              [1.35554, 41.137306],
              [1.35557, 41.137455],
              [1.355615, 41.137611],
              [1.35564, 41.137692],
              [1.355643, 41.137717],
              [1.355638, 41.137795],
              [1.355626, 41.137834],
              [1.355607, 41.137859],
              [1.355583, 41.137879],
              [1.35554, 41.137905],
              [1.355437, 41.13796],
              [1.355317, 41.138011],
              [1.355187, 41.138051],
              [1.355072, 41.13809],
              [1.35497, 41.138128],
              [1.354856, 41.138178],
              [1.354723, 41.138248],
              [1.354332, 41.138377],
              [1.353984, 41.13843],
              [1.353673, 41.138477],
              [1.353247, 41.138545],
              [1.35317, 41.138555],
              [1.352759, 41.138605],
              [1.352346, 41.138649],
              [1.351933, 41.138688],
              [1.351518, 41.138722],
              [1.351103, 41.13875],
              [1.350687, 41.138772],
              [1.350271, 41.138789],
              [1.350001, 41.138804],
              [1.350013, 41.138649],
              [1.350022, 41.138541],
              [1.350034, 41.138443],
              [1.350038, 41.13841],
              [1.350042, 41.138375],
              [1.350048, 41.138332],
              [1.350056, 41.138274],
              [1.350064, 41.13822],
              [1.350075, 41.138144],
              [1.350081, 41.138085],
              [1.35009, 41.137998],
              [1.350095, 41.13794],
              [1.350102, 41.137865],
              [1.350114, 41.137732],
              [1.350217, 41.137651],
              [1.350233, 41.137638],
              [1.35024, 41.137633],
              [1.350289, 41.137594],
              [1.35046, 41.137461],
              [1.350563, 41.137399],
              [1.35067, 41.137334],
              [1.350614, 41.1373],
              [1.35045, 41.137201],
              [1.350484, 41.137174],
              [1.350613, 41.137075],
              [1.350658, 41.137041],
              [1.350797, 41.136978],
              [1.350865, 41.136947],
              [1.350912, 41.136926],
              [1.350936, 41.136947],
              [1.350966, 41.136974],
              [1.351116, 41.136869],
              [1.35116, 41.136848],
              [1.351372, 41.136696],
              [1.351642, 41.136483],
              [1.351652, 41.136475],
              [1.351559, 41.136361],
              [1.351483, 41.136268],
              [1.351453, 41.136231],
              [1.351433, 41.136213],
              [1.351402, 41.136183],
              [1.351384, 41.136166],
              [1.351319, 41.136104],
              [1.35131, 41.136095],
              [1.351262, 41.136049],
              [1.35121, 41.136],
              [1.351172, 41.135964],
              [1.350982, 41.135785],
              [1.350957, 41.135761],
              [1.350895, 41.135702],
              [1.350873, 41.135682],
              [1.350942, 41.135673],
              [1.351066, 41.135656],
              [1.351289, 41.135625],
              [1.351362, 41.135615],
              [1.351404, 41.13561],
              [1.351437, 41.135605],
              [1.351707, 41.135568],
              [1.351872, 41.135546],
              [1.352069, 41.135519],
              [1.352058, 41.135368],
              [1.352055, 41.135335],
              [1.352054, 41.135325],
              [1.35205, 41.135274],
              [1.352049, 41.135256],
              [1.352047, 41.135229],
              [1.352043, 41.135182],
              [1.352033, 41.134982],
              [1.352029, 41.134908],
              [1.352029, 41.134907],
              [1.351757, 41.13486],
              [1.35172, 41.134853],
              [1.351673, 41.134834],
              [1.351675, 41.134794],
              [1.351677, 41.134725],
              [1.351679, 41.134679],
              [1.35168, 41.134643],
              [1.351697, 41.134561],
              [1.351713, 41.134484],
              [1.351724, 41.134427],
              [1.351741, 41.134347],
              [1.351757, 41.134269],
              [1.351772, 41.134188],
              [1.35178, 41.134148],
              [1.351782, 41.134135],
              [1.351809, 41.133986],
              [1.351815, 41.133951],
              [1.351821, 41.133928],
              [1.351831, 41.133907],
              [1.351848, 41.133883],
              [1.351863, 41.133868],
              [1.351887, 41.13384],
              [1.351943, 41.133785],
              [1.351929, 41.133773],
              [1.352071, 41.133663],
              [1.352083, 41.133654],
              [1.352139, 41.133611],
              [1.352152, 41.133601],
              [1.352178, 41.133581],
              [1.352224, 41.133562],
              [1.352262, 41.133546],
              [1.352268, 41.133544],
              [1.352282, 41.133538],
              [1.352297, 41.133532],
              [1.35245, 41.133469],
              [1.352584, 41.133413],
              [1.352705, 41.133363],
              [1.352777, 41.133332],
              [1.352828, 41.133314],
              [1.352984, 41.133259],
              [1.353108, 41.133218],
              [1.35305, 41.133156],
              [1.352985, 41.133088],
              [1.352855, 41.13295],
              [1.352797, 41.13289],
              [1.3528, 41.132889],
              [1.352897, 41.132878],
              [1.353063, 41.132858],
              [1.353293, 41.132823],
              [1.353339, 41.132816],
              [1.353502, 41.132801],
              [1.353585, 41.132802],
              [1.353634, 41.132805],
              [1.353666, 41.132806],
              [1.353827, 41.132814],
              [1.353866, 41.132816],
              [1.353877, 41.132768],
              [1.353938, 41.132774],
              [1.354077, 41.132787],
              [1.354102, 41.132789],
              [1.354139, 41.132793],
              [1.354177, 41.132794],
              [1.354209, 41.132796],
              [1.354397, 41.132805],
              [1.354465, 41.132808],
              [1.354574, 41.132815],
              [1.354591, 41.132816],
              [1.354704, 41.132792],
              [1.354728, 41.132787],
              [1.354778, 41.132758],
              [1.354789, 41.132751],
              [1.3548, 41.132745],
              [1.354821, 41.132733],
              [1.354844, 41.132711],
              [1.35487, 41.132725],
              [1.354906, 41.132696],
              [1.354933, 41.132673],
              [1.35496, 41.132652],
              [1.354944, 41.132612],
              [1.354925, 41.132566],
              [1.354901, 41.132506],
              [1.35488, 41.132455],
              [1.354868, 41.132426],
              [1.354854, 41.132395],
              [1.354843, 41.132371],
              [1.354818, 41.132317],
              [1.354762, 41.132195],
              [1.354745, 41.132168],
              [1.354744, 41.132167],
              [1.354638, 41.132005],
              [1.354627, 41.131988],
              [1.354599, 41.131945],
              [1.354294, 41.1315],
              [1.354162, 41.131233],
              [1.35417, 41.130761],
              [1.354171, 41.130711],
              [1.354173, 41.130559],
              [1.354173, 41.130555],
              [1.354169, 41.130529],
              [1.354164, 41.130498],
              [1.354163, 41.130493],
              [1.354121, 41.130371],
              [1.354053, 41.130177],
              [1.354048, 41.130161],
              [1.353963, 41.130081],
              [1.353883, 41.130004],
              [1.353806, 41.129958],
              [1.353728, 41.129911],
              [1.353613, 41.129842],
              [1.353435, 41.129763],
              [1.353369, 41.129734],
              [1.353392, 41.129709],
              [1.353248, 41.129652],
              [1.353106, 41.129596],
              [1.35296, 41.129538],
              [1.352898, 41.129513],
              [1.352711, 41.129439],
              [1.352438, 41.129331],
              [1.3524, 41.129317],
              [1.352194, 41.129243],
              [1.351909, 41.129167],
              [1.351603, 41.129087],
              [1.351529, 41.129067],
              [1.35151, 41.129111],
              [1.35148, 41.129178],
              [1.35146, 41.129221],
              [1.351441, 41.129265],
              [1.351424, 41.129303],
              [1.351395, 41.129314],
              [1.351322, 41.129342],
              [1.351308, 41.1294],
              [1.351298, 41.129441],
              [1.35129, 41.129472],
              [1.351281, 41.129512],
              [1.351275, 41.129534],
              [1.351198, 41.129526],
              [1.351171, 41.129523],
              [1.350925, 41.129501],
              [1.35043, 41.129457],
              [1.349933, 41.129412],
              [1.349909, 41.12941],
              [1.349878, 41.129405],
              [1.349845, 41.129399],
              [1.349812, 41.129391],
              [1.34978, 41.129382],
              [1.349749, 41.129372],
              [1.349718, 41.129361],
              [1.349688, 41.129348],
              [1.349659, 41.129335],
              [1.349632, 41.12932],
              [1.349605, 41.129304],
              [1.349579, 41.129287],
              [1.349561, 41.129274],
              [1.349505, 41.129236],
              [1.349468, 41.12921],
              [1.349346, 41.129128],
              [1.349001, 41.12889],
              [1.348712, 41.128693],
              [1.348873, 41.128593],
              [1.34897, 41.128533],
              [1.349066, 41.128473],
              [1.349085, 41.128462],
              [1.349148, 41.128371],
              [1.349157, 41.128345],
              [1.349168, 41.128313],
              [1.349173, 41.128303],
              [1.349203, 41.128234],
              [1.34924, 41.128149],
              [1.349254, 41.128115],
              [1.349301, 41.127997],
              [1.349122, 41.128],
              [1.349141, 41.127961],
              [1.349128, 41.127935],
              [1.349119, 41.127917],
              [1.349118, 41.127901],
              [1.349121, 41.127884],
              [1.34913, 41.127868],
              [1.349145, 41.127854],
              [1.349152, 41.127852],
              [1.349174, 41.127851],
              [1.349188, 41.127782],
              [1.349201, 41.127718],
              [1.34921, 41.127664],
              [1.349216, 41.127637],
              [1.349227, 41.127611],
              [1.349246, 41.127583],
              [1.349267, 41.127557],
              [1.349301, 41.127513],
              [1.349334, 41.127469],
              [1.349343, 41.12745],
              [1.349349, 41.127421],
              [1.349354, 41.127407],
              [1.349375, 41.127388],
              [1.349394, 41.12737],
              [1.349424, 41.127342],
              [1.349431, 41.127316],
              [1.349433, 41.127287],
              [1.349435, 41.127259],
              [1.349436, 41.127239],
              [1.349438, 41.127228],
              [1.349444, 41.127218],
              [1.349464, 41.1272],
              [1.349484, 41.127184],
              [1.3495, 41.127171],
              [1.34952, 41.127147],
              [1.349539, 41.127126],
              [1.349581, 41.127099],
              [1.349602, 41.12709],
              [1.349635, 41.127082],
              [1.349669, 41.127077],
              [1.349689, 41.127076],
              [1.349709, 41.127077],
              [1.349743, 41.127086],
              [1.349778, 41.127095],
              [1.349828, 41.127106],
              [1.349879, 41.127114],
              [1.3499, 41.127112],
              [1.349922, 41.127109],
              [1.349949, 41.127108],
              [1.349975, 41.127109],
              [1.350035, 41.127122],
              [1.350096, 41.127135],
              [1.350129, 41.127143],
              [1.350162, 41.12715],
              [1.350193, 41.127153],
              [1.350224, 41.12715],
              [1.350247, 41.127146],
              [1.35027, 41.127141],
              [1.35029, 41.127139],
              [1.35031, 41.127141],
              [1.350327, 41.127146],
              [1.350351, 41.127158],
              [1.350373, 41.127172],
              [1.350395, 41.127192],
              [1.350417, 41.127212],
              [1.350437, 41.127219],
              [1.35047, 41.127225],
              [1.350486, 41.127228],
              [1.3505, 41.127235],
              [1.350515, 41.12725],
              [1.350529, 41.127266],
              [1.350539, 41.127285],
              [1.350554, 41.127323],
              [1.350573, 41.127337],
              [1.350635, 41.127361],
              [1.350698, 41.127382],
              [1.350751, 41.127405],
              [1.350777, 41.127409],
              [1.350812, 41.127409],
              [1.350847, 41.127409],
              [1.350894, 41.127408],
              [1.35094, 41.127408],
              [1.350958, 41.127413],
              [1.350997, 41.12744],
              [1.351022, 41.127442],
              [1.351053, 41.127436],
              [1.351072, 41.127414],
              [1.351089, 41.127379],
              [1.351094, 41.127355],
              [1.351094, 41.127335],
              [1.351094, 41.127315],
              [1.351093, 41.127276],
              [1.351091, 41.127236],
              [1.351086, 41.127205],
              [1.351081, 41.127187],
              [1.351081, 41.127182],
              [1.351084, 41.127177],
              [1.351097, 41.127172],
              [1.35111, 41.127171],
              [1.351154, 41.127163],
              [1.351197, 41.127158],
              [1.35122, 41.12716],
              [1.351254, 41.127168],
              [1.351288, 41.127176],
              [1.351335, 41.12719],
              [1.351356, 41.127191],
              [1.351385, 41.12719],
              [1.351414, 41.12719],
              [1.351442, 41.127196],
              [1.351496, 41.127212],
              [1.351524, 41.127214],
              [1.351585, 41.127214],
              [1.351645, 41.127214],
              [1.351675, 41.127222],
              [1.351703, 41.127229],
              [1.351716, 41.127236],
              [1.351731, 41.127249],
              [1.351745, 41.127262],
              [1.351763, 41.127277],
              [1.351782, 41.127293],
              [1.351795, 41.127303],
              [1.351815, 41.12732],
              [1.351844, 41.127332],
              [1.351875, 41.127317],
              [1.351899, 41.127306],
              [1.351941, 41.127295],
              [1.351996, 41.127279],
              [1.352022, 41.127257],
              [1.352032, 41.127237],
              [1.352044, 41.12722],
              [1.352058, 41.127204],
              [1.352076, 41.127192],
              [1.352097, 41.127184],
              [1.352125, 41.127178],
              [1.352154, 41.127178],
              [1.352198, 41.127188],
              [1.35222, 41.127188],
              [1.352241, 41.127188],
              [1.352273, 41.12719],
              [1.352304, 41.127192],
              [1.352345, 41.127193],
              [1.352408, 41.127192],
              [1.35244, 41.127186],
              [1.352459, 41.127176],
              [1.352493, 41.127159],
              [1.352527, 41.127143],
              [1.352542, 41.127137],
              [1.352558, 41.127134],
              [1.352569, 41.127133],
              [1.352581, 41.127134],
              [1.352602, 41.127139],
              [1.352622, 41.127145],
              [1.352636, 41.12715],
              [1.35265, 41.127155],
              [1.352695, 41.127187],
              [1.352739, 41.127219],
              [1.352788, 41.127256],
              [1.352836, 41.127293],
              [1.352914, 41.127357],
              [1.35299, 41.127422],
              [1.353033, 41.127464],
              [1.353076, 41.127506],
              [1.353106, 41.127531],
              [1.353153, 41.127559],
              [1.353186, 41.127562],
              [1.353246, 41.127558],
              [1.353306, 41.127547],
              [1.353331, 41.127536],
              [1.353355, 41.127526],
              [1.353369, 41.127524],
              [1.353382, 41.127526],
              [1.353415, 41.127546],
              [1.353444, 41.127568],
              [1.353457, 41.127582],
              [1.353478, 41.127613],
              [1.353497, 41.127618],
              [1.353511, 41.127618],
              [1.35352, 41.127618],
              [1.35353, 41.127619],
              [1.353541, 41.127619],
              [1.353551, 41.127622],
              [1.353563, 41.127632],
              [1.353568, 41.127646],
              [1.353569, 41.127664],
              [1.353569, 41.127671],
              [1.353566, 41.127673],
              [1.353538, 41.127675],
              [1.353549, 41.127691],
              [1.35356, 41.127703],
              [1.353596, 41.127761],
              [1.35363, 41.12782],
              [1.35367, 41.127906],
              [1.353707, 41.127993],
              [1.353724, 41.128027],
              [1.353753, 41.128054],
              [1.353784, 41.128083],
              [1.353811, 41.128107],
              [1.353851, 41.128137],
              [1.3539, 41.128157],
              [1.353942, 41.128162],
              [1.353973, 41.128152],
              [1.353985, 41.128123],
              [1.353992, 41.128117],
              [1.354015, 41.128111],
              [1.35407, 41.128108],
              [1.354112, 41.128103],
              [1.354129, 41.128088],
              [1.354151, 41.128069],
              [1.35416, 41.128049],
              [1.354168, 41.128032],
              [1.354183, 41.128007],
              [1.354202, 41.127982],
              [1.354211, 41.127975],
              [1.354229, 41.127969],
              [1.354249, 41.127965],
              [1.35426, 41.127964],
              [1.354272, 41.127965],
              [1.354291, 41.127972],
              [1.354328, 41.127992],
              [1.354348, 41.127997],
              [1.354405, 41.128003],
              [1.354462, 41.128002],
              [1.354535, 41.127994],
              [1.354608, 41.127986],
              [1.354643, 41.127984],
              [1.354689, 41.127981],
              [1.354717, 41.127968],
              [1.354738, 41.127951],
              [1.354762, 41.127922],
              [1.354775, 41.127907],
              [1.354793, 41.127895],
              [1.354811, 41.127885],
              [1.354821, 41.127882],
              [1.354831, 41.127883],
              [1.354879, 41.127893],
              [1.354927, 41.127903],
              [1.354978, 41.127915],
              [1.355047, 41.127931],
              [1.355087, 41.127927],
              [1.355142, 41.127915],
              [1.355197, 41.127902],
              [1.355237, 41.127892],
              [1.355278, 41.127882],
              [1.355305, 41.12788],
              [1.355332, 41.127882],
              [1.355351, 41.127888],
              [1.355397, 41.127911],
              [1.355425, 41.127913],
              [1.355455, 41.127912],
              [1.355485, 41.127914],
              [1.355518, 41.127925],
              [1.35555, 41.127936],
              [1.355603, 41.127949],
              [1.355638, 41.127952],
              [1.355676, 41.127951],
              [1.355723, 41.127944],
              [1.355758, 41.127924],
              [1.355772, 41.127917],
              [1.355787, 41.127913],
              [1.355796, 41.127912],
              [1.355806, 41.127913],
              [1.355815, 41.127914],
              [1.355823, 41.127917],
              [1.355836, 41.127927],
              [1.355855, 41.127962],
              [1.355912, 41.127997],
              [1.35594, 41.12801],
              [1.355969, 41.128021],
              [1.356019, 41.128035],
              [1.356091, 41.128048],
              [1.356136, 41.128026],
              [1.356169, 41.128007],
              [1.356199, 41.127988],
              [1.356231, 41.127968],
              [1.356252, 41.127961],
              [1.356275, 41.127957],
              [1.356307, 41.127956],
              [1.35634, 41.127957],
              [1.356374, 41.12796],
              [1.356417, 41.127964],
              [1.35645, 41.127952],
              [1.356462, 41.127948],
              [1.356473, 41.127947],
              [1.356485, 41.127951],
              [1.356511, 41.127968],
              [1.356552, 41.127972],
              [1.356581, 41.127972],
              [1.356603, 41.127972],
              [1.356631, 41.127975],
              [1.356671, 41.127986],
              [1.356709, 41.128003],
              [1.356723, 41.128015],
              [1.356737, 41.128027],
              [1.356769, 41.128048],
              [1.356789, 41.128051],
              [1.356799, 41.128051],
              [1.356809, 41.128051],
              [1.356846, 41.128051],
              [1.356837, 41.128031],
              [1.356835, 41.128024],
              [1.356837, 41.128018],
              [1.356849, 41.128004],
              [1.356861, 41.127989],
              [1.356868, 41.127982],
              [1.356874, 41.127975],
              [1.356883, 41.127971],
              [1.356899, 41.127973],
              [1.356914, 41.127979],
              [1.356941, 41.127998],
              [1.35697, 41.128016],
              [1.357024, 41.128037],
              [1.357079, 41.128056],
              [1.357116, 41.128066],
              [1.357167, 41.128078],
              [1.357186, 41.128065],
              [1.357203, 41.128059],
              [1.357222, 41.128056],
              [1.357237, 41.128057],
              [1.357259, 41.128064],
              [1.357281, 41.128076],
              [1.357293, 41.128087],
              [1.357303, 41.128099],
              [1.357336, 41.128122],
              [1.35737, 41.128145],
              [1.357441, 41.128189],
              [1.357512, 41.128234],
              [1.357559, 41.128271],
              [1.357603, 41.128301],
              [1.357664, 41.128343],
              [1.357686, 41.128351],
              [1.357737, 41.128358],
              [1.357789, 41.128364],
              [1.357847, 41.128372],
              [1.35788, 41.128349],
              [1.3579, 41.128329],
              [1.357908, 41.128319],
              [1.357923, 41.128303],
              [1.357943, 41.128278],
              [1.357958, 41.128256],
              [1.357973, 41.128233],
              [1.357981, 41.128231],
              [1.35799, 41.128233],
              [1.357998, 41.128243],
              [1.358013, 41.128275],
              [1.358038, 41.128292],
              [1.358073, 41.128309],
              [1.358103, 41.128329],
              [1.358115, 41.128346],
              [1.358131, 41.128388],
              [1.358147, 41.128403],
              [1.358184, 41.128426],
              [1.358221, 41.128448],
              [1.358241, 41.128463],
              [1.358266, 41.128488],
              [1.358289, 41.128514],
              [1.358302, 41.128532],
              [1.358314, 41.128549],
              [1.358322, 41.128556],
              [1.358329, 41.128564],
              [1.358331, 41.128571],
              [1.358333, 41.128578],
              [1.358332, 41.128612],
              [1.358332, 41.128653],
              [1.358332, 41.128707],
              [1.358342, 41.128743],
              [1.358358, 41.128777],
              [1.358379, 41.128793],
              [1.358411, 41.128808],
              [1.358426, 41.128816],
              [1.358438, 41.128825],
              [1.35844, 41.128832],
              [1.358441, 41.12885],
              [1.358455, 41.128852],
              [1.358488, 41.128855],
              [1.358522, 41.128859],
              [1.358555, 41.128865],
              [1.358561, 41.128852],
              [1.35856, 41.128844],
              [1.358568, 41.128821],
              [1.358581, 41.128798],
              [1.358597, 41.128784],
              [1.358606, 41.128779],
              [1.358617, 41.128777],
              [1.358643, 41.128777],
              [1.358669, 41.128777],
              [1.358692, 41.128777],
              [1.35872, 41.128777],
              [1.358712, 41.128759],
              [1.358712, 41.128754],
              [1.358714, 41.128751],
              [1.358724, 41.128747],
              [1.358735, 41.128744],
              [1.358743, 41.128743],
              [1.358751, 41.128743],
              [1.358778, 41.128743],
              [1.358805, 41.128727],
              [1.358825, 41.128716],
              [1.358844, 41.128711],
              [1.358863, 41.12871],
              [1.358868, 41.128715],
              [1.358874, 41.128735],
              [1.358917, 41.128733],
              [1.358958, 41.128733],
              [1.358975, 41.128728],
              [1.35899, 41.128721],
              [1.359001, 41.12872],
              [1.359011, 41.128721],
              [1.359017, 41.128725],
              [1.359027, 41.12874],
              [1.359055, 41.12874],
              [1.359085, 41.128744],
              [1.359116, 41.128749],
              [1.359124, 41.128757],
              [1.359118, 41.128781],
              [1.359157, 41.128811],
              [1.359167, 41.128824],
              [1.359173, 41.128837],
              [1.359179, 41.128852],
              [1.359181, 41.128867],
              [1.359178, 41.128883],
              [1.359176, 41.128885],
              [1.359168, 41.128885],
              [1.359143, 41.128879],
              [1.359138, 41.128895],
              [1.359135, 41.128921],
              [1.359149, 41.128931],
              [1.359185, 41.128948],
              [1.35922, 41.128965],
              [1.359236, 41.128975],
              [1.359257, 41.128989],
              [1.359272, 41.128986],
              [1.359283, 41.128966],
              [1.359315, 41.128955],
              [1.359347, 41.128944],
              [1.359357, 41.128943],
              [1.359373, 41.128946],
              [1.359388, 41.128954],
              [1.359399, 41.12897],
              [1.359406, 41.128984],
              [1.359429, 41.129009],
              [1.359452, 41.129033],
              [1.35947, 41.129043],
              [1.3595, 41.12905],
              [1.35953, 41.129056],
              [1.359603, 41.129072],
              [1.359675, 41.129088],
              [1.359789, 41.129122],
              [1.359902, 41.129157],
              [1.35998, 41.129176],
              [1.360059, 41.129194],
              [1.36014, 41.129214],
              [1.360183, 41.129218],
              [1.360198, 41.129217],
              [1.360225, 41.129217],
              [1.360252, 41.129216],
              [1.360261, 41.129219],
              [1.360271, 41.129229],
              [1.360278, 41.129241],
              [1.360278, 41.129244],
              [1.360272, 41.129248],
              [1.360241, 41.129258],
              [1.360264, 41.129285],
              [1.360284, 41.129303],
              [1.360325, 41.12934],
              [1.360352, 41.129346],
              [1.360364, 41.129346],
              [1.360398, 41.129346],
              [1.360448, 41.129336],
              [1.360488, 41.129325],
              [1.360534, 41.129313],
              [1.360544, 41.1293],
              [1.360547, 41.129282],
              [1.360543, 41.129249],
              [1.3605, 41.129148],
              [1.36048, 41.129103],
              [1.360463, 41.129057],
              [1.360462, 41.129051],
              [1.360468, 41.129042],
              [1.360477, 41.129034],
              [1.360483, 41.129032],
              [1.3605, 41.129034],
              [1.360518, 41.129022],
              [1.360535, 41.129013],
              [1.360558, 41.129005],
              [1.360583, 41.129],
              [1.360594, 41.128999],
              [1.360606, 41.129],
              [1.360628, 41.129],
              [1.360638, 41.129002],
              [1.360644, 41.129007],
              [1.360662, 41.129039],
              [1.360677, 41.129072],
              [1.360687, 41.129101],
              [1.3607, 41.129104],
              [1.36071, 41.129102],
              [1.360723, 41.129102],
              [1.360736, 41.129101],
              [1.360749, 41.129101],
              [1.360762, 41.129101],
              [1.360794, 41.129105],
              [1.360824, 41.129116],
              [1.360845, 41.129129],
              [1.360858, 41.129139],
              [1.360873, 41.129157],
              [1.360878, 41.129176],
              [1.360878, 41.129203],
              [1.360877, 41.12923],
              [1.360877, 41.129243],
              [1.360877, 41.129256],
              [1.360874, 41.129265],
              [1.360862, 41.129276],
              [1.360847, 41.129285],
              [1.360837, 41.129288],
              [1.360813, 41.129288],
              [1.360791, 41.129315],
              [1.360771, 41.12934],
              [1.360757, 41.129358],
              [1.360746, 41.129364],
              [1.360711, 41.129369],
              [1.360711, 41.129383],
              [1.360712, 41.129438],
              [1.360756, 41.129481],
              [1.360803, 41.129544],
              [1.360835, 41.129562],
              [1.360859, 41.129573],
              [1.36073, 41.12973],
              [1.360729, 41.12973],
              [1.360667, 41.129817],
              [1.360624, 41.129876]
            ]
          ]
        ]
      }
    },
    {
      "type": "Feature",
      "properties": {
        "id": "cami-de-la-salut",
        "name": "Camí de la Salut",
        "cityId": "tarragona"
      },
      "geometry": {
        "type": "MultiPolygon",
        "coordinates": [
          [
            [
              [1.263237, 41.122546],
              [1.263099, 41.123078],
              [1.262964, 41.123158],
              [1.262927, 41.123277],
              [1.262669, 41.123239],
              [1.262549, 41.123224],
              [1.262432, 41.123213],
              [1.262182, 41.123197],
              [1.261929, 41.123189],
              [1.261841, 41.123188],
              [1.261659, 41.123191],
              [1.26151, 41.123197],
              [1.26128, 41.123212],
              [1.261021, 41.123236],
              [1.26083, 41.123258],
              [1.260455, 41.123305],
              [1.259873, 41.123396],
              [1.259062, 41.123519],
              [1.258621, 41.123563],
              [1.258215, 41.123589],
              [1.257812, 41.123601],
              [1.257103, 41.123589],
              [1.256807, 41.123577],
              [1.25655, 41.123562],
              [1.255834, 41.123508],
              [1.255339, 41.123473],
              [1.254976, 41.12343],
              [1.254884, 41.123419],
              [1.254358, 41.123368],
              [1.254441, 41.123241],
              [1.255348, 41.121948],
              [1.255118, 41.121874],
              [1.254903, 41.121808],
              [1.254654, 41.121589],
              [1.254599, 41.121414],
              [1.254585, 41.121376],
              [1.254429, 41.120874],
              [1.254383, 41.120731],
              [1.254183, 41.120105],
              [1.25409, 41.119908],
              [1.254059, 41.119859],
              [1.253981, 41.119768],
              [1.253895, 41.119681],
              [1.253824, 41.119618],
              [1.253595, 41.119437],
              [1.253695, 41.119366],
              [1.255803, 41.120717],
              [1.256099, 41.120877],
              [1.256028, 41.12098],
              [1.258049, 41.121592],
              [1.25815, 41.121614],
              [1.258325, 41.121565],
              [1.258548, 41.12143],
              [1.258611, 41.12139],
              [1.258885, 41.121457],
              [1.258955, 41.121471],
              [1.259026, 41.121482],
              [1.259155, 41.121494],
              [1.259269, 41.121508],
              [1.259381, 41.121528],
              [1.259497, 41.121554],
              [1.259707, 41.121533],
              [1.259714, 41.121541],
              [1.259779, 41.121538],
              [1.259854, 41.121633],
              [1.259934, 41.121721],
              [1.259984, 41.121749],
              [1.260082, 41.121808],
              [1.260242, 41.121921],
              [1.260339, 41.12197],
              [1.260418, 41.122002],
              [1.260499, 41.12203],
              [1.260581, 41.122055],
              [1.260665, 41.122079],
              [1.260749, 41.1221],
              [1.260834, 41.122119],
              [1.26092, 41.122136],
              [1.261006, 41.12215],
              [1.261094, 41.122163],
              [1.261181, 41.122173],
              [1.261269, 41.122181],
              [1.261358, 41.122187],
              [1.261624, 41.122197],
              [1.261802, 41.122209],
              [1.261979, 41.122224],
              [1.262156, 41.122245],
              [1.262331, 41.12227],
              [1.262505, 41.122299],
              [1.262562, 41.122309],
              [1.262676, 41.122327],
              [1.26266, 41.122434],
              [1.262852, 41.122478],
              [1.26298, 41.122503],
              [1.263108, 41.122526],
              [1.263237, 41.122546]
            ]
          ]
        ]
      }
    },
    {
      "type": "Feature",
      "properties": {
        "id": "campclar",
        "name": "Campclar",
        "cityId": "tarragona"
      },
      "geometry": {
        "type": "MultiPolygon",
        "coordinates": [
          [
            [
              [1.200587, 41.114925],
              [1.201138, 41.114939],
              [1.201857, 41.114959],
              [1.205252, 41.115048],
              [1.20609, 41.115067],
              [1.207539, 41.115105],
              [1.208846, 41.115132],
              [1.209554, 41.115156],
              [1.210534, 41.115174],
              [1.210469, 41.116669],
              [1.210464, 41.116738],
              [1.210461, 41.116808],
              [1.210462, 41.116878],
              [1.210465, 41.116948],
              [1.210472, 41.117017],
              [1.210482, 41.117087],
              [1.210495, 41.117156],
              [1.210511, 41.117224],
              [1.210531, 41.117293],
              [1.210573, 41.117403],
              [1.2106, 41.117463],
              [1.210632, 41.117525],
              [1.210691, 41.117627],
              [1.211206, 41.118457],
              [1.211264, 41.118552],
              [1.211298, 41.118612],
              [1.211326, 41.118669],
              [1.211353, 41.118727],
              [1.211377, 41.118788],
              [1.211399, 41.11885],
              [1.211434, 41.118971],
              [1.211448, 41.119035],
              [1.211476, 41.119196],
              [1.211477, 41.119202],
              [1.211478, 41.119207],
              [1.211478, 41.119213],
              [1.211478, 41.119219],
              [1.211478, 41.119225],
              [1.211259, 41.124364],
              [1.211206, 41.1251],
              [1.210625, 41.125255],
              [1.210308, 41.125347],
              [1.210121, 41.125002],
              [1.209976, 41.12475],
              [1.209977, 41.124717],
              [1.209512, 41.124706],
              [1.209386, 41.1247],
              [1.209251, 41.124697],
              [1.209103, 41.124691],
              [1.209024, 41.124686],
              [1.20887, 41.124656],
              [1.208755, 41.124627],
              [1.208645, 41.124591],
              [1.208564, 41.12456],
              [1.208422, 41.124496],
              [1.207616, 41.124121],
              [1.207772, 41.123761],
              [1.20782, 41.123759],
              [1.207866, 41.123753],
              [1.207906, 41.123743],
              [1.207944, 41.12373],
              [1.207979, 41.123712],
              [1.20801, 41.12369],
              [1.208036, 41.123665],
              [1.208057, 41.123638],
              [1.208073, 41.123608],
              [1.208084, 41.123577],
              [1.208089, 41.123545],
              [1.208087, 41.123514],
              [1.208079, 41.123483],
              [1.208066, 41.123453],
              [1.208048, 41.123424],
              [1.208026, 41.123397],
              [1.208, 41.12337],
              [1.207962, 41.123337],
              [1.207904, 41.123301],
              [1.20789, 41.123298],
              [1.208016, 41.123122],
              [1.208075, 41.123049],
              [1.208105, 41.122996],
              [1.208072, 41.122838],
              [1.207959, 41.122263],
              [1.20793, 41.122086],
              [1.207861, 41.121712],
              [1.207848, 41.121622],
              [1.207842, 41.121532],
              [1.207841, 41.121441],
              [1.207954, 41.119796],
              [1.207969, 41.119499],
              [1.207975, 41.119004],
              [1.207728, 41.118973],
              [1.207569, 41.118958],
              [1.206761, 41.118913],
              [1.205863, 41.118858],
              [1.20547, 41.118835],
              [1.205244, 41.118824],
              [1.205032, 41.118814],
              [1.204906, 41.118817],
              [1.204642, 41.118836],
              [1.204396, 41.118865],
              [1.204189, 41.118903],
              [1.203953, 41.118947],
              [1.203713, 41.119015],
              [1.203431, 41.119093],
              [1.202473, 41.119357],
              [1.201114, 41.119739],
              [1.200449, 41.119923],
              [1.199938, 41.120065],
              [1.199649, 41.120142],
              [1.199578, 41.120162],
              [1.198255, 41.117457],
              [1.198653, 41.117362],
              [1.198914, 41.1173],
              [1.198996, 41.117264],
              [1.199186, 41.117152],
              [1.199043, 41.116988],
              [1.199, 41.116956],
              [1.198903, 41.116873],
              [1.198851, 41.116808],
              [1.198797, 41.116725],
              [1.198758, 41.116639],
              [1.198738, 41.116546],
              [1.198741, 41.116437],
              [1.198757, 41.116326],
              [1.198784, 41.116232],
              [1.198845, 41.116139],
              [1.198912, 41.116054],
              [1.199003, 41.115981],
              [1.199103, 41.11592],
              [1.19929, 41.115825],
              [1.199434, 41.115769],
              [1.199642, 41.115679],
              [1.199871, 41.115587],
              [1.200049, 41.115506],
              [1.200166, 41.115455],
              [1.200248, 41.115414],
              [1.200316, 41.115377],
              [1.200396, 41.115322],
              [1.200449, 41.11526],
              [1.200507, 41.115165],
              [1.200552, 41.115079],
              [1.200571, 41.115029],
              [1.200582, 41.114981],
              [1.200587, 41.114925]
            ]
          ]
        ]
      }
    },
    {
      "type": "Feature",
      "properties": {
        "id": "carretera-de-valencia",
        "name": "Carretera de València",
        "cityId": "tarragona"
      },
      "geometry": {
        "type": "MultiPolygon",
        "coordinates": [
          [
            [
              [1.21961, 41.114116],
              [1.219961, 41.114178],
              [1.220833, 41.114436],
              [1.221687, 41.115186],
              [1.221916, 41.115438],
              [1.221855, 41.115436],
              [1.221371, 41.115429],
              [1.220872, 41.115431],
              [1.220357, 41.115424],
              [1.219532, 41.115408],
              [1.218362, 41.115375],
              [1.217222, 41.115345],
              [1.215183, 41.11529],
              [1.214931, 41.115285],
              [1.213329, 41.115248],
              [1.213023, 41.115242],
              [1.211829, 41.115208],
              [1.210534, 41.115174],
              [1.209554, 41.115156],
              [1.208846, 41.115132],
              [1.207539, 41.115105],
              [1.20609, 41.115067],
              [1.205252, 41.115048],
              [1.201857, 41.114959],
              [1.201138, 41.114939],
              [1.199749, 41.114905],
              [1.198707, 41.114884],
              [1.197478, 41.114854],
              [1.197076, 41.114847],
              [1.197073, 41.114785],
              [1.197674, 41.111242],
              [1.199056, 41.111231],
              [1.201665, 41.111193],
              [1.210896, 41.11114],
              [1.211025, 41.111137],
              [1.211686, 41.112319],
              [1.211962, 41.112503],
              [1.2125, 41.112726],
              [1.212543, 41.112738],
              [1.21265, 41.112766],
              [1.212764, 41.112792],
              [1.216224, 41.113508],
              [1.216438, 41.113548],
              [1.21961, 41.114116]
            ]
          ]
        ]
      }
    },
    {
      "type": "Feature",
      "properties": {
        "id": "ciutat-jardi-monguio",
        "name": "Ciutat Jardí - Monguió",
        "cityId": "tarragona"
      },
      "geometry": {
        "type": "MultiPolygon",
        "coordinates": [
          [
            [
              [1.260854, 41.118436],
              [1.260824, 41.118413],
              [1.26078, 41.118377],
              [1.259504, 41.116831],
              [1.258995, 41.116589],
              [1.257765, 41.116134],
              [1.257591, 41.115991],
              [1.257396, 41.115416],
              [1.257487, 41.115417],
              [1.258695, 41.115733],
              [1.258822, 41.115762],
              [1.258999, 41.115806],
              [1.260858, 41.116294],
              [1.262723, 41.116782],
              [1.262583, 41.117071],
              [1.261518, 41.117891],
              [1.260854, 41.118436]
            ]
          ]
        ]
      }
    },
    {
      "type": "Feature",
      "properties": {
        "id": "ciutat-residencial",
        "name": "Ciutat Residencial",
        "cityId": "tarragona"
      },
      "geometry": {
        "type": "MultiPolygon",
        "coordinates": [
          [
            [
              [1.300997, 41.130625],
              [1.301324, 41.130681],
              [1.301737, 41.13073],
              [1.302014, 41.130759],
              [1.301915, 41.130799],
              [1.30171, 41.13096],
              [1.301128, 41.131383],
              [1.30099, 41.131416],
              [1.301427, 41.132258],
              [1.301571, 41.13235],
              [1.302176, 41.133013],
              [1.301875, 41.133064],
              [1.301642, 41.133108],
              [1.300523, 41.133224],
              [1.299958, 41.133164],
              [1.299757, 41.133211],
              [1.299386, 41.133294],
              [1.299417, 41.133169],
              [1.299124, 41.133127],
              [1.297903, 41.132898],
              [1.297584, 41.132846],
              [1.29741, 41.132811],
              [1.297339, 41.132805],
              [1.297052, 41.132756],
              [1.297055, 41.132729],
              [1.297053, 41.132686],
              [1.297054, 41.132629],
              [1.297084, 41.132516],
              [1.297101, 41.132467],
              [1.297133, 41.132391],
              [1.297227, 41.132206],
              [1.297282, 41.132081],
              [1.297314, 41.131992],
              [1.297333, 41.131929],
              [1.297355, 41.131845],
              [1.297375, 41.131732],
              [1.297387, 41.13169],
              [1.297405, 41.13165],
              [1.297431, 41.131612],
              [1.297462, 41.131577],
              [1.297499, 41.131545],
              [1.297541, 41.131517],
              [1.297582, 41.131496],
              [1.297624, 41.131478],
              [1.297669, 41.131464],
              [1.297773, 41.131442],
              [1.297879, 41.131424],
              [1.297943, 41.131405],
              [1.298005, 41.131383],
              [1.298064, 41.131358],
              [1.298121, 41.131328],
              [1.298366, 41.131207],
              [1.298415, 41.13118],
              [1.298464, 41.131145],
              [1.298506, 41.131109],
              [1.298541, 41.131068],
              [1.298563, 41.131028],
              [1.29864, 41.130801],
              [1.298672, 41.13071],
              [1.298873, 41.130541],
              [1.29891, 41.13053],
              [1.299721, 41.130327],
              [1.299927, 41.130391],
              [1.30011, 41.130443],
              [1.300372, 41.13051],
              [1.300684, 41.130578],
              [1.300997, 41.130625]
            ]
          ]
        ]
      }
    },
    {
      "type": "Feature",
      "properties": {
        "id": "colls-majors",
        "name": "Colls Majors",
        "cityId": "tarragona"
      },
      "geometry": {
        "type": "MultiPolygon",
        "coordinates": [
          [
            [
              [1.29681, 41.133262],
              [1.296859, 41.133436],
              [1.296905, 41.133569],
              [1.296977, 41.133713],
              [1.297024, 41.133985],
              [1.297062, 41.134094],
              [1.297098, 41.134186],
              [1.297297, 41.134183],
              [1.297292, 41.134286],
              [1.297298, 41.13439],
              [1.2973, 41.13439],
              [1.297353, 41.134473],
              [1.2974, 41.134509],
              [1.297484, 41.134563],
              [1.297469, 41.134642],
              [1.297245, 41.134654],
              [1.296925, 41.134664],
              [1.296805, 41.134655],
              [1.296693, 41.134643],
              [1.295617, 41.134545],
              [1.295566, 41.134166],
              [1.295065, 41.133982],
              [1.294774, 41.13396],
              [1.294284, 41.134597],
              [1.294171, 41.134616],
              [1.294134, 41.134626],
              [1.294094, 41.134633],
              [1.294038, 41.13465],
              [1.293561, 41.134804],
              [1.293504, 41.13483],
              [1.293409, 41.134883],
              [1.293576, 41.133722],
              [1.293521, 41.133605],
              [1.293422, 41.133544],
              [1.293346, 41.133488],
              [1.293276, 41.133427],
              [1.293191, 41.133334],
              [1.293133, 41.133249],
              [1.293095, 41.133173],
              [1.293072, 41.133111],
              [1.293061, 41.133063],
              [1.293052, 41.132999],
              [1.293053, 41.132902],
              [1.29306, 41.132854],
              [1.293074, 41.132807],
              [1.293122, 41.1327],
              [1.293204, 41.132551],
              [1.293235, 41.132487],
              [1.293249, 41.132427],
              [1.293258, 41.132346],
              [1.293259, 41.132298],
              [1.293253, 41.132218],
              [1.293354, 41.132222],
              [1.293608, 41.132237],
              [1.293656, 41.131969],
              [1.293714, 41.131772],
              [1.293809, 41.131584],
              [1.294146, 41.131645],
              [1.294137, 41.13127],
              [1.294176, 41.131264],
              [1.294224, 41.131249],
              [1.294268, 41.131229],
              [1.294307, 41.131205],
              [1.294341, 41.131176],
              [1.294369, 41.131144],
              [1.294394, 41.13111],
              [1.294422, 41.131061],
              [1.294642, 41.131117],
              [1.294653, 41.130967],
              [1.294651, 41.130878],
              [1.294643, 41.130819],
              [1.294618, 41.130701],
              [1.294601, 41.130597],
              [1.294589, 41.130281],
              [1.294576, 41.130282],
              [1.294565, 41.130117],
              [1.294559, 41.129962],
              [1.294547, 41.129852],
              [1.294581, 41.129805],
              [1.2946, 41.129773],
              [1.294891, 41.129748],
              [1.295272, 41.129724],
              [1.29539, 41.129697],
              [1.2954, 41.1297],
              [1.295422, 41.129699],
              [1.296, 41.129623],
              [1.295833, 41.129158],
              [1.295817, 41.129126],
              [1.295715, 41.128843],
              [1.295611, 41.128529],
              [1.295358, 41.127794],
              [1.295565, 41.127878],
              [1.295697, 41.127938],
              [1.295916, 41.128035],
              [1.296137, 41.128141],
              [1.296337, 41.128243],
              [1.296448, 41.128302],
              [1.296569, 41.128369],
              [1.296676, 41.128431],
              [1.296744, 41.128473],
              [1.296842, 41.128537],
              [1.296993, 41.128642],
              [1.29713, 41.128747],
              [1.297259, 41.128852],
              [1.297499, 41.129057],
              [1.297625, 41.129162],
              [1.297825, 41.129322],
              [1.297869, 41.12935],
              [1.297904, 41.129381],
              [1.298057, 41.129492],
              [1.298221, 41.129602],
              [1.298382, 41.129705],
              [1.298415, 41.129726],
              [1.298569, 41.129819],
              [1.298743, 41.129915],
              [1.298905, 41.129998],
              [1.299089, 41.130084],
              [1.299308, 41.130177],
              [1.299426, 41.130222],
              [1.299544, 41.130266],
              [1.299672, 41.130312],
              [1.299721, 41.130327],
              [1.29891, 41.13053],
              [1.298873, 41.130541],
              [1.298672, 41.13071],
              [1.29864, 41.130801],
              [1.298563, 41.131028],
              [1.298541, 41.131068],
              [1.298506, 41.131109],
              [1.298464, 41.131145],
              [1.298415, 41.13118],
              [1.298366, 41.131207],
              [1.298121, 41.131328],
              [1.298064, 41.131358],
              [1.298005, 41.131383],
              [1.297943, 41.131405],
              [1.297879, 41.131424],
              [1.297773, 41.131442],
              [1.297669, 41.131464],
              [1.297624, 41.131478],
              [1.297582, 41.131496],
              [1.297541, 41.131517],
              [1.297499, 41.131545],
              [1.297462, 41.131577],
              [1.297431, 41.131612],
              [1.297405, 41.13165],
              [1.297387, 41.13169],
              [1.297375, 41.131732],
              [1.297355, 41.131845],
              [1.297333, 41.131929],
              [1.297314, 41.131992],
              [1.297282, 41.132081],
              [1.297227, 41.132206],
              [1.297133, 41.132391],
              [1.297101, 41.132467],
              [1.297084, 41.132516],
              [1.297054, 41.132629],
              [1.297053, 41.132686],
              [1.297055, 41.132729],
              [1.297052, 41.132761],
              [1.297002, 41.132758],
              [1.29702, 41.132843],
              [1.297044, 41.132985],
              [1.297052, 41.133042],
              [1.297083, 41.133143],
              [1.29705, 41.133105],
              [1.297023, 41.133083],
              [1.296956, 41.133039],
              [1.29685, 41.132983],
              [1.296741, 41.132906],
              [1.29673, 41.132934],
              [1.296753, 41.133032],
              [1.29677, 41.13309],
              [1.29681, 41.133262]
            ]
          ]
        ]
      }
    },
    {
      "type": "Feature",
      "properties": {
        "id": "diposit-de-runes-la-budellera",
        "name": "Dipòsit de runes la Budellera",
        "cityId": "tarragona"
      },
      "geometry": {
        "type": "MultiPolygon",
        "coordinates": [
          [
            [
              [1.272729, 41.129463],
              [1.272671, 41.129536],
              [1.272637, 41.12952],
              [1.272567, 41.129453],
              [1.27251, 41.129431],
              [1.272431, 41.129412],
              [1.272119, 41.129403],
              [1.271872, 41.12942],
              [1.271596, 41.129471],
              [1.271392, 41.129502],
              [1.271125, 41.129506],
              [1.270921, 41.129473],
              [1.27071, 41.12951],
              [1.270522, 41.129544],
              [1.270218, 41.129636],
              [1.269923, 41.129761],
              [1.269586, 41.129961],
              [1.269351, 41.130153],
              [1.269171, 41.130338],
              [1.268998, 41.130523],
              [1.268957, 41.13056],
              [1.268893, 41.130601],
              [1.268824, 41.130631],
              [1.268748, 41.130652],
              [1.268668, 41.130664],
              [1.268586, 41.130665],
              [1.268505, 41.130655],
              [1.268428, 41.130635],
              [1.268352, 41.130604],
              [1.266567, 41.129497],
              [1.266009, 41.129009],
              [1.265354, 41.128445],
              [1.264685, 41.127871],
              [1.264057, 41.127331],
              [1.263405, 41.126769],
              [1.263237, 41.126622],
              [1.263047, 41.126447],
              [1.263015, 41.126275],
              [1.262957, 41.126082],
              [1.262857, 41.125884],
              [1.262738, 41.125691],
              [1.262625, 41.125555],
              [1.262438, 41.12542],
              [1.262304, 41.125325],
              [1.262135, 41.125196],
              [1.262231, 41.125129],
              [1.26228, 41.125096],
              [1.262362, 41.125045],
              [1.262404, 41.125021],
              [1.262485, 41.12498],
              [1.262542, 41.124956],
              [1.262601, 41.124935],
              [1.262698, 41.124905],
              [1.26275, 41.124892],
              [1.262803, 41.124883],
              [1.262857, 41.124876],
              [1.262911, 41.124872],
              [1.263369, 41.12486],
              [1.263471, 41.124858],
              [1.263572, 41.124859],
              [1.263674, 41.124863],
              [1.263775, 41.124869],
              [1.263876, 41.124878],
              [1.263976, 41.12489],
              [1.264076, 41.124904],
              [1.264175, 41.12492],
              [1.264273, 41.12494],
              [1.264371, 41.124961],
              [1.264467, 41.124985],
              [1.264547, 41.125007],
              [1.264592, 41.125026],
              [1.264625, 41.125045],
              [1.264661, 41.125073],
              [1.264684, 41.125098],
              [1.264713, 41.125143],
              [1.264759, 41.125305],
              [1.2648, 41.125429],
              [1.264846, 41.125553],
              [1.264898, 41.125675],
              [1.264956, 41.125796],
              [1.265018, 41.125915],
              [1.265086, 41.126033],
              [1.26516, 41.126149],
              [1.265238, 41.126263],
              [1.265321, 41.126374],
              [1.26541, 41.126484],
              [1.265503, 41.126592],
              [1.265601, 41.126697],
              [1.265703, 41.126799],
              [1.265769, 41.126859],
              [1.265858, 41.12693],
              [1.265974, 41.127006],
              [1.266075, 41.127061],
              [1.266153, 41.12709],
              [1.266214, 41.127108],
              [1.266297, 41.127124],
              [1.266364, 41.127129],
              [1.266449, 41.12713],
              [1.266541, 41.12712],
              [1.266623, 41.127101],
              [1.266683, 41.127093],
              [1.266745, 41.12709],
              [1.266786, 41.12709],
              [1.266827, 41.127093],
              [1.266868, 41.127097],
              [1.266908, 41.127104],
              [1.266967, 41.127118],
              [1.267005, 41.12713],
              [1.267042, 41.127144],
              [1.267077, 41.12716],
              [1.26711, 41.127177],
              [1.267155, 41.127205],
              [1.267197, 41.127236],
              [1.267349, 41.127366],
              [1.267545, 41.127525],
              [1.267596, 41.127569],
              [1.267645, 41.127615],
              [1.267737, 41.127709],
              [1.267779, 41.127758],
              [1.26782, 41.127808],
              [1.267859, 41.127858],
              [1.267895, 41.12791],
              [1.267964, 41.128013],
              [1.268013, 41.128074],
              [1.268069, 41.12813],
              [1.268119, 41.128173],
              [1.268172, 41.128213],
              [1.268229, 41.12825],
              [1.268289, 41.128284],
              [1.268352, 41.128315],
              [1.268418, 41.128342],
              [1.268487, 41.128366],
              [1.268587, 41.128394],
              [1.268676, 41.128409],
              [1.268782, 41.128407],
              [1.268884, 41.128387],
              [1.268967, 41.128354],
              [1.269038, 41.128309],
              [1.269096, 41.128254],
              [1.269136, 41.128191],
              [1.269161, 41.128118],
              [1.269161, 41.128043],
              [1.269144, 41.127982],
              [1.269093, 41.127881],
              [1.269045, 41.127795],
              [1.268993, 41.127709],
              [1.268937, 41.127625],
              [1.268879, 41.127542],
              [1.268817, 41.12746],
              [1.268751, 41.12738],
              [1.268615, 41.127223],
              [1.268596, 41.127195],
              [1.268582, 41.127166],
              [1.268574, 41.127136],
              [1.268571, 41.127097],
              [1.268577, 41.127059],
              [1.268588, 41.127029],
              [1.268604, 41.127],
              [1.268632, 41.126968],
              [1.268666, 41.126939],
              [1.268698, 41.126919],
              [1.268743, 41.1269],
              [1.268791, 41.126887],
              [1.268841, 41.12688],
              [1.268882, 41.126879],
              [1.269196, 41.126906],
              [1.269361, 41.126922],
              [1.269527, 41.126942],
              [1.269691, 41.126966],
              [1.269854, 41.126993],
              [1.270016, 41.127025],
              [1.270177, 41.127059],
              [1.270372, 41.127107],
              [1.270564, 41.12716],
              [1.271019, 41.127098],
              [1.271278, 41.127062],
              [1.271397, 41.127183],
              [1.271493, 41.127272],
              [1.271559, 41.12733],
              [1.271772, 41.127427],
              [1.27184, 41.127461],
              [1.271935, 41.127502],
              [1.273006, 41.12792],
              [1.273182, 41.128025],
              [1.273212, 41.128039],
              [1.27327, 41.128072],
              [1.273345, 41.128095],
              [1.273457, 41.128118],
              [1.273476, 41.128123],
              [1.273503, 41.128129],
              [1.273541, 41.128138],
              [1.273573, 41.128149],
              [1.2736, 41.128162],
              [1.273622, 41.128182],
              [1.273645, 41.128205],
              [1.273689, 41.128242],
              [1.273707, 41.128259],
              [1.273736, 41.128275],
              [1.2738, 41.128313],
              [1.273874, 41.128314],
              [1.273227, 41.12896],
              [1.273078, 41.129103],
              [1.273008, 41.129167],
              [1.272947, 41.129223],
              [1.272896, 41.129259],
              [1.272729, 41.129463]
            ]
          ]
        ]
      }
    },
    {
      "type": "Feature",
      "properties": {
        "id": "eixample-nord",
        "name": "Eixample Nord",
        "cityId": "tarragona"
      },
      "geometry": {
        "type": "MultiPolygon",
        "coordinates": [
          [
            [
              [1.25231, 41.123093],
              [1.252398, 41.123285],
              [1.252445, 41.123372],
              [1.252489, 41.123459],
              [1.252407, 41.123473],
              [1.252279, 41.123498],
              [1.25183, 41.123606],
              [1.251751, 41.123626],
              [1.25153, 41.123688],
              [1.251308, 41.123754],
              [1.250559, 41.123986],
              [1.250387, 41.124036],
              [1.250273, 41.124067],
              [1.250085, 41.124116],
              [1.249997, 41.124137],
              [1.249809, 41.124178],
              [1.249517, 41.124234],
              [1.249146, 41.124289],
              [1.248956, 41.124313],
              [1.248733, 41.124337],
              [1.24856, 41.124355],
              [1.248492, 41.123441],
              [1.248478, 41.123277],
              [1.248457, 41.123024],
              [1.248333, 41.12281],
              [1.247758, 41.121937],
              [1.24767, 41.121807],
              [1.247649, 41.12178],
              [1.246815, 41.120784],
              [1.246098, 41.119919],
              [1.245375, 41.119068],
              [1.249294, 41.117182],
              [1.249467, 41.117233],
              [1.250219, 41.117449],
              [1.250572, 41.117565],
              [1.250868, 41.11773],
              [1.251016, 41.117815],
              [1.251107, 41.117873],
              [1.251252, 41.117837],
              [1.251898, 41.117694],
              [1.252061, 41.117836],
              [1.251709, 41.118183],
              [1.250884, 41.118983],
              [1.250798, 41.119058],
              [1.250889, 41.119325],
              [1.251071, 41.119795],
              [1.251127, 41.119952],
              [1.251218, 41.12017],
              [1.251435, 41.120734],
              [1.251495, 41.120928],
              [1.251558, 41.121134],
              [1.251595, 41.121229],
              [1.252056, 41.122418],
              [1.25231, 41.123093]
            ]
          ]
        ]
      }
    },
    {
      "type": "Feature",
      "properties": {
        "id": "eixample-rambla",
        "name": "Eixample Rambla",
        "cityId": "tarragona"
      },
      "geometry": {
        "type": "MultiPolygon",
        "coordinates": [
          [
            [
              [1.257061, 41.115468],
              [1.256306, 41.115809],
              [1.252922, 41.117453],
              [1.252636, 41.117522],
              [1.251898, 41.117694],
              [1.251252, 41.117837],
              [1.251107, 41.117873],
              [1.251016, 41.117815],
              [1.250868, 41.11773],
              [1.250572, 41.117565],
              [1.250219, 41.117449],
              [1.249467, 41.117233],
              [1.249294, 41.117182],
              [1.248597, 41.116974],
              [1.245277, 41.116014],
              [1.245236, 41.115999],
              [1.245199, 41.115977],
              [1.245169, 41.115951],
              [1.245146, 41.115922],
              [1.245131, 41.115889],
              [1.244506, 41.11396],
              [1.244286, 41.113266],
              [1.244459, 41.113235],
              [1.244532, 41.113325],
              [1.244679, 41.113517],
              [1.244734, 41.113591],
              [1.244774, 41.113651],
              [1.245037, 41.113599],
              [1.245327, 41.113539],
              [1.245375, 41.11353],
              [1.245375, 41.113478],
              [1.245446, 41.113416],
              [1.245331, 41.113344],
              [1.245769, 41.113197],
              [1.245788, 41.113259],
              [1.246415, 41.113014],
              [1.246544, 41.112971],
              [1.246935, 41.11286],
              [1.247012, 41.112841],
              [1.247459, 41.112816],
              [1.247662, 41.112907],
              [1.247857, 41.113032],
              [1.248086, 41.113217],
              [1.248133, 41.113275],
              [1.248195, 41.113268],
              [1.248239, 41.11326],
              [1.248311, 41.113253],
              [1.248653, 41.113207],
              [1.248693, 41.113191],
              [1.249124, 41.113083],
              [1.24916, 41.113097],
              [1.250326, 41.112919],
              [1.25053, 41.113165],
              [1.250769, 41.113421],
              [1.250949, 41.113633],
              [1.251039, 41.113713],
              [1.251149, 41.113877],
              [1.25173, 41.11364],
              [1.251879, 41.113764],
              [1.252033, 41.113854],
              [1.252057, 41.113884],
              [1.252219, 41.113896],
              [1.254841, 41.11252],
              [1.256479, 41.113666],
              [1.257408, 41.114089],
              [1.257542, 41.11516],
              [1.257487, 41.115417],
              [1.257401, 41.115416],
              [1.257278, 41.115414],
              [1.257061, 41.115468]
            ]
          ]
        ]
      }
    },
    {
      "type": "Feature",
      "properties": {
        "id": "eixample-sud",
        "name": "Eixample Sud",
        "cityId": "tarragona"
      },
      "geometry": {
        "type": "MultiPolygon",
        "coordinates": [
          [
            [
              [1.236433, 41.120099],
              [1.236553, 41.119637],
              [1.236654, 41.119244],
              [1.23667, 41.119176],
              [1.236747, 41.118862],
              [1.236929, 41.118655],
              [1.23699, 41.117735],
              [1.237488, 41.11628],
              [1.237503, 41.11621],
              [1.237639, 41.116202],
              [1.237829, 41.116197],
              [1.238039, 41.116195],
              [1.24019, 41.11615],
              [1.241012, 41.116129],
              [1.241815, 41.116114],
              [1.242892, 41.11609],
              [1.243666, 41.11607],
              [1.24416, 41.11606],
              [1.245277, 41.116014],
              [1.248597, 41.116974],
              [1.249294, 41.117182],
              [1.245375, 41.119068],
              [1.241029, 41.121159],
              [1.239842, 41.12173],
              [1.237033, 41.123082],
              [1.235468, 41.121401],
              [1.235399, 41.121332],
              [1.235465, 41.121255],
              [1.235564, 41.121158],
              [1.235617, 41.121106],
              [1.235973, 41.120755],
              [1.235983, 41.120746],
              [1.235997, 41.120725],
              [1.23602, 41.120691],
              [1.236027, 41.12068],
              [1.236048, 41.12065],
              [1.236053, 41.120642],
              [1.236095, 41.120579],
              [1.236099, 41.120573],
              [1.236246, 41.120355],
              [1.236433, 41.120099]
            ]
          ]
        ]
      }
    },
    {
      "type": "Feature",
      "properties": {
        "id": "el-barranc-del-diable",
        "name": "el Barranc del Diable",
        "cityId": "tarragona"
      },
      "geometry": {
        "type": "MultiPolygon",
        "coordinates": [
          [
            [
              [1.249815, 41.143539],
              [1.249031, 41.143669],
              [1.248541, 41.143753],
              [1.248037, 41.143838],
              [1.24665, 41.144091],
              [1.24575, 41.144257],
              [1.244665, 41.144448],
              [1.243576, 41.144635],
              [1.242258, 41.144829],
              [1.241421, 41.144945],
              [1.240178, 41.145101],
              [1.239494, 41.145169],
              [1.239491, 41.145124],
              [1.239482, 41.144972],
              [1.239445, 41.144225],
              [1.239397, 41.143347],
              [1.239368, 41.142984],
              [1.23933, 41.142584],
              [1.239264, 41.141853],
              [1.239238, 41.141469],
              [1.240204, 41.141522],
              [1.240477, 41.141535],
              [1.240751, 41.141546],
              [1.241025, 41.141554],
              [1.241299, 41.14156],
              [1.241574, 41.141563],
              [1.241848, 41.141562],
              [1.242122, 41.141558],
              [1.242397, 41.14155],
              [1.24267, 41.141538],
              [1.242944, 41.141523],
              [1.243216, 41.141502],
              [1.243488, 41.141478],
              [1.243758, 41.141449],
              [1.244028, 41.141415],
              [1.244296, 41.141377],
              [1.244564, 41.141335],
              [1.244831, 41.141289],
              [1.245098, 41.141242],
              [1.245364, 41.141192],
              [1.245895, 41.14109],
              [1.246104, 41.140698],
              [1.246615, 41.14105],
              [1.246852, 41.141221],
              [1.247367, 41.141715],
              [1.251254, 41.141146],
              [1.252436, 41.141153],
              [1.252298, 41.141648],
              [1.253825, 41.141896],
              [1.253989, 41.141288],
              [1.253987, 41.141147],
              [1.254063, 41.141163],
              [1.254089, 41.141163],
              [1.255879, 41.141174],
              [1.260688, 41.141193],
              [1.260774, 41.140746],
              [1.261207, 41.140958],
              [1.261407, 41.140979],
              [1.261571, 41.140965],
              [1.261964, 41.140916],
              [1.26202, 41.140921],
              [1.262193, 41.140935],
              [1.263379, 41.141136],
              [1.263945, 41.14119],
              [1.26517, 41.141218],
              [1.265856, 41.141247],
              [1.266287, 41.141303],
              [1.266605, 41.141391],
              [1.266961, 41.141525],
              [1.267263, 41.141668],
              [1.267949, 41.142082],
              [1.268631, 41.142522],
              [1.269519, 41.14308],
              [1.269944, 41.143375],
              [1.270235, 41.143614],
              [1.270464, 41.143841],
              [1.270598, 41.144094],
              [1.270674, 41.144275],
              [1.270721, 41.144442],
              [1.270765, 41.144608],
              [1.270808, 41.144773],
              [1.270816, 41.144908],
              [1.270811, 41.145053],
              [1.270802, 41.14525],
              [1.270794, 41.145401],
              [1.27078, 41.145547],
              [1.270464, 41.145488],
              [1.269911, 41.145356],
              [1.269441, 41.145233],
              [1.268762, 41.145051],
              [1.268014, 41.144853],
              [1.26745, 41.144701],
              [1.267022, 41.144586],
              [1.266553, 41.144461],
              [1.266124, 41.144353],
              [1.265696, 41.144245],
              [1.265168, 41.14411],
              [1.264755, 41.144017],
              [1.264271, 41.143912],
              [1.263707, 41.143794],
              [1.2632, 41.143698],
              [1.262778, 41.14362],
              [1.262409, 41.143558],
              [1.262103, 41.143508],
              [1.261376, 41.143404],
              [1.261021, 41.143356],
              [1.260518, 41.1433],
              [1.26012, 41.143251],
              [1.259661, 41.14321],
              [1.258995, 41.143156],
              [1.258536, 41.143124],
              [1.2578, 41.143083],
              [1.257227, 41.143062],
              [1.256607, 41.143055],
              [1.256195, 41.143044],
              [1.255862, 41.143049],
              [1.255353, 41.143059],
              [1.254896, 41.143069],
              [1.25421, 41.143096],
              [1.253818, 41.143116],
              [1.253365, 41.143148],
              [1.25277, 41.143194],
              [1.252249, 41.143238],
              [1.251971, 41.143266],
              [1.251586, 41.143309],
              [1.251497, 41.14332],
              [1.251039, 41.143371],
              [1.250414, 41.143452],
              [1.249815, 41.143539]
            ]
          ]
        ]
      }
    },
    {
      "type": "Feature",
      "properties": {
        "id": "el-barri-dels-jocs-pp-10",
        "name": "el Barri dels Jocs / PP-10",
        "cityId": "tarragona"
      },
      "geometry": {
        "type": "MultiPolygon",
        "coordinates": [
          [
            [
              [1.198474, 41.125075],
              [1.198528, 41.125065],
              [1.198582, 41.125055],
              [1.198635, 41.125044],
              [1.198689, 41.125034],
              [1.198743, 41.125023],
              [1.198796, 41.125012],
              [1.198849, 41.125],
              [1.198902, 41.124988],
              [1.198955, 41.124976],
              [1.199008, 41.124963],
              [1.19906, 41.124949],
              [1.199112, 41.124935],
              [1.199164, 41.124921],
              [1.199216, 41.124906],
              [1.199268, 41.124891],
              [1.199319, 41.124875],
              [1.199371, 41.12486],
              [1.199422, 41.124844],
              [1.199474, 41.124828],
              [1.199525, 41.124813],
              [1.199577, 41.124797],
              [1.199628, 41.124782],
              [1.19968, 41.124767],
              [1.199732, 41.124752],
              [1.199784, 41.124738],
              [1.199836, 41.124724],
              [1.199889, 41.12471],
              [1.199941, 41.124697],
              [1.199994, 41.124683],
              [1.200046, 41.12467],
              [1.200099, 41.124658],
              [1.200152, 41.124645],
              [1.200205, 41.124633],
              [1.200258, 41.12462],
              [1.200311, 41.124608],
              [1.200364, 41.124596],
              [1.200417, 41.124584],
              [1.20047, 41.124572],
              [1.200523, 41.12456],
              [1.200576, 41.124547],
              [1.200629, 41.124535],
              [1.200682, 41.124523],
              [1.200735, 41.124511],
              [1.200788, 41.124498],
              [1.200841, 41.124486],
              [1.200894, 41.124473],
              [1.200947, 41.124461],
              [1.200999, 41.124448],
              [1.201052, 41.124435],
              [1.201105, 41.124422],
              [1.201158, 41.12441],
              [1.201211, 41.124397],
              [1.201263, 41.124384],
              [1.201316, 41.124372],
              [1.201369, 41.124359],
              [1.201422, 41.124347],
              [1.201476, 41.124335],
              [1.201529, 41.124324],
              [1.201583, 41.124313],
              [1.201637, 41.124304],
              [1.201691, 41.124295],
              [1.201746, 41.124288],
              [1.201801, 41.124283],
              [1.201856, 41.124278],
              [1.201911, 41.124274],
              [1.201967, 41.124271],
              [1.202022, 41.124269],
              [1.202077, 41.124266],
              [1.202132, 41.124264],
              [1.202187, 41.124261],
              [1.202242, 41.124259],
              [1.202297, 41.124256],
              [1.202351, 41.124254],
              [1.202406, 41.124253],
              [1.202461, 41.124253],
              [1.202517, 41.124254],
              [1.202573, 41.124257],
              [1.20263, 41.124261],
              [1.202688, 41.124265],
              [1.202737, 41.124251],
              [1.20278, 41.124223],
              [1.202829, 41.124203],
              [1.202881, 41.124188],
              [1.202935, 41.124179],
              [1.20299, 41.124178],
              [1.203046, 41.124184],
              [1.2031, 41.124196],
              [1.203151, 41.124215],
              [1.203194, 41.124241],
              [1.203226, 41.124277],
              [1.203255, 41.124313],
              [1.203297, 41.124338],
              [1.203351, 41.12435],
              [1.203406, 41.124355],
              [1.203462, 41.124357],
              [1.203517, 41.124357],
              [1.203572, 41.124356],
              [1.203628, 41.124357],
              [1.203683, 41.124358],
              [1.203738, 41.12436],
              [1.203794, 41.124362],
              [1.203849, 41.124364],
              [1.203904, 41.124366],
              [1.20396, 41.124369],
              [1.204015, 41.12437],
              [1.204071, 41.124371],
              [1.204126, 41.124372],
              [1.204182, 41.124372],
              [1.204237, 41.124372],
              [1.204293, 41.124371],
              [1.204348, 41.124369],
              [1.204403, 41.124366],
              [1.204459, 41.124363],
              [1.204514, 41.124359],
              [1.204569, 41.124354],
              [1.204624, 41.124348],
              [1.204679, 41.124341],
              [1.204733, 41.124334],
              [1.204788, 41.124325],
              [1.204842, 41.124316],
              [1.204896, 41.124306],
              [1.204949, 41.124295],
              [1.205003, 41.124284],
              [1.205056, 41.124271],
              [1.205108, 41.124258],
              [1.205161, 41.124244],
              [1.205213, 41.124229],
              [1.205264, 41.124214],
              [1.205316, 41.124198],
              [1.205367, 41.124182],
              [1.205417, 41.124164],
              [1.205468, 41.124147],
              [1.205518, 41.124128],
              [1.205567, 41.124109],
              [1.205617, 41.12409],
              [1.205666, 41.12407],
              [1.205714, 41.12405],
              [1.205763, 41.124029],
              [1.20581, 41.124008],
              [1.205858, 41.123987],
              [1.205906, 41.123965],
              [1.205953, 41.123943],
              [1.206, 41.123922],
              [1.206047, 41.1239],
              [1.206095, 41.123878],
              [1.206142, 41.123856],
              [1.206189, 41.123834],
              [1.206237, 41.123813],
              [1.206285, 41.123792],
              [1.206333, 41.123771],
              [1.206381, 41.12375],
              [1.20643, 41.12373],
              [1.206479, 41.123711],
              [1.206528, 41.123692],
              [1.206578, 41.123673],
              [1.206628, 41.123656],
              [1.206679, 41.123638],
              [1.20673, 41.123622],
              [1.206781, 41.123605],
              [1.206832, 41.12359],
              [1.206884, 41.123574],
              [1.206936, 41.123559],
              [1.206988, 41.123544],
              [1.20704, 41.12353],
              [1.207093, 41.123517],
              [1.207146, 41.123506],
              [1.2072, 41.123496],
              [1.207254, 41.123487],
              [1.20731, 41.123481],
              [1.207365, 41.123474],
              [1.207419, 41.123464],
              [1.207469, 41.123447],
              [1.207512, 41.123421],
              [1.207543, 41.123386],
              [1.207575, 41.123352],
              [1.207617, 41.123323],
              [1.207666, 41.123304],
              [1.207719, 41.123293],
              [1.207775, 41.123285],
              [1.207796, 41.123285],
              [1.207817, 41.123286],
              [1.207838, 41.123288],
              [1.207858, 41.12329],
              [1.207878, 41.123295],
              [1.207896, 41.123301],
              [1.207914, 41.123309],
              [1.207931, 41.123318],
              [1.207948, 41.123328],
              [1.207963, 41.123339],
              [1.207978, 41.123351],
              [1.207993, 41.123364],
              [1.208006, 41.123377],
              [1.208019, 41.12339],
              [1.208031, 41.123403],
              [1.208042, 41.123417],
              [1.208053, 41.123432],
              [1.208062, 41.123446],
              [1.208069, 41.123461],
              [1.208076, 41.123476],
              [1.208081, 41.123491],
              [1.208085, 41.123506],
              [1.208088, 41.123522],
              [1.208088, 41.123538],
              [1.208088, 41.123553],
              [1.208085, 41.123569],
              [1.208081, 41.123585],
              [1.208076, 41.1236],
              [1.208069, 41.123616],
              [1.208061, 41.12363],
              [1.208052, 41.123645],
              [1.208041, 41.123658],
              [1.208029, 41.123672],
              [1.208016, 41.123684],
              [1.208002, 41.123696],
              [1.207987, 41.123706],
              [1.20797, 41.123716],
              [1.207953, 41.123725],
              [1.207935, 41.123733],
              [1.207915, 41.12374],
              [1.207896, 41.123746],
              [1.207876, 41.123751],
              [1.207855, 41.123754],
              [1.207834, 41.123757],
              [1.207814, 41.123759],
              [1.207793, 41.12376],
              [1.207772, 41.123761],
              [1.207616, 41.124121],
              [1.208422, 41.124496],
              [1.208564, 41.12456],
              [1.208645, 41.124591],
              [1.208755, 41.124627],
              [1.20887, 41.124656],
              [1.209024, 41.124686],
              [1.209103, 41.124691],
              [1.209251, 41.124697],
              [1.209386, 41.1247],
              [1.209512, 41.124706],
              [1.209977, 41.124717],
              [1.209976, 41.12475],
              [1.210121, 41.125002],
              [1.210308, 41.125347],
              [1.209863, 41.125478],
              [1.209289, 41.12565],
              [1.209057, 41.12572],
              [1.208095, 41.126019],
              [1.207158, 41.12631],
              [1.205326, 41.126882],
              [1.204709, 41.127067],
              [1.201414, 41.128019],
              [1.200767, 41.127508],
              [1.20031, 41.127155],
              [1.199657, 41.126653],
              [1.199437, 41.126491],
              [1.199335, 41.126418],
              [1.199112, 41.126266],
              [1.199, 41.126194],
              [1.198773, 41.126057],
              [1.198647, 41.125985],
              [1.198491, 41.125902],
              [1.198225, 41.12577],
              [1.198038, 41.125685],
              [1.198474, 41.125075]
            ]
          ]
        ]
      }
    },
    {
      "type": "Feature",
      "properties": {
        "id": "el-comellar-del-moro",
        "name": "el Comellar del Moro",
        "cityId": "tarragona"
      },
      "geometry": {
        "type": "MultiPolygon",
        "coordinates": [
          [
            [
              [1.275569, 41.149628],
              [1.275413, 41.149802],
              [1.275311, 41.149919],
              [1.275033, 41.150315],
              [1.274809, 41.150573],
              [1.274437, 41.150907],
              [1.274275, 41.151039],
              [1.274164, 41.151114],
              [1.273933, 41.151245],
              [1.273788, 41.151345],
              [1.273674, 41.151462],
              [1.273525, 41.15157],
              [1.273355, 41.151661],
              [1.273268, 41.151716],
              [1.273241, 41.151759],
              [1.273228, 41.151834],
              [1.271206, 41.153124],
              [1.27091, 41.153106],
              [1.27094, 41.153026],
              [1.270974, 41.152946],
              [1.271012, 41.152868],
              [1.271052, 41.15279],
              [1.271096, 41.152713],
              [1.271143, 41.152638],
              [1.271539, 41.151891],
              [1.271557, 41.151844],
              [1.271566, 41.151796],
              [1.271566, 41.151747],
              [1.271561, 41.15171],
              [1.271554, 41.151687],
              [1.271541, 41.151651],
              [1.271529, 41.151628],
              [1.271508, 41.151596],
              [1.271492, 41.151575],
              [1.271473, 41.151554],
              [1.271288, 41.151369],
              [1.27078, 41.150947],
              [1.27069, 41.15087],
              [1.270603, 41.150791],
              [1.27052, 41.15071],
              [1.270441, 41.150626],
              [1.270365, 41.15054],
              [1.270293, 41.150453],
              [1.270226, 41.150364],
              [1.2697, 41.149643],
              [1.269231, 41.149009],
              [1.269077, 41.148789],
              [1.269029, 41.148704],
              [1.269012, 41.148669],
              [1.268997, 41.148621],
              [1.268991, 41.148583],
              [1.268991, 41.148545],
              [1.268996, 41.148507],
              [1.269006, 41.14847],
              [1.269021, 41.148434],
              [1.269049, 41.148388],
              [1.269084, 41.148345],
              [1.269105, 41.148325],
              [1.26914, 41.148297],
              [1.269262, 41.148214],
              [1.269494, 41.148072],
              [1.2698, 41.14792],
              [1.269914, 41.147846],
              [1.270065, 41.147755],
              [1.270292, 41.147648],
              [1.270389, 41.147593],
              [1.27046, 41.147503],
              [1.270481, 41.147377],
              [1.270526, 41.147158],
              [1.270554, 41.147056],
              [1.270592, 41.146886],
              [1.270637, 41.146678],
              [1.270663, 41.146508],
              [1.270686, 41.146311],
              [1.270716, 41.146122],
              [1.27075, 41.145882],
              [1.27078, 41.145547],
              [1.270887, 41.145564],
              [1.27112, 41.145616],
              [1.2714, 41.14568],
              [1.271866, 41.145771],
              [1.272344, 41.145864],
              [1.272784, 41.145938],
              [1.273396, 41.146032],
              [1.274741, 41.146186],
              [1.275173, 41.146223],
              [1.275498, 41.146253],
              [1.275918, 41.14628],
              [1.276311, 41.1463],
              [1.276686, 41.146313],
              [1.277017, 41.14632],
              [1.277245, 41.146329],
              [1.277329, 41.146658],
              [1.277388, 41.146933],
              [1.277495, 41.147898],
              [1.277525, 41.148005],
              [1.277589, 41.148119],
              [1.277652, 41.148181],
              [1.277432, 41.148263],
              [1.276828, 41.148602],
              [1.276286, 41.148888],
              [1.276169, 41.148967],
              [1.276019, 41.149153],
              [1.275744, 41.149466],
              [1.275569, 41.149628]
            ]
          ]
        ]
      }
    },
    {
      "type": "Feature",
      "properties": {
        "id": "el-forti",
        "name": "el Fortí",
        "cityId": "tarragona"
      },
      "geometry": {
        "type": "MultiPolygon",
        "coordinates": [
          [
            [
              [1.291428, 41.146802],
              [1.291101, 41.147198],
              [1.290859, 41.14709],
              [1.290439, 41.146916],
              [1.289885, 41.146708],
              [1.289408, 41.146545],
              [1.288937, 41.146415],
              [1.288349, 41.146273],
              [1.287696, 41.146139],
              [1.287227, 41.146103],
              [1.285837, 41.146107],
              [1.284878, 41.14608],
              [1.283801, 41.146073],
              [1.28297, 41.146133],
              [1.2821, 41.146186],
              [1.281398, 41.146353],
              [1.280966, 41.146544],
              [1.28055, 41.146738],
              [1.280211, 41.146905],
              [1.279937, 41.14704],
              [1.279717, 41.147179],
              [1.279453, 41.147355],
              [1.279107, 41.147574],
              [1.278766, 41.14781],
              [1.278628, 41.147898],
              [1.278514, 41.147937],
              [1.278237, 41.147994],
              [1.278006, 41.148049],
              [1.277652, 41.148181],
              [1.277589, 41.148119],
              [1.277525, 41.148005],
              [1.277495, 41.147898],
              [1.277388, 41.146933],
              [1.277329, 41.146658],
              [1.277245, 41.146329],
              [1.277171, 41.146032],
              [1.277494, 41.14607],
              [1.27761, 41.146078],
              [1.277746, 41.146081],
              [1.277991, 41.146082],
              [1.278106, 41.14608],
              [1.278221, 41.146073],
              [1.278701, 41.146026],
              [1.278804, 41.14602],
              [1.278931, 41.146019],
              [1.279059, 41.146021],
              [1.279164, 41.146026],
              [1.279363, 41.14604],
              [1.279435, 41.146042],
              [1.279593, 41.146039],
              [1.279675, 41.146032],
              [1.280512, 41.145907],
              [1.280353, 41.145384],
              [1.28033, 41.145331],
              [1.280295, 41.145269],
              [1.280249, 41.145205],
              [1.280214, 41.145165],
              [1.280175, 41.145126],
              [1.280133, 41.14509],
              [1.280087, 41.145056],
              [1.280039, 41.145024],
              [1.27996, 41.144978],
              [1.279851, 41.144934],
              [1.279792, 41.144914],
              [1.279732, 41.144898],
              [1.278721, 41.144679],
              [1.278748, 41.144607],
              [1.278771, 41.144536],
              [1.278791, 41.144465],
              [1.278881, 41.144125],
              [1.278835, 41.144116],
              [1.278793, 41.144129],
              [1.278739, 41.144151],
              [1.278707, 41.144161],
              [1.278574, 41.14415],
              [1.278381, 41.144128],
              [1.278306, 41.144121],
              [1.278006, 41.144102],
              [1.277902, 41.144099],
              [1.277771, 41.144065],
              [1.277729, 41.144047],
              [1.277605, 41.143898],
              [1.277426, 41.143695],
              [1.277328, 41.143639],
              [1.27722, 41.14363],
              [1.277162, 41.143642],
              [1.277006, 41.143721],
              [1.276948, 41.143771],
              [1.276926, 41.143849],
              [1.276545, 41.144221],
              [1.276267, 41.144482],
              [1.27617, 41.144558],
              [1.275146, 41.144511],
              [1.275108, 41.144586],
              [1.275084, 41.144632],
              [1.274845, 41.144536],
              [1.274368, 41.14438],
              [1.274228, 41.144353],
              [1.273096, 41.144194],
              [1.272052, 41.144058],
              [1.271404, 41.143976],
              [1.271172, 41.143981],
              [1.270598, 41.144094],
              [1.270464, 41.143841],
              [1.270235, 41.143614],
              [1.269944, 41.143375],
              [1.269519, 41.14308],
              [1.268631, 41.142522],
              [1.267949, 41.142082],
              [1.267263, 41.141668],
              [1.266961, 41.141525],
              [1.266605, 41.141391],
              [1.266287, 41.141303],
              [1.265856, 41.141247],
              [1.26517, 41.141218],
              [1.263945, 41.14119],
              [1.263379, 41.141136],
              [1.263467, 41.141053],
              [1.263577, 41.140945],
              [1.263646, 41.140877],
              [1.263734, 41.140791],
              [1.263858, 41.140305],
              [1.263914, 41.140103],
              [1.263957, 41.139969],
              [1.264045, 41.139737],
              [1.264104, 41.139571],
              [1.264134, 41.139506],
              [1.264173, 41.139444],
              [1.264221, 41.139385],
              [1.264302, 41.139301],
              [1.264417, 41.139194],
              [1.264498, 41.139125],
              [1.26458, 41.139057],
              [1.264821, 41.138869],
              [1.264886, 41.138875],
              [1.2649, 41.138807],
              [1.26492, 41.13874],
              [1.264949, 41.138658],
              [1.26499, 41.13856],
              [1.265035, 41.138463],
              [1.265084, 41.138367],
              [1.265129, 41.138288],
              [1.265187, 41.138196],
              [1.265228, 41.138135],
              [1.265282, 41.13806],
              [1.265339, 41.137986],
              [1.265388, 41.137928],
              [1.265466, 41.137844],
              [1.265657, 41.137652],
              [1.265784, 41.137511],
              [1.265799, 41.137498],
              [1.265818, 41.137489],
              [1.26584, 41.137484],
              [1.265862, 41.137485],
              [1.265949, 41.13751],
              [1.266035, 41.137516],
              [1.266123, 41.137503],
              [1.266203, 41.137472],
              [1.266268, 41.137426],
              [1.266313, 41.137368],
              [1.266336, 41.137302],
              [1.266333, 41.137237],
              [1.266312, 41.137183],
              [1.266274, 41.137134],
              [1.266222, 41.13709],
              [1.266145, 41.137055],
              [1.266069, 41.13704],
              [1.265997, 41.137037],
              [1.266012, 41.136945],
              [1.266027, 41.136874],
              [1.26603, 41.136807],
              [1.266039, 41.136703],
              [1.266054, 41.136595],
              [1.266078, 41.136442],
              [1.266079, 41.136416],
              [1.266092, 41.136311],
              [1.266109, 41.136206],
              [1.266135, 41.136079],
              [1.266164, 41.135967],
              [1.266155, 41.135829],
              [1.266162, 41.135783],
              [1.266163, 41.135751],
              [1.266163, 41.135745],
              [1.266204, 41.135553],
              [1.266207, 41.135544],
              [1.266228, 41.135458],
              [1.266247, 41.135363],
              [1.266281, 41.135213],
              [1.26629, 41.135174],
              [1.26631, 41.135091],
              [1.266333, 41.134996],
              [1.266365, 41.134999],
              [1.266385, 41.134908],
              [1.267902, 41.135312],
              [1.268121, 41.13533],
              [1.268289, 41.134986],
              [1.269088, 41.135197],
              [1.269359, 41.135268],
              [1.269652, 41.135345],
              [1.269704, 41.135354],
              [1.269884, 41.135396],
              [1.270309, 41.135495],
              [1.270767, 41.135721],
              [1.270799, 41.135755],
              [1.270845, 41.135802],
              [1.270901, 41.135854],
              [1.270921, 41.135874],
              [1.270939, 41.135895],
              [1.270983, 41.135953],
              [1.271037, 41.136011],
              [1.270973, 41.136031],
              [1.270943, 41.136074],
              [1.270934, 41.136163],
              [1.270927, 41.136189],
              [1.270922, 41.136202],
              [1.270908, 41.136226],
              [1.270899, 41.136237],
              [1.270873, 41.136259],
              [1.27085, 41.136268],
              [1.270818, 41.136276],
              [1.270782, 41.13628],
              [1.270747, 41.13628],
              [1.27073, 41.136276],
              [1.270716, 41.13627],
              [1.270704, 41.136261],
              [1.270666, 41.136211],
              [1.270622, 41.136232],
              [1.270586, 41.136279],
              [1.270521, 41.136348],
              [1.27045, 41.13643],
              [1.270201, 41.136733],
              [1.270294, 41.136828],
              [1.270334, 41.136876],
              [1.270357, 41.136915],
              [1.270364, 41.136934],
              [1.270377, 41.136986],
              [1.270431, 41.137039],
              [1.270552, 41.137149],
              [1.270606, 41.137202],
              [1.270683, 41.137284],
              [1.270781, 41.137395],
              [1.270551, 41.137618],
              [1.27052, 41.137896],
              [1.270849, 41.138105],
              [1.271035, 41.138212],
              [1.27104, 41.138268],
              [1.271037, 41.138291],
              [1.27103, 41.138315],
              [1.271014, 41.138344],
              [1.270949, 41.138423],
              [1.270953, 41.138481],
              [1.270609, 41.139164],
              [1.270756, 41.139779],
              [1.270709, 41.139829],
              [1.270794, 41.139884],
              [1.270754, 41.139977],
              [1.270757, 41.140027],
              [1.270821, 41.140117],
              [1.27083, 41.140141],
              [1.270842, 41.140205],
              [1.270886, 41.140211],
              [1.270938, 41.140206],
              [1.271148, 41.140157],
              [1.271228, 41.140128],
              [1.271302, 41.140082],
              [1.271363, 41.140028],
              [1.271429, 41.139948],
              [1.271493, 41.139833],
              [1.271539, 41.139739],
              [1.271563, 41.13971],
              [1.271583, 41.139694],
              [1.271595, 41.139687],
              [1.271649, 41.139664],
              [1.271712, 41.13963],
              [1.27174, 41.139619],
              [1.271755, 41.139615],
              [1.27177, 41.139612],
              [1.2718, 41.13961],
              [1.27192, 41.139615],
              [1.271978, 41.139586],
              [1.272006, 41.139576],
              [1.272021, 41.139573],
              [1.272037, 41.139572],
              [1.272053, 41.139573],
              [1.272066, 41.139577],
              [1.272135, 41.139626],
              [1.272187, 41.139651],
              [1.272311, 41.1397],
              [1.272361, 41.139728],
              [1.272408, 41.139759],
              [1.272451, 41.139792],
              [1.272499, 41.139838],
              [1.272558, 41.139908],
              [1.272573, 41.139929],
              [1.272585, 41.13995],
              [1.272593, 41.139973],
              [1.272595, 41.139984],
              [1.272595, 41.140008],
              [1.272592, 41.14002],
              [1.272579, 41.140053],
              [1.272506, 41.140198],
              [1.272516, 41.140244],
              [1.272555, 41.140357],
              [1.272559, 41.140381],
              [1.272564, 41.140467],
              [1.272604, 41.14054],
              [1.27261, 41.140563],
              [1.272608, 41.140586],
              [1.272599, 41.140609],
              [1.272592, 41.14062],
              [1.272583, 41.140629],
              [1.272572, 41.140638],
              [1.273854, 41.141119],
              [1.27426, 41.141235],
              [1.274491, 41.1407],
              [1.274741, 41.139936],
              [1.274792, 41.139736],
              [1.274839, 41.139656],
              [1.27491, 41.139548],
              [1.274998, 41.139442],
              [1.275226, 41.139128],
              [1.275365, 41.138951],
              [1.27524, 41.13885],
              [1.27519, 41.138802],
              [1.275168, 41.138775],
              [1.275112, 41.13869],
              [1.274946, 41.138497],
              [1.274861, 41.138389],
              [1.274821, 41.138346],
              [1.274612, 41.138137],
              [1.274507, 41.138009],
              [1.274572, 41.137889],
              [1.274627, 41.137779],
              [1.274651, 41.137687],
              [1.274711, 41.137501],
              [1.274715, 41.137478],
              [1.274766, 41.137328],
              [1.274822, 41.137151],
              [1.274869, 41.136953],
              [1.274864, 41.13669],
              [1.274846, 41.136536],
              [1.274829, 41.13635],
              [1.274805, 41.136151],
              [1.274796, 41.135969],
              [1.274781, 41.135863],
              [1.274796, 41.135723],
              [1.274829, 41.135616],
              [1.274904, 41.135521],
              [1.274975, 41.135464],
              [1.275027, 41.135435],
              [1.275137, 41.135379],
              [1.275202, 41.135361],
              [1.275339, 41.135344],
              [1.275415, 41.135343],
              [1.275643, 41.135343],
              [1.275897, 41.135351],
              [1.276248, 41.135362],
              [1.276405, 41.135341],
              [1.276525, 41.135304],
              [1.27668, 41.135237],
              [1.276753, 41.135186],
              [1.276895, 41.135051],
              [1.277008, 41.134935],
              [1.277038, 41.13487],
              [1.277085, 41.134778],
              [1.277099, 41.134696],
              [1.277163, 41.13452],
              [1.277215, 41.134404],
              [1.277244, 41.134335],
              [1.277306, 41.134135],
              [1.277409, 41.133845],
              [1.277506, 41.133576],
              [1.277595, 41.133334],
              [1.277637, 41.133216],
              [1.277734, 41.132958],
              [1.277817, 41.132725],
              [1.277907, 41.132458],
              [1.277921, 41.132358],
              [1.27791, 41.13228],
              [1.277897, 41.132219],
              [1.277851, 41.132157],
              [1.27776, 41.13206],
              [1.277656, 41.131982],
              [1.277357, 41.131854],
              [1.276994, 41.131702],
              [1.276604, 41.131534],
              [1.276391, 41.131452],
              [1.276265, 41.131373],
              [1.27619, 41.131305],
              [1.275998, 41.131032],
              [1.275887, 41.1309],
              [1.275775, 41.130803],
              [1.275503, 41.130623],
              [1.275184, 41.13045],
              [1.274899, 41.130297],
              [1.274525, 41.130096],
              [1.274179, 41.129914],
              [1.274141, 41.129899],
              [1.27402, 41.12985],
              [1.273856, 41.129802],
              [1.273684, 41.129764],
              [1.273579, 41.129747],
              [1.273475, 41.129736],
              [1.273402, 41.129731],
              [1.273289, 41.129728],
              [1.273075, 41.129727],
              [1.272956, 41.129706],
              [1.272836, 41.129645],
              [1.272778, 41.129575],
              [1.272671, 41.129536],
              [1.272729, 41.129463],
              [1.272896, 41.129259],
              [1.272947, 41.129223],
              [1.273008, 41.129167],
              [1.273078, 41.129103],
              [1.273227, 41.12896],
              [1.273287, 41.1289],
              [1.273503, 41.129014],
              [1.273905, 41.129217],
              [1.274445, 41.129462],
              [1.274947, 41.129701],
              [1.275449, 41.129963],
              [1.275921, 41.130215],
              [1.276416, 41.130529],
              [1.276747, 41.130738],
              [1.277187, 41.131055],
              [1.277601, 41.131381],
              [1.277989, 41.131719],
              [1.278365, 41.132065],
              [1.278624, 41.132326],
              [1.278909, 41.132632],
              [1.279071, 41.13283],
              [1.279279, 41.133087],
              [1.279576, 41.133473],
              [1.279787, 41.133791],
              [1.280033, 41.134183],
              [1.280259, 41.134614],
              [1.280457, 41.135001],
              [1.280689, 41.135506],
              [1.280986, 41.136141],
              [1.281161, 41.136556],
              [1.28138, 41.137013],
              [1.281676, 41.137668],
              [1.281983, 41.138331],
              [1.282254, 41.138907],
              [1.282452, 41.139268],
              [1.282626, 41.139592],
              [1.282875, 41.140018],
              [1.283131, 41.140414],
              [1.283375, 41.140772],
              [1.283744, 41.141265],
              [1.284109, 41.141707],
              [1.284491, 41.142135],
              [1.284915, 41.142561],
              [1.285216, 41.142852],
              [1.285493, 41.143097],
              [1.285842, 41.143405],
              [1.286256, 41.143744],
              [1.286636, 41.144029],
              [1.287197, 41.144422],
              [1.287645, 41.144712],
              [1.288051, 41.144963],
              [1.288469, 41.145201],
              [1.288923, 41.145454],
              [1.28915, 41.14558],
              [1.289714, 41.145883],
              [1.290091, 41.146087],
              [1.290473, 41.14629],
              [1.290847, 41.146498],
              [1.291428, 41.146802]
            ]
          ]
        ]
      }
    },
    {
      "type": "Feature",
      "properties": {
        "id": "el-llorito",
        "name": "el Llorito",
        "cityId": "tarragona"
      },
      "geometry": {
        "type": "MultiPolygon",
        "coordinates": [
          [
            [
              [1.274572, 41.137889],
              [1.274507, 41.138009],
              [1.274612, 41.138137],
              [1.274821, 41.138346],
              [1.274861, 41.138389],
              [1.274946, 41.138497],
              [1.275112, 41.13869],
              [1.275168, 41.138775],
              [1.27519, 41.138802],
              [1.27524, 41.13885],
              [1.275365, 41.138951],
              [1.275226, 41.139128],
              [1.274998, 41.139442],
              [1.27491, 41.139548],
              [1.274839, 41.139656],
              [1.274792, 41.139736],
              [1.274741, 41.139936],
              [1.274491, 41.1407],
              [1.27426, 41.141235],
              [1.273854, 41.141119],
              [1.272572, 41.140638],
              [1.272583, 41.140629],
              [1.272592, 41.14062],
              [1.272599, 41.140609],
              [1.272608, 41.140586],
              [1.27261, 41.140563],
              [1.272604, 41.14054],
              [1.272574, 41.140485],
              [1.272566, 41.140463],
              [1.272562, 41.140439],
              [1.272559, 41.140381],
              [1.272555, 41.140357],
              [1.272516, 41.140244],
              [1.272511, 41.14022],
              [1.27251, 41.140209],
              [1.272511, 41.140197],
              [1.272517, 41.140175],
              [1.272579, 41.140053],
              [1.272592, 41.14002],
              [1.272595, 41.140008],
              [1.272595, 41.139984],
              [1.272593, 41.139973],
              [1.272585, 41.13995],
              [1.272573, 41.139929],
              [1.272558, 41.139908],
              [1.272499, 41.139838],
              [1.272451, 41.139792],
              [1.272408, 41.139759],
              [1.272361, 41.139728],
              [1.272311, 41.1397],
              [1.272187, 41.139651],
              [1.272148, 41.139632],
              [1.272112, 41.13961],
              [1.272066, 41.139577],
              [1.272053, 41.139573],
              [1.272037, 41.139572],
              [1.272021, 41.139573],
              [1.272006, 41.139576],
              [1.271978, 41.139586],
              [1.271939, 41.139606],
              [1.271925, 41.139611],
              [1.27191, 41.139613],
              [1.271894, 41.139614],
              [1.2718, 41.13961],
              [1.27177, 41.139612],
              [1.271755, 41.139615],
              [1.27174, 41.139619],
              [1.271712, 41.13963],
              [1.271649, 41.139664],
              [1.271595, 41.139687],
              [1.271583, 41.139694],
              [1.271563, 41.13971],
              [1.271539, 41.139739],
              [1.271493, 41.139833],
              [1.271441, 41.139927],
              [1.27141, 41.139971],
              [1.271376, 41.140012],
              [1.271348, 41.140041],
              [1.271319, 41.140067],
              [1.271288, 41.140091],
              [1.271243, 41.140118],
              [1.271207, 41.140135],
              [1.27117, 41.140149],
              [1.271115, 41.140165],
              [1.270964, 41.1402],
              [1.270927, 41.140207],
              [1.270893, 41.140211],
              [1.270878, 41.14021],
              [1.270865, 41.140208],
              [1.270855, 41.140204],
              [1.270846, 41.140198],
              [1.270841, 41.140189],
              [1.270837, 41.140178],
              [1.27083, 41.140141],
              [1.270821, 41.140117],
              [1.27077, 41.140045],
              [1.270759, 41.140023],
              [1.270756, 41.140011],
              [1.270754, 41.139988],
              [1.270759, 41.139965],
              [1.270794, 41.139884],
              [1.270709, 41.139829],
              [1.270756, 41.139779],
              [1.270609, 41.139164],
              [1.270955, 41.138476],
              [1.270951, 41.13846],
              [1.27095, 41.138444],
              [1.270953, 41.138429],
              [1.27096, 41.138413],
              [1.270975, 41.138392],
              [1.271014, 41.138344],
              [1.27103, 41.138315],
              [1.271037, 41.138291],
              [1.27104, 41.138268],
              [1.271035, 41.138212],
              [1.270849, 41.138105],
              [1.27052, 41.137896],
              [1.270551, 41.137618],
              [1.270781, 41.137395],
              [1.270683, 41.137284],
              [1.270606, 41.137202],
              [1.270552, 41.137149],
              [1.270431, 41.137039],
              [1.270389, 41.136998],
              [1.270375, 41.136977],
              [1.270364, 41.136934],
              [1.270357, 41.136915],
              [1.270334, 41.136876],
              [1.270294, 41.136828],
              [1.270201, 41.136733],
              [1.27045, 41.13643],
              [1.270521, 41.136348],
              [1.270586, 41.136279],
              [1.270622, 41.136232],
              [1.270641, 41.136223],
              [1.270665, 41.13622],
              [1.270676, 41.136225],
              [1.270704, 41.136261],
              [1.270716, 41.13627],
              [1.27073, 41.136276],
              [1.270747, 41.13628],
              [1.270782, 41.13628],
              [1.270818, 41.136276],
              [1.27085, 41.136268],
              [1.270873, 41.136259],
              [1.270899, 41.136237],
              [1.270908, 41.136226],
              [1.270922, 41.136202],
              [1.270927, 41.136189],
              [1.270934, 41.136163],
              [1.270942, 41.136086],
              [1.270951, 41.136062],
              [1.270959, 41.136051],
              [1.270968, 41.136041],
              [1.27098, 41.136031],
              [1.270994, 41.136024],
              [1.271038, 41.13601],
              [1.27101, 41.135982],
              [1.27099, 41.13596],
              [1.270972, 41.135939],
              [1.270939, 41.135895],
              [1.270921, 41.135874],
              [1.270901, 41.135854],
              [1.270859, 41.135815],
              [1.270838, 41.135795],
              [1.270811, 41.135768],
              [1.270785, 41.13574],
              [1.270767, 41.135721],
              [1.270309, 41.135495],
              [1.269884, 41.135396],
              [1.269704, 41.135354],
              [1.269652, 41.135345],
              [1.269359, 41.135268],
              [1.269088, 41.135197],
              [1.269456, 41.134811],
              [1.269725, 41.134547],
              [1.26979, 41.134466],
              [1.269856, 41.134358],
              [1.269891, 41.134262],
              [1.269929, 41.134162],
              [1.269997, 41.134081],
              [1.270054, 41.134034],
              [1.270109, 41.133994],
              [1.270176, 41.133977],
              [1.270202, 41.133973],
              [1.27057, 41.13396],
              [1.27099, 41.133456],
              [1.271013, 41.133432],
              [1.270849, 41.133343],
              [1.270495, 41.133161],
              [1.270199, 41.133023],
              [1.270009, 41.132927],
              [1.269926, 41.13288],
              [1.269676, 41.132761],
              [1.269578, 41.13272],
              [1.269416, 41.132608],
              [1.269323, 41.132529],
              [1.269302, 41.132467],
              [1.269247, 41.132363],
              [1.269186, 41.132283],
              [1.269106, 41.132218],
              [1.26999, 41.13161],
              [1.269514, 41.131035],
              [1.269756, 41.130741],
              [1.269899, 41.130573],
              [1.270067, 41.130419],
              [1.270318, 41.130251],
              [1.270532, 41.130148],
              [1.270753, 41.130069],
              [1.271044, 41.130003],
              [1.271293, 41.129975],
              [1.271487, 41.129975],
              [1.271753, 41.129965],
              [1.272018, 41.129938],
              [1.272352, 41.12986],
              [1.272637, 41.129753],
              [1.272836, 41.129645],
              [1.272956, 41.129706],
              [1.273075, 41.129727],
              [1.273289, 41.129728],
              [1.273402, 41.129731],
              [1.273475, 41.129736],
              [1.273579, 41.129747],
              [1.273684, 41.129764],
              [1.273856, 41.129802],
              [1.27402, 41.12985],
              [1.274141, 41.129899],
              [1.274179, 41.129914],
              [1.274525, 41.130096],
              [1.274899, 41.130297],
              [1.275184, 41.13045],
              [1.275503, 41.130623],
              [1.275775, 41.130803],
              [1.275887, 41.1309],
              [1.275998, 41.131032],
              [1.27619, 41.131305],
              [1.276265, 41.131373],
              [1.276391, 41.131452],
              [1.276604, 41.131534],
              [1.276994, 41.131702],
              [1.277357, 41.131854],
              [1.277656, 41.131982],
              [1.27776, 41.13206],
              [1.277851, 41.132157],
              [1.277897, 41.132219],
              [1.27791, 41.13228],
              [1.277921, 41.132358],
              [1.277907, 41.132458],
              [1.277817, 41.132725],
              [1.277734, 41.132958],
              [1.277637, 41.133216],
              [1.277595, 41.133334],
              [1.277506, 41.133576],
              [1.277409, 41.133845],
              [1.277306, 41.134135],
              [1.277244, 41.134335],
              [1.277215, 41.134404],
              [1.277163, 41.13452],
              [1.277099, 41.134696],
              [1.277085, 41.134778],
              [1.277038, 41.13487],
              [1.277008, 41.134935],
              [1.276895, 41.135051],
              [1.276753, 41.135186],
              [1.27668, 41.135237],
              [1.276525, 41.135304],
              [1.276405, 41.135341],
              [1.276248, 41.135362],
              [1.275897, 41.135351],
              [1.275643, 41.135343],
              [1.275415, 41.135343],
              [1.275339, 41.135344],
              [1.275202, 41.135361],
              [1.275137, 41.135379],
              [1.275027, 41.135435],
              [1.274975, 41.135464],
              [1.274904, 41.135521],
              [1.274829, 41.135616],
              [1.274796, 41.135723],
              [1.274781, 41.135863],
              [1.274796, 41.135969],
              [1.274805, 41.136151],
              [1.274829, 41.13635],
              [1.274846, 41.136536],
              [1.274864, 41.13669],
              [1.274869, 41.136953],
              [1.274822, 41.137151],
              [1.274766, 41.137328],
              [1.274715, 41.137478],
              [1.274711, 41.137501],
              [1.274651, 41.137687],
              [1.274627, 41.137779],
              [1.274572, 41.137889]
            ]
          ]
        ]
      }
    },
    {
      "type": "Feature",
      "properties": {
        "id": "el-mas-d-enric",
        "name": "el Mas d'Enric",
        "cityId": "tarragona"
      },
      "geometry": {
        "type": "MultiPolygon",
        "coordinates": [
          [
            [
              [1.295648, 41.153984],
              [1.295323, 41.153737],
              [1.295118, 41.153547],
              [1.294983, 41.153384],
              [1.294758, 41.152982],
              [1.294621, 41.152765],
              [1.294486, 41.152576],
              [1.294435, 41.152505],
              [1.294223, 41.152329],
              [1.293452, 41.15198],
              [1.293051, 41.151777],
              [1.292861, 41.151721],
              [1.29212, 41.151515],
              [1.291939, 41.15145],
              [1.291369, 41.151191],
              [1.291196, 41.151064],
              [1.291076, 41.150929],
              [1.290994, 41.150829],
              [1.290801, 41.150653],
              [1.290639, 41.150475],
              [1.290567, 41.150364],
              [1.290526, 41.150277],
              [1.290501, 41.150162],
              [1.290505, 41.15001],
              [1.290563, 41.149724],
              [1.290662, 41.149461],
              [1.290765, 41.149135],
              [1.287227, 41.146103],
              [1.287696, 41.146139],
              [1.288349, 41.146273],
              [1.288937, 41.146415],
              [1.289408, 41.146545],
              [1.289885, 41.146708],
              [1.290439, 41.146916],
              [1.290859, 41.14709],
              [1.291101, 41.147198],
              [1.291395, 41.14734],
              [1.291853, 41.147572],
              [1.292157, 41.147735],
              [1.292495, 41.14792],
              [1.29301, 41.148222],
              [1.293362, 41.148401],
              [1.293933, 41.14871],
              [1.294215, 41.148845],
              [1.294534, 41.148997],
              [1.294935, 41.149176],
              [1.295168, 41.149271],
              [1.295534, 41.149411],
              [1.295873, 41.149534],
              [1.296309, 41.149683],
              [1.296734, 41.149813],
              [1.29716, 41.149932],
              [1.296716, 41.150945],
              [1.296671, 41.15104],
              [1.296752, 41.151154],
              [1.296804, 41.151215],
              [1.296735, 41.151384],
              [1.296597, 41.151697],
              [1.296557, 41.151907],
              [1.296627, 41.152006],
              [1.296819, 41.152102],
              [1.297024, 41.152165],
              [1.297202, 41.152234],
              [1.297219, 41.15231],
              [1.297244, 41.152515],
              [1.296998, 41.152716],
              [1.296862, 41.15283],
              [1.296881, 41.152957],
              [1.296821, 41.153077],
              [1.296674, 41.153121],
              [1.29657, 41.153175],
              [1.296425, 41.153155],
              [1.296272, 41.153176],
              [1.296213, 41.153227],
              [1.296172, 41.153336],
              [1.296061, 41.153358],
              [1.295953, 41.153529],
              [1.295858, 41.153695],
              [1.295698, 41.153797],
              [1.29563, 41.153908],
              [1.295648, 41.153984]
            ]
          ]
        ]
      }
    },
    {
      "type": "Feature",
      "properties": {
        "id": "el-mas-de-cosidor",
        "name": "el Mas de Cosidor",
        "cityId": "tarragona"
      },
      "geometry": {
        "type": "MultiPolygon",
        "coordinates": [
          [
            [
              [1.328116, 41.151404],
              [1.328114, 41.151376],
              [1.328102, 41.151344],
              [1.328091, 41.151322],
              [1.32808, 41.151299],
              [1.328072, 41.151276],
              [1.328064, 41.151252],
              [1.328061, 41.151229],
              [1.32806, 41.151203],
              [1.328058, 41.151177],
              [1.328058, 41.151154],
              [1.328057, 41.151138],
              [1.328057, 41.151111],
              [1.328058, 41.151089],
              [1.328062, 41.151043],
              [1.328065, 41.151008],
              [1.328066, 41.150984],
              [1.328066, 41.150945],
              [1.328062, 41.1509],
              [1.328052, 41.15086],
              [1.32803, 41.15081],
              [1.328021, 41.150792],
              [1.328006, 41.150761],
              [1.32798, 41.150723],
              [1.327958, 41.150692],
              [1.327947, 41.150671],
              [1.327939, 41.150655],
              [1.327932, 41.150632],
              [1.327928, 41.150614],
              [1.327925, 41.150596],
              [1.327922, 41.150571],
              [1.32792, 41.150552],
              [1.327919, 41.150532],
              [1.327918, 41.150506],
              [1.327918, 41.150487],
              [1.327918, 41.150453],
              [1.327919, 41.150404],
              [1.327916, 41.150344],
              [1.327913, 41.150305],
              [1.32791, 41.150265],
              [1.327907, 41.150233],
              [1.327904, 41.150195],
              [1.327903, 41.150157],
              [1.327903, 41.150127],
              [1.327902, 41.150075],
              [1.3279, 41.150053],
              [1.327892, 41.150007],
              [1.327886, 41.149978],
              [1.327868, 41.149903],
              [1.327851, 41.149852],
              [1.327839, 41.149815],
              [1.327827, 41.149776],
              [1.327822, 41.149754],
              [1.327775, 41.149661],
              [1.327752, 41.149598],
              [1.327719, 41.149521],
              [1.327683, 41.14944],
              [1.327682, 41.149357],
              [1.32772, 41.149268],
              [1.327762, 41.149181],
              [1.327804, 41.149107],
              [1.327845, 41.149015],
              [1.327816, 41.148924],
              [1.327776, 41.148878],
              [1.327724, 41.148827],
              [1.327655, 41.148748],
              [1.327615, 41.14867],
              [1.327514, 41.148557],
              [1.327468, 41.148481],
              [1.327425, 41.148368],
              [1.327367, 41.148245],
              [1.327342, 41.148177],
              [1.327297, 41.148078],
              [1.327254, 41.147968],
              [1.327191, 41.147836],
              [1.327112, 41.147709],
              [1.327074, 41.147597],
              [1.327007, 41.147469],
              [1.326963, 41.147355],
              [1.326891, 41.147212],
              [1.326832, 41.147067],
              [1.326782, 41.146934],
              [1.326733, 41.146802],
              [1.326666, 41.146682],
              [1.326607, 41.146557],
              [1.32658, 41.146498],
              [1.326388, 41.146492],
              [1.326305, 41.146526],
              [1.326188, 41.146524],
              [1.326055, 41.146528],
              [1.325941, 41.146514],
              [1.325819, 41.1465],
              [1.325673, 41.146486],
              [1.325535, 41.146489],
              [1.325423, 41.146487],
              [1.32527, 41.146478],
              [1.325117, 41.146471],
              [1.324952, 41.146512],
              [1.324853, 41.146536],
              [1.32478, 41.14655],
              [1.324682, 41.146563],
              [1.324591, 41.146577],
              [1.324555, 41.146525],
              [1.324526, 41.146469],
              [1.324479, 41.146387],
              [1.324453, 41.146296],
              [1.324422, 41.146229],
              [1.324392, 41.146145],
              [1.324354, 41.146051],
              [1.324297, 41.145928],
              [1.324249, 41.14582],
              [1.324212, 41.145726],
              [1.324196, 41.145613],
              [1.324196, 41.145523],
              [1.324182, 41.14544],
              [1.324157, 41.14532],
              [1.324137, 41.145192],
              [1.324112, 41.14511],
              [1.324073, 41.145018],
              [1.323997, 41.144949],
              [1.323897, 41.144895],
              [1.323792, 41.144921],
              [1.323697, 41.144929],
              [1.323599, 41.144938],
              [1.323491, 41.144948],
              [1.32339, 41.144973],
              [1.323306, 41.14498],
              [1.323215, 41.144992],
              [1.323088, 41.144993],
              [1.322933, 41.144942],
              [1.322831, 41.144913],
              [1.322713, 41.14488],
              [1.322598, 41.144811],
              [1.32248, 41.14473],
              [1.322407, 41.144693],
              [1.322147, 41.144424],
              [1.322435, 41.144226],
              [1.322854, 41.144016],
              [1.32328, 41.143795],
              [1.323581, 41.143611],
              [1.323851, 41.143455],
              [1.324125, 41.143294],
              [1.324461, 41.143078],
              [1.324721, 41.142896],
              [1.324954, 41.142731],
              [1.325295, 41.142485],
              [1.325554, 41.14228],
              [1.325992, 41.141943],
              [1.32641, 41.141619],
              [1.326702, 41.141392],
              [1.326973, 41.141172],
              [1.327528, 41.140744],
              [1.328206, 41.140251],
              [1.3286, 41.139981],
              [1.329378, 41.139475],
              [1.330343, 41.138929],
              [1.330941, 41.138627],
              [1.331652, 41.138318],
              [1.331721, 41.138403],
              [1.331952, 41.138748],
              [1.332074, 41.138871],
              [1.332094, 41.138895],
              [1.332181, 41.138935],
              [1.332297, 41.138949],
              [1.33243, 41.138918],
              [1.332917, 41.138751],
              [1.333425, 41.138577],
              [1.333563, 41.138529],
              [1.333639, 41.138511],
              [1.3337, 41.138514],
              [1.333745, 41.138523],
              [1.333783, 41.138535],
              [1.333822, 41.138556],
              [1.333854, 41.138583],
              [1.334022, 41.13875],
              [1.334215, 41.138943],
              [1.334429, 41.139172],
              [1.334545, 41.139319],
              [1.334577, 41.139403],
              [1.33471, 41.139521],
              [1.334872, 41.139679],
              [1.334958, 41.13978],
              [1.335003, 41.139812],
              [1.335057, 41.139837],
              [1.335098, 41.139864],
              [1.33514, 41.139904],
              [1.335201, 41.140004],
              [1.335286, 41.140175],
              [1.335339, 41.140217],
              [1.33542, 41.140255],
              [1.335501, 41.140269],
              [1.335651, 41.14027],
              [1.335891, 41.140262],
              [1.336094, 41.140276],
              [1.336255, 41.140284],
              [1.336875, 41.1405],
              [1.337516, 41.140685],
              [1.338164, 41.140886],
              [1.33871, 41.141039],
              [1.339048, 41.141159],
              [1.339413, 41.141239],
              [1.339563, 41.141237],
              [1.339672, 41.141227],
              [1.339876, 41.141255],
              [1.340346, 41.141243],
              [1.34081, 41.141254],
              [1.341347, 41.141269],
              [1.341625, 41.141277],
              [1.341683, 41.141282],
              [1.341751, 41.1413],
              [1.341887, 41.141336],
              [1.342165, 41.141425],
              [1.342336, 41.141471],
              [1.34249, 41.141508],
              [1.342639, 41.14151],
              [1.342784, 41.141487],
              [1.342863, 41.141465],
              [1.342916, 41.141476],
              [1.343002, 41.141498],
              [1.343164, 41.141575],
              [1.343557, 41.141762],
              [1.343897, 41.14192],
              [1.344223, 41.14204],
              [1.34462, 41.142153],
              [1.345054, 41.142239],
              [1.345294, 41.142342],
              [1.345508, 41.142606],
              [1.34569, 41.142823],
              [1.345803, 41.142945],
              [1.345923, 41.142918],
              [1.346075, 41.142893],
              [1.346165, 41.142942],
              [1.346354, 41.142999],
              [1.346471, 41.14301],
              [1.346573, 41.142996],
              [1.346671, 41.142958],
              [1.346801, 41.142852],
              [1.346912, 41.142739],
              [1.34707, 41.142558],
              [1.347186, 41.142508],
              [1.347247, 41.142502],
              [1.347427, 41.142593],
              [1.347553, 41.14273],
              [1.347619, 41.142789],
              [1.34753, 41.142821],
              [1.3474, 41.142851],
              [1.347234, 41.14291],
              [1.347076, 41.142991],
              [1.346985, 41.143068],
              [1.346846, 41.143189],
              [1.346715, 41.143305],
              [1.3466, 41.14339],
              [1.346421, 41.143515],
              [1.346141, 41.143685],
              [1.346003, 41.143788],
              [1.345891, 41.143878],
              [1.345809, 41.143971],
              [1.345701, 41.144115],
              [1.345567, 41.144299],
              [1.345361, 41.144555],
              [1.345213, 41.144745],
              [1.345113, 41.144843],
              [1.345024, 41.144924],
              [1.344918, 41.145007],
              [1.344774, 41.145091],
              [1.344627, 41.14519],
              [1.344399, 41.145325],
              [1.344183, 41.145564],
              [1.343985, 41.14583],
              [1.343863, 41.146056],
              [1.343748, 41.146144],
              [1.343566, 41.146284],
              [1.343197, 41.146547],
              [1.343044, 41.146656],
              [1.342928, 41.146728],
              [1.342919, 41.146725],
              [1.342877, 41.146763],
              [1.342822, 41.146791],
              [1.342766, 41.146802],
              [1.342657, 41.146813],
              [1.342536, 41.146827],
              [1.342355, 41.14688],
              [1.342219, 41.14692],
              [1.342139, 41.146968],
              [1.342108, 41.147014],
              [1.342064, 41.14707],
              [1.342004, 41.147114],
              [1.34188, 41.147189],
              [1.341758, 41.14727],
              [1.341585, 41.147384],
              [1.341433, 41.1475],
              [1.341312, 41.147611],
              [1.341194, 41.147731],
              [1.341138, 41.147829],
              [1.34108, 41.147997],
              [1.341023, 41.148089],
              [1.340971, 41.148163],
              [1.340868, 41.148251],
              [1.340757, 41.14835],
              [1.340525, 41.148547],
              [1.340435, 41.148627],
              [1.340266, 41.148834],
              [1.340143, 41.148977],
              [1.340064, 41.149178],
              [1.340043, 41.149255],
              [1.339867, 41.149224],
              [1.339718, 41.149201],
              [1.339597, 41.149197],
              [1.339501, 41.149217],
              [1.339336, 41.149253],
              [1.339186, 41.149291],
              [1.338977, 41.149378],
              [1.338828, 41.149442],
              [1.338647, 41.149493],
              [1.33856, 41.149521],
              [1.338424, 41.149521],
              [1.338311, 41.149524],
              [1.338266, 41.149555],
              [1.338248, 41.149595],
              [1.338272, 41.149638],
              [1.338289, 41.149726],
              [1.338285, 41.149756],
              [1.338249, 41.14978],
              [1.338172, 41.149799],
              [1.33811, 41.149808],
              [1.338051, 41.149795],
              [1.337917, 41.14973],
              [1.337808, 41.149681],
              [1.3377, 41.149676],
              [1.3376, 41.149698],
              [1.337569, 41.149731],
              [1.337567, 41.149769],
              [1.337606, 41.149825],
              [1.337658, 41.149887],
              [1.337681, 41.14996],
              [1.337688, 41.150021],
              [1.337642, 41.150077],
              [1.337599, 41.150117],
              [1.337519, 41.150141],
              [1.337443, 41.150129],
              [1.337324, 41.150075],
              [1.337134, 41.149991],
              [1.337078, 41.149965],
              [1.337001, 41.149963],
              [1.336929, 41.149975],
              [1.33683, 41.150028],
              [1.336633, 41.150141],
              [1.336547, 41.150177],
              [1.336498, 41.150199],
              [1.336419, 41.150205],
              [1.336358, 41.150187],
              [1.336262, 41.150179],
              [1.336196, 41.150178],
              [1.33613, 41.150195],
              [1.336048, 41.150243],
              [1.335944, 41.150303],
              [1.335732, 41.15043],
              [1.335536, 41.150534],
              [1.335449, 41.150582],
              [1.335381, 41.150596],
              [1.335261, 41.150612],
              [1.33506, 41.150598],
              [1.334657, 41.150539],
              [1.334341, 41.150491],
              [1.33412, 41.150476],
              [1.333829, 41.150532],
              [1.333591, 41.15059],
              [1.333374, 41.150669],
              [1.333238, 41.150751],
              [1.333071, 41.150819],
              [1.332532, 41.150951],
              [1.332249, 41.151026],
              [1.332069, 41.151051],
              [1.331959, 41.151051],
              [1.331884, 41.151035],
              [1.331771, 41.15097],
              [1.331692, 41.150882],
              [1.331578, 41.150771],
              [1.33145, 41.150711],
              [1.331353, 41.150685],
              [1.331244, 41.150672],
              [1.331161, 41.150683],
              [1.331121, 41.150712],
              [1.331078, 41.150745],
              [1.331076, 41.150762],
              [1.331071, 41.150779],
              [1.331055, 41.150806],
              [1.33103, 41.150828],
              [1.330979, 41.150864],
              [1.330872, 41.150909],
              [1.330869, 41.150914],
              [1.330707, 41.150862],
              [1.330646, 41.150846],
              [1.330545, 41.150834],
              [1.330272, 41.150823],
              [1.33014, 41.150779],
              [1.330033, 41.150729],
              [1.329925, 41.150685],
              [1.329849, 41.150668],
              [1.329818, 41.150666],
              [1.329763, 41.150669],
              [1.329667, 41.150698],
              [1.329481, 41.150779],
              [1.32934, 41.150792],
              [1.329343, 41.150811],
              [1.329532, 41.151141],
              [1.328116, 41.151404]
            ]
          ]
        ]
      }
    },
    {
      "type": "Feature",
      "properties": {
        "id": "el-mas-de-les-flors",
        "name": "el Mas de les Flors",
        "cityId": "tarragona"
      },
      "geometry": {
        "type": "MultiPolygon",
        "coordinates": [
          [
            [
              [1.264193, 41.135142],
              [1.264121, 41.135226],
              [1.264086, 41.135285],
              [1.264036, 41.13535],
              [1.26399, 41.135334],
              [1.263928, 41.135299],
              [1.263858, 41.135254],
              [1.263825, 41.135244],
              [1.263701, 41.135223],
              [1.263549, 41.135212],
              [1.263217, 41.135201],
              [1.262939, 41.135182],
              [1.262837, 41.135176],
              [1.262685, 41.135172],
              [1.262507, 41.135171],
              [1.262329, 41.135174],
              [1.262151, 41.13518],
              [1.261973, 41.135191],
              [1.261796, 41.135205],
              [1.26162, 41.135224],
              [1.261444, 41.135247],
              [1.261245, 41.135277],
              [1.261071, 41.135307],
              [1.260973, 41.135326],
              [1.26085, 41.135351],
              [1.260632, 41.135403],
              [1.260392, 41.135467],
              [1.260249, 41.135509],
              [1.260155, 41.135538],
              [1.260018, 41.135588],
              [1.259908, 41.135636],
              [1.259803, 41.135691],
              [1.259684, 41.135764],
              [1.259664, 41.135753],
              [1.259617, 41.135711],
              [1.259524, 41.135632],
              [1.259346, 41.135721],
              [1.259259, 41.135777],
              [1.259203, 41.135822],
              [1.25913, 41.135884],
              [1.259082, 41.135951],
              [1.259038, 41.136058],
              [1.25897, 41.136204],
              [1.258921, 41.13633],
              [1.258848, 41.136452],
              [1.258845, 41.136451],
              [1.258828, 41.136532],
              [1.258818, 41.136609],
              [1.258812, 41.136685],
              [1.258812, 41.136766],
              [1.258817, 41.136851],
              [1.258827, 41.136934],
              [1.258842, 41.137017],
              [1.258862, 41.1371],
              [1.258893, 41.137198],
              [1.258917, 41.137258],
              [1.258763, 41.137267],
              [1.258709, 41.137261],
              [1.258258, 41.137298],
              [1.258242, 41.137276],
              [1.2582, 41.137219],
              [1.258089, 41.137097],
              [1.258021, 41.137032],
              [1.257902, 41.136935],
              [1.25787, 41.136911],
              [1.257762, 41.13684],
              [1.257675, 41.136789],
              [1.257585, 41.136742],
              [1.257491, 41.1367],
              [1.257395, 41.136662],
              [1.257298, 41.136627],
              [1.2572, 41.136596],
              [1.257131, 41.136576],
              [1.256998, 41.136543],
              [1.256706, 41.136479],
              [1.256369, 41.136399],
              [1.254538, 41.135974],
              [1.254341, 41.135921],
              [1.254149, 41.135756],
              [1.254108, 41.135612],
              [1.25408, 41.135505],
              [1.254064, 41.135402],
              [1.25406, 41.135337],
              [1.254061, 41.135232],
              [1.254081, 41.13504],
              [1.25413, 41.13466],
              [1.25423, 41.133878],
              [1.254252, 41.133655],
              [1.25426, 41.133476],
              [1.254258, 41.133389],
              [1.25425, 41.133269],
              [1.254743, 41.133247],
              [1.254896, 41.133209],
              [1.255031, 41.133173],
              [1.255047, 41.133134],
              [1.255123, 41.133086],
              [1.255208, 41.133048],
              [1.255311, 41.133015],
              [1.25537, 41.132999],
              [1.255374, 41.133007],
              [1.255419, 41.132994],
              [1.255423, 41.132998],
              [1.255634, 41.132934],
              [1.255747, 41.132899],
              [1.25607, 41.132759],
              [1.25608, 41.132853],
              [1.256106, 41.132971],
              [1.256119, 41.133009],
              [1.256154, 41.133081],
              [1.256182, 41.133123],
              [1.256249, 41.133196],
              [1.256357, 41.133285],
              [1.256395, 41.133307],
              [1.256442, 41.133329],
              [1.256539, 41.133363],
              [1.256586, 41.133371],
              [1.256647, 41.13335],
              [1.256708, 41.133343],
              [1.256795, 41.13336],
              [1.256909, 41.133298],
              [1.257177, 41.133312],
              [1.257379, 41.133362],
              [1.257475, 41.133411],
              [1.25789, 41.133546],
              [1.258071, 41.133501],
              [1.258283, 41.133516],
              [1.258716, 41.133538],
              [1.258989, 41.133404],
              [1.258703, 41.132991],
              [1.258728, 41.132929],
              [1.258761, 41.132869],
              [1.258801, 41.132811],
              [1.258848, 41.132757],
              [1.258903, 41.132707],
              [1.258964, 41.132661],
              [1.25903, 41.13262],
              [1.259102, 41.132584],
              [1.259178, 41.132554],
              [1.259257, 41.132529],
              [1.25934, 41.13251],
              [1.259612, 41.132473],
              [1.259801, 41.132455],
              [1.259992, 41.132443],
              [1.260183, 41.132438],
              [1.260374, 41.132439],
              [1.260565, 41.132447],
              [1.260755, 41.132461],
              [1.260944, 41.132481],
              [1.261131, 41.132508],
              [1.261317, 41.132541],
              [1.261501, 41.132581],
              [1.261682, 41.132626],
              [1.261945, 41.132715],
              [1.262166, 41.132794],
              [1.262462, 41.132904],
              [1.262773, 41.133026],
              [1.262931, 41.133091],
              [1.263882, 41.133523],
              [1.264566, 41.133881],
              [1.264897, 41.134197],
              [1.264936, 41.13427],
              [1.26519, 41.13478],
              [1.26511, 41.134764],
              [1.264738, 41.134693],
              [1.264628, 41.134672],
              [1.264433, 41.134635],
              [1.264303, 41.134966],
              [1.264282, 41.134996],
              [1.264284, 41.134998],
              [1.264241, 41.13506],
              [1.264222, 41.135091],
              [1.264193, 41.135142]
            ]
          ]
        ]
      }
    },
    {
      "type": "Feature",
      "properties": {
        "id": "el-mas-de-pastor",
        "name": "el Mas de Pastor",
        "cityId": "tarragona"
      },
      "geometry": {
        "type": "MultiPolygon",
        "coordinates": [
          [
            [
              [1.271279, 41.157903],
              [1.271099, 41.159139],
              [1.270871, 41.159191],
              [1.270648, 41.159228],
              [1.270383, 41.159273],
              [1.270083, 41.159327],
              [1.269809, 41.158689],
              [1.269786, 41.158642],
              [1.269752, 41.158561],
              [1.269682, 41.158378],
              [1.269516, 41.158383],
              [1.269359, 41.158384],
              [1.268882, 41.158398],
              [1.268612, 41.158402],
              [1.268404, 41.158408],
              [1.267852, 41.158411],
              [1.267347, 41.158367],
              [1.267101, 41.158349],
              [1.26686, 41.158341],
              [1.266621, 41.158353],
              [1.266391, 41.158356],
              [1.265676, 41.158379],
              [1.26543, 41.158401],
              [1.265276, 41.158404],
              [1.265287, 41.158715],
              [1.265298, 41.159101],
              [1.264556, 41.159032],
              [1.263967, 41.158987],
              [1.263833, 41.158988],
              [1.263685, 41.158988],
              [1.26357, 41.159003],
              [1.263433, 41.15902],
              [1.263327, 41.159023],
              [1.263212, 41.158986],
              [1.263063, 41.158938],
              [1.262961, 41.158899],
              [1.262889, 41.15889],
              [1.262828, 41.158899],
              [1.262772, 41.158927],
              [1.262714, 41.158972],
              [1.262657, 41.159039],
              [1.262626, 41.159084],
              [1.262592, 41.159127],
              [1.262536, 41.159181],
              [1.262497, 41.159211],
              [1.262441, 41.15925],
              [1.262373, 41.159272],
              [1.262278, 41.159284],
              [1.262267, 41.159214],
              [1.262265, 41.159181],
              [1.262284, 41.159076],
              [1.2623, 41.158993],
              [1.262411, 41.15873],
              [1.26243, 41.158675],
              [1.262429, 41.158643],
              [1.262397, 41.158512],
              [1.26233, 41.158358],
              [1.262281, 41.158286],
              [1.262206, 41.158249],
              [1.26219, 41.158242],
              [1.262185, 41.158224],
              [1.262165, 41.158158],
              [1.262168, 41.158099],
              [1.262203, 41.157984],
              [1.262275, 41.157767],
              [1.262318, 41.157637],
              [1.262334, 41.157568],
              [1.26235, 41.157473],
              [1.262371, 41.157353],
              [1.26241, 41.157259],
              [1.262453, 41.157186],
              [1.262554, 41.1571],
              [1.262674, 41.15701],
              [1.262821, 41.156921],
              [1.262916, 41.156902],
              [1.262973, 41.1569],
              [1.263044, 41.156901],
              [1.263108, 41.156868],
              [1.26311, 41.156855],
              [1.263112, 41.156821],
              [1.263114, 41.156775],
              [1.263093, 41.156727],
              [1.263067, 41.156697],
              [1.263015, 41.156647],
              [1.262872, 41.156546],
              [1.262741, 41.156471],
              [1.262677, 41.156435],
              [1.262607, 41.156422],
              [1.262523, 41.156417],
              [1.262349, 41.156446],
              [1.262026, 41.156514],
              [1.261839, 41.15652],
              [1.261763, 41.156517],
              [1.261683, 41.156497],
              [1.261639, 41.156466],
              [1.26163, 41.156436],
              [1.261776, 41.156234],
              [1.262105, 41.155824],
              [1.261767, 41.155703],
              [1.261237, 41.155434],
              [1.260892, 41.155317],
              [1.258926, 41.154422],
              [1.259058, 41.154387],
              [1.259244, 41.154378],
              [1.259408, 41.154372],
              [1.259575, 41.154335],
              [1.259759, 41.154356],
              [1.259906, 41.154394],
              [1.259965, 41.154373],
              [1.259935, 41.154311],
              [1.259904, 41.154235],
              [1.259885, 41.154105],
              [1.259902, 41.153974],
              [1.259926, 41.153827],
              [1.259948, 41.153681],
              [1.259947, 41.153584],
              [1.259919, 41.153489],
              [1.259869, 41.153415],
              [1.259788, 41.153315],
              [1.259589, 41.153111],
              [1.259515, 41.15302],
              [1.259459, 41.152935],
              [1.259423, 41.152871],
              [1.259415, 41.152817],
              [1.259405, 41.152721],
              [1.259395, 41.152635],
              [1.259375, 41.152565],
              [1.259344, 41.152499],
              [1.259302, 41.152419],
              [1.25922, 41.152277],
              [1.259119, 41.152144],
              [1.25909, 41.152106],
              [1.259146, 41.152039],
              [1.259153, 41.152044],
              [1.259303, 41.152148],
              [1.259559, 41.152323],
              [1.259629, 41.15237],
              [1.259699, 41.152431],
              [1.259762, 41.152505],
              [1.259792, 41.152559],
              [1.259838, 41.152597],
              [1.259886, 41.152622],
              [1.260244, 41.152746],
              [1.260392, 41.152789],
              [1.260519, 41.152805],
              [1.260595, 41.152821],
              [1.260615, 41.152826],
              [1.260653, 41.152856],
              [1.260718, 41.152909],
              [1.260835, 41.153007],
              [1.260978, 41.153097],
              [1.261067, 41.153134],
              [1.261214, 41.153153],
              [1.261307, 41.153148],
              [1.261519, 41.153104],
              [1.261603, 41.153089],
              [1.261661, 41.153083],
              [1.261694, 41.153087],
              [1.261719, 41.15309],
              [1.261778, 41.153114],
              [1.26183, 41.153134],
              [1.26188, 41.153129],
              [1.262079, 41.153034],
              [1.262189, 41.152972],
              [1.262286, 41.152911],
              [1.262338, 41.152871],
              [1.26239, 41.15284],
              [1.262407, 41.152831],
              [1.262444, 41.152818],
              [1.262907, 41.152653],
              [1.263052, 41.152604],
              [1.263081, 41.152594],
              [1.263095, 41.152595],
              [1.263128, 41.152595],
              [1.263152, 41.152595],
              [1.263208, 41.152629],
              [1.263248, 41.152653],
              [1.263341, 41.152696],
              [1.263398, 41.15271],
              [1.263449, 41.152711],
              [1.263472, 41.152711],
              [1.263607, 41.152672],
              [1.263897, 41.152583],
              [1.264044, 41.152527],
              [1.264159, 41.152491],
              [1.264198, 41.152479],
              [1.264203, 41.152478],
              [1.264249, 41.15248],
              [1.264298, 41.152482],
              [1.264337, 41.152484],
              [1.264359, 41.152491],
              [1.264437, 41.152514],
              [1.264469, 41.152524],
              [1.264499, 41.152537],
              [1.264553, 41.152562],
              [1.264734, 41.152624],
              [1.264948, 41.152691],
              [1.265036, 41.152711],
              [1.265144, 41.15271],
              [1.265194, 41.152715],
              [1.265322, 41.152727],
              [1.265429, 41.152737],
              [1.265847, 41.15275],
              [1.2659, 41.152741],
              [1.265922, 41.152726],
              [1.266008, 41.152639],
              [1.266136, 41.152649],
              [1.266212, 41.152671],
              [1.266218, 41.152673],
              [1.266257, 41.152715],
              [1.266296, 41.152755],
              [1.266297, 41.152778],
              [1.266292, 41.152806],
              [1.266335, 41.152824],
              [1.266819, 41.152858],
              [1.266897, 41.15287],
              [1.266953, 41.152872],
              [1.267003, 41.152867],
              [1.267052, 41.152856],
              [1.267152, 41.152788],
              [1.267372, 41.152628],
              [1.267486, 41.152557],
              [1.26758, 41.152534],
              [1.267911, 41.15244],
              [1.268167, 41.152411],
              [1.268288, 41.152223],
              [1.268349, 41.152175],
              [1.268419, 41.152088],
              [1.268563, 41.151981],
              [1.268759, 41.151838],
              [1.268918, 41.151748],
              [1.269093, 41.151655],
              [1.269111, 41.151678],
              [1.269493, 41.151622],
              [1.270198, 41.151728],
              [1.26999, 41.152785],
              [1.269996, 41.152804],
              [1.270017, 41.152843],
              [1.270039, 41.152869],
              [1.270071, 41.152894],
              [1.270012, 41.153152],
              [1.269954, 41.153452],
              [1.270284, 41.153324],
              [1.270808, 41.153128],
              [1.27091, 41.153106],
              [1.271206, 41.153124],
              [1.271279, 41.157903]
            ]
          ]
        ]
      }
    },
    {
      "type": "Feature",
      "properties": {
        "id": "el-mas-de-pastoret",
        "name": "el Mas de Pastoret",
        "cityId": "tarragona"
      },
      "geometry": {
        "type": "MultiPolygon",
        "coordinates": [
          [
            [
              [1.296804, 41.151215],
              [1.296752, 41.151154],
              [1.296671, 41.15104],
              [1.296716, 41.150945],
              [1.29716, 41.149932],
              [1.29757, 41.150037],
              [1.297891, 41.150111],
              [1.298185, 41.150171],
              [1.298484, 41.15023],
              [1.298817, 41.15029],
              [1.299265, 41.150357],
              [1.299684, 41.150414],
              [1.300233, 41.150469],
              [1.300544, 41.150495],
              [1.300885, 41.150517],
              [1.301382, 41.150537],
              [1.301878, 41.150547],
              [1.302317, 41.150542],
              [1.303003, 41.150512],
              [1.303066, 41.150509],
              [1.303618, 41.150468],
              [1.3041, 41.150422],
              [1.304414, 41.150378],
              [1.304443, 41.150733],
              [1.304419, 41.151091],
              [1.304478, 41.15117],
              [1.304668, 41.151504],
              [1.304976, 41.151985],
              [1.305304, 41.152446],
              [1.305546, 41.15271],
              [1.305601, 41.1528],
              [1.305923, 41.153177],
              [1.306483, 41.153543],
              [1.307003, 41.153892],
              [1.307085, 41.15391],
              [1.308539, 41.154945],
              [1.309909, 41.155445],
              [1.311241, 41.155932],
              [1.312534, 41.15643],
              [1.312971, 41.156667],
              [1.313444, 41.15684],
              [1.313537, 41.156936],
              [1.313641, 41.157033],
              [1.313707, 41.157091],
              [1.313752, 41.157138],
              [1.313828, 41.157216],
              [1.313912, 41.157304],
              [1.314007, 41.157401],
              [1.31406, 41.157452],
              [1.314133, 41.157516],
              [1.314238, 41.1576],
              [1.314357, 41.157696],
              [1.314405, 41.157739],
              [1.314504, 41.157833],
              [1.314592, 41.157928],
              [1.314637, 41.158007],
              [1.314666, 41.15808],
              [1.314691, 41.158169],
              [1.314698, 41.158237],
              [1.314705, 41.158311],
              [1.314693, 41.158448],
              [1.314669, 41.158519],
              [1.314641, 41.158587],
              [1.314595, 41.158645],
              [1.314551, 41.158689],
              [1.314507, 41.158727],
              [1.314458, 41.158753],
              [1.314383, 41.158774],
              [1.314313, 41.158768],
              [1.314244, 41.158747],
              [1.314136, 41.158702],
              [1.314047, 41.158644],
              [1.313941, 41.158543],
              [1.313856, 41.158456],
              [1.313735, 41.158327],
              [1.31365, 41.158239],
              [1.31359, 41.158186],
              [1.31341, 41.158044],
              [1.313247, 41.15793],
              [1.313118, 41.157862],
              [1.31284, 41.157765],
              [1.312686, 41.157739],
              [1.312574, 41.157737],
              [1.312416, 41.157756],
              [1.312264, 41.157781],
              [1.312139, 41.157877],
              [1.312043, 41.158011],
              [1.311863, 41.158301],
              [1.311792, 41.1586],
              [1.311822, 41.158753],
              [1.311861, 41.158949],
              [1.311878, 41.15914],
              [1.311847, 41.159367],
              [1.31178, 41.159498],
              [1.311709, 41.159649],
              [1.311663, 41.159705],
              [1.311557, 41.159734],
              [1.311291, 41.159738],
              [1.311034, 41.159724],
              [1.310718, 41.159821],
              [1.310169, 41.159741],
              [1.310026, 41.159742],
              [1.309922, 41.159759],
              [1.309833, 41.159796],
              [1.309764, 41.159844],
              [1.309687, 41.159912],
              [1.309604, 41.16001],
              [1.309526, 41.160111],
              [1.309435, 41.160257],
              [1.309356, 41.160394],
              [1.309264, 41.160571],
              [1.309188, 41.160711],
              [1.309056, 41.160914],
              [1.308972, 41.161066],
              [1.308926, 41.161161],
              [1.308913, 41.161209],
              [1.308899, 41.161263],
              [1.308906, 41.161309],
              [1.308947, 41.161424],
              [1.308961, 41.161484],
              [1.308968, 41.161532],
              [1.30897, 41.16162],
              [1.308962, 41.16177],
              [1.308943, 41.161878],
              [1.308895, 41.162037],
              [1.308865, 41.162124],
              [1.308827, 41.162219],
              [1.308793, 41.162288],
              [1.308748, 41.162366],
              [1.308202, 41.161727],
              [1.307998, 41.161626],
              [1.307903, 41.161486],
              [1.307955, 41.161227],
              [1.308046, 41.16098],
              [1.307651, 41.160575],
              [1.307709, 41.15949],
              [1.307083, 41.159175],
              [1.306628, 41.158648],
              [1.306631, 41.158603],
              [1.305914, 41.158268],
              [1.305518, 41.158077],
              [1.304951, 41.157812],
              [1.304498, 41.157736],
              [1.304318, 41.157444],
              [1.3041, 41.157305],
              [1.303388, 41.157064],
              [1.303188, 41.156965],
              [1.302304, 41.15652],
              [1.301413, 41.156071],
              [1.299418, 41.155065],
              [1.298953, 41.155188],
              [1.298198, 41.155175],
              [1.297559, 41.154897],
              [1.295873, 41.154181],
              [1.295648, 41.153984],
              [1.29563, 41.153908],
              [1.295698, 41.153797],
              [1.295858, 41.153695],
              [1.295953, 41.153529],
              [1.296061, 41.153358],
              [1.296172, 41.153336],
              [1.296213, 41.153227],
              [1.296272, 41.153176],
              [1.296425, 41.153155],
              [1.29657, 41.153175],
              [1.296674, 41.153121],
              [1.296821, 41.153077],
              [1.296881, 41.152957],
              [1.296862, 41.15283],
              [1.296998, 41.152716],
              [1.297244, 41.152515],
              [1.297219, 41.15231],
              [1.297202, 41.152234],
              [1.297024, 41.152165],
              [1.296819, 41.152102],
              [1.296627, 41.152006],
              [1.296557, 41.151907],
              [1.296597, 41.151697],
              [1.296735, 41.151384],
              [1.296804, 41.151215]
            ]
          ]
        ]
      }
    },
    {
      "type": "Feature",
      "properties": {
        "id": "el-mas-de-vilar",
        "name": "el Mas de Vilar",
        "cityId": "tarragona"
      },
      "geometry": {
        "type": "MultiPolygon",
        "coordinates": [
          [
            [
              [1.273287, 41.1289],
              [1.273874, 41.128314],
              [1.273986, 41.128285],
              [1.274208, 41.128149],
              [1.274253, 41.128121],
              [1.27427, 41.128111],
              [1.274852, 41.127759],
              [1.275232, 41.126998],
              [1.275332, 41.126985],
              [1.275421, 41.126977],
              [1.275532, 41.126963],
              [1.275655, 41.126947],
              [1.27579, 41.126929],
              [1.276006, 41.126898],
              [1.276083, 41.126892],
              [1.276184, 41.12691],
              [1.2763, 41.126955],
              [1.276376, 41.126988],
              [1.276477, 41.127043],
              [1.276563, 41.127107],
              [1.27663, 41.127164],
              [1.276709, 41.127246],
              [1.27678, 41.127337],
              [1.27688, 41.127464],
              [1.276966, 41.12761],
              [1.277075, 41.127791],
              [1.277161, 41.127945],
              [1.277233, 41.128097],
              [1.277303, 41.128239],
              [1.277369, 41.128343],
              [1.277423, 41.128412],
              [1.277479, 41.128473],
              [1.277554, 41.128536],
              [1.277639, 41.128604],
              [1.277726, 41.128666],
              [1.277822, 41.128719],
              [1.277933, 41.128757],
              [1.278004, 41.128791],
              [1.278114, 41.128831],
              [1.27824, 41.128886],
              [1.278355, 41.128941],
              [1.278486, 41.129009],
              [1.278574, 41.129092],
              [1.278677, 41.129172],
              [1.278761, 41.129258],
              [1.278856, 41.129357],
              [1.278926, 41.129437],
              [1.279019, 41.129559],
              [1.279146, 41.129721],
              [1.279293, 41.129886],
              [1.279454, 41.130112],
              [1.279656, 41.130363],
              [1.279844, 41.130576],
              [1.280207, 41.130936],
              [1.280254, 41.131026],
              [1.28029, 41.131113],
              [1.280346, 41.13123],
              [1.280393, 41.131352],
              [1.280422, 41.131463],
              [1.280452, 41.131579],
              [1.280443, 41.131694],
              [1.280383, 41.131798],
              [1.280317, 41.131892],
              [1.28025, 41.131983],
              [1.280188, 41.132076],
              [1.280143, 41.132186],
              [1.28015, 41.132301],
              [1.280193, 41.132393],
              [1.280263, 41.132484],
              [1.280363, 41.132572],
              [1.280458, 41.132639],
              [1.280554, 41.132684],
              [1.280638, 41.132718],
              [1.280798, 41.132755],
              [1.280957, 41.132796],
              [1.281113, 41.132842],
              [1.281267, 41.132891],
              [1.281419, 41.132944],
              [1.281569, 41.133001],
              [1.281716, 41.133062],
              [1.281962, 41.133194],
              [1.282142, 41.133287],
              [1.282327, 41.133374],
              [1.282516, 41.133456],
              [1.282709, 41.133533],
              [1.282906, 41.133603],
              [1.283107, 41.133668],
              [1.283311, 41.133726],
              [1.283436, 41.13378],
              [1.283558, 41.133837],
              [1.283677, 41.133899],
              [1.283793, 41.133964],
              [1.283905, 41.134032],
              [1.284013, 41.134104],
              [1.284117, 41.134179],
              [1.2843, 41.134322],
              [1.28448, 41.134468],
              [1.284656, 41.134616],
              [1.284829, 41.134767],
              [1.284997, 41.134921],
              [1.285161, 41.135077],
              [1.285321, 41.135235],
              [1.285451, 41.135369],
              [1.285563, 41.135473],
              [1.285692, 41.135595],
              [1.285803, 41.135695],
              [1.285892, 41.135781],
              [1.285947, 41.135833],
              [1.286039, 41.135922],
              [1.286104, 41.135985],
              [1.286188, 41.136068],
              [1.286255, 41.136135],
              [1.286309, 41.136189],
              [1.286369, 41.13625],
              [1.286419, 41.136299],
              [1.286462, 41.13635],
              [1.286522, 41.136411],
              [1.286567, 41.136463],
              [1.286617, 41.136519],
              [1.286677, 41.136588],
              [1.286709, 41.136619],
              [1.286766, 41.136693],
              [1.286798, 41.136731],
              [1.286866, 41.13682],
              [1.286918, 41.136892],
              [1.286948, 41.136938],
              [1.286979, 41.136988],
              [1.287015, 41.137044],
              [1.287048, 41.137098],
              [1.287082, 41.137163],
              [1.287108, 41.137211],
              [1.28713, 41.137264],
              [1.287144, 41.137299],
              [1.287161, 41.137348],
              [1.287179, 41.137396],
              [1.287205, 41.137492],
              [1.287221, 41.137586],
              [1.287231, 41.137679],
              [1.287237, 41.137801],
              [1.28724, 41.137884],
              [1.28724, 41.137996],
              [1.287235, 41.138061],
              [1.287229, 41.138137],
              [1.287223, 41.13821],
              [1.28721, 41.138317],
              [1.287203, 41.138366],
              [1.287195, 41.138439],
              [1.287182, 41.138515],
              [1.287173, 41.138575],
              [1.287163, 41.138658],
              [1.287134, 41.138762],
              [1.28711, 41.138863],
              [1.287094, 41.13893],
              [1.287242, 41.138961],
              [1.287507, 41.139021],
              [1.287526, 41.138965],
              [1.28755, 41.138899],
              [1.287563, 41.138854],
              [1.287587, 41.138807],
              [1.287602, 41.138761],
              [1.287621, 41.138709],
              [1.287662, 41.138623],
              [1.287705, 41.138572],
              [1.287727, 41.138549],
              [1.287758, 41.138512],
              [1.287859, 41.138458],
              [1.287884, 41.138447],
              [1.287947, 41.138434],
              [1.287999, 41.138423],
              [1.288054, 41.13841],
              [1.288116, 41.138396],
              [1.288159, 41.138383],
              [1.288269, 41.138361],
              [1.288364, 41.138339],
              [1.28869, 41.138366],
              [1.288916, 41.138383],
              [1.289161, 41.138402],
              [1.289169, 41.138479],
              [1.289179, 41.138561],
              [1.289191, 41.138644],
              [1.289204, 41.138737],
              [1.289212, 41.138793],
              [1.289228, 41.138863],
              [1.289241, 41.138931],
              [1.289257, 41.138997],
              [1.289269, 41.139058],
              [1.289287, 41.13913],
              [1.289302, 41.139194],
              [1.289319, 41.139254],
              [1.289337, 41.139316],
              [1.289354, 41.13937],
              [1.289381, 41.13944],
              [1.289396, 41.139484],
              [1.289417, 41.139535],
              [1.289433, 41.139575],
              [1.289489, 41.139724],
              [1.289556, 41.139918],
              [1.289823, 41.139932],
              [1.290117, 41.139945],
              [1.290496, 41.139967],
              [1.290884, 41.139987],
              [1.291306, 41.140009],
              [1.291758, 41.140033],
              [1.291824, 41.140232],
              [1.29176, 41.140254],
              [1.291824, 41.14037],
              [1.291828, 41.140371],
              [1.291974, 41.140548],
              [1.292131, 41.140791],
              [1.292291, 41.140736],
              [1.292298, 41.140885],
              [1.292281, 41.140921],
              [1.292288, 41.141032],
              [1.292319, 41.141175],
              [1.292341, 41.141295],
              [1.292274, 41.141513],
              [1.292085, 41.141651],
              [1.292031, 41.141651],
              [1.291972, 41.141702],
              [1.2919, 41.14177],
              [1.291829, 41.14188],
              [1.291769, 41.14227],
              [1.291817, 41.142277],
              [1.29179, 41.142474],
              [1.291775, 41.142726],
              [1.291852, 41.142952],
              [1.291874, 41.143103],
              [1.291901, 41.143384],
              [1.2919, 41.143459],
              [1.291871, 41.143622],
              [1.291794, 41.14409],
              [1.291853, 41.144229],
              [1.291908, 41.144256],
              [1.291989, 41.144308],
              [1.292074, 41.14435],
              [1.29207, 41.144395],
              [1.292039, 41.14456],
              [1.292006, 41.144712],
              [1.291953, 41.144995],
              [1.291934, 41.145153],
              [1.291913, 41.145307],
              [1.291902, 41.145313],
              [1.291834, 41.145319],
              [1.291632, 41.145331],
              [1.291517, 41.145365],
              [1.291727, 41.145801],
              [1.291742, 41.146255],
              [1.291713, 41.146435],
              [1.291699, 41.146467],
              [1.291629, 41.146576],
              [1.291428, 41.146802],
              [1.290847, 41.146498],
              [1.290473, 41.14629],
              [1.290091, 41.146087],
              [1.289714, 41.145883],
              [1.28915, 41.14558],
              [1.288923, 41.145454],
              [1.288469, 41.145201],
              [1.288051, 41.144963],
              [1.287645, 41.144712],
              [1.287197, 41.144422],
              [1.286636, 41.144029],
              [1.286256, 41.143744],
              [1.285842, 41.143405],
              [1.285493, 41.143097],
              [1.285216, 41.142852],
              [1.284915, 41.142561],
              [1.284491, 41.142135],
              [1.284109, 41.141707],
              [1.283744, 41.141265],
              [1.283375, 41.140772],
              [1.283131, 41.140414],
              [1.282875, 41.140018],
              [1.282626, 41.139592],
              [1.282452, 41.139268],
              [1.282254, 41.138907],
              [1.281983, 41.138331],
              [1.281676, 41.137668],
              [1.28138, 41.137013],
              [1.281161, 41.136556],
              [1.280986, 41.136141],
              [1.280689, 41.135506],
              [1.280457, 41.135001],
              [1.280259, 41.134614],
              [1.280033, 41.134183],
              [1.279787, 41.133791],
              [1.279576, 41.133473],
              [1.279279, 41.133087],
              [1.279071, 41.13283],
              [1.278909, 41.132632],
              [1.278624, 41.132326],
              [1.278365, 41.132065],
              [1.277989, 41.131719],
              [1.277601, 41.131381],
              [1.277187, 41.131055],
              [1.276747, 41.130738],
              [1.276416, 41.130529],
              [1.275921, 41.130215],
              [1.275449, 41.129963],
              [1.274947, 41.129701],
              [1.274445, 41.129462],
              [1.273905, 41.129217],
              [1.273503, 41.129014],
              [1.273287, 41.1289]
            ]
          ]
        ]
      }
    },
    {
      "type": "Feature",
      "properties": {
        "id": "el-mas-dels-arcs",
        "name": "el Mas dels Arcs",
        "cityId": "tarragona"
      },
      "geometry": {
        "type": "MultiPolygon",
        "coordinates": [
          [
            [
              [1.256984, 41.15067],
              [1.257157, 41.150748],
              [1.257389, 41.150865],
              [1.257515, 41.150924],
              [1.257615, 41.150961],
              [1.25773, 41.150981],
              [1.2579, 41.150997],
              [1.258089, 41.151009],
              [1.258296, 41.151003],
              [1.258494, 41.151007],
              [1.258669, 41.151028],
              [1.258954, 41.151072],
              [1.259178, 41.151118],
              [1.259304, 41.151156],
              [1.259446, 41.151228],
              [1.259538, 41.151304],
              [1.259564, 41.151373],
              [1.259557, 41.151425],
              [1.259533, 41.151436],
              [1.259489, 41.151443],
              [1.259365, 41.15145],
              [1.259267, 41.151449],
              [1.259231, 41.151465],
              [1.259233, 41.151502],
              [1.259251, 41.151548],
              [1.259265, 41.151601],
              [1.259265, 41.151645],
              [1.259246, 41.151685],
              [1.259212, 41.151719],
              [1.25912, 41.151728],
              [1.259018, 41.151744],
              [1.258951, 41.151758],
              [1.258904, 41.151775],
              [1.25886, 41.15182],
              [1.258873, 41.151867],
              [1.258934, 41.151929],
              [1.25909, 41.152106],
              [1.259119, 41.152144],
              [1.25922, 41.152277],
              [1.259302, 41.152419],
              [1.259344, 41.152499],
              [1.259375, 41.152565],
              [1.259395, 41.152635],
              [1.259405, 41.152721],
              [1.259415, 41.152817],
              [1.259423, 41.152871],
              [1.259459, 41.152935],
              [1.259515, 41.15302],
              [1.259589, 41.153111],
              [1.259788, 41.153315],
              [1.259869, 41.153415],
              [1.259919, 41.153489],
              [1.259947, 41.153584],
              [1.259948, 41.153681],
              [1.259926, 41.153827],
              [1.259902, 41.153974],
              [1.259885, 41.154105],
              [1.259904, 41.154235],
              [1.259935, 41.154311],
              [1.259965, 41.154373],
              [1.259906, 41.154394],
              [1.259759, 41.154356],
              [1.259575, 41.154335],
              [1.259408, 41.154372],
              [1.259244, 41.154378],
              [1.259058, 41.154387],
              [1.258926, 41.154422],
              [1.258503, 41.154441],
              [1.258179, 41.154468],
              [1.257816, 41.154489],
              [1.257545, 41.1545],
              [1.25734, 41.154508],
              [1.256984, 41.154523],
              [1.256728, 41.154515],
              [1.256468, 41.154481],
              [1.256282, 41.154458],
              [1.256186, 41.154447],
              [1.25606, 41.154433],
              [1.255983, 41.154421],
              [1.255912, 41.154402],
              [1.25585, 41.154368],
              [1.255707, 41.154296],
              [1.255572, 41.154223],
              [1.255476, 41.154166],
              [1.255374, 41.1541],
              [1.255161, 41.153951],
              [1.255028, 41.153861],
              [1.254911, 41.15379],
              [1.254739, 41.153691],
              [1.25447, 41.153557],
              [1.25429, 41.153475],
              [1.254181, 41.153425],
              [1.254049, 41.153359],
              [1.253921, 41.153296],
              [1.253675, 41.153178],
              [1.253515, 41.153093],
              [1.253383, 41.153029],
              [1.253316, 41.152988],
              [1.253247, 41.152951],
              [1.253167, 41.152902],
              [1.253117, 41.152865],
              [1.253047, 41.152808],
              [1.252913, 41.152687],
              [1.252808, 41.152593],
              [1.252734, 41.152523],
              [1.252661, 41.152452],
              [1.252561, 41.152372],
              [1.25245, 41.152283],
              [1.252311, 41.152188],
              [1.252176, 41.152108],
              [1.25201, 41.151997],
              [1.251901, 41.151927],
              [1.251755, 41.151832],
              [1.251634, 41.151811],
              [1.251481, 41.151809],
              [1.251285, 41.151806],
              [1.251108, 41.151806],
              [1.250951, 41.15181],
              [1.250699, 41.151833],
              [1.250621, 41.151843],
              [1.250516, 41.151867],
              [1.250449, 41.151882],
              [1.250302, 41.151895],
              [1.250176, 41.151899],
              [1.250068, 41.1519],
              [1.249972, 41.151885],
              [1.249902, 41.151886],
              [1.249532, 41.15193],
              [1.249207, 41.151965],
              [1.249072, 41.151981],
              [1.248811, 41.152026],
              [1.24863, 41.152063],
              [1.248451, 41.152093],
              [1.248284, 41.152113],
              [1.248173, 41.152135],
              [1.248023, 41.152182],
              [1.247677, 41.152291],
              [1.247591, 41.152328],
              [1.247426, 41.152349],
              [1.247293, 41.152348],
              [1.247195, 41.152335],
              [1.247098, 41.152311],
              [1.246993, 41.152274],
              [1.246897, 41.152258],
              [1.246784, 41.15224],
              [1.246661, 41.152222],
              [1.246571, 41.152191],
              [1.246354, 41.15211],
              [1.24606, 41.152012],
              [1.24584, 41.151954],
              [1.245612, 41.151905],
              [1.245534, 41.151895],
              [1.24524, 41.151889],
              [1.245147, 41.151892],
              [1.245076, 41.151904],
              [1.244991, 41.151932],
              [1.244896, 41.151973],
              [1.244771, 41.15204],
              [1.244673, 41.152091],
              [1.244471, 41.152169],
              [1.244338, 41.152218],
              [1.244297, 41.152229],
              [1.2425, 41.150203],
              [1.242448, 41.149775],
              [1.242364, 41.149563],
              [1.242294, 41.149444],
              [1.242219, 41.149397],
              [1.242178, 41.149379],
              [1.24215, 41.149369],
              [1.24212, 41.149362],
              [1.241918, 41.14941],
              [1.241779, 41.149505],
              [1.241174, 41.149917],
              [1.241013, 41.149991],
              [1.240917, 41.150036],
              [1.24079, 41.150123],
              [1.24073, 41.150164],
              [1.24069, 41.150147],
              [1.240191, 41.149935],
              [1.23993, 41.149823],
              [1.239713, 41.14974],
              [1.239709, 41.149314],
              [1.239696, 41.148854],
              [1.239692, 41.148754],
              [1.23968, 41.148484],
              [1.239658, 41.148077],
              [1.239618, 41.147366],
              [1.239666, 41.147371],
              [1.239922, 41.147386],
              [1.24022, 41.147437],
              [1.240425, 41.147472],
              [1.240451, 41.147513],
              [1.240498, 41.14759],
              [1.240556, 41.147672],
              [1.240591, 41.147721],
              [1.240669, 41.14777],
              [1.240786, 41.147839],
              [1.240854, 41.147889],
              [1.240899, 41.147917],
              [1.240971, 41.147961],
              [1.24102, 41.147967],
              [1.241067, 41.147948],
              [1.241101, 41.147878],
              [1.241075, 41.147836],
              [1.241055, 41.147804],
              [1.241002, 41.147748],
              [1.240958, 41.147703],
              [1.240919, 41.147645],
              [1.240912, 41.147622],
              [1.240914, 41.1476],
              [1.240928, 41.147584],
              [1.240958, 41.147568],
              [1.241011, 41.147567],
              [1.241105, 41.147576],
              [1.241305, 41.147613],
              [1.241416, 41.147642],
              [1.241682, 41.147699],
              [1.241849, 41.147727],
              [1.241969, 41.147737],
              [1.242133, 41.147748],
              [1.242226, 41.147746],
              [1.242366, 41.147733],
              [1.242613, 41.14768],
              [1.242997, 41.147614],
              [1.243448, 41.147553],
              [1.243777, 41.147518],
              [1.244443, 41.147428],
              [1.244699, 41.147393],
              [1.244879, 41.147342],
              [1.244892, 41.147351],
              [1.244987, 41.147423],
              [1.245057, 41.14748],
              [1.245113, 41.147524],
              [1.245156, 41.147567],
              [1.245172, 41.1476],
              [1.245182, 41.147724],
              [1.245179, 41.14785],
              [1.24518, 41.147896],
              [1.24518, 41.147978],
              [1.245177, 41.148095],
              [1.245176, 41.148147],
              [1.245179, 41.148217],
              [1.245227, 41.148346],
              [1.245269, 41.148392],
              [1.245333, 41.14844],
              [1.245403, 41.148494],
              [1.245477, 41.14855],
              [1.245563, 41.148614],
              [1.245642, 41.148658],
              [1.24575, 41.148724],
              [1.245805, 41.148744],
              [1.245895, 41.148767],
              [1.245958, 41.148779],
              [1.246043, 41.148793],
              [1.246122, 41.148803],
              [1.246231, 41.148812],
              [1.24633, 41.148819],
              [1.24644, 41.148824],
              [1.246542, 41.148824],
              [1.24675, 41.148801],
              [1.246812, 41.148785],
              [1.246893, 41.148759],
              [1.247106, 41.148692],
              [1.247169, 41.148667],
              [1.247254, 41.14863],
              [1.247438, 41.148558],
              [1.247542, 41.148521],
              [1.247576, 41.14851],
              [1.247681, 41.148488],
              [1.247765, 41.148471],
              [1.247847, 41.148443],
              [1.247966, 41.148371],
              [1.248016, 41.148328],
              [1.248063, 41.148285],
              [1.248097, 41.148262],
              [1.248135, 41.148246],
              [1.248173, 41.148245],
              [1.248193, 41.148252],
              [1.248217, 41.148267],
              [1.248242, 41.148284],
              [1.248372, 41.148384],
              [1.248415, 41.148423],
              [1.248458, 41.148459],
              [1.248577, 41.14857],
              [1.248701, 41.148698],
              [1.248756, 41.14873],
              [1.248819, 41.14875],
              [1.248896, 41.148766],
              [1.248968, 41.148772],
              [1.249056, 41.148777],
              [1.249125, 41.148777],
              [1.249208, 41.14877],
              [1.249269, 41.148759],
              [1.249313, 41.148748],
              [1.249385, 41.148731],
              [1.249432, 41.148728],
              [1.24949, 41.148735],
              [1.249543, 41.148765],
              [1.249566, 41.148792],
              [1.249577, 41.148814],
              [1.249583, 41.148868],
              [1.249579, 41.148904],
              [1.249572, 41.148928],
              [1.249558, 41.148963],
              [1.249543, 41.148989],
              [1.249513, 41.149025],
              [1.249489, 41.14905],
              [1.24945, 41.149082],
              [1.249376, 41.14913],
              [1.249349, 41.149146],
              [1.249275, 41.149204],
              [1.249255, 41.149245],
              [1.249254, 41.149289],
              [1.249267, 41.149329],
              [1.249289, 41.149365],
              [1.24935, 41.149413],
              [1.249445, 41.149439],
              [1.2495, 41.149443],
              [1.249581, 41.149441],
              [1.249791, 41.149424],
              [1.249837, 41.149423],
              [1.249945, 41.149425],
              [1.250064, 41.14943],
              [1.250109, 41.149432],
              [1.25021, 41.149438],
              [1.250279, 41.149443],
              [1.250324, 41.14945],
              [1.250367, 41.149456],
              [1.250397, 41.149485],
              [1.250418, 41.149509],
              [1.250444, 41.149567],
              [1.250456, 41.149601],
              [1.250464, 41.149657],
              [1.250462, 41.149701],
              [1.250444, 41.149751],
              [1.250399, 41.149802],
              [1.250377, 41.149823],
              [1.250337, 41.149877],
              [1.250334, 41.14993],
              [1.25034, 41.149964],
              [1.250345, 41.15],
              [1.250345, 41.150029],
              [1.250377, 41.150069],
              [1.250425, 41.150113],
              [1.250481, 41.150123],
              [1.250486, 41.150124],
              [1.250505, 41.150122],
              [1.250584, 41.150127],
              [1.2508, 41.150165],
              [1.250901, 41.15018],
              [1.25122, 41.150226],
              [1.251374, 41.150248],
              [1.251476, 41.150264],
              [1.251628, 41.150279],
              [1.251758, 41.150284],
              [1.251864, 41.15029],
              [1.251935, 41.150307],
              [1.252, 41.150336],
              [1.252067, 41.150369],
              [1.252123, 41.150403],
              [1.252181, 41.150426],
              [1.25227, 41.150435],
              [1.252352, 41.150439],
              [1.252538, 41.150438],
              [1.252608, 41.150433],
              [1.252694, 41.150424],
              [1.252759, 41.150427],
              [1.252887, 41.150442],
              [1.253233, 41.150494],
              [1.253502, 41.150526],
              [1.253642, 41.150542],
              [1.253748, 41.150558],
              [1.253827, 41.150566],
              [1.253926, 41.150561],
              [1.254023, 41.150547],
              [1.254072, 41.150538],
              [1.25431, 41.15049],
              [1.254407, 41.150473],
              [1.254689, 41.150434],
              [1.254929, 41.150393],
              [1.25522, 41.150342],
              [1.25535, 41.150321],
              [1.255462, 41.150304],
              [1.255582, 41.150287],
              [1.255699, 41.150273],
              [1.255796, 41.150262],
              [1.255921, 41.150254],
              [1.256091, 41.150237],
              [1.256151, 41.150224],
              [1.256182, 41.150225],
              [1.25622, 41.150227],
              [1.256269, 41.150238],
              [1.256269, 41.150269],
              [1.256311, 41.150288],
              [1.256366, 41.150316],
              [1.256449, 41.150371],
              [1.25651, 41.150413],
              [1.256574, 41.150446],
              [1.256645, 41.150482],
              [1.256726, 41.150527],
              [1.256865, 41.150601],
              [1.256984, 41.15067]
            ]
          ]
        ]
      }
    },
    {
      "type": "Feature",
      "properties": {
        "id": "el-mas-vell",
        "name": "el Mas Vell",
        "cityId": "tarragona"
      },
      "geometry": {
        "type": "MultiPolygon",
        "coordinates": [
          [
            [
              [1.342919, 41.146725],
              [1.342928, 41.146728],
              [1.343044, 41.146656],
              [1.343197, 41.146547],
              [1.343566, 41.146284],
              [1.343748, 41.146144],
              [1.343863, 41.146056],
              [1.343985, 41.14583],
              [1.344183, 41.145564],
              [1.344399, 41.145325],
              [1.344627, 41.14519],
              [1.344774, 41.145091],
              [1.344918, 41.145007],
              [1.345024, 41.144924],
              [1.345113, 41.144843],
              [1.345213, 41.144745],
              [1.345361, 41.144555],
              [1.345567, 41.144299],
              [1.345701, 41.144115],
              [1.345809, 41.143971],
              [1.345891, 41.143878],
              [1.346003, 41.143788],
              [1.346141, 41.143685],
              [1.346421, 41.143515],
              [1.3466, 41.14339],
              [1.346715, 41.143305],
              [1.346846, 41.143189],
              [1.346985, 41.143068],
              [1.347076, 41.142991],
              [1.347234, 41.14291],
              [1.3474, 41.142851],
              [1.34753, 41.142821],
              [1.347619, 41.142789],
              [1.347694, 41.142857],
              [1.347784, 41.142956],
              [1.347873, 41.143122],
              [1.34796, 41.143242],
              [1.348106, 41.143366],
              [1.348334, 41.14352],
              [1.348649, 41.143719],
              [1.348844, 41.143894],
              [1.349053, 41.144091],
              [1.349364, 41.144427],
              [1.349675, 41.144746],
              [1.350085, 41.145078],
              [1.350671, 41.145546],
              [1.351047, 41.145865],
              [1.351436, 41.146131],
              [1.351806, 41.146308],
              [1.352106, 41.146446],
              [1.352471, 41.146643],
              [1.352326, 41.146802],
              [1.352132, 41.147021],
              [1.352026, 41.147161],
              [1.351853, 41.147253],
              [1.35161, 41.14737],
              [1.351501, 41.147509],
              [1.351458, 41.147663],
              [1.351498, 41.148017],
              [1.351531, 41.148374],
              [1.351538, 41.148558],
              [1.351514, 41.148677],
              [1.351436, 41.148781],
              [1.351194, 41.14899],
              [1.351105, 41.149082],
              [1.350815, 41.14925],
              [1.350736, 41.14931],
              [1.350593, 41.149746],
              [1.350588, 41.14983],
              [1.350624, 41.149935],
              [1.3507, 41.150249],
              [1.350823, 41.1505],
              [1.350901, 41.150733],
              [1.351028, 41.150941],
              [1.351165, 41.151057],
              [1.351299, 41.151214],
              [1.351364, 41.151362],
              [1.351366, 41.15145],
              [1.351256, 41.151612],
              [1.35115, 41.151761],
              [1.351055, 41.15183],
              [1.350934, 41.151881],
              [1.350798, 41.15203],
              [1.350761, 41.152143],
              [1.350849, 41.152331],
              [1.3509, 41.152419],
              [1.350908, 41.152511],
              [1.350871, 41.1526],
              [1.350806, 41.152682],
              [1.350637, 41.152843],
              [1.350547, 41.152965],
              [1.350488, 41.153083],
              [1.350308, 41.153514],
              [1.350253, 41.153636],
              [1.350062, 41.15294],
              [1.346562, 41.153223],
              [1.333746, 41.156245],
              [1.333559, 41.156289],
              [1.3317, 41.159392],
              [1.33173, 41.159218],
              [1.331747, 41.159116],
              [1.331809, 41.158915],
              [1.33185, 41.15879],
              [1.33188, 41.15861],
              [1.331914, 41.158425],
              [1.331973, 41.158341],
              [1.332046, 41.158212],
              [1.332067, 41.158086],
              [1.332101, 41.157935],
              [1.332099, 41.157857],
              [1.332041, 41.157767],
              [1.33188, 41.157656],
              [1.331732, 41.157528],
              [1.331678, 41.157415],
              [1.331598, 41.157244],
              [1.331503, 41.157114],
              [1.331306, 41.156944],
              [1.331101, 41.156798],
              [1.330826, 41.15655],
              [1.33064, 41.156407],
              [1.330532, 41.156326],
              [1.330438, 41.156262],
              [1.3303, 41.156173],
              [1.330144, 41.156109],
              [1.330012, 41.156066],
              [1.329852, 41.156031],
              [1.329807, 41.156013],
              [1.329704, 41.155948],
              [1.329658, 41.155939],
              [1.329613, 41.155928],
              [1.329572, 41.155915],
              [1.329479, 41.155833],
              [1.329384, 41.155735],
              [1.329315, 41.155635],
              [1.32929, 41.155567],
              [1.329306, 41.155467],
              [1.329308, 41.155381],
              [1.329324, 41.155284],
              [1.329372, 41.15518],
              [1.329414, 41.155116],
              [1.329435, 41.155103],
              [1.329477, 41.155095],
              [1.329537, 41.155065],
              [1.32961, 41.155036],
              [1.329658, 41.154987],
              [1.329699, 41.154943],
              [1.329727, 41.154884],
              [1.329728, 41.154856],
              [1.329719, 41.154824],
              [1.329697, 41.154792],
              [1.329659, 41.154748],
              [1.329605, 41.154688],
              [1.329572, 41.154648],
              [1.32954, 41.1546],
              [1.329525, 41.154539],
              [1.329519, 41.154474],
              [1.329516, 41.154434],
              [1.329516, 41.154408],
              [1.329524, 41.154378],
              [1.329543, 41.15435],
              [1.329565, 41.15432],
              [1.329574, 41.154292],
              [1.329584, 41.154242],
              [1.329589, 41.154112],
              [1.329639, 41.154087],
              [1.329689, 41.154076],
              [1.329768, 41.153958],
              [1.329804, 41.153831],
              [1.329831, 41.153698],
              [1.329831, 41.15365],
              [1.329796, 41.153617],
              [1.329865, 41.153585],
              [1.329902, 41.153543],
              [1.329901, 41.153525],
              [1.329879, 41.153456],
              [1.329844, 41.153353],
              [1.329817, 41.153244],
              [1.329806, 41.153086],
              [1.3298, 41.15282],
              [1.329784, 41.152552],
              [1.329774, 41.152417],
              [1.329777, 41.152386],
              [1.329789, 41.152337],
              [1.32981, 41.15227],
              [1.32984, 41.15222],
              [1.329893, 41.152146],
              [1.32997, 41.152058],
              [1.330007, 41.151973],
              [1.330017, 41.151901],
              [1.330059, 41.151836],
              [1.33018, 41.151803],
              [1.33035, 41.151725],
              [1.330553, 41.1516],
              [1.33064, 41.15154],
              [1.33067, 41.151504],
              [1.330706, 41.151411],
              [1.330742, 41.151292],
              [1.330795, 41.151132],
              [1.330822, 41.151059],
              [1.330843, 41.150988],
              [1.330844, 41.150944],
              [1.330872, 41.150909],
              [1.330979, 41.150864],
              [1.331055, 41.150806],
              [1.331071, 41.150779],
              [1.331076, 41.150762],
              [1.331078, 41.150745],
              [1.331121, 41.150712],
              [1.331161, 41.150683],
              [1.331244, 41.150672],
              [1.331353, 41.150685],
              [1.33145, 41.150711],
              [1.331578, 41.150771],
              [1.331692, 41.150882],
              [1.331771, 41.15097],
              [1.331884, 41.151035],
              [1.331959, 41.151051],
              [1.332069, 41.151051],
              [1.332249, 41.151026],
              [1.332532, 41.150951],
              [1.333071, 41.150819],
              [1.333238, 41.150751],
              [1.333374, 41.150669],
              [1.333591, 41.15059],
              [1.333829, 41.150532],
              [1.33412, 41.150476],
              [1.334341, 41.150491],
              [1.334657, 41.150539],
              [1.33506, 41.150598],
              [1.335261, 41.150612],
              [1.335381, 41.150596],
              [1.335449, 41.150582],
              [1.335536, 41.150534],
              [1.335732, 41.15043],
              [1.335944, 41.150303],
              [1.336048, 41.150243],
              [1.33613, 41.150195],
              [1.336196, 41.150178],
              [1.336262, 41.150179],
              [1.336358, 41.150187],
              [1.336419, 41.150205],
              [1.336498, 41.150199],
              [1.336547, 41.150177],
              [1.336633, 41.150141],
              [1.33683, 41.150028],
              [1.336929, 41.149975],
              [1.337001, 41.149963],
              [1.337078, 41.149965],
              [1.337134, 41.149991],
              [1.337324, 41.150075],
              [1.337443, 41.150129],
              [1.337519, 41.150141],
              [1.337599, 41.150117],
              [1.337642, 41.150077],
              [1.337688, 41.150021],
              [1.337681, 41.14996],
              [1.337658, 41.149887],
              [1.337606, 41.149825],
              [1.337567, 41.149769],
              [1.337569, 41.149731],
              [1.3376, 41.149698],
              [1.3377, 41.149676],
              [1.337808, 41.149681],
              [1.337917, 41.14973],
              [1.338051, 41.149795],
              [1.33811, 41.149808],
              [1.338172, 41.149799],
              [1.338249, 41.14978],
              [1.338285, 41.149756],
              [1.338289, 41.149726],
              [1.338272, 41.149638],
              [1.338248, 41.149595],
              [1.338266, 41.149555],
              [1.338311, 41.149524],
              [1.338424, 41.149521],
              [1.33856, 41.149521],
              [1.338647, 41.149493],
              [1.338828, 41.149442],
              [1.338977, 41.149378],
              [1.339186, 41.149291],
              [1.339336, 41.149253],
              [1.339501, 41.149217],
              [1.339597, 41.149197],
              [1.339718, 41.149201],
              [1.339867, 41.149224],
              [1.340043, 41.149255],
              [1.340064, 41.149178],
              [1.340143, 41.148977],
              [1.340266, 41.148834],
              [1.340435, 41.148627],
              [1.340525, 41.148547],
              [1.340757, 41.14835],
              [1.340868, 41.148251],
              [1.340971, 41.148163],
              [1.341023, 41.148089],
              [1.34108, 41.147997],
              [1.341138, 41.147829],
              [1.341194, 41.147731],
              [1.341312, 41.147611],
              [1.341433, 41.1475],
              [1.341585, 41.147384],
              [1.341758, 41.14727],
              [1.34188, 41.147189],
              [1.342004, 41.147114],
              [1.342064, 41.14707],
              [1.342108, 41.147014],
              [1.342139, 41.146968],
              [1.342219, 41.14692],
              [1.342355, 41.14688],
              [1.342536, 41.146827],
              [1.342657, 41.146813],
              [1.342766, 41.146802],
              [1.342822, 41.146791],
              [1.342877, 41.146763],
              [1.342919, 41.146725]
            ]
          ]
        ]
      }
    },
    {
      "type": "Feature",
      "properties": {
        "id": "el-medol",
        "name": "el Mèdol",
        "cityId": "tarragona"
      },
      "geometry": {
        "type": "MultiPolygon",
        "coordinates": [
          [
            [
              [1.349385, 41.140131],
              [1.349855, 41.140533],
              [1.350164, 41.140891],
              [1.350418, 41.141267],
              [1.350722, 41.141838],
              [1.350937, 41.142367],
              [1.351056, 41.142877],
              [1.351207, 41.14331],
              [1.351498, 41.143945],
              [1.352054, 41.144747],
              [1.352622, 41.145308],
              [1.353086, 41.145678],
              [1.353558, 41.145997],
              [1.35405, 41.146272],
              [1.354512, 41.146487],
              [1.355101, 41.146723],
              [1.353681, 41.14765],
              [1.353492, 41.147571],
              [1.353379, 41.147488],
              [1.353302, 41.147414],
              [1.353322, 41.147335],
              [1.353412, 41.14716],
              [1.353455, 41.14707],
              [1.353367, 41.146977],
              [1.352951, 41.146819],
              [1.352471, 41.146643],
              [1.352106, 41.146446],
              [1.351806, 41.146308],
              [1.351436, 41.146131],
              [1.351047, 41.145865],
              [1.350671, 41.145546],
              [1.350085, 41.145078],
              [1.349675, 41.144746],
              [1.349364, 41.144427],
              [1.349053, 41.144091],
              [1.348844, 41.143894],
              [1.348649, 41.143719],
              [1.348334, 41.14352],
              [1.348106, 41.143366],
              [1.34796, 41.143242],
              [1.347873, 41.143122],
              [1.347784, 41.142956],
              [1.347694, 41.142857],
              [1.347619, 41.142789],
              [1.347553, 41.14273],
              [1.347427, 41.142593],
              [1.347247, 41.142502],
              [1.347186, 41.142508],
              [1.34707, 41.142558],
              [1.346912, 41.142739],
              [1.346801, 41.142852],
              [1.346671, 41.142958],
              [1.346573, 41.142996],
              [1.346471, 41.14301],
              [1.346354, 41.142999],
              [1.346165, 41.142942],
              [1.346075, 41.142893],
              [1.345923, 41.142918],
              [1.345803, 41.142945],
              [1.34569, 41.142823],
              [1.345508, 41.142606],
              [1.345294, 41.142342],
              [1.345054, 41.142239],
              [1.34462, 41.142153],
              [1.344223, 41.14204],
              [1.343897, 41.14192],
              [1.343557, 41.141762],
              [1.343164, 41.141575],
              [1.343002, 41.141498],
              [1.342916, 41.141476],
              [1.342863, 41.141465],
              [1.342784, 41.141487],
              [1.342639, 41.14151],
              [1.34249, 41.141508],
              [1.342336, 41.141471],
              [1.342165, 41.141425],
              [1.341887, 41.141336],
              [1.341751, 41.1413],
              [1.341683, 41.141282],
              [1.341625, 41.141277],
              [1.341347, 41.141269],
              [1.34081, 41.141254],
              [1.340346, 41.141243],
              [1.339876, 41.141255],
              [1.339672, 41.141227],
              [1.339563, 41.141237],
              [1.339413, 41.141239],
              [1.339048, 41.141159],
              [1.33871, 41.141039],
              [1.338164, 41.140886],
              [1.337516, 41.140685],
              [1.336875, 41.1405],
              [1.336255, 41.140284],
              [1.336094, 41.140276],
              [1.335891, 41.140262],
              [1.335651, 41.14027],
              [1.335501, 41.140269],
              [1.33542, 41.140255],
              [1.335339, 41.140217],
              [1.335292, 41.14018],
              [1.335269, 41.140142],
              [1.335201, 41.140004],
              [1.33514, 41.139904],
              [1.335098, 41.139864],
              [1.335057, 41.139837],
              [1.335003, 41.139812],
              [1.334958, 41.13978],
              [1.334872, 41.139679],
              [1.33471, 41.139521],
              [1.33458, 41.139406],
              [1.334571, 41.139387],
              [1.334545, 41.139319],
              [1.334429, 41.139172],
              [1.334215, 41.138943],
              [1.334022, 41.13875],
              [1.333833, 41.138562],
              [1.333783, 41.138535],
              [1.333714, 41.138515],
              [1.333639, 41.138511],
              [1.333563, 41.138529],
              [1.333425, 41.138577],
              [1.332917, 41.138751],
              [1.33243, 41.138918],
              [1.332315, 41.138945],
              [1.332263, 41.138945],
              [1.332201, 41.138937],
              [1.332147, 41.138919],
              [1.332094, 41.138895],
              [1.332074, 41.138871],
              [1.331952, 41.138748],
              [1.331721, 41.138403],
              [1.331652, 41.138318],
              [1.330941, 41.138627],
              [1.330343, 41.138929],
              [1.329378, 41.139475],
              [1.3286, 41.139981],
              [1.328206, 41.140251],
              [1.327528, 41.140744],
              [1.326973, 41.141172],
              [1.326617, 41.140829],
              [1.326589, 41.140727],
              [1.326599, 41.140633],
              [1.326603, 41.140566],
              [1.3266, 41.140501],
              [1.326577, 41.140432],
              [1.326548, 41.140374],
              [1.326504, 41.14034],
              [1.326411, 41.140268],
              [1.326294, 41.140247],
              [1.326161, 41.140212],
              [1.325971, 41.140168],
              [1.325813, 41.140137],
              [1.32553, 41.140072],
              [1.325719, 41.139794],
              [1.325955, 41.139479],
              [1.326159, 41.139241],
              [1.326435, 41.138943],
              [1.326627, 41.13875],
              [1.326871, 41.13852],
              [1.327194, 41.138257],
              [1.327501, 41.138032],
              [1.327763, 41.137852],
              [1.328067, 41.137665],
              [1.328339, 41.137501],
              [1.328678, 41.13732],
              [1.328934, 41.137201],
              [1.329459, 41.136973],
              [1.329924, 41.136804],
              [1.330376, 41.136652],
              [1.330957, 41.136498],
              [1.33144, 41.136396],
              [1.331923, 41.136315],
              [1.332406, 41.136253],
              [1.333065, 41.136201],
              [1.333645, 41.13619],
              [1.334103, 41.136193],
              [1.334648, 41.136197],
              [1.335227, 41.136223],
              [1.335826, 41.136258],
              [1.336298, 41.136299],
              [1.337017, 41.136379],
              [1.337603, 41.136454],
              [1.338188, 41.136547],
              [1.338923, 41.136687],
              [1.339462, 41.136795],
              [1.340031, 41.136922],
              [1.340584, 41.137064],
              [1.341145, 41.137221],
              [1.341705, 41.13739],
              [1.342363, 41.13761],
              [1.342782, 41.137759],
              [1.343208, 41.137926],
              [1.343687, 41.138115],
              [1.344188, 41.138323],
              [1.344463, 41.138438],
              [1.344694, 41.138531],
              [1.34499, 41.138639],
              [1.345276, 41.138723],
              [1.3455, 41.138792],
              [1.346336, 41.138958],
              [1.347077, 41.139091],
              [1.347715, 41.139259],
              [1.34822, 41.139452],
              [1.348842, 41.13977],
              [1.349385, 41.140131]
            ]
          ]
        ]
      }
    },
    {
      "type": "Feature",
      "properties": {
        "id": "el-miracle",
        "name": "el Miracle",
        "cityId": "tarragona"
      },
      "geometry": {
        "type": "MultiPolygon",
        "coordinates": [
          [
            [
              [1.265652, 41.115568],
              [1.265576, 41.115669],
              [1.265447, 41.115986],
              [1.265339, 41.11617],
              [1.264662, 41.117291],
              [1.263129, 41.116891],
              [1.262723, 41.116782],
              [1.260858, 41.116294],
              [1.258999, 41.115806],
              [1.258822, 41.115762],
              [1.258695, 41.115733],
              [1.257487, 41.115417],
              [1.257542, 41.11516],
              [1.257408, 41.114089],
              [1.256479, 41.113666],
              [1.254846, 41.112524],
              [1.254573, 41.112499],
              [1.254499, 41.112437],
              [1.254354, 41.112364],
              [1.254167, 41.112245],
              [1.254024, 41.112176],
              [1.253717, 41.112022],
              [1.253636, 41.111977],
              [1.253463, 41.11189],
              [1.252621, 41.111338],
              [1.252536, 41.111298],
              [1.252448, 41.111245],
              [1.252126, 41.111026],
              [1.252206, 41.110952],
              [1.253253, 41.109988],
              [1.253342, 41.109838],
              [1.25338, 41.109943],
              [1.253417, 41.110048],
              [1.253434, 41.110091],
              [1.253465, 41.110153],
              [1.253484, 41.110183],
              [1.253507, 41.110212],
              [1.253562, 41.110269],
              [1.253623, 41.110321],
              [1.253737, 41.110415],
              [1.253851, 41.110508],
              [1.253924, 41.110568],
              [1.253997, 41.110627],
              [1.254077, 41.110696],
              [1.254156, 41.110765],
              [1.254264, 41.110853],
              [1.254376, 41.110939],
              [1.254508, 41.111034],
              [1.25464, 41.111128],
              [1.254884, 41.111296],
              [1.255129, 41.111464],
              [1.255152, 41.111479],
              [1.255199, 41.111508],
              [1.255272, 41.11155],
              [1.25542, 41.111631],
              [1.255523, 41.111694],
              [1.255623, 41.111758],
              [1.2557, 41.111814],
              [1.255774, 41.111872],
              [1.255826, 41.111909],
              [1.255946, 41.111986],
              [1.256068, 41.112062],
              [1.256148, 41.112111],
              [1.256228, 41.112159],
              [1.256284, 41.112188],
              [1.256342, 41.112213],
              [1.256401, 41.112235],
              [1.25652, 41.11228],
              [1.25661, 41.112317],
              [1.256698, 41.112356],
              [1.256831, 41.112422],
              [1.256963, 41.112488],
              [1.257167, 41.11259],
              [1.257372, 41.112692],
              [1.257477, 41.112743],
              [1.257584, 41.112791],
              [1.257803, 41.112882],
              [1.257952, 41.112938],
              [1.258152, 41.11301],
              [1.258416, 41.1131],
              [1.258681, 41.113191],
              [1.258965, 41.113291],
              [1.25925, 41.113391],
              [1.259625, 41.113517],
              [1.260003, 41.113638],
              [1.260091, 41.113658],
              [1.260179, 41.113679],
              [1.260284, 41.113699],
              [1.260389, 41.113715],
              [1.260437, 41.113718],
              [1.260511, 41.113717],
              [1.260548, 41.113717],
              [1.260585, 41.113722],
              [1.260627, 41.113731],
              [1.260688, 41.113749],
              [1.260747, 41.113769],
              [1.260806, 41.113794],
              [1.260865, 41.113817],
              [1.26099, 41.113852],
              [1.261054, 41.113866],
              [1.261119, 41.113878],
              [1.261259, 41.1139],
              [1.261399, 41.113921],
              [1.261463, 41.113933],
              [1.261527, 41.113943],
              [1.261698, 41.113956],
              [1.261869, 41.113966],
              [1.262056, 41.113981],
              [1.262242, 41.113995],
              [1.262333, 41.114003],
              [1.262424, 41.114014],
              [1.262476, 41.114023],
              [1.262551, 41.11404],
              [1.262627, 41.114055],
              [1.262786, 41.114074],
              [1.262945, 41.114093],
              [1.263096, 41.114118],
              [1.263171, 41.114131],
              [1.263247, 41.114142],
              [1.263359, 41.114153],
              [1.263471, 41.114163],
              [1.263625, 41.114175],
              [1.263779, 41.114187],
              [1.26388, 41.114197],
              [1.264031, 41.114217],
              [1.264106, 41.114226],
              [1.264181, 41.114233],
              [1.264347, 41.114241],
              [1.264513, 41.114247],
              [1.264599, 41.114249],
              [1.264686, 41.114251],
              [1.264709, 41.114252],
              [1.264738, 41.114255],
              [1.264771, 41.114248],
              [1.264795, 41.114231],
              [1.264831, 41.114205],
              [1.264852, 41.114185],
              [1.264855, 41.114174],
              [1.264855, 41.114162],
              [1.264858, 41.114156],
              [1.264861, 41.11415],
              [1.264865, 41.114149],
              [1.26489, 41.114149],
              [1.264915, 41.114149],
              [1.264944, 41.11415],
              [1.264961, 41.114146],
              [1.264977, 41.114136],
              [1.264992, 41.114116],
              [1.265004, 41.114095],
              [1.265011, 41.114072],
              [1.265016, 41.114065],
              [1.265026, 41.114062],
              [1.265057, 41.114066],
              [1.265094, 41.114047],
              [1.265127, 41.11403],
              [1.265155, 41.114021],
              [1.265186, 41.11401],
              [1.265194, 41.113995],
              [1.265199, 41.113975],
              [1.265203, 41.113966],
              [1.26521, 41.113958],
              [1.265243, 41.113944],
              [1.265269, 41.113934],
              [1.265308, 41.113898],
              [1.265343, 41.113868],
              [1.265368, 41.113848],
              [1.265394, 41.113828],
              [1.26543, 41.113807],
              [1.265467, 41.113786],
              [1.265529, 41.113741],
              [1.265585, 41.113691],
              [1.265619, 41.113653],
              [1.265646, 41.113612],
              [1.26566, 41.11357],
              [1.265673, 41.113527],
              [1.265686, 41.113505],
              [1.265718, 41.113462],
              [1.265724, 41.113438],
              [1.265724, 41.113383],
              [1.265723, 41.113329],
              [1.265723, 41.113297],
              [1.265725, 41.113265],
              [1.26573, 41.113252],
              [1.265747, 41.113235],
              [1.265762, 41.113217],
              [1.26578, 41.113182],
              [1.265796, 41.113147],
              [1.26582, 41.113082],
              [1.265837, 41.113017],
              [1.265839, 41.112969],
              [1.26584, 41.11292],
              [1.26585, 41.11285],
              [1.265858, 41.112815],
              [1.265871, 41.112781],
              [1.265896, 41.112725],
              [1.265921, 41.112668],
              [1.265942, 41.112621],
              [1.265963, 41.112574],
              [1.265971, 41.112568],
              [1.266002, 41.112562],
              [1.266014, 41.11252],
              [1.266025, 41.112482],
              [1.266054, 41.112411],
              [1.26607, 41.112377],
              [1.266089, 41.112343],
              [1.266137, 41.112268],
              [1.266186, 41.112194],
              [1.266193, 41.112182],
              [1.266201, 41.11217],
              [1.266205, 41.112167],
              [1.266215, 41.112166],
              [1.266224, 41.112168],
              [1.266236, 41.112177],
              [1.266248, 41.112185],
              [1.266277, 41.112203],
              [1.266305, 41.112221],
              [1.266322, 41.112235],
              [1.266342, 41.11226],
              [1.266359, 41.112286],
              [1.26637, 41.112308],
              [1.266371, 41.11232],
              [1.266365, 41.112329],
              [1.266352, 41.112336],
              [1.266328, 41.112351],
              [1.266301, 41.11237],
              [1.266307, 41.112384],
              [1.266338, 41.11242],
              [1.266354, 41.112431],
              [1.266379, 41.112432],
              [1.266391, 41.112439],
              [1.266399, 41.112449],
              [1.266406, 41.11247],
              [1.266409, 41.112503],
              [1.266408, 41.112535],
              [1.266403, 41.112545],
              [1.266388, 41.112565],
              [1.266394, 41.112575],
              [1.266408, 41.112582],
              [1.266423, 41.112585],
              [1.266452, 41.112592],
              [1.266482, 41.112599],
              [1.266501, 41.1126],
              [1.26653, 41.112599],
              [1.266545, 41.112599],
              [1.266559, 41.112601],
              [1.266576, 41.112608],
              [1.266597, 41.112625],
              [1.266613, 41.112645],
              [1.266626, 41.112672],
              [1.266627, 41.112686],
              [1.266625, 41.112699],
              [1.266601, 41.112757],
              [1.266575, 41.112815],
              [1.266542, 41.112878],
              [1.266511, 41.112944],
              [1.266501, 41.112982],
              [1.266526, 41.112994],
              [1.266544, 41.112999],
              [1.266618, 41.113015],
              [1.266692, 41.113028],
              [1.266741, 41.113035],
              [1.266767, 41.113029],
              [1.266786, 41.11302],
              [1.266804, 41.113009],
              [1.266833, 41.112994],
              [1.266848, 41.112987],
              [1.266864, 41.112983],
              [1.266874, 41.112984],
              [1.266885, 41.112988],
              [1.266905, 41.112995],
              [1.266936, 41.112999],
              [1.266966, 41.112996],
              [1.266984, 41.112991],
              [1.26701, 41.112979],
              [1.267035, 41.11297],
              [1.267063, 41.11297],
              [1.267076, 41.112972],
              [1.267088, 41.112978],
              [1.267103, 41.112991],
              [1.267119, 41.113011],
              [1.267136, 41.113031],
              [1.267153, 41.113045],
              [1.267177, 41.113063],
              [1.267201, 41.113058],
              [1.267205, 41.113036],
              [1.267208, 41.113029],
              [1.267213, 41.113023],
              [1.267257, 41.113001],
              [1.267281, 41.112992],
              [1.267306, 41.112986],
              [1.267362, 41.112978],
              [1.267418, 41.112972],
              [1.267435, 41.112968],
              [1.267443, 41.112968],
              [1.267451, 41.112971],
              [1.26746, 41.112979],
              [1.26747, 41.112994],
              [1.267486, 41.113048],
              [1.267264, 41.113337],
              [1.267078, 41.11346],
              [1.266281, 41.115133],
              [1.266205, 41.115151],
              [1.266144, 41.115175],
              [1.266072, 41.115215],
              [1.265919, 41.115337],
              [1.265652, 41.115568]
            ]
          ]
        ]
      }
    },
    {
      "type": "Feature",
      "properties": {
        "id": "el-pinatell",
        "name": "el Pinatell",
        "cityId": "tarragona"
      },
      "geometry": {
        "type": "MultiPolygon",
        "coordinates": [
          [
            [
              [1.311975, 41.14216],
              [1.311938, 41.142358],
              [1.311927, 41.142405],
              [1.311913, 41.142461],
              [1.311882, 41.142557],
              [1.311883, 41.142627],
              [1.311787, 41.143119],
              [1.311479, 41.143361],
              [1.31125, 41.143545],
              [1.311206, 41.143519],
              [1.311087, 41.143396],
              [1.310975, 41.143268],
              [1.310971, 41.143256],
              [1.310969, 41.143245],
              [1.310932, 41.143156],
              [1.310876, 41.143137],
              [1.310463, 41.142672],
              [1.31046, 41.142658],
              [1.310552, 41.142476],
              [1.310615, 41.142348],
              [1.310616, 41.142348],
              [1.310623, 41.142337],
              [1.310765, 41.142389],
              [1.31084, 41.142285],
              [1.310905, 41.142227],
              [1.310931, 41.142187],
              [1.31092, 41.142183],
              [1.310936, 41.142156],
              [1.310876, 41.142137],
              [1.310877, 41.142135],
              [1.310864, 41.142139],
              [1.310852, 41.142147],
              [1.310819, 41.142115],
              [1.310786, 41.142093],
              [1.310785, 41.142017],
              [1.310789, 41.142008],
              [1.310798, 41.141998],
              [1.310813, 41.141986],
              [1.310832, 41.141978],
              [1.310869, 41.141968],
              [1.310907, 41.141963],
              [1.310962, 41.141965],
              [1.311012, 41.141969],
              [1.311087, 41.141982],
              [1.311274, 41.142028],
              [1.311442, 41.14199],
              [1.311416, 41.142083],
              [1.311975, 41.14216]
            ]
          ]
        ]
      }
    },
    {
      "type": "Feature",
      "properties": {
        "id": "el-pla-de-tamarit",
        "name": "el Pla de Tamarit",
        "cityId": "tarragona"
      },
      "geometry": {
        "type": "MultiPolygon",
        "coordinates": [
          [
            [
              [1.365887, 41.133316],
              [1.365918, 41.133548],
              [1.365944, 41.133703],
              [1.365789, 41.133873],
              [1.365329, 41.134297],
              [1.365188, 41.1344],
              [1.364261, 41.134211],
              [1.364225, 41.134266],
              [1.364204, 41.134279],
              [1.364174, 41.134281],
              [1.363909, 41.134194],
              [1.363836, 41.134185],
              [1.363822, 41.134175],
              [1.363799, 41.133992],
              [1.363721, 41.133555],
              [1.363664, 41.133311],
              [1.36363, 41.133248],
              [1.363525, 41.133204],
              [1.363524, 41.133204],
              [1.363514, 41.133201],
              [1.363497, 41.133197],
              [1.363486, 41.133194],
              [1.363475, 41.133192],
              [1.36347, 41.133191],
              [1.363465, 41.133189],
              [1.363452, 41.133187],
              [1.363448, 41.133185],
              [1.363444, 41.133184],
              [1.36344, 41.133184],
              [1.363437, 41.133183],
              [1.363435, 41.133182],
              [1.36343, 41.133181],
              [1.363427, 41.13318],
              [1.363424, 41.133179],
              [1.363422, 41.133179],
              [1.363419, 41.133178],
              [1.363416, 41.133177],
              [1.363413, 41.133176],
              [1.36341, 41.133175],
              [1.363404, 41.133173],
              [1.363392, 41.13317],
              [1.363379, 41.133166],
              [1.363365, 41.133161],
              [1.36335, 41.133157],
              [1.363339, 41.133153],
              [1.363335, 41.133152],
              [1.363332, 41.133151],
              [1.363329, 41.13315],
              [1.363326, 41.133149],
              [1.363324, 41.133148],
              [1.363322, 41.133148],
              [1.36332, 41.133147],
              [1.363317, 41.133146],
              [1.363315, 41.133145],
              [1.363313, 41.133145],
              [1.36331, 41.133144],
              [1.363308, 41.133143],
              [1.363304, 41.133141],
              [1.363301, 41.13314],
              [1.363295, 41.133138],
              [1.363278, 41.13313],
              [1.363264, 41.133125],
              [1.363257, 41.133122],
              [1.363254, 41.13312],
              [1.36325, 41.133119],
              [1.363249, 41.133118],
              [1.363247, 41.133117],
              [1.363245, 41.133116],
              [1.363244, 41.133116],
              [1.363241, 41.133114],
              [1.363238, 41.133113],
              [1.363221, 41.133104],
              [1.36322, 41.133104],
              [1.363219, 41.133103],
              [1.363218, 41.133103],
              [1.363216, 41.133102],
              [1.363206, 41.133096],
              [1.363197, 41.133093],
              [1.363189, 41.133091],
              [1.363181, 41.133091],
              [1.363174, 41.133091],
              [1.36316, 41.133092],
              [1.363148, 41.133093],
              [1.363139, 41.133093],
              [1.36312, 41.133095],
              [1.363107, 41.133096],
              [1.363091, 41.133097],
              [1.363077, 41.133098],
              [1.363063, 41.133099],
              [1.363052, 41.133101],
              [1.363041, 41.133102],
              [1.363033, 41.133103],
              [1.363, 41.133108],
              [1.362996, 41.133109],
              [1.362993, 41.13311],
              [1.362989, 41.13311],
              [1.362987, 41.13311],
              [1.362982, 41.133111],
              [1.362978, 41.133111],
              [1.362975, 41.133112],
              [1.362971, 41.133112],
              [1.362969, 41.133112],
              [1.362967, 41.133113],
              [1.362964, 41.133113],
              [1.36296, 41.133113],
              [1.362957, 41.133114],
              [1.362954, 41.133114],
              [1.362949, 41.133114],
              [1.362944, 41.133115],
              [1.362935, 41.133115],
              [1.362917, 41.133116],
              [1.362907, 41.133117],
              [1.362895, 41.133118],
              [1.362884, 41.133119],
              [1.362876, 41.13312],
              [1.362953, 41.133599],
              [1.362908, 41.133601],
              [1.362735, 41.133581],
              [1.362533, 41.133561],
              [1.362368, 41.13354],
              [1.362461, 41.134035],
              [1.362485, 41.134183],
              [1.362304, 41.13418],
              [1.362213, 41.134171],
              [1.362049, 41.13415],
              [1.361829, 41.13413],
              [1.361331, 41.134066],
              [1.361272, 41.134051],
              [1.361135, 41.134015],
              [1.360963, 41.133975],
              [1.360749, 41.133929],
              [1.360572, 41.133892],
              [1.360419, 41.133847],
              [1.360224, 41.134099],
              [1.360125, 41.134226],
              [1.359745, 41.134697],
              [1.359794, 41.135301],
              [1.360683, 41.135651],
              [1.360629, 41.135834],
              [1.359662, 41.135605],
              [1.359558, 41.135923],
              [1.359537, 41.135958],
              [1.359382, 41.136249],
              [1.359248, 41.136511],
              [1.358839, 41.136595],
              [1.358832, 41.136563],
              [1.358816, 41.136541],
              [1.358786, 41.136523],
              [1.358753, 41.136511],
              [1.358632, 41.136488],
              [1.358291, 41.136434],
              [1.357946, 41.13638],
              [1.357652, 41.136313],
              [1.357415, 41.136264],
              [1.357238, 41.136933],
              [1.356509, 41.136782],
              [1.356443, 41.136771],
              [1.356149, 41.136747],
              [1.356096, 41.137429],
              [1.356076, 41.137427],
              [1.356051, 41.137667],
              [1.356042, 41.137667],
              [1.355889, 41.137662],
              [1.355857, 41.137663],
              [1.355828, 41.137667],
              [1.355741, 41.137692],
              [1.355643, 41.137717],
              [1.35564, 41.137692],
              [1.355615, 41.137611],
              [1.35557, 41.137455],
              [1.35554, 41.137306],
              [1.35553, 41.137145],
              [1.355528, 41.136971],
              [1.355534, 41.136887],
              [1.355546, 41.136841],
              [1.355646, 41.136602],
              [1.355689, 41.136458],
              [1.355715, 41.136329],
              [1.355741, 41.136197],
              [1.355769, 41.136105],
              [1.355798, 41.136025],
              [1.355866, 41.135918],
              [1.355956, 41.135806],
              [1.35604, 41.135707],
              [1.356105, 41.135629],
              [1.356253, 41.135427],
              [1.356295, 41.135375],
              [1.3561, 41.135087],
              [1.35602, 41.134758],
              [1.356022, 41.134663],
              [1.356042, 41.134629],
              [1.356102, 41.134588],
              [1.356325, 41.134458],
              [1.356607, 41.134247],
              [1.356991, 41.134073],
              [1.357427, 41.133909],
              [1.357012, 41.133701],
              [1.357012, 41.133701],
              [1.356997, 41.133694],
              [1.356959, 41.133678],
              [1.356945, 41.133672],
              [1.356941, 41.13367],
              [1.356932, 41.133666],
              [1.356927, 41.133663],
              [1.356909, 41.133655],
              [1.356895, 41.133649],
              [1.356869, 41.133638],
              [1.356848, 41.133628],
              [1.356835, 41.133623],
              [1.35682, 41.133616],
              [1.356798, 41.133606],
              [1.356773, 41.133595],
              [1.356749, 41.133584],
              [1.356704, 41.133565],
              [1.356684, 41.133556],
              [1.356674, 41.133551],
              [1.356664, 41.133547],
              [1.356637, 41.133535],
              [1.356611, 41.133523],
              [1.356599, 41.133518],
              [1.356573, 41.133506],
              [1.35654, 41.133492],
              [1.356531, 41.133487],
              [1.356491, 41.13347],
              [1.356458, 41.133455],
              [1.356416, 41.133436],
              [1.356334, 41.133399],
              [1.356249, 41.133362],
              [1.356234, 41.133355],
              [1.356164, 41.133325],
              [1.356082, 41.13329],
              [1.356041, 41.133272],
              [1.356823, 41.132368],
              [1.356983, 41.132148],
              [1.357103, 41.131986],
              [1.357218, 41.131821],
              [1.357371, 41.131597],
              [1.357491, 41.131415],
              [1.357858, 41.131199],
              [1.3579, 41.131215],
              [1.357972, 41.131242],
              [1.358015, 41.131258],
              [1.358073, 41.13128],
              [1.3581, 41.13129],
              [1.358122, 41.131299],
              [1.358165, 41.131315],
              [1.358195, 41.131326],
              [1.35822, 41.131336],
              [1.358257, 41.13135],
              [1.358305, 41.131368],
              [1.358359, 41.131388],
              [1.358383, 41.131397],
              [1.358422, 41.131412],
              [1.358469, 41.13143],
              [1.358513, 41.131446],
              [1.358631, 41.131491],
              [1.358673, 41.131507],
              [1.358719, 41.131524],
              [1.358736, 41.131533],
              [1.358735, 41.131541],
              [1.358808, 41.131566],
              [1.358905, 41.131599],
              [1.358912, 41.131588],
              [1.358936, 41.131547],
              [1.359021, 41.131409],
              [1.359058, 41.131348],
              [1.359248, 41.131281],
              [1.359366, 41.13124],
              [1.35941, 41.131219],
              [1.359414, 41.131219],
              [1.359603, 41.13122],
              [1.359672, 41.131191],
              [1.359687, 41.131184],
              [1.359873, 41.131105],
              [1.359962, 41.131067],
              [1.359931, 41.131037],
              [1.359918, 41.131024],
              [1.359904, 41.131011],
              [1.359892, 41.130999],
              [1.359879, 41.130986],
              [1.359867, 41.130975],
              [1.359851, 41.130959],
              [1.360028, 41.130846],
              [1.360057, 41.130827],
              [1.360108, 41.130792],
              [1.360147, 41.130765],
              [1.36014, 41.130762],
              [1.360133, 41.130758],
              [1.360127, 41.130754],
              [1.360121, 41.130749],
              [1.360116, 41.130744],
              [1.360112, 41.130738],
              [1.360108, 41.130733],
              [1.360106, 41.130726],
              [1.360105, 41.130722],
              [1.360103, 41.130698],
              [1.360102, 41.130687],
              [1.360103, 41.130676],
              [1.360105, 41.130664],
              [1.360107, 41.130654],
              [1.360111, 41.130643],
              [1.360112, 41.130641],
              [1.360141, 41.130582],
              [1.360152, 41.130559],
              [1.360227, 41.130403],
              [1.360335, 41.130174],
              [1.360418, 41.130005],
              [1.360441, 41.12996],
              [1.360463, 41.129914],
              [1.360513, 41.129902],
              [1.360548, 41.129894],
              [1.360573, 41.129888],
              [1.360624, 41.129876],
              [1.360667, 41.129817],
              [1.36073, 41.12973],
              [1.360859, 41.129573],
              [1.360886, 41.129586],
              [1.360922, 41.129612],
              [1.360957, 41.129636],
              [1.360984, 41.129646],
              [1.361082, 41.129665],
              [1.361178, 41.129683],
              [1.361189, 41.129674],
              [1.361199, 41.12967],
              [1.361209, 41.129668],
              [1.361243, 41.129668],
              [1.361277, 41.129668],
              [1.361291, 41.129668],
              [1.361306, 41.129668],
              [1.361312, 41.129669],
              [1.361316, 41.129678],
              [1.361315, 41.129698],
              [1.361316, 41.129708],
              [1.36132, 41.129715],
              [1.361337, 41.129731],
              [1.361354, 41.129746],
              [1.361385, 41.129773],
              [1.361415, 41.129799],
              [1.361472, 41.129855],
              [1.361529, 41.129911],
              [1.361553, 41.129931],
              [1.361597, 41.129959],
              [1.361644, 41.129981],
              [1.361742, 41.130019],
              [1.36184, 41.130057],
              [1.361953, 41.130104],
              [1.362066, 41.130149],
              [1.362221, 41.130205],
              [1.362377, 41.130259],
              [1.362514, 41.130311],
              [1.362652, 41.130362],
              [1.362734, 41.130389],
              [1.362859, 41.130425],
              [1.362985, 41.130458],
              [1.363183, 41.130508],
              [1.363381, 41.130557],
              [1.363589, 41.130611],
              [1.363797, 41.130665],
              [1.364017, 41.130718],
              [1.364137, 41.130745],
              [1.364143, 41.130746],
              [1.364237, 41.130768],
              [1.364403, 41.130804],
              [1.36457, 41.130839],
              [1.364747, 41.130871],
              [1.364925, 41.130898],
              [1.365116, 41.130922],
              [1.365309, 41.130942],
              [1.365433, 41.130951],
              [1.365558, 41.130962],
              [1.365786, 41.130992],
              [1.366014, 41.131026],
              [1.366217, 41.131058],
              [1.366421, 41.131091],
              [1.366584, 41.131118],
              [1.366747, 41.131144],
              [1.366932, 41.131171],
              [1.367118, 41.131194],
              [1.367396, 41.131228],
              [1.367614, 41.131254],
              [1.367674, 41.131261],
              [1.367336, 41.131772],
              [1.367006, 41.13223],
              [1.366763, 41.132585],
              [1.366623, 41.132696],
              [1.366531, 41.132776],
              [1.366422, 41.132802],
              [1.366367, 41.132829],
              [1.366102, 41.133111],
              [1.365925, 41.133249],
              [1.365887, 41.133316]
            ]
          ]
        ]
      }
    },
    {
      "type": "Feature",
      "properties": {
        "id": "el-riu-francoli",
        "name": "el Riu Francolí",
        "cityId": "tarragona"
      },
      "geometry": {
        "type": "MultiPolygon",
        "coordinates": [
          [
            [
              [1.23075, 41.129165],
              [1.230751, 41.129071],
              [1.23073, 41.128924],
              [1.230699, 41.128384],
              [1.23067, 41.128169],
              [1.230665, 41.127506],
              [1.230639, 41.126596],
              [1.230592, 41.125742],
              [1.230849, 41.125186],
              [1.23093, 41.125018],
              [1.231332, 41.124426],
              [1.231509, 41.124118],
              [1.232215, 41.122877],
              [1.232766, 41.121899],
              [1.233578, 41.1215],
              [1.233704, 41.121418],
              [1.233782, 41.121366],
              [1.234066, 41.121151],
              [1.234395, 41.120864],
              [1.234518, 41.120801],
              [1.23456, 41.120683],
              [1.234609, 41.120631],
              [1.234719, 41.120463],
              [1.234794, 41.120274],
              [1.234887, 41.119998],
              [1.235028, 41.119858],
              [1.235062, 41.119745],
              [1.235114, 41.119637],
              [1.23514, 41.119502],
              [1.235218, 41.119249],
              [1.235243, 41.119161],
              [1.235298, 41.119027],
              [1.235356, 41.118888],
              [1.23545, 41.118527],
              [1.235464, 41.118469],
              [1.235542, 41.118248],
              [1.235584, 41.118033],
              [1.235599, 41.11767],
              [1.23565, 41.117538],
              [1.235775, 41.117463],
              [1.235793, 41.117341],
              [1.23587, 41.117159],
              [1.235952, 41.116972],
              [1.235963, 41.116824],
              [1.235957, 41.116577],
              [1.235881, 41.116302],
              [1.235759, 41.116304],
              [1.236102, 41.115805],
              [1.23613, 41.115753],
              [1.23614, 41.115726],
              [1.236151, 41.115689],
              [1.236562, 41.113151],
              [1.236733, 41.112038],
              [1.236848, 41.111311],
              [1.236638, 41.110899],
              [1.23848, 41.110872],
              [1.238462, 41.111032],
              [1.238434, 41.111253],
              [1.238414, 41.111388],
              [1.238285, 41.112013],
              [1.238275, 41.11213],
              [1.23826, 41.112263],
              [1.238231, 41.112453],
              [1.238185, 41.11271],
              [1.238176, 41.112751],
              [1.238156, 41.112846],
              [1.238131, 41.112967],
              [1.238105, 41.11307],
              [1.237769, 41.114253],
              [1.237745, 41.114343],
              [1.237725, 41.114435],
              [1.237709, 41.114561],
              [1.237706, 41.11464],
              [1.237713, 41.114965],
              [1.237714, 41.115124],
              [1.237712, 41.115255],
              [1.237705, 41.115366],
              [1.237695, 41.115455],
              [1.237674, 41.11559],
              [1.237658, 41.115673],
              [1.237623, 41.115813],
              [1.237515, 41.116147],
              [1.237503, 41.11621],
              [1.237486, 41.116292],
              [1.237482, 41.116304],
              [1.237473, 41.116335],
              [1.237461, 41.116379],
              [1.23699, 41.117735],
              [1.236929, 41.118655],
              [1.236747, 41.118862],
              [1.236654, 41.119244],
              [1.236553, 41.119637],
              [1.236433, 41.120099],
              [1.236246, 41.120355],
              [1.236099, 41.120573],
              [1.236095, 41.120579],
              [1.236053, 41.120642],
              [1.236048, 41.12065],
              [1.236027, 41.12068],
              [1.23602, 41.120691],
              [1.235997, 41.120725],
              [1.235983, 41.120746],
              [1.235973, 41.120755],
              [1.235617, 41.121106],
              [1.235564, 41.121158],
              [1.235465, 41.121255],
              [1.235105, 41.121672],
              [1.235095, 41.121683],
              [1.235078, 41.121704],
              [1.235049, 41.121736],
              [1.235, 41.121793],
              [1.23495, 41.12185],
              [1.234947, 41.121852],
              [1.234926, 41.121876],
              [1.234909, 41.121894],
              [1.23489, 41.121915],
              [1.234843, 41.121969],
              [1.234785, 41.122033],
              [1.234754, 41.122066],
              [1.234671, 41.122159],
              [1.234527, 41.122397],
              [1.234497, 41.122446],
              [1.234402, 41.122601],
              [1.23424, 41.12285],
              [1.234213, 41.122891],
              [1.234134, 41.123013],
              [1.234126, 41.123025],
              [1.234123, 41.123029],
              [1.23412, 41.123033],
              [1.234053, 41.123086],
              [1.233897, 41.123207],
              [1.233882, 41.123218],
              [1.233876, 41.123223],
              [1.233858, 41.123237],
              [1.233853, 41.123241],
              [1.233834, 41.123256],
              [1.23383, 41.123259],
              [1.233809, 41.123275],
              [1.233807, 41.123276],
              [1.233785, 41.123294],
              [1.233785, 41.123294],
              [1.233761, 41.123313],
              [1.233739, 41.123329],
              [1.233733, 41.123334],
              [1.233703, 41.123358],
              [1.233701, 41.123359],
              [1.233663, 41.123397],
              [1.23358, 41.123478],
              [1.233548, 41.12351],
              [1.233216, 41.123836],
              [1.232987, 41.12409],
              [1.232893, 41.124208],
              [1.232747, 41.124527],
              [1.232614, 41.124935],
              [1.232588, 41.125188],
              [1.232584, 41.125313],
              [1.232577, 41.125459],
              [1.232587, 41.125643],
              [1.232531, 41.125844],
              [1.232506, 41.126083],
              [1.232521, 41.126212],
              [1.232526, 41.126265],
              [1.232536, 41.126351],
              [1.232538, 41.12637],
              [1.232537, 41.12641],
              [1.232532, 41.126578],
              [1.232543, 41.126725],
              [1.232523, 41.126883],
              [1.232421, 41.127009],
              [1.232351, 41.127163],
              [1.232332, 41.127207],
              [1.232319, 41.127236],
              [1.232325, 41.127303],
              [1.232335, 41.127415],
              [1.232339, 41.127454],
              [1.232335, 41.127608],
              [1.232331, 41.12773],
              [1.232337, 41.127746],
              [1.232398, 41.127909],
              [1.232406, 41.12793],
              [1.232417, 41.127959],
              [1.232415, 41.128027],
              [1.232413, 41.128114],
              [1.23241, 41.128196],
              [1.232378, 41.128353],
              [1.232481, 41.12845],
              [1.232363, 41.128469],
              [1.232359, 41.128567],
              [1.23238, 41.128674],
              [1.232389, 41.12877],
              [1.232396, 41.128803],
              [1.232404, 41.128839],
              [1.232406, 41.128851],
              [1.232407, 41.128858],
              [1.232414, 41.128889],
              [1.23245, 41.129014],
              [1.23246, 41.129208],
              [1.232483, 41.129399],
              [1.232496, 41.129562],
              [1.23255, 41.129757],
              [1.232584, 41.129866],
              [1.232589, 41.129882],
              [1.232591, 41.129887],
              [1.2326, 41.129915],
              [1.232606, 41.129936],
              [1.232614, 41.12996],
              [1.232623, 41.129989],
              [1.232628, 41.130005],
              [1.23265, 41.130068],
              [1.23265, 41.13007],
              [1.232657, 41.130089],
              [1.232668, 41.130123],
              [1.232672, 41.130135],
              [1.23268, 41.130159],
              [1.232682, 41.130163],
              [1.232692, 41.130193],
              [1.232699, 41.130213],
              [1.232714, 41.130257],
              [1.232776, 41.130431],
              [1.232782, 41.130449],
              [1.232783, 41.130451],
              [1.23281, 41.130525],
              [1.232815, 41.130539],
              [1.232823, 41.130562],
              [1.232827, 41.130572],
              [1.232837, 41.130594],
              [1.232847, 41.130618],
              [1.23285, 41.130624],
              [1.23286, 41.130648],
              [1.232872, 41.130675],
              [1.232887, 41.13071],
              [1.232956, 41.130868],
              [1.232966, 41.130891],
              [1.233001, 41.131002],
              [1.233006, 41.131018],
              [1.233038, 41.131121],
              [1.233057, 41.131179],
              [1.233059, 41.131185],
              [1.23306, 41.13119],
              [1.233094, 41.131284],
              [1.2331, 41.1313],
              [1.233117, 41.131345],
              [1.23312, 41.131355],
              [1.233139, 41.131406],
              [1.23314, 41.131409],
              [1.233161, 41.131467],
              [1.233166, 41.131481],
              [1.23317, 41.131492],
              [1.233199, 41.131584],
              [1.233212, 41.131626],
              [1.233227, 41.131675],
              [1.233246, 41.131737],
              [1.233247, 41.13175],
              [1.233249, 41.131809],
              [1.23325, 41.131825],
              [1.233251, 41.131843],
              [1.233251, 41.131849],
              [1.233258, 41.13202],
              [1.233254, 41.132314],
              [1.233254, 41.132345],
              [1.233253, 41.132501],
              [1.23325, 41.132775],
              [1.233251, 41.132798],
              [1.233262, 41.133067],
              [1.233265, 41.133124],
              [1.233275, 41.133305],
              [1.233284, 41.133377],
              [1.233314, 41.133624],
              [1.233339, 41.133725],
              [1.233355, 41.13379],
              [1.23336, 41.133811],
              [1.233365, 41.133829],
              [1.233377, 41.133881],
              [1.233347, 41.133999],
              [1.233278, 41.134224],
              [1.233249, 41.134423],
              [1.233188, 41.134651],
              [1.233174, 41.134865],
              [1.233175, 41.135109],
              [1.233197, 41.135318],
              [1.233227, 41.135521],
              [1.233313, 41.135717],
              [1.233355, 41.135914],
              [1.233405, 41.136126],
              [1.233463, 41.136353],
              [1.233529, 41.136594],
              [1.233602, 41.136846],
              [1.233675, 41.137097],
              [1.233747, 41.137345],
              [1.233818, 41.137588],
              [1.233889, 41.137827],
              [1.234065, 41.138044],
              [1.234069, 41.138306],
              [1.234143, 41.138566],
              [1.234258, 41.138832],
              [1.234388, 41.139109],
              [1.234532, 41.139396],
              [1.23469, 41.139686],
              [1.234859, 41.139977],
              [1.234929, 41.140032],
              [1.235071, 41.140145],
              [1.23521, 41.140398],
              [1.235337, 41.140628],
              [1.235348, 41.140649],
              [1.235307, 41.140708],
              [1.23535, 41.140756],
              [1.235438, 41.140855],
              [1.23545, 41.140873],
              [1.235518, 41.140972],
              [1.235532, 41.140994],
              [1.235548, 41.141017],
              [1.235634, 41.141144],
              [1.235663, 41.141189],
              [1.235666, 41.141194],
              [1.235752, 41.141327],
              [1.235784, 41.141376],
              [1.235816, 41.141425],
              [1.235842, 41.141467],
              [1.235847, 41.141476],
              [1.235985, 41.1417],
              [1.236097, 41.141893],
              [1.23614, 41.141969],
              [1.236235, 41.142141],
              [1.236244, 41.142157],
              [1.236257, 41.142182],
              [1.236283, 41.14223],
              [1.236427, 41.142483],
              [1.236556, 41.142695],
              [1.236689, 41.142903],
              [1.236691, 41.142906],
              [1.236712, 41.142939],
              [1.23673, 41.142966],
              [1.236759, 41.143009],
              [1.236782, 41.143041],
              [1.23682, 41.143096],
              [1.236833, 41.143115],
              [1.236889, 41.143196],
              [1.237051, 41.143418],
              [1.237208, 41.143641],
              [1.237348, 41.143878],
              [1.237423, 41.143991],
              [1.237609, 41.144379],
              [1.237672, 41.14454],
              [1.237713, 41.144633],
              [1.23773, 41.144719],
              [1.237739, 41.144775],
              [1.237742, 41.144795],
              [1.237753, 41.144866],
              [1.237753, 41.144866],
              [1.23776, 41.144919],
              [1.237761, 41.145032],
              [1.237816, 41.14542],
              [1.237816, 41.145428],
              [1.23782, 41.145785],
              [1.237831, 41.146107],
              [1.237873, 41.146301],
              [1.237977, 41.146541],
              [1.238097, 41.146757],
              [1.238179, 41.146919],
              [1.238153, 41.147023],
              [1.23797, 41.147225],
              [1.237717, 41.147566],
              [1.237654, 41.147702],
              [1.237538, 41.148075],
              [1.237292, 41.148405],
              [1.237178, 41.148733],
              [1.237178, 41.148759],
              [1.237141, 41.148947],
              [1.237141, 41.149098],
              [1.237105, 41.149199],
              [1.237088, 41.149248],
              [1.237086, 41.149255],
              [1.236975, 41.149487],
              [1.236586, 41.149982],
              [1.235284, 41.149136],
              [1.234963, 41.148927],
              [1.235286, 41.148467],
              [1.235717, 41.147811],
              [1.236137, 41.147191],
              [1.236201, 41.146916],
              [1.236299, 41.146621],
              [1.236443, 41.146124],
              [1.236501, 41.145861],
              [1.236551, 41.145793],
              [1.236557, 41.14557],
              [1.236557, 41.145199],
              [1.236491, 41.144825],
              [1.236445, 41.144619],
              [1.23635, 41.144367],
              [1.236319, 41.144263],
              [1.236147, 41.143688],
              [1.235661, 41.143102],
              [1.235411, 41.142735],
              [1.235178, 41.142374],
              [1.234911, 41.14201],
              [1.234826, 41.141779],
              [1.234747, 41.14164],
              [1.234492, 41.141297],
              [1.234212, 41.140818],
              [1.234053, 41.140613],
              [1.233183, 41.139432],
              [1.232469, 41.137706],
              [1.232379, 41.13744],
              [1.232289, 41.136966],
              [1.231823, 41.134748],
              [1.231782, 41.134757],
              [1.231761, 41.134646],
              [1.231696, 41.13446],
              [1.23164, 41.134133],
              [1.231494, 41.133407],
              [1.231328, 41.132469],
              [1.231254, 41.132024],
              [1.231239, 41.131732],
              [1.231184, 41.131536],
              [1.231063, 41.130926],
              [1.23094, 41.130283],
              [1.230933, 41.130053],
              [1.23075, 41.129165]
            ]
          ]
        ]
      }
    },
    {
      "type": "Feature",
      "properties": {
        "id": "el-serrallo",
        "name": "el Serrallo",
        "cityId": "tarragona"
      },
      "geometry": {
        "type": "MultiPolygon",
        "coordinates": [
          [
            [
              [1.240961, 41.110833],
              [1.239566, 41.110337],
              [1.239068, 41.110016],
              [1.238862, 41.10979],
              [1.238734, 41.109597],
              [1.238626, 41.109311],
              [1.238546, 41.109104],
              [1.238716, 41.109071],
              [1.239834, 41.109248],
              [1.239893, 41.109124],
              [1.240323, 41.109242],
              [1.240354, 41.109096],
              [1.240841, 41.109145],
              [1.240988, 41.109168],
              [1.241112, 41.10933],
              [1.241107, 41.109532],
              [1.242758, 41.110135],
              [1.242595, 41.110458],
              [1.242559, 41.110617],
              [1.24257, 41.110819],
              [1.242574, 41.11083],
              [1.242559, 41.11083],
              [1.241193, 41.11084],
              [1.240987, 41.110842],
              [1.240961, 41.110833]
            ]
          ]
        ]
      }
    },
    {
      "type": "Feature",
      "properties": {
        "id": "el-vinyet",
        "name": "el Vinyet",
        "cityId": "tarragona"
      },
      "geometry": {
        "type": "MultiPolygon",
        "coordinates": [
          [
            [
              [1.374642, 41.136672],
              [1.372109, 41.136493],
              [1.371215, 41.136476],
              [1.370351, 41.13646],
              [1.369457, 41.136474],
              [1.368214, 41.136516],
              [1.366855, 41.136637],
              [1.365755, 41.136769],
              [1.364935, 41.136868],
              [1.36362, 41.137042],
              [1.361996, 41.137303],
              [1.362026, 41.137199],
              [1.362048, 41.137149],
              [1.362382, 41.136886],
              [1.362434, 41.136846],
              [1.36256, 41.136832],
              [1.362617, 41.136815],
              [1.362825, 41.136654],
              [1.36304, 41.136485],
              [1.363282, 41.13626],
              [1.363598, 41.135985],
              [1.363835, 41.135732],
              [1.364222, 41.135393],
              [1.364383, 41.135164],
              [1.364656, 41.134814],
              [1.36481, 41.134657],
              [1.364896, 41.134586],
              [1.365188, 41.1344],
              [1.365329, 41.134297],
              [1.365789, 41.133873],
              [1.365944, 41.133703],
              [1.365918, 41.133548],
              [1.365887, 41.133316],
              [1.365925, 41.133249],
              [1.366102, 41.133111],
              [1.366367, 41.132829],
              [1.366422, 41.132802],
              [1.366531, 41.132776],
              [1.366623, 41.132696],
              [1.366763, 41.132585],
              [1.367006, 41.13223],
              [1.367336, 41.131772],
              [1.367674, 41.131261],
              [1.367914, 41.13129],
              [1.368155, 41.131317],
              [1.368265, 41.131327],
              [1.368432, 41.131334],
              [1.368599, 41.131338],
              [1.368774, 41.131342],
              [1.36895, 41.131339],
              [1.369038, 41.131334],
              [1.36917, 41.131321],
              [1.369303, 41.131306],
              [1.369445, 41.131289],
              [1.369516, 41.131278],
              [1.369585, 41.131264],
              [1.369638, 41.131249],
              [1.369714, 41.131219],
              [1.369786, 41.131185],
              [1.369841, 41.131154],
              [1.369869, 41.131137],
              [1.369899, 41.131122],
              [1.369922, 41.131115],
              [1.369958, 41.131107],
              [1.369994, 41.131103],
              [1.370036, 41.131102],
              [1.370057, 41.131104],
              [1.370077, 41.131109],
              [1.370108, 41.131121],
              [1.370149, 41.131142],
              [1.370184, 41.131167],
              [1.370248, 41.131219],
              [1.370311, 41.131271],
              [1.370392, 41.131323],
              [1.370475, 41.131374],
              [1.370612, 41.131448],
              [1.37075, 41.131522],
              [1.370931, 41.131623],
              [1.371114, 41.131722],
              [1.371176, 41.131753],
              [1.37124, 41.131781],
              [1.37137, 41.131835],
              [1.371582, 41.131922],
              [1.371793, 41.132008],
              [1.372003, 41.132094],
              [1.372214, 41.13218],
              [1.372314, 41.132217],
              [1.372417, 41.132251],
              [1.372622, 41.13232],
              [1.372847, 41.132402],
              [1.373071, 41.132486],
              [1.373198, 41.132535],
              [1.373297, 41.132628],
              [1.373323, 41.132705],
              [1.374642, 41.136672]
            ]
          ]
        ]
      }
    },
    {
      "type": "Feature",
      "properties": {
        "id": "els-cossis",
        "name": "els Cossis",
        "cityId": "tarragona"
      },
      "geometry": {
        "type": "MultiPolygon",
        "coordinates": [
          [
            [
              [1.274977, 41.116451],
              [1.274976, 41.116497],
              [1.274968, 41.116531],
              [1.274953, 41.116564],
              [1.274943, 41.116575],
              [1.274915, 41.116593],
              [1.27491, 41.116604],
              [1.274908, 41.116637],
              [1.274907, 41.116669],
              [1.274907, 41.116717],
              [1.274904, 41.116764],
              [1.274899, 41.116779],
              [1.274887, 41.1168],
              [1.274873, 41.11682],
              [1.274853, 41.116854],
              [1.274832, 41.116887],
              [1.274819, 41.116914],
              [1.274805, 41.116955],
              [1.274788, 41.116995],
              [1.274769, 41.117018],
              [1.27473, 41.117048],
              [1.27471, 41.117063],
              [1.274694, 41.117079],
              [1.274685, 41.117094],
              [1.274678, 41.11712],
              [1.274673, 41.117132],
              [1.274665, 41.117143],
              [1.27465, 41.117149],
              [1.274634, 41.117154],
              [1.274606, 41.117174],
              [1.274585, 41.117198],
              [1.274582, 41.11721],
              [1.274585, 41.117228],
              [1.274584, 41.117247],
              [1.274576, 41.117261],
              [1.274564, 41.117273],
              [1.274555, 41.117276],
              [1.27454, 41.117277],
              [1.274526, 41.117274],
              [1.274518, 41.117267],
              [1.274504, 41.117246],
              [1.274491, 41.11724],
              [1.274478, 41.117244],
              [1.274456, 41.117263],
              [1.274428, 41.117293],
              [1.274422, 41.1173],
              [1.27441, 41.117309],
              [1.27439, 41.117327],
              [1.274383, 41.117341],
              [1.274386, 41.117361],
              [1.274383, 41.117366],
              [1.274356, 41.117375],
              [1.27437, 41.117393],
              [1.274364, 41.117405],
              [1.274359, 41.117408],
              [1.274341, 41.117411],
              [1.274346, 41.117438],
              [1.274343, 41.117444],
              [1.274339, 41.117448],
              [1.274329, 41.117451],
              [1.274302, 41.117454],
              [1.274294, 41.11745],
              [1.27428, 41.11744],
              [1.274268, 41.117446],
              [1.274251, 41.117465],
              [1.274245, 41.117479],
              [1.27424, 41.117501],
              [1.274242, 41.117516],
              [1.27425, 41.117548],
              [1.273951, 41.117392],
              [1.273449, 41.117892],
              [1.273335, 41.118029],
              [1.273274, 41.118085],
              [1.273232, 41.118135],
              [1.273199, 41.118185],
              [1.273171, 41.11824],
              [1.273151, 41.118297],
              [1.273139, 41.118355],
              [1.273135, 41.118414],
              [1.273139, 41.118473],
              [1.273152, 41.118531],
              [1.273172, 41.118587],
              [1.2732, 41.118642],
              [1.273235, 41.118695],
              [1.273278, 41.118744],
              [1.273327, 41.118789],
              [1.273382, 41.118831],
              [1.273442, 41.118868],
              [1.273498, 41.118895],
              [1.27344, 41.118982],
              [1.273384, 41.119115],
              [1.273357, 41.119148],
              [1.273271, 41.119101],
              [1.273025, 41.118998],
              [1.272646, 41.118856],
              [1.272361, 41.118755],
              [1.272159, 41.118677],
              [1.271792, 41.118541],
              [1.27122, 41.118335],
              [1.270321, 41.117964],
              [1.269126, 41.117529],
              [1.266889, 41.116702],
              [1.265339, 41.11617],
              [1.265447, 41.115986],
              [1.265576, 41.115669],
              [1.265652, 41.115568],
              [1.265919, 41.115337],
              [1.266072, 41.115215],
              [1.266144, 41.115175],
              [1.266205, 41.115151],
              [1.266281, 41.115133],
              [1.267078, 41.11346],
              [1.267264, 41.113337],
              [1.267486, 41.113048],
              [1.267499, 41.113075],
              [1.267519, 41.113106],
              [1.267544, 41.113125],
              [1.26759, 41.113145],
              [1.267636, 41.113166],
              [1.267711, 41.113211],
              [1.267745, 41.113236],
              [1.267775, 41.113265],
              [1.267782, 41.113279],
              [1.267782, 41.113302],
              [1.267785, 41.113324],
              [1.267796, 41.113351],
              [1.267807, 41.113363],
              [1.267856, 41.113399],
              [1.267905, 41.113434],
              [1.267956, 41.113472],
              [1.268005, 41.11351],
              [1.268039, 41.11354],
              [1.268085, 41.113589],
              [1.26813, 41.113638],
              [1.268146, 41.113659],
              [1.268168, 41.113683],
              [1.268186, 41.113683],
              [1.268199, 41.113681],
              [1.268236, 41.113666],
              [1.268255, 41.113658],
              [1.268274, 41.113654],
              [1.268289, 41.113653],
              [1.268317, 41.113652],
              [1.268322, 41.113653],
              [1.268367, 41.113672],
              [1.268407, 41.113694],
              [1.26847, 41.113727],
              [1.268533, 41.113759],
              [1.268572, 41.113774],
              [1.268614, 41.113785],
              [1.268646, 41.113789],
              [1.268679, 41.113786],
              [1.268696, 41.11378],
              [1.268718, 41.113769],
              [1.268741, 41.113752],
              [1.268738, 41.113736],
              [1.268739, 41.113731],
              [1.268743, 41.113727],
              [1.268771, 41.113718],
              [1.2688, 41.113717],
              [1.268864, 41.113723],
              [1.268927, 41.113731],
              [1.268955, 41.113735],
              [1.268983, 41.113739],
              [1.269022, 41.113742],
              [1.269061, 41.11374],
              [1.269095, 41.113736],
              [1.269144, 41.113724],
              [1.269192, 41.113709],
              [1.269227, 41.113696],
              [1.269242, 41.113687],
              [1.269251, 41.113675],
              [1.269254, 41.11366],
              [1.269253, 41.113637],
              [1.269252, 41.113613],
              [1.269253, 41.11359],
              [1.269259, 41.113567],
              [1.269268, 41.11356],
              [1.26928, 41.113555],
              [1.269289, 41.113555],
              [1.269312, 41.113559],
              [1.269324, 41.113537],
              [1.269332, 41.113518],
              [1.269337, 41.113509],
              [1.269344, 41.113502],
              [1.269363, 41.113495],
              [1.269393, 41.11349],
              [1.269422, 41.113484],
              [1.269452, 41.113477],
              [1.269488, 41.113466],
              [1.269504, 41.11345],
              [1.269513, 41.113437],
              [1.269515, 41.113423],
              [1.269516, 41.11341],
              [1.269529, 41.113399],
              [1.26954, 41.11339],
              [1.269542, 41.113376],
              [1.269543, 41.113355],
              [1.269543, 41.113335],
              [1.269539, 41.113318],
              [1.269527, 41.113293],
              [1.269517, 41.113268],
              [1.26951, 41.113235],
              [1.269504, 41.113203],
              [1.269493, 41.113183],
              [1.269482, 41.113163],
              [1.269483, 41.113157],
              [1.269488, 41.113153],
              [1.269517, 41.113152],
              [1.269545, 41.113154],
              [1.269578, 41.113154],
              [1.26961, 41.113154],
              [1.269633, 41.11316],
              [1.269655, 41.113167],
              [1.269676, 41.113168],
              [1.269708, 41.113166],
              [1.269724, 41.113162],
              [1.269738, 41.113156],
              [1.269769, 41.113137],
              [1.269797, 41.113117],
              [1.269823, 41.113092],
              [1.269837, 41.11308],
              [1.269855, 41.11307],
              [1.269873, 41.113066],
              [1.2699, 41.113064],
              [1.269928, 41.113064],
              [1.269979, 41.113063],
              [1.27003, 41.113065],
              [1.270113, 41.113076],
              [1.270195, 41.113092],
              [1.270266, 41.113108],
              [1.270336, 41.113125],
              [1.270382, 41.113136],
              [1.270426, 41.113151],
              [1.270432, 41.113155],
              [1.270437, 41.113165],
              [1.270438, 41.11319],
              [1.270445, 41.113199],
              [1.270475, 41.113224],
              [1.270504, 41.113249],
              [1.270534, 41.113277],
              [1.270566, 41.113305],
              [1.27058, 41.113314],
              [1.270604, 41.113323],
              [1.27063, 41.113329],
              [1.2707, 41.113339],
              [1.270769, 41.11335],
              [1.270836, 41.113361],
              [1.270869, 41.113368],
              [1.270902, 41.113374],
              [1.270944, 41.113387],
              [1.271004, 41.11341],
              [1.271063, 41.113435],
              [1.27116, 41.11348],
              [1.271207, 41.113504],
              [1.271252, 41.11353],
              [1.271322, 41.113578],
              [1.271385, 41.113631],
              [1.271445, 41.113687],
              [1.271502, 41.113744],
              [1.271535, 41.113776],
              [1.271562, 41.113811],
              [1.271574, 41.113839],
              [1.271579, 41.113868],
              [1.271594, 41.113944],
              [1.271606, 41.11402],
              [1.271615, 41.114098],
              [1.271624, 41.114176],
              [1.271634, 41.114241],
              [1.271646, 41.114305],
              [1.271645, 41.114339],
              [1.271645, 41.114373],
              [1.271654, 41.114401],
              [1.271666, 41.114422],
              [1.271689, 41.114451],
              [1.271716, 41.114479],
              [1.271751, 41.114508],
              [1.271809, 41.114547],
              [1.271837, 41.114566],
              [1.271862, 41.114587],
              [1.271872, 41.114601],
              [1.271886, 41.114632],
              [1.2719, 41.114643],
              [1.271945, 41.114669],
              [1.271991, 41.114694],
              [1.272042, 41.114721],
              [1.272093, 41.114749],
              [1.272119, 41.114767],
              [1.272156, 41.114795],
              [1.272176, 41.114809],
              [1.272199, 41.114822],
              [1.272226, 41.114832],
              [1.272269, 41.11484],
              [1.272312, 41.114842],
              [1.272392, 41.114841],
              [1.272473, 41.114838],
              [1.272565, 41.114833],
              [1.272656, 41.11483],
              [1.27269, 41.114834],
              [1.272738, 41.114848],
              [1.272785, 41.114867],
              [1.272877, 41.114907],
              [1.272968, 41.114945],
              [1.273018, 41.114961],
              [1.273068, 41.114976],
              [1.273115, 41.114984],
              [1.273139, 41.114987],
              [1.273162, 41.114993],
              [1.273213, 41.115015],
              [1.27326, 41.115041],
              [1.273279, 41.115054],
              [1.273303, 41.115069],
              [1.273324, 41.115063],
              [1.27334, 41.115061],
              [1.273377, 41.115071],
              [1.273395, 41.115078],
              [1.27341, 41.115088],
              [1.273437, 41.11511],
              [1.273464, 41.115132],
              [1.273498, 41.115159],
              [1.273536, 41.115189],
              [1.273552, 41.115189],
              [1.273565, 41.115187],
              [1.273583, 41.115184],
              [1.273601, 41.115181],
              [1.273618, 41.115181],
              [1.273635, 41.115187],
              [1.273644, 41.115194],
              [1.273652, 41.115206],
              [1.273656, 41.115218],
              [1.273655, 41.115236],
              [1.273655, 41.115253],
              [1.273667, 41.115276],
              [1.273685, 41.115296],
              [1.273701, 41.115304],
              [1.27373, 41.115308],
              [1.273742, 41.115312],
              [1.273751, 41.115319],
              [1.27376, 41.115336],
              [1.273768, 41.115353],
              [1.273778, 41.11537],
              [1.273791, 41.11539],
              [1.273806, 41.115379],
              [1.273818, 41.115372],
              [1.27385, 41.115366],
              [1.273865, 41.115366],
              [1.273871, 41.115368],
              [1.273875, 41.115373],
              [1.273883, 41.115394],
              [1.273889, 41.115421],
              [1.273896, 41.115437],
              [1.27392, 41.115433],
              [1.27393, 41.115431],
              [1.273937, 41.115433],
              [1.273953, 41.115444],
              [1.273969, 41.115455],
              [1.273997, 41.115478],
              [1.274031, 41.115504],
              [1.274045, 41.115508],
              [1.274077, 41.11551],
              [1.274109, 41.115509],
              [1.274144, 41.115513],
              [1.274161, 41.115517],
              [1.274177, 41.115523],
              [1.274209, 41.115542],
              [1.274228, 41.115558],
              [1.274252, 41.115584],
              [1.274273, 41.115613],
              [1.274319, 41.115682],
              [1.274357, 41.115754],
              [1.274392, 41.115841],
              [1.274419, 41.11593],
              [1.274424, 41.115958],
              [1.274426, 41.115985],
              [1.274423, 41.116018],
              [1.274419, 41.11605],
              [1.274421, 41.116069],
              [1.27443, 41.116096],
              [1.274448, 41.116123],
              [1.274461, 41.116136],
              [1.274483, 41.116151],
              [1.274509, 41.116161],
              [1.274552, 41.116169],
              [1.274594, 41.116177],
              [1.274636, 41.116188],
              [1.274677, 41.1162],
              [1.274707, 41.116206],
              [1.274722, 41.1162],
              [1.274735, 41.116189],
              [1.274747, 41.116169],
              [1.27476, 41.11615],
              [1.274774, 41.116131],
              [1.274783, 41.116122],
              [1.274795, 41.116114],
              [1.274804, 41.116111],
              [1.274819, 41.116112],
              [1.274835, 41.116114],
              [1.274861, 41.116116],
              [1.274874, 41.116119],
              [1.274886, 41.116124],
              [1.274904, 41.116139],
              [1.27492, 41.116164],
              [1.274933, 41.11619],
              [1.274966, 41.116248],
              [1.274979, 41.116277],
              [1.274984, 41.116307],
              [1.274982, 41.116356],
              [1.274978, 41.116404],
              [1.274977, 41.116451]
            ]
          ]
        ]
      }
    },
    {
      "type": "Feature",
      "properties": {
        "id": "els-musics",
        "name": "els Músics",
        "cityId": "tarragona"
      },
      "geometry": {
        "type": "MultiPolygon",
        "coordinates": [
          [
            [
              [1.266302, 41.121109],
              [1.266208, 41.121232],
              [1.266125, 41.12133],
              [1.266073, 41.121386],
              [1.265982, 41.121478],
              [1.265925, 41.121531],
              [1.265823, 41.121621],
              [1.26578, 41.121657],
              [1.265674, 41.121738],
              [1.265581, 41.121804],
              [1.265452, 41.121891],
              [1.26538, 41.121935],
              [1.265259, 41.122004],
              [1.265134, 41.12207],
              [1.265056, 41.122109],
              [1.264985, 41.122141],
              [1.264852, 41.122197],
              [1.264724, 41.122246],
              [1.264598, 41.122289],
              [1.264485, 41.122324],
              [1.264299, 41.122376],
              [1.26421, 41.122396],
              [1.264171, 41.122403],
              [1.264129, 41.122408],
              [1.26402, 41.122418],
              [1.263622, 41.122444],
              [1.263237, 41.122546],
              [1.263108, 41.122526],
              [1.26298, 41.122503],
              [1.262852, 41.122478],
              [1.26266, 41.122434],
              [1.262676, 41.122327],
              [1.263597, 41.121734],
              [1.26372, 41.12172],
              [1.263932, 41.121526],
              [1.264144, 41.121499],
              [1.264186, 41.121417],
              [1.264232, 41.121333],
              [1.264319, 41.121199],
              [1.26418, 41.121117],
              [1.264106, 41.1211],
              [1.264614, 41.120692],
              [1.264016, 41.120449],
              [1.263164, 41.120106],
              [1.263136, 41.120095],
              [1.263042, 41.120062],
              [1.26302, 41.120055],
              [1.262964, 41.120043],
              [1.262832, 41.120021],
              [1.262649, 41.119995],
              [1.262393, 41.119964],
              [1.262265, 41.119946],
              [1.262209, 41.119934],
              [1.262177, 41.119925],
              [1.262148, 41.119915],
              [1.262127, 41.119904],
              [1.262106, 41.119892],
              [1.26201, 41.119824],
              [1.261983, 41.119802],
              [1.261899, 41.119727],
              [1.261851, 41.119683],
              [1.261724, 41.119524],
              [1.261661, 41.119427],
              [1.261637, 41.119391],
              [1.261578, 41.119356],
              [1.261415, 41.119277],
              [1.261356, 41.119247],
              [1.261567, 41.118966],
              [1.261588, 41.118937],
              [1.261609, 41.118907],
              [1.26163, 41.118878],
              [1.261662, 41.118894],
              [1.261741, 41.118931],
              [1.262032, 41.119096],
              [1.262398, 41.119298],
              [1.262493, 41.119311],
              [1.262748, 41.119276],
              [1.263459, 41.119172],
              [1.263861, 41.119126],
              [1.263991, 41.119107],
              [1.264216, 41.11906],
              [1.264471, 41.118997],
              [1.264629, 41.118966],
              [1.264805, 41.118929],
              [1.265174, 41.11884],
              [1.265336, 41.118799],
              [1.265616, 41.118718],
              [1.265718, 41.118685],
              [1.265757, 41.118681],
              [1.265783, 41.118682],
              [1.265809, 41.118684],
              [1.265847, 41.118693],
              [1.266003, 41.118744],
              [1.266355, 41.118844],
              [1.266545, 41.118901],
              [1.266592, 41.118917],
              [1.266638, 41.118936],
              [1.266965, 41.119078],
              [1.267226, 41.119189],
              [1.26737, 41.119254],
              [1.267554, 41.119335],
              [1.267277, 41.119727],
              [1.267148, 41.119912],
              [1.266655, 41.120614],
              [1.266603, 41.120684],
              [1.266302, 41.121109]
            ]
          ]
        ]
      }
    },
    {
      "type": "Feature",
      "properties": {
        "id": "els-quatre-garrofers",
        "name": "els Quatre Garrofers",
        "cityId": "tarragona"
      },
      "geometry": {
        "type": "MultiPolygon",
        "coordinates": [
          [
            [
              [1.24856, 41.124355],
              [1.248094, 41.124401],
              [1.247848, 41.124429],
              [1.247653, 41.124454],
              [1.247433, 41.124486],
              [1.247169, 41.124533],
              [1.2471, 41.124547],
              [1.246864, 41.124603],
              [1.24667, 41.124654],
              [1.246391, 41.124717],
              [1.246137, 41.12478],
              [1.24589, 41.124849],
              [1.245696, 41.124911],
              [1.245469, 41.124996],
              [1.245337, 41.125049],
              [1.245254, 41.125086],
              [1.245209, 41.125108],
              [1.245036, 41.125191],
              [1.244928, 41.125254],
              [1.244738, 41.125371],
              [1.244561, 41.125484],
              [1.24401, 41.12585],
              [1.243751, 41.12601],
              [1.243594, 41.1261],
              [1.243428, 41.126188],
              [1.243296, 41.126254],
              [1.243121, 41.126334],
              [1.242925, 41.126418],
              [1.24262, 41.126533],
              [1.24195, 41.126762],
              [1.24301, 41.124391],
              [1.243425, 41.123495],
              [1.243572, 41.123208],
              [1.243699, 41.123242],
              [1.243753, 41.123254],
              [1.244403, 41.123386],
              [1.244805, 41.123461],
              [1.245345, 41.123534],
              [1.245665, 41.123701],
              [1.245889, 41.123715],
              [1.246007, 41.123719],
              [1.24614, 41.123697],
              [1.246198, 41.123685],
              [1.246355, 41.12361],
              [1.246472, 41.123614],
              [1.246677, 41.123617],
              [1.246678, 41.123638],
              [1.24716, 41.123592],
              [1.247158, 41.123582],
              [1.24728, 41.123569],
              [1.247354, 41.123555],
              [1.247698, 41.12348],
              [1.247826, 41.123448],
              [1.248376, 41.123282],
              [1.248478, 41.123277],
              [1.248492, 41.123441],
              [1.24856, 41.124355]
            ]
          ]
        ]
      }
    },
    {
      "type": "Feature",
      "properties": {
        "id": "els-vinyets",
        "name": "els Vinyets",
        "cityId": "tarragona"
      },
      "geometry": {
        "type": "MultiPolygon",
        "coordinates": [
          [
            [
              [1.1883, 41.12649],
              [1.191367, 41.125469],
              [1.19157, 41.125404],
              [1.191735, 41.125352],
              [1.191947, 41.125291],
              [1.192104, 41.125248],
              [1.192301, 41.125198],
              [1.192483, 41.125157],
              [1.192698, 41.125112],
              [1.19292, 41.125073],
              [1.193099, 41.125045],
              [1.193305, 41.125017],
              [1.193528, 41.124992],
              [1.193693, 41.124977],
              [1.193918, 41.124962],
              [1.194132, 41.124952],
              [1.194303, 41.124947],
              [1.194524, 41.124947],
              [1.19475, 41.124951],
              [1.194935, 41.124959],
              [1.195112, 41.124969],
              [1.195296, 41.124985],
              [1.195461, 41.125002],
              [1.195638, 41.125024],
              [1.195841, 41.125054],
              [1.196072, 41.125092],
              [1.196272, 41.125129],
              [1.19647, 41.12517],
              [1.196669, 41.125217],
              [1.196824, 41.125257],
              [1.19695, 41.125292],
              [1.197094, 41.125334],
              [1.197369, 41.125422],
              [1.197652, 41.125524],
              [1.197794, 41.125581],
              [1.198038, 41.125685],
              [1.198225, 41.12577],
              [1.198491, 41.125902],
              [1.198646, 41.125985],
              [1.198773, 41.126057],
              [1.198999, 41.126194],
              [1.199112, 41.126266],
              [1.199335, 41.126418],
              [1.199437, 41.126491],
              [1.199657, 41.126653],
              [1.20031, 41.127155],
              [1.200767, 41.127508],
              [1.201414, 41.128019],
              [1.198802, 41.128774],
              [1.198013, 41.129],
              [1.19684, 41.129339],
              [1.197383, 41.129695],
              [1.193, 41.132107],
              [1.191151, 41.131379],
              [1.190353, 41.130424],
              [1.189028, 41.128247],
              [1.189275, 41.12816],
              [1.1883, 41.12649]
            ]
          ]
        ]
      }
    },
    {
      "type": "Feature",
      "properties": {
        "id": "entrepins",
        "name": "Entrepins",
        "cityId": "tarragona"
      },
      "geometry": {
        "type": "MultiPolygon",
        "coordinates": [
          [
            [
              [1.317549, 41.139776],
              [1.316846, 41.140022],
              [1.316658, 41.140128],
              [1.316463, 41.14019],
              [1.315867, 41.140343],
              [1.315623, 41.140409],
              [1.315274, 41.140499],
              [1.314861, 41.140601],
              [1.314704, 41.14059],
              [1.314061, 41.140568],
              [1.313396, 41.140549],
              [1.313343, 41.140546],
              [1.313304, 41.140541],
              [1.313, 41.140468],
              [1.312986, 41.140472],
              [1.311234, 41.140094],
              [1.310863, 41.139793],
              [1.310683, 41.139726],
              [1.310628, 41.139687],
              [1.310577, 41.139652],
              [1.310511, 41.139433],
              [1.310498, 41.139392],
              [1.310472, 41.139329],
              [1.310456, 41.139284],
              [1.310406, 41.139224],
              [1.310517, 41.13918],
              [1.31156, 41.138779],
              [1.312127, 41.138572],
              [1.312297, 41.138513],
              [1.312978, 41.138287],
              [1.313598, 41.138069],
              [1.31383, 41.137991],
              [1.314305, 41.137835],
              [1.314418, 41.138027],
              [1.314649, 41.138399],
              [1.314721, 41.138498],
              [1.3148, 41.13859],
              [1.314874, 41.138667],
              [1.315056, 41.138832],
              [1.315174, 41.138934],
              [1.315297, 41.139019],
              [1.315362, 41.139066],
              [1.315563, 41.13919],
              [1.31572, 41.13927],
              [1.315859, 41.139337],
              [1.315909, 41.139357],
              [1.316158, 41.139444],
              [1.316278, 41.139489],
              [1.317019, 41.139702],
              [1.317084, 41.139718],
              [1.317198, 41.139741],
              [1.317305, 41.139757],
              [1.317476, 41.139773],
              [1.317549, 41.139776]
            ]
          ]
        ]
      }
    },
    {
      "type": "Feature",
      "properties": {
        "id": "ferran",
        "name": "Ferran",
        "cityId": "tarragona"
      },
      "geometry": {
        "type": "MultiPolygon",
        "coordinates": [
          [
            [
              [1.359706, 41.14604],
              [1.359392, 41.146202],
              [1.359024, 41.146388],
              [1.358934, 41.146421],
              [1.358957, 41.146468],
              [1.358609, 41.14645],
              [1.358523, 41.146437],
              [1.358105, 41.146337],
              [1.357245, 41.146936],
              [1.357122, 41.14706],
              [1.356978, 41.147225],
              [1.356318, 41.147069],
              [1.355679, 41.146896],
              [1.355386, 41.146816],
              [1.355101, 41.146723],
              [1.355416, 41.146584],
              [1.355832, 41.146515],
              [1.356173, 41.146445],
              [1.356259, 41.146413],
              [1.356422, 41.146317],
              [1.356534, 41.145872],
              [1.356707, 41.145617],
              [1.356751, 41.145557],
              [1.356909, 41.145395],
              [1.357067, 41.145275],
              [1.357147, 41.145128],
              [1.357257, 41.145178],
              [1.357703, 41.1447],
              [1.357865, 41.14478],
              [1.357944, 41.144828],
              [1.358054, 41.144872],
              [1.358163, 41.144912],
              [1.358401, 41.144928],
              [1.35898, 41.144707],
              [1.359422, 41.145517],
              [1.359644, 41.145928],
              [1.359706, 41.14604]
            ]
          ]
        ]
      }
    },
    {
      "type": "Feature",
      "properties": {
        "id": "florimar",
        "name": "Florimar",
        "cityId": "tarragona"
      },
      "geometry": {
        "type": "MultiPolygon",
        "coordinates": [
          [
            [
              [1.302549, 41.137276],
              [1.30239, 41.137406],
              [1.302457, 41.13744],
              [1.302432, 41.137477],
              [1.302368, 41.137598],
              [1.302294, 41.137773],
              [1.302285, 41.137823],
              [1.302309, 41.137853],
              [1.302433, 41.13799],
              [1.302527, 41.138086],
              [1.302563, 41.138131],
              [1.30259, 41.138175],
              [1.302685, 41.13831],
              [1.30283, 41.138529],
              [1.302969, 41.138726],
              [1.30306, 41.138937],
              [1.303141, 41.139101],
              [1.303385, 41.139693],
              [1.302926, 41.139789],
              [1.302432, 41.139867],
              [1.301086, 41.140003],
              [1.300816, 41.140026],
              [1.300547, 41.140034],
              [1.300303, 41.140039],
              [1.300019, 41.140049],
              [1.2996, 41.140054],
              [1.298993, 41.140064],
              [1.298799, 41.140066],
              [1.298598, 41.140071],
              [1.298383, 41.140072],
              [1.29721, 41.140059],
              [1.297013, 41.140054],
              [1.296798, 41.140051],
              [1.296278, 41.140025],
              [1.296013, 41.139755],
              [1.295577, 41.139245],
              [1.295466, 41.13912],
              [1.29531, 41.138934],
              [1.295124, 41.138726],
              [1.295177, 41.138581],
              [1.295196, 41.138504],
              [1.295388, 41.13799],
              [1.295389, 41.137888],
              [1.295446, 41.137746],
              [1.295537, 41.137535],
              [1.295675, 41.13738],
              [1.296089, 41.137075],
              [1.296337, 41.136882],
              [1.296617, 41.136613],
              [1.297023, 41.136249],
              [1.297182, 41.135892],
              [1.297228, 41.135693],
              [1.297262, 41.13556],
              [1.297318, 41.135358],
              [1.297382, 41.135154],
              [1.297387, 41.135113],
              [1.297469, 41.134642],
              [1.297484, 41.134563],
              [1.2974, 41.134509],
              [1.297353, 41.134473],
              [1.2973, 41.13439],
              [1.299352, 41.134764],
              [1.299538, 41.134795],
              [1.299887, 41.134845],
              [1.300297, 41.134917],
              [1.300581, 41.134925],
              [1.301158, 41.13498],
              [1.301336, 41.135013],
              [1.30156, 41.135052],
              [1.301591, 41.134932],
              [1.301714, 41.134621],
              [1.301824, 41.134574],
              [1.30193, 41.134521],
              [1.30203, 41.134463],
              [1.302125, 41.1344],
              [1.302283, 41.134271],
              [1.302323, 41.134174],
              [1.302318, 41.134132],
              [1.302289, 41.134078],
              [1.302093, 41.13375],
              [1.301934, 41.133493],
              [1.301918, 41.133458],
              [1.30191, 41.133422],
              [1.301911, 41.133385],
              [1.301921, 41.133349],
              [1.301939, 41.133315],
              [1.301965, 41.133284],
              [1.301998, 41.133257],
              [1.302062, 41.133214],
              [1.302132, 41.133172],
              [1.302226, 41.133122],
              [1.302242, 41.133163],
              [1.302434, 41.133524],
              [1.302615, 41.133871],
              [1.302721, 41.134102],
              [1.30276, 41.134225],
              [1.302759, 41.134242],
              [1.302772, 41.134339],
              [1.302778, 41.134481],
              [1.302777, 41.13451],
              [1.302782, 41.13464],
              [1.302779, 41.134903],
              [1.302093, 41.135071],
              [1.302088, 41.135519],
              [1.303377, 41.135665],
              [1.30328, 41.136591],
              [1.303131, 41.136832],
              [1.302876, 41.137031],
              [1.302549, 41.137276]
            ]
          ]
        ]
      }
    },
    {
      "type": "Feature",
      "properties": {
        "id": "gran-industria",
        "name": "Gran Indústria",
        "cityId": "tarragona"
      },
      "geometry": {
        "type": "MultiPolygon",
        "coordinates": [
          [
            [
              [1.235689, 41.109112],
              [1.235749, 41.109176],
              [1.235808, 41.109246],
              [1.235851, 41.109315],
              [1.236323, 41.109819],
              [1.236588, 41.110139],
              [1.236662, 41.110232],
              [1.23669, 41.110358],
              [1.233489, 41.110099],
              [1.227748, 41.109525],
              [1.226031, 41.109371],
              [1.223831, 41.109111],
              [1.22084, 41.108832],
              [1.213377, 41.108116],
              [1.211317, 41.107924],
              [1.206627, 41.107547],
              [1.206659, 41.107422],
              [1.207461, 41.106148],
              [1.207612, 41.105939],
              [1.207715, 41.105771],
              [1.208401, 41.104626],
              [1.208615, 41.104345],
              [1.209352, 41.103426],
              [1.210266, 41.102268],
              [1.211758, 41.103219],
              [1.212604, 41.103347],
              [1.216905, 41.105337],
              [1.217549, 41.105518],
              [1.217768, 41.10563],
              [1.218835, 41.106081],
              [1.219792, 41.106317],
              [1.221579, 41.106792],
              [1.221796, 41.10678],
              [1.222339, 41.106849],
              [1.222934, 41.107],
              [1.22365, 41.107037],
              [1.223911, 41.107067],
              [1.224651, 41.107234],
              [1.224755, 41.107241],
              [1.225147, 41.107293],
              [1.225554, 41.107345],
              [1.226114, 41.107418],
              [1.226414, 41.107437],
              [1.226715, 41.107471],
              [1.2268, 41.107497],
              [1.22686, 41.107519],
              [1.22692, 41.107548],
              [1.227042, 41.107611],
              [1.227132, 41.107669],
              [1.227172, 41.107703],
              [1.227276, 41.107831],
              [1.228929, 41.108044],
              [1.230535, 41.108347],
              [1.231248, 41.108477],
              [1.231773, 41.108504],
              [1.232349, 41.108541],
              [1.232351, 41.108522],
              [1.23249, 41.108529],
              [1.232494, 41.108551],
              [1.232804, 41.108573],
              [1.232906, 41.108579],
              [1.232905, 41.108582],
              [1.232965, 41.108583],
              [1.233171, 41.108599],
              [1.233622, 41.108621],
              [1.233836, 41.108628],
              [1.234502, 41.108669],
              [1.234664, 41.108687],
              [1.234759, 41.108704],
              [1.234915, 41.108736],
              [1.235039, 41.108767],
              [1.235131, 41.108795],
              [1.235229, 41.108831],
              [1.235329, 41.108875],
              [1.235434, 41.108929],
              [1.235535, 41.108989],
              [1.235629, 41.109055],
              [1.235689, 41.109112]
            ]
          ]
        ]
      }
    },
    {
      "type": "Feature",
      "properties": {
        "id": "hortes-de-la-pedrera",
        "name": "Hortes de la Pedrera",
        "cityId": "tarragona"
      },
      "geometry": {
        "type": "MultiPolygon",
        "coordinates": [
          [
            [
              [1.232481, 41.12845],
              [1.23315, 41.128339],
              [1.23338, 41.128297],
              [1.234344, 41.128111],
              [1.234261, 41.128432],
              [1.23515, 41.128525],
              [1.235181, 41.128533],
              [1.235125, 41.128637],
              [1.235071, 41.128721],
              [1.235004, 41.128888],
              [1.234923, 41.129154],
              [1.234839, 41.129373],
              [1.234802, 41.12955],
              [1.234789, 41.129593],
              [1.23473, 41.129765],
              [1.234625, 41.129905],
              [1.234587, 41.129994],
              [1.234503, 41.130208],
              [1.234381, 41.130314],
              [1.234352, 41.130352],
              [1.234297, 41.130397],
              [1.23428, 41.130429],
              [1.234156, 41.130741],
              [1.234094, 41.130862],
              [1.233969, 41.131248],
              [1.233892, 41.131494],
              [1.233877, 41.131593],
              [1.233852, 41.131758],
              [1.233835, 41.132065],
              [1.233851, 41.132247],
              [1.233885, 41.132522],
              [1.233919, 41.132921],
              [1.233947, 41.133035],
              [1.233978, 41.133149],
              [1.234012, 41.133262],
              [1.23405, 41.133375],
              [1.23409, 41.133488],
              [1.234134, 41.133599],
              [1.23418, 41.133711],
              [1.23423, 41.133821],
              [1.234284, 41.133931],
              [1.23434, 41.134039],
              [1.2344, 41.134147],
              [1.234464, 41.134253],
              [1.234532, 41.134357],
              [1.234603, 41.13446],
              [1.234679, 41.134562],
              [1.234758, 41.134661],
              [1.234842, 41.134758],
              [1.23493, 41.134853],
              [1.235022, 41.134945],
              [1.235118, 41.135036],
              [1.235216, 41.135125],
              [1.235317, 41.135212],
              [1.235627, 41.13547],
              [1.235836, 41.13564],
              [1.235942, 41.135723],
              [1.236159, 41.135887],
              [1.23638, 41.136048],
              [1.236492, 41.136127],
              [1.23672, 41.136282],
              [1.237002, 41.136464],
              [1.237056, 41.136492],
              [1.237111, 41.136518],
              [1.237167, 41.136543],
              [1.237163, 41.136584],
              [1.237166, 41.136631],
              [1.237179, 41.136679],
              [1.237203, 41.136731],
              [1.237241, 41.136783],
              [1.237285, 41.136824],
              [1.237331, 41.136857],
              [1.237382, 41.136885],
              [1.237447, 41.13691],
              [1.237522, 41.136928],
              [1.237598, 41.136936],
              [1.237673, 41.136934],
              [1.237686, 41.137027],
              [1.237733, 41.137203],
              [1.237786, 41.137346],
              [1.23786, 41.1375],
              [1.23802, 41.13776],
              [1.238296, 41.138154],
              [1.238544, 41.138505],
              [1.238699, 41.138727],
              [1.238854, 41.138994],
              [1.238988, 41.139288],
              [1.239081, 41.139553],
              [1.239124, 41.13976],
              [1.239159, 41.140148],
              [1.239205, 41.140988],
              [1.239238, 41.141469],
              [1.239264, 41.141853],
              [1.23933, 41.142584],
              [1.239368, 41.142984],
              [1.239397, 41.143347],
              [1.239445, 41.144225],
              [1.239482, 41.144972],
              [1.239491, 41.145124],
              [1.239505, 41.145347],
              [1.23953, 41.145792],
              [1.239545, 41.146055],
              [1.239552, 41.14618],
              [1.239565, 41.146415],
              [1.239615, 41.147314],
              [1.239658, 41.148077],
              [1.23968, 41.148484],
              [1.239692, 41.148754],
              [1.239696, 41.148854],
              [1.239709, 41.149314],
              [1.239713, 41.14974],
              [1.239711, 41.150031],
              [1.239706, 41.150376],
              [1.239707, 41.150807],
              [1.239711, 41.151077],
              [1.239716, 41.151253],
              [1.239719, 41.151347],
              [1.239723, 41.151437],
              [1.239611, 41.15144],
              [1.237789, 41.151421],
              [1.23779, 41.15137],
              [1.237816, 41.151281],
              [1.237857, 41.151188],
              [1.237936, 41.151052],
              [1.237973, 41.150981],
              [1.238, 41.150958],
              [1.238049, 41.150935],
              [1.236586, 41.149982],
              [1.236975, 41.149487],
              [1.237088, 41.149248],
              [1.237105, 41.149199],
              [1.237141, 41.149098],
              [1.237141, 41.148947],
              [1.237178, 41.148733],
              [1.237292, 41.148405],
              [1.237538, 41.148075],
              [1.237654, 41.147702],
              [1.237717, 41.147566],
              [1.23797, 41.147225],
              [1.238153, 41.147023],
              [1.238179, 41.146919],
              [1.238097, 41.146757],
              [1.237977, 41.146541],
              [1.237873, 41.146301],
              [1.237831, 41.146107],
              [1.23782, 41.145785],
              [1.237816, 41.145428],
              [1.237761, 41.145032],
              [1.23776, 41.144919],
              [1.237753, 41.144866],
              [1.237742, 41.144795],
              [1.237739, 41.144775],
              [1.23773, 41.144719],
              [1.237713, 41.144633],
              [1.237672, 41.14454],
              [1.237609, 41.144379],
              [1.237423, 41.143991],
              [1.237348, 41.143878],
              [1.237208, 41.143641],
              [1.237051, 41.143418],
              [1.236889, 41.143196],
              [1.236833, 41.143115],
              [1.23682, 41.143096],
              [1.236782, 41.143041],
              [1.236759, 41.143009],
              [1.23673, 41.142966],
              [1.236712, 41.142939],
              [1.236689, 41.142903],
              [1.236556, 41.142695],
              [1.236427, 41.142483],
              [1.236283, 41.14223],
              [1.236257, 41.142182],
              [1.236235, 41.142141],
              [1.23614, 41.141969],
              [1.236097, 41.141893],
              [1.235985, 41.1417],
              [1.235847, 41.141476],
              [1.235842, 41.141467],
              [1.235816, 41.141425],
              [1.235784, 41.141376],
              [1.235752, 41.141327],
              [1.235666, 41.141194],
              [1.235663, 41.141189],
              [1.235634, 41.141144],
              [1.235548, 41.141017],
              [1.235532, 41.140994],
              [1.235518, 41.140972],
              [1.235438, 41.140855],
              [1.23535, 41.140756],
              [1.235307, 41.140708],
              [1.235348, 41.140649],
              [1.235337, 41.140628],
              [1.23521, 41.140398],
              [1.235071, 41.140145],
              [1.234929, 41.140032],
              [1.234859, 41.139977],
              [1.23469, 41.139686],
              [1.234532, 41.139396],
              [1.234388, 41.139109],
              [1.234258, 41.138832],
              [1.234143, 41.138566],
              [1.234069, 41.138306],
              [1.234065, 41.138044],
              [1.233889, 41.137827],
              [1.233818, 41.137588],
              [1.233747, 41.137345],
              [1.233675, 41.137097],
              [1.233602, 41.136846],
              [1.233529, 41.136594],
              [1.233463, 41.136353],
              [1.233405, 41.136126],
              [1.233355, 41.135914],
              [1.233313, 41.135717],
              [1.233227, 41.135521],
              [1.233197, 41.135318],
              [1.233175, 41.135109],
              [1.233174, 41.134865],
              [1.233188, 41.134651],
              [1.233249, 41.134423],
              [1.233278, 41.134224],
              [1.233347, 41.133999],
              [1.233377, 41.133881],
              [1.233365, 41.133829],
              [1.23336, 41.133811],
              [1.233355, 41.13379],
              [1.233339, 41.133725],
              [1.233314, 41.133624],
              [1.233284, 41.133377],
              [1.233275, 41.133305],
              [1.233265, 41.133124],
              [1.233262, 41.133067],
              [1.23325, 41.132775],
              [1.233253, 41.132501],
              [1.233254, 41.132345],
              [1.233254, 41.132314],
              [1.233258, 41.13202],
              [1.233251, 41.131849],
              [1.233251, 41.131843],
              [1.23325, 41.131825],
              [1.233249, 41.131809],
              [1.233247, 41.13175],
              [1.233246, 41.131737],
              [1.233227, 41.131675],
              [1.233212, 41.131626],
              [1.233199, 41.131584],
              [1.23317, 41.131492],
              [1.233166, 41.131481],
              [1.233161, 41.131467],
              [1.23314, 41.131409],
              [1.233139, 41.131406],
              [1.23312, 41.131355],
              [1.233117, 41.131345],
              [1.2331, 41.1313],
              [1.233094, 41.131284],
              [1.23306, 41.13119],
              [1.233038, 41.131121],
              [1.233006, 41.131018],
              [1.233001, 41.131002],
              [1.232966, 41.130891],
              [1.232956, 41.130868],
              [1.232887, 41.13071],
              [1.232872, 41.130675],
              [1.23286, 41.130648],
              [1.23285, 41.130624],
              [1.232847, 41.130618],
              [1.232837, 41.130594],
              [1.232827, 41.130572],
              [1.232823, 41.130562],
              [1.232815, 41.130539],
              [1.23281, 41.130525],
              [1.232783, 41.130451],
              [1.232782, 41.130449],
              [1.232776, 41.130431],
              [1.232714, 41.130257],
              [1.232699, 41.130213],
              [1.232692, 41.130193],
              [1.232682, 41.130163],
              [1.23268, 41.130159],
              [1.232672, 41.130135],
              [1.232668, 41.130123],
              [1.232657, 41.130089],
              [1.23265, 41.13007],
              [1.23265, 41.130068],
              [1.232628, 41.130005],
              [1.232623, 41.129989],
              [1.232614, 41.12996],
              [1.232606, 41.129936],
              [1.2326, 41.129915],
              [1.232591, 41.129887],
              [1.232589, 41.129882],
              [1.232584, 41.129866],
              [1.23255, 41.129757],
              [1.232496, 41.129562],
              [1.232483, 41.129399],
              [1.23246, 41.129208],
              [1.23245, 41.129014],
              [1.232414, 41.128889],
              [1.232407, 41.128858],
              [1.232404, 41.128839],
              [1.232396, 41.128803],
              [1.232389, 41.12877],
              [1.23238, 41.128674],
              [1.232359, 41.128567],
              [1.232363, 41.128469],
              [1.232481, 41.12845]
            ]
          ]
        ]
      }
    },
    {
      "type": "Feature",
      "properties": {
        "id": "icomar",
        "name": "Icomar",
        "cityId": "tarragona"
      },
      "geometry": {
        "type": "MultiPolygon",
        "coordinates": [
          [
            [
              [1.226148, 41.117484],
              [1.226109, 41.117709],
              [1.225997, 41.118232],
              [1.225545, 41.118212],
              [1.225172, 41.118196],
              [1.224575, 41.11833],
              [1.224344, 41.118439],
              [1.224589, 41.116886],
              [1.224707, 41.116897],
              [1.224899, 41.115679],
              [1.225892, 41.115859],
              [1.22639, 41.115947],
              [1.226148, 41.117484]
            ]
          ]
        ]
      }
    },
    {
      "type": "Feature",
      "properties": {
        "id": "joan-xxiii",
        "name": "Joan XXIII",
        "cityId": "tarragona"
      },
      "geometry": {
        "type": "MultiPolygon",
        "coordinates": [
          [
            [
              [1.235399, 41.121332],
              [1.235468, 41.121401],
              [1.237033, 41.123082],
              [1.239842, 41.12173],
              [1.241029, 41.121159],
              [1.241482, 41.121593],
              [1.241504, 41.121611],
              [1.242014, 41.12198],
              [1.242076, 41.122025],
              [1.24268, 41.122455],
              [1.242748, 41.122488],
              [1.243618, 41.122777],
              [1.243571, 41.12288],
              [1.243436, 41.123172],
              [1.243572, 41.123208],
              [1.243425, 41.123495],
              [1.24301, 41.124391],
              [1.24195, 41.126762],
              [1.241789, 41.126692],
              [1.241764, 41.126703],
              [1.241664, 41.126734],
              [1.241308, 41.12685],
              [1.24118, 41.126894],
              [1.240862, 41.126998],
              [1.240752, 41.12703],
              [1.240389, 41.127145],
              [1.240158, 41.127208],
              [1.239989, 41.127251],
              [1.239784, 41.127295],
              [1.23957, 41.127338],
              [1.239426, 41.127362],
              [1.239313, 41.12738],
              [1.239194, 41.127397],
              [1.239077, 41.127411],
              [1.23888, 41.127432],
              [1.237948, 41.127524],
              [1.237452, 41.127582],
              [1.236887, 41.127658],
              [1.236376, 41.127735],
              [1.235937, 41.127807],
              [1.2356, 41.12787],
              [1.235301, 41.127924],
              [1.234722, 41.128038],
              [1.23338, 41.128297],
              [1.23315, 41.128339],
              [1.232481, 41.12845],
              [1.232378, 41.128353],
              [1.23241, 41.128196],
              [1.232413, 41.128114],
              [1.232415, 41.128027],
              [1.232417, 41.127959],
              [1.232406, 41.12793],
              [1.232398, 41.127909],
              [1.232337, 41.127746],
              [1.232331, 41.12773],
              [1.232335, 41.127608],
              [1.232339, 41.127454],
              [1.232335, 41.127415],
              [1.232325, 41.127303],
              [1.232319, 41.127236],
              [1.232332, 41.127207],
              [1.232351, 41.127163],
              [1.232421, 41.127009],
              [1.232523, 41.126883],
              [1.232543, 41.126725],
              [1.232532, 41.126578],
              [1.232537, 41.12641],
              [1.232538, 41.12637],
              [1.232536, 41.126351],
              [1.232526, 41.126265],
              [1.232521, 41.126212],
              [1.232506, 41.126083],
              [1.232531, 41.125844],
              [1.232587, 41.125643],
              [1.232577, 41.125459],
              [1.232584, 41.125313],
              [1.232588, 41.125188],
              [1.232614, 41.124935],
              [1.232747, 41.124527],
              [1.232893, 41.124208],
              [1.232987, 41.12409],
              [1.233216, 41.123836],
              [1.233548, 41.12351],
              [1.23358, 41.123478],
              [1.233663, 41.123397],
              [1.233703, 41.123358],
              [1.233733, 41.123334],
              [1.233739, 41.123329],
              [1.233761, 41.123313],
              [1.233785, 41.123294],
              [1.233785, 41.123294],
              [1.233807, 41.123276],
              [1.233809, 41.123275],
              [1.23383, 41.123259],
              [1.233834, 41.123256],
              [1.233853, 41.123241],
              [1.233858, 41.123237],
              [1.233876, 41.123223],
              [1.233882, 41.123218],
              [1.233897, 41.123207],
              [1.234053, 41.123086],
              [1.23412, 41.123033],
              [1.234126, 41.123025],
              [1.234134, 41.123013],
              [1.234213, 41.122891],
              [1.23424, 41.12285],
              [1.234402, 41.122601],
              [1.234497, 41.122446],
              [1.234527, 41.122397],
              [1.234671, 41.122159],
              [1.234754, 41.122066],
              [1.234785, 41.122033],
              [1.234843, 41.121969],
              [1.23489, 41.121915],
              [1.234909, 41.121894],
              [1.234926, 41.121876],
              [1.234947, 41.121852],
              [1.23495, 41.12185],
              [1.235, 41.121793],
              [1.235049, 41.121736],
              [1.235078, 41.121704],
              [1.235095, 41.121683],
              [1.235105, 41.121672],
              [1.235399, 41.121332]
            ]
          ]
        ]
      }
    },
    {
      "type": "Feature",
      "properties": {
        "id": "l-albada",
        "name": "l'Albada",
        "cityId": "tarragona"
      },
      "geometry": {
        "type": "MultiPolygon",
        "coordinates": [
          [
            [
              [1.219147, 41.125982],
              [1.21497, 41.127107],
              [1.214659, 41.127191],
              [1.214484, 41.126949],
              [1.214163, 41.12654],
              [1.214136, 41.126494],
              [1.213283, 41.124511],
              [1.214366, 41.124223],
              [1.215264, 41.123991],
              [1.217905, 41.123309],
              [1.218149, 41.123827],
              [1.21822, 41.123995],
              [1.219147, 41.125982]
            ]
          ]
        ]
      }
    },
    {
      "type": "Feature",
      "properties": {
        "id": "l-anella-mediterrania",
        "name": "l'Anella Mediterrània",
        "cityId": "tarragona"
      },
      "geometry": {
        "type": "MultiPolygon",
        "coordinates": [
          [
            [
              [1.206761, 41.118913],
              [1.207569, 41.118958],
              [1.207728, 41.118973],
              [1.207975, 41.119004],
              [1.207969, 41.119499],
              [1.207954, 41.119796],
              [1.207841, 41.121441],
              [1.207842, 41.121532],
              [1.207848, 41.121622],
              [1.207861, 41.121712],
              [1.20793, 41.122086],
              [1.207959, 41.122263],
              [1.208072, 41.122838],
              [1.208105, 41.122996],
              [1.208075, 41.123049],
              [1.208016, 41.123122],
              [1.20789, 41.123298],
              [1.20785, 41.123288],
              [1.207785, 41.123284],
              [1.207682, 41.123298],
              [1.207617, 41.123323],
              [1.207575, 41.123352],
              [1.207543, 41.123386],
              [1.207512, 41.123421],
              [1.207469, 41.123447],
              [1.207419, 41.123464],
              [1.207365, 41.123474],
              [1.20731, 41.123481],
              [1.207254, 41.123487],
              [1.2072, 41.123496],
              [1.207146, 41.123506],
              [1.207093, 41.123517],
              [1.20704, 41.12353],
              [1.206988, 41.123544],
              [1.206936, 41.123559],
              [1.206884, 41.123574],
              [1.206832, 41.12359],
              [1.206781, 41.123605],
              [1.20673, 41.123622],
              [1.206679, 41.123638],
              [1.206628, 41.123656],
              [1.206578, 41.123673],
              [1.206528, 41.123692],
              [1.206479, 41.123711],
              [1.20643, 41.12373],
              [1.206381, 41.12375],
              [1.206333, 41.123771],
              [1.206285, 41.123792],
              [1.206237, 41.123813],
              [1.206189, 41.123834],
              [1.206142, 41.123856],
              [1.206095, 41.123878],
              [1.206047, 41.1239],
              [1.206, 41.123922],
              [1.205953, 41.123943],
              [1.205906, 41.123965],
              [1.205858, 41.123987],
              [1.20581, 41.124008],
              [1.205763, 41.124029],
              [1.205714, 41.12405],
              [1.205666, 41.12407],
              [1.205617, 41.12409],
              [1.205567, 41.124109],
              [1.205518, 41.124128],
              [1.205468, 41.124147],
              [1.205417, 41.124164],
              [1.205367, 41.124182],
              [1.205316, 41.124198],
              [1.205264, 41.124214],
              [1.205213, 41.124229],
              [1.205161, 41.124244],
              [1.205108, 41.124258],
              [1.205056, 41.124271],
              [1.205003, 41.124284],
              [1.204949, 41.124295],
              [1.204896, 41.124306],
              [1.204842, 41.124316],
              [1.204788, 41.124325],
              [1.204733, 41.124334],
              [1.204679, 41.124341],
              [1.204624, 41.124348],
              [1.204569, 41.124354],
              [1.204514, 41.124359],
              [1.204459, 41.124363],
              [1.204403, 41.124366],
              [1.204348, 41.124369],
              [1.204293, 41.124371],
              [1.204237, 41.124372],
              [1.204182, 41.124372],
              [1.204126, 41.124372],
              [1.204071, 41.124371],
              [1.204015, 41.12437],
              [1.20396, 41.124369],
              [1.203904, 41.124366],
              [1.203849, 41.124364],
              [1.203756, 41.12436],
              [1.203683, 41.124358],
              [1.203628, 41.124357],
              [1.203572, 41.124356],
              [1.203517, 41.124357],
              [1.203462, 41.124357],
              [1.203406, 41.124355],
              [1.203351, 41.12435],
              [1.203297, 41.124338],
              [1.203255, 41.124313],
              [1.203226, 41.124277],
              [1.203194, 41.124241],
              [1.203151, 41.124215],
              [1.2031, 41.124196],
              [1.203046, 41.124184],
              [1.20299, 41.124178],
              [1.202935, 41.124179],
              [1.202881, 41.124188],
              [1.202829, 41.124203],
              [1.20278, 41.124223],
              [1.202737, 41.124251],
              [1.202688, 41.124265],
              [1.20263, 41.124261],
              [1.202573, 41.124257],
              [1.202517, 41.124254],
              [1.202461, 41.124253],
              [1.202406, 41.124253],
              [1.202351, 41.124254],
              [1.202297, 41.124256],
              [1.202242, 41.124259],
              [1.202187, 41.124261],
              [1.202132, 41.124264],
              [1.202077, 41.124266],
              [1.201986, 41.12427],
              [1.201911, 41.124274],
              [1.201856, 41.124278],
              [1.201801, 41.124283],
              [1.201746, 41.124288],
              [1.201691, 41.124295],
              [1.201637, 41.124304],
              [1.201583, 41.124313],
              [1.201529, 41.124324],
              [1.201476, 41.124335],
              [1.201422, 41.124347],
              [1.201369, 41.124359],
              [1.201316, 41.124372],
              [1.201263, 41.124384],
              [1.201211, 41.124397],
              [1.201158, 41.12441],
              [1.201105, 41.124422],
              [1.201052, 41.124435],
              [1.200999, 41.124448],
              [1.200947, 41.124461],
              [1.200894, 41.124473],
              [1.200841, 41.124486],
              [1.200788, 41.124498],
              [1.200735, 41.124511],
              [1.200682, 41.124523],
              [1.200629, 41.124535],
              [1.200576, 41.124547],
              [1.200523, 41.12456],
              [1.20047, 41.124572],
              [1.200382, 41.124592],
              [1.200311, 41.124608],
              [1.200258, 41.12462],
              [1.200205, 41.124633],
              [1.200152, 41.124645],
              [1.200099, 41.124658],
              [1.200046, 41.12467],
              [1.199994, 41.124683],
              [1.199941, 41.124697],
              [1.199889, 41.12471],
              [1.199836, 41.124724],
              [1.199784, 41.124738],
              [1.199732, 41.124752],
              [1.19968, 41.124767],
              [1.199628, 41.124782],
              [1.199577, 41.124797],
              [1.199525, 41.124813],
              [1.199474, 41.124828],
              [1.199422, 41.124844],
              [1.199371, 41.12486],
              [1.199319, 41.124875],
              [1.199268, 41.124891],
              [1.199216, 41.124906],
              [1.199164, 41.124921],
              [1.199112, 41.124935],
              [1.19906, 41.124949],
              [1.199008, 41.124963],
              [1.198955, 41.124976],
              [1.198902, 41.124988],
              [1.198849, 41.125],
              [1.198796, 41.125012],
              [1.198743, 41.125023],
              [1.198689, 41.125034],
              [1.198635, 41.125044],
              [1.198582, 41.125055],
              [1.198528, 41.125065],
              [1.198474, 41.125075],
              [1.197807, 41.124493],
              [1.197565, 41.124206],
              [1.197335, 41.123914],
              [1.197173, 41.123698],
              [1.197044, 41.123521],
              [1.196898, 41.123312],
              [1.196769, 41.123123],
              [1.196606, 41.122872],
              [1.196451, 41.122617],
              [1.196303, 41.122354],
              [1.19596, 41.121697],
              [1.195745, 41.121241],
              [1.197641, 41.120703],
              [1.197876, 41.120634],
              [1.198117, 41.120569],
              [1.198615, 41.120431],
              [1.198876, 41.120361],
              [1.199102, 41.120299],
              [1.199578, 41.120162],
              [1.199649, 41.120142],
              [1.199938, 41.120065],
              [1.200449, 41.119923],
              [1.201114, 41.119739],
              [1.202473, 41.119357],
              [1.203431, 41.119093],
              [1.203713, 41.119015],
              [1.203953, 41.118947],
              [1.204189, 41.118903],
              [1.204396, 41.118865],
              [1.204642, 41.118836],
              [1.204906, 41.118817],
              [1.205032, 41.118814],
              [1.205244, 41.118824],
              [1.20547, 41.118835],
              [1.205863, 41.118858],
              [1.206761, 41.118913]
            ]
          ]
        ]
      }
    },
    {
      "type": "Feature",
      "properties": {
        "id": "l-arrabassada",
        "name": "l'Arrabassada",
        "cityId": "tarragona"
      },
      "geometry": {
        "type": "MultiPolygon",
        "coordinates": [
          [
            [
              [1.277864, 41.119925],
              [1.277921, 41.119955],
              [1.277979, 41.119983],
              [1.278101, 41.120032],
              [1.278222, 41.120074],
              [1.278342, 41.120116],
              [1.278429, 41.120155],
              [1.278514, 41.120197],
              [1.278572, 41.120221],
              [1.278624, 41.120239],
              [1.278678, 41.120254],
              [1.278784, 41.120286],
              [1.278938, 41.120345],
              [1.279092, 41.120406],
              [1.279167, 41.120431],
              [1.279243, 41.120453],
              [1.279295, 41.120464],
              [1.279334, 41.120468],
              [1.279374, 41.120467],
              [1.279399, 41.120463],
              [1.279436, 41.120456],
              [1.279472, 41.120449],
              [1.279475, 41.120449],
              [1.279499, 41.120449],
              [1.279535, 41.120445],
              [1.279509, 41.120507],
              [1.27918, 41.121081],
              [1.279142, 41.121066],
              [1.279069, 41.121176],
              [1.279616, 41.121383],
              [1.279557, 41.121471],
              [1.279823, 41.121575],
              [1.279747, 41.121687],
              [1.279732, 41.121702],
              [1.279347, 41.121561],
              [1.279338, 41.121588],
              [1.278849, 41.12141],
              [1.278273, 41.121197],
              [1.278106, 41.121137],
              [1.277935, 41.121072],
              [1.277936, 41.121069],
              [1.277737, 41.120993],
              [1.27712, 41.120751],
              [1.277012, 41.120928],
              [1.276978, 41.121115],
              [1.276934, 41.121302],
              [1.276897, 41.121471],
              [1.276868, 41.121587],
              [1.276856, 41.121628],
              [1.276836, 41.121686],
              [1.276804, 41.121754],
              [1.276791, 41.121778],
              [1.276713, 41.1219],
              [1.276556, 41.122112],
              [1.276062, 41.121912],
              [1.275526, 41.121684],
              [1.274464, 41.121223],
              [1.273639, 41.12087],
              [1.273384, 41.120764],
              [1.27316, 41.120669],
              [1.272866, 41.120548],
              [1.272616, 41.120441],
              [1.272102, 41.120231],
              [1.272991, 41.119573],
              [1.273257, 41.119279],
              [1.27333, 41.11918],
              [1.273357, 41.119148],
              [1.273384, 41.119115],
              [1.27344, 41.118982],
              [1.273498, 41.118895],
              [1.273442, 41.118868],
              [1.273382, 41.118831],
              [1.273327, 41.118789],
              [1.273278, 41.118744],
              [1.273235, 41.118695],
              [1.2732, 41.118642],
              [1.273172, 41.118587],
              [1.273152, 41.118531],
              [1.273139, 41.118473],
              [1.273135, 41.118414],
              [1.273139, 41.118355],
              [1.273151, 41.118297],
              [1.273171, 41.11824],
              [1.273199, 41.118185],
              [1.273232, 41.118135],
              [1.273274, 41.118085],
              [1.273335, 41.118029],
              [1.273449, 41.117892],
              [1.273951, 41.117392],
              [1.27425, 41.117548],
              [1.274242, 41.117516],
              [1.27424, 41.117501],
              [1.274245, 41.117479],
              [1.274251, 41.117465],
              [1.274268, 41.117446],
              [1.27428, 41.11744],
              [1.274299, 41.117454],
              [1.274337, 41.117451],
              [1.274346, 41.117441],
              [1.274341, 41.117411],
              [1.274363, 41.117407],
              [1.27437, 41.117393],
              [1.274356, 41.117375],
              [1.274394, 41.117362],
              [1.27439, 41.117401],
              [1.274388, 41.117424],
              [1.274387, 41.117447],
              [1.274387, 41.117465],
              [1.274393, 41.117482],
              [1.2744, 41.117493],
              [1.274434, 41.11753],
              [1.274469, 41.117565],
              [1.274503, 41.117597],
              [1.274542, 41.117634],
              [1.274611, 41.117698],
              [1.27468, 41.117762],
              [1.274741, 41.117817],
              [1.274804, 41.117869],
              [1.274878, 41.117922],
              [1.274955, 41.117973],
              [1.275108, 41.118074],
              [1.27524, 41.11817],
              [1.27537, 41.118267],
              [1.275525, 41.118385],
              [1.275679, 41.118505],
              [1.275778, 41.118587],
              [1.275879, 41.118668],
              [1.275925, 41.1187],
              [1.275973, 41.118729],
              [1.276073, 41.118786],
              [1.276137, 41.118826],
              [1.276222, 41.118885],
              [1.276306, 41.118944],
              [1.276415, 41.119016],
              [1.276524, 41.119088],
              [1.276653, 41.119172],
              [1.276783, 41.119257],
              [1.276839, 41.119291],
              [1.276897, 41.119322],
              [1.277014, 41.119386],
              [1.277071, 41.119426],
              [1.277125, 41.119468],
              [1.277162, 41.119494],
              [1.277203, 41.119516],
              [1.277247, 41.119535],
              [1.27734, 41.11957],
              [1.277398, 41.119597],
              [1.277429, 41.119615],
              [1.277497, 41.119669],
              [1.277564, 41.119724],
              [1.277673, 41.119802],
              [1.277686, 41.119811],
              [1.277785, 41.119878],
              [1.277864, 41.119925]
            ]
          ]
        ]
      }
    },
    {
      "type": "Feature",
      "properties": {
        "id": "l-escorpi",
        "name": "l'Escorpí",
        "cityId": "tarragona"
      },
      "geometry": {
        "type": "MultiPolygon",
        "coordinates": [
          [
            [
              [1.318871, 41.14212],
              [1.318893, 41.142119],
              [1.318914, 41.142123],
              [1.318933, 41.142131],
              [1.320092, 41.142756],
              [1.320182, 41.1428],
              [1.320642, 41.14299],
              [1.320665, 41.143001],
              [1.320682, 41.143013],
              [1.320767, 41.143091],
              [1.320801, 41.143125],
              [1.320818, 41.143146],
              [1.320841, 41.143188],
              [1.320849, 41.143224],
              [1.32085, 41.14329],
              [1.320846, 41.143461],
              [1.320852, 41.143505],
              [1.320885, 41.143618],
              [1.321022, 41.144038],
              [1.321023, 41.144052],
              [1.321021, 41.144062],
              [1.321016, 41.144075],
              [1.32101, 41.144085],
              [1.321, 41.144096],
              [1.322147, 41.144424],
              [1.321728, 41.144609],
              [1.321221, 41.144813],
              [1.320881, 41.144941],
              [1.320816, 41.144965],
              [1.32046, 41.145092],
              [1.320457, 41.145092],
              [1.32026, 41.145158],
              [1.319953, 41.145255],
              [1.319859, 41.145283],
              [1.319704, 41.145329],
              [1.319434, 41.145407],
              [1.319205, 41.14547],
              [1.318969, 41.145531],
              [1.318716, 41.145595],
              [1.318479, 41.145652],
              [1.318208, 41.145717],
              [1.317892, 41.145791],
              [1.317601, 41.145858],
              [1.317348, 41.145916],
              [1.317063, 41.145982],
              [1.316915, 41.146016],
              [1.31674, 41.146057],
              [1.316573, 41.146097],
              [1.31643, 41.146131],
              [1.316298, 41.146165],
              [1.316046, 41.146227],
              [1.315815, 41.146285],
              [1.315477, 41.146379],
              [1.315125, 41.14648],
              [1.314816, 41.146575],
              [1.314561, 41.146619],
              [1.31461, 41.146438],
              [1.314592, 41.146289],
              [1.31456, 41.146113],
              [1.314422, 41.145803],
              [1.314406, 41.145761],
              [1.314271, 41.145412],
              [1.314249, 41.145323],
              [1.31425, 41.145254],
              [1.314269, 41.145184],
              [1.314298, 41.145115],
              [1.314346, 41.145006],
              [1.314384, 41.144872],
              [1.314399, 41.144741],
              [1.314401, 41.144581],
              [1.314385, 41.144453],
              [1.314383, 41.14433],
              [1.314383, 41.144154],
              [1.314395, 41.143961],
              [1.314424, 41.143694],
              [1.314458, 41.143407],
              [1.314485, 41.143176],
              [1.314518, 41.142929],
              [1.314537, 41.142794],
              [1.314549, 41.1427],
              [1.314558, 41.14261],
              [1.314568, 41.142523],
              [1.314571, 41.142445],
              [1.314568, 41.142377],
              [1.314559, 41.142299],
              [1.31454, 41.142227],
              [1.314512, 41.142133],
              [1.314473, 41.142064],
              [1.314414, 41.141976],
              [1.314365, 41.141913],
              [1.314305, 41.141847],
              [1.314249, 41.141798],
              [1.314184, 41.141751],
              [1.314106, 41.141706],
              [1.314053, 41.141676],
              [1.313971, 41.141639],
              [1.31384, 41.141587],
              [1.313752, 41.141558],
              [1.313622, 41.141521],
              [1.313455, 41.141476],
              [1.313222, 41.141415],
              [1.31292, 41.141341],
              [1.31255, 41.141246],
              [1.312172, 41.14115],
              [1.31195, 41.141093],
              [1.311718, 41.141036],
              [1.311521, 41.140986],
              [1.31136, 41.140948],
              [1.311249, 41.140918],
              [1.31117, 41.140899],
              [1.311136, 41.140888],
              [1.311098, 41.140876],
              [1.311067, 41.14086],
              [1.311032, 41.140843],
              [1.31099, 41.140816],
              [1.310941, 41.140776],
              [1.310896, 41.140731],
              [1.310856, 41.140658],
              [1.310828, 41.140597],
              [1.310767, 41.140382],
              [1.310698, 41.140136],
              [1.310628, 41.139855],
              [1.310577, 41.139652],
              [1.310628, 41.139687],
              [1.310683, 41.139726],
              [1.310863, 41.139793],
              [1.310863, 41.139793],
              [1.311234, 41.140094],
              [1.312986, 41.140472],
              [1.313, 41.140468],
              [1.313304, 41.140541],
              [1.313343, 41.140546],
              [1.313396, 41.140549],
              [1.314061, 41.140568],
              [1.314704, 41.14059],
              [1.314861, 41.140601],
              [1.315274, 41.140499],
              [1.315623, 41.140409],
              [1.315867, 41.140343],
              [1.316463, 41.14019],
              [1.316658, 41.140128],
              [1.316846, 41.140022],
              [1.317549, 41.139776],
              [1.317746, 41.1399],
              [1.317922, 41.140069],
              [1.318262, 41.140467],
              [1.318382, 41.140626],
              [1.318668, 41.14072],
              [1.318829, 41.140816],
              [1.318872, 41.140907],
              [1.318857, 41.141269],
              [1.318834, 41.14141],
              [1.318846, 41.141482],
              [1.318854, 41.141618],
              [1.318835, 41.142124],
              [1.318871, 41.14212]
            ]
          ]
        ]
      }
    },
    {
      "type": "Feature",
      "properties": {
        "id": "l-horta-del-pla-de-tamarit",
        "name": "l'Horta del Pla de Tamarit",
        "cityId": "tarragona"
      },
      "geometry": {
        "type": "MultiPolygon",
        "coordinates": [
          [
            [
              [1.362048, 41.137149],
              [1.362026, 41.137199],
              [1.361996, 41.137303],
              [1.361623, 41.137363],
              [1.360822, 41.137486],
              [1.359819, 41.137646],
              [1.358045, 41.13792],
              [1.356488, 41.138161],
              [1.355241, 41.138352],
              [1.354543, 41.138412],
              [1.353836, 41.138502],
              [1.353502, 41.13853],
              [1.35325, 41.138545],
              [1.353673, 41.138477],
              [1.353984, 41.13843],
              [1.354332, 41.138377],
              [1.354723, 41.138248],
              [1.354856, 41.138178],
              [1.35497, 41.138128],
              [1.355072, 41.13809],
              [1.355187, 41.138051],
              [1.355317, 41.138011],
              [1.355437, 41.13796],
              [1.35554, 41.137905],
              [1.355583, 41.137879],
              [1.355607, 41.137859],
              [1.355626, 41.137834],
              [1.355638, 41.137795],
              [1.355643, 41.137717],
              [1.355741, 41.137692],
              [1.355828, 41.137667],
              [1.355857, 41.137663],
              [1.355889, 41.137662],
              [1.356051, 41.137667],
              [1.356076, 41.137427],
              [1.356096, 41.137429],
              [1.356149, 41.136747],
              [1.356443, 41.136771],
              [1.356509, 41.136782],
              [1.357238, 41.136933],
              [1.357415, 41.136264],
              [1.357652, 41.136313],
              [1.357946, 41.13638],
              [1.358291, 41.136434],
              [1.358632, 41.136488],
              [1.358753, 41.136511],
              [1.358786, 41.136523],
              [1.358816, 41.136541],
              [1.358832, 41.136563],
              [1.358839, 41.136595],
              [1.359248, 41.136511],
              [1.359382, 41.136249],
              [1.359537, 41.135958],
              [1.359558, 41.135923],
              [1.359662, 41.135605],
              [1.360629, 41.135834],
              [1.360683, 41.135651],
              [1.359794, 41.135301],
              [1.359745, 41.134697],
              [1.360125, 41.134226],
              [1.360224, 41.134099],
              [1.360419, 41.133847],
              [1.360572, 41.133892],
              [1.360749, 41.133929],
              [1.360963, 41.133975],
              [1.361135, 41.134015],
              [1.361272, 41.134051],
              [1.361331, 41.134066],
              [1.361829, 41.13413],
              [1.362049, 41.13415],
              [1.362213, 41.134171],
              [1.362304, 41.13418],
              [1.362485, 41.134183],
              [1.362461, 41.134035],
              [1.362368, 41.13354],
              [1.362533, 41.133561],
              [1.362735, 41.133581],
              [1.362908, 41.133601],
              [1.362953, 41.133599],
              [1.362876, 41.13312],
              [1.362884, 41.133119],
              [1.362895, 41.133118],
              [1.362907, 41.133117],
              [1.362917, 41.133116],
              [1.362962, 41.133113],
              [1.36299, 41.13311],
              [1.363033, 41.133103],
              [1.363041, 41.133102],
              [1.363052, 41.133101],
              [1.363063, 41.133099],
              [1.363077, 41.133098],
              [1.363091, 41.133097],
              [1.363107, 41.133096],
              [1.36312, 41.133095],
              [1.363139, 41.133093],
              [1.363148, 41.133093],
              [1.36316, 41.133092],
              [1.363174, 41.133091],
              [1.363181, 41.133091],
              [1.363189, 41.133091],
              [1.363197, 41.133093],
              [1.363206, 41.133096],
              [1.363219, 41.133103],
              [1.363245, 41.133116],
              [1.363261, 41.133123],
              [1.363278, 41.13313],
              [1.363312, 41.133145],
              [1.363331, 41.133151],
              [1.36335, 41.133157],
              [1.363365, 41.133161],
              [1.363379, 41.133166],
              [1.363392, 41.13317],
              [1.363419, 41.133178],
              [1.363441, 41.133184],
              [1.363465, 41.133189],
              [1.363471, 41.133191],
              [1.363486, 41.133194],
              [1.363497, 41.133197],
              [1.363514, 41.133201],
              [1.363525, 41.133204],
              [1.36363, 41.133248],
              [1.363664, 41.133311],
              [1.363721, 41.133555],
              [1.363799, 41.133992],
              [1.363823, 41.134183],
              [1.363909, 41.134194],
              [1.364204, 41.134279],
              [1.364225, 41.134266],
              [1.364261, 41.134211],
              [1.365188, 41.1344],
              [1.364896, 41.134586],
              [1.36481, 41.134657],
              [1.364656, 41.134814],
              [1.364383, 41.135164],
              [1.364222, 41.135393],
              [1.363835, 41.135732],
              [1.363598, 41.135985],
              [1.363282, 41.13626],
              [1.36304, 41.136485],
              [1.362825, 41.136654],
              [1.362617, 41.136815],
              [1.36256, 41.136832],
              [1.362434, 41.136846],
              [1.362382, 41.136886],
              [1.362048, 41.137149]
            ]
          ]
        ]
      }
    },
    {
      "type": "Feature",
      "properties": {
        "id": "l-horta-gran",
        "name": "l'Horta Gran",
        "cityId": "tarragona"
      },
      "geometry": {
        "type": "MultiPolygon",
        "coordinates": [
          [
            [
              [1.235721, 41.117496],
              [1.23565, 41.117538],
              [1.235599, 41.11767],
              [1.235584, 41.118033],
              [1.235542, 41.118248],
              [1.235464, 41.118469],
              [1.23545, 41.118527],
              [1.235356, 41.118888],
              [1.235298, 41.119027],
              [1.235243, 41.119161],
              [1.235218, 41.119249],
              [1.23514, 41.119502],
              [1.235114, 41.119637],
              [1.235062, 41.119745],
              [1.235028, 41.119858],
              [1.234887, 41.119998],
              [1.234794, 41.120274],
              [1.234719, 41.120463],
              [1.234609, 41.120631],
              [1.23456, 41.120683],
              [1.234518, 41.120801],
              [1.234395, 41.120864],
              [1.234066, 41.121151],
              [1.233782, 41.121366],
              [1.233704, 41.121418],
              [1.233578, 41.1215],
              [1.232766, 41.121899],
              [1.232215, 41.122877],
              [1.231509, 41.124118],
              [1.231332, 41.124426],
              [1.23093, 41.125018],
              [1.230849, 41.125186],
              [1.230592, 41.125742],
              [1.230639, 41.126596],
              [1.230665, 41.127506],
              [1.23067, 41.128169],
              [1.230699, 41.128384],
              [1.23073, 41.128924],
              [1.230585, 41.128945],
              [1.229915, 41.129052],
              [1.228936, 41.129135],
              [1.228413, 41.12914],
              [1.228028, 41.129143],
              [1.227211, 41.129126],
              [1.22672, 41.129091],
              [1.226308, 41.129041],
              [1.225559, 41.128971],
              [1.224368, 41.128867],
              [1.223254, 41.128775],
              [1.222946, 41.128761],
              [1.222469, 41.128755],
              [1.222097, 41.128769],
              [1.221873, 41.128782],
              [1.22167, 41.128794],
              [1.221487, 41.128813],
              [1.221368, 41.128827],
              [1.221237, 41.128844],
              [1.220973, 41.128885],
              [1.220741, 41.128925],
              [1.220616, 41.128945],
              [1.220475, 41.12886],
              [1.220411, 41.128819],
              [1.220191, 41.128517],
              [1.220645, 41.128395],
              [1.220291, 41.127642],
              [1.22047, 41.127593],
              [1.219878, 41.126335],
              [1.221514, 41.125762],
              [1.221471, 41.125668],
              [1.221435, 41.125573],
              [1.221407, 41.125476],
              [1.221386, 41.125378],
              [1.221367, 41.125062],
              [1.221391, 41.124963],
              [1.221415, 41.124878],
              [1.221451, 41.124758],
              [1.221519, 41.124569],
              [1.221576, 41.124433],
              [1.221607, 41.124365],
              [1.221665, 41.124243],
              [1.22171, 41.124155],
              [1.221768, 41.124051],
              [1.221819, 41.123965],
              [1.221885, 41.123859],
              [1.221956, 41.123753],
              [1.222009, 41.123677],
              [1.22206, 41.123607],
              [1.222107, 41.123536],
              [1.222145, 41.123466],
              [1.222195, 41.123357],
              [1.222205, 41.123326],
              [1.22211, 41.122488],
              [1.221966, 41.122165],
              [1.222604, 41.121971],
              [1.223129, 41.121808],
              [1.22409, 41.121503],
              [1.225378, 41.121086],
              [1.225515, 41.121043],
              [1.225515, 41.120197],
              [1.22552, 41.120002],
              [1.225749, 41.120006],
              [1.225704, 41.119395],
              [1.225675, 41.11907],
              [1.225656, 41.11907],
              [1.225603, 41.118686],
              [1.225545, 41.118212],
              [1.225997, 41.118232],
              [1.226109, 41.117709],
              [1.226148, 41.117484],
              [1.22639, 41.115947],
              [1.226523, 41.115971],
              [1.22715, 41.11607],
              [1.227664, 41.11615],
              [1.227698, 41.116432],
              [1.22782, 41.117337],
              [1.227855, 41.117614],
              [1.228868, 41.117604],
              [1.22886, 41.117111],
              [1.228852, 41.116746],
              [1.228852, 41.116666],
              [1.228846, 41.116333],
              [1.229167, 41.116382],
              [1.230721, 41.116636],
              [1.231853, 41.116813],
              [1.232287, 41.116883],
              [1.23383, 41.117144],
              [1.235775, 41.117463],
              [1.235721, 41.117496]
            ]
          ]
        ]
      }
    },
    {
      "type": "Feature",
      "properties": {
        "id": "l-illa-del-rec-major",
        "name": "l'Illa del Rec Major",
        "cityId": "tarragona"
      },
      "geometry": {
        "type": "MultiPolygon",
        "coordinates": [
          [
            [
              [1.234261, 41.128432],
              [1.234344, 41.128111],
              [1.234722, 41.128038],
              [1.235301, 41.127924],
              [1.2356, 41.12787],
              [1.235937, 41.127807],
              [1.236376, 41.127735],
              [1.236887, 41.127658],
              [1.237452, 41.127582],
              [1.237948, 41.127524],
              [1.23888, 41.127432],
              [1.239077, 41.127411],
              [1.239194, 41.127397],
              [1.239313, 41.12738],
              [1.239426, 41.127362],
              [1.23957, 41.127338],
              [1.239784, 41.127295],
              [1.239989, 41.127251],
              [1.240158, 41.127208],
              [1.240389, 41.127145],
              [1.240752, 41.12703],
              [1.240862, 41.126998],
              [1.24118, 41.126894],
              [1.241308, 41.12685],
              [1.241664, 41.126734],
              [1.241794, 41.126694],
              [1.24195, 41.126762],
              [1.241808, 41.127081],
              [1.241677, 41.127363],
              [1.241142, 41.128545],
              [1.240958, 41.128974],
              [1.240548, 41.129861],
              [1.240338, 41.130325],
              [1.240155, 41.130717],
              [1.240014, 41.131039],
              [1.239765, 41.131588],
              [1.238605, 41.134156],
              [1.238413, 41.134596],
              [1.238123, 41.135232],
              [1.237911, 41.135704],
              [1.237757, 41.136076],
              [1.237694, 41.136291],
              [1.237661, 41.136478],
              [1.237651, 41.136758],
              [1.237673, 41.136934],
              [1.237598, 41.136936],
              [1.237522, 41.136928],
              [1.237447, 41.13691],
              [1.237382, 41.136885],
              [1.237331, 41.136857],
              [1.237285, 41.136824],
              [1.237241, 41.136783],
              [1.237203, 41.136731],
              [1.237179, 41.136679],
              [1.237166, 41.136631],
              [1.237163, 41.136584],
              [1.237167, 41.136543],
              [1.237111, 41.136518],
              [1.237056, 41.136492],
              [1.237002, 41.136464],
              [1.23672, 41.136282],
              [1.236492, 41.136127],
              [1.23638, 41.136048],
              [1.236159, 41.135887],
              [1.235942, 41.135723],
              [1.235836, 41.13564],
              [1.235627, 41.13547],
              [1.235317, 41.135212],
              [1.235216, 41.135125],
              [1.235118, 41.135036],
              [1.235022, 41.134945],
              [1.23493, 41.134853],
              [1.234842, 41.134758],
              [1.234758, 41.134661],
              [1.234679, 41.134562],
              [1.234603, 41.13446],
              [1.234532, 41.134357],
              [1.234464, 41.134253],
              [1.2344, 41.134147],
              [1.23434, 41.134039],
              [1.234284, 41.133931],
              [1.23423, 41.133821],
              [1.23418, 41.133711],
              [1.234134, 41.133599],
              [1.23409, 41.133488],
              [1.23405, 41.133375],
              [1.234012, 41.133262],
              [1.233978, 41.133149],
              [1.233947, 41.133035],
              [1.233919, 41.132921],
              [1.233885, 41.132522],
              [1.233851, 41.132247],
              [1.233835, 41.132065],
              [1.233852, 41.131758],
              [1.233877, 41.131593],
              [1.233892, 41.131494],
              [1.233969, 41.131248],
              [1.234094, 41.130862],
              [1.234156, 41.130741],
              [1.23428, 41.130429],
              [1.234297, 41.130397],
              [1.234352, 41.130352],
              [1.234381, 41.130314],
              [1.234503, 41.130208],
              [1.234587, 41.129994],
              [1.234625, 41.129905],
              [1.23473, 41.129765],
              [1.234789, 41.129593],
              [1.234802, 41.12955],
              [1.234839, 41.129373],
              [1.234923, 41.129154],
              [1.235004, 41.128888],
              [1.235071, 41.128721],
              [1.235125, 41.128637],
              [1.235181, 41.128533],
              [1.23515, 41.128525],
              [1.234261, 41.128432]
            ]
          ]
        ]
      }
    },
    {
      "type": "Feature",
      "properties": {
        "id": "l-oliva",
        "name": "l'Oliva",
        "cityId": "tarragona"
      },
      "geometry": {
        "type": "MultiPolygon",
        "coordinates": [
          [
            [
              [1.244353, 41.127615],
              [1.244346, 41.127591],
              [1.244329, 41.127513],
              [1.244318, 41.127444],
              [1.244293, 41.127255],
              [1.244286, 41.12712],
              [1.244288, 41.126976],
              [1.244299, 41.126872],
              [1.244557, 41.126882],
              [1.244615, 41.12688],
              [1.244804, 41.126863],
              [1.245101, 41.126836],
              [1.245357, 41.126813],
              [1.245569, 41.126797],
              [1.245667, 41.126788],
              [1.2458, 41.126767],
              [1.24619, 41.126704],
              [1.246392, 41.126669],
              [1.24676, 41.126603],
              [1.24705, 41.126565],
              [1.247324, 41.126539],
              [1.247504, 41.126526],
              [1.248689, 41.126511],
              [1.249175, 41.126505],
              [1.249184, 41.126505],
              [1.249194, 41.126504],
              [1.249203, 41.126503],
              [1.249213, 41.126502],
              [1.249223, 41.126501],
              [1.249232, 41.1265],
              [1.249242, 41.126498],
              [1.250377, 41.126284],
              [1.250426, 41.126276],
              [1.250469, 41.126265],
              [1.250513, 41.126247],
              [1.250554, 41.126224],
              [1.250585, 41.1262],
              [1.250606, 41.12618],
              [1.250623, 41.12616],
              [1.250784, 41.126004],
              [1.251013, 41.125792],
              [1.251176, 41.125631],
              [1.251306, 41.125507],
              [1.251328, 41.125489],
              [1.251353, 41.125473],
              [1.251384, 41.125457],
              [1.251418, 41.125443],
              [1.251453, 41.125433],
              [1.251496, 41.125425],
              [1.251545, 41.125422],
              [1.251791, 41.125423],
              [1.251863, 41.125412],
              [1.251877, 41.125365],
              [1.25187, 41.125254],
              [1.251853, 41.125068],
              [1.251975, 41.125048],
              [1.252103, 41.125031],
              [1.252146, 41.125022],
              [1.252186, 41.125009],
              [1.252224, 41.124991],
              [1.252264, 41.124966],
              [1.252295, 41.124941],
              [1.252315, 41.12492],
              [1.252383, 41.124839],
              [1.252414, 41.12481],
              [1.252448, 41.124783],
              [1.252503, 41.12475],
              [1.252533, 41.124735],
              [1.252495, 41.124829],
              [1.252488, 41.125001],
              [1.252481, 41.125229],
              [1.252463, 41.125228],
              [1.252494, 41.125366],
              [1.252841, 41.125552],
              [1.253139, 41.125119],
              [1.253165, 41.12519],
              [1.253182, 41.125225],
              [1.253321, 41.125719],
              [1.253541, 41.126496],
              [1.253665, 41.126887],
              [1.253685, 41.126956],
              [1.25381, 41.127241],
              [1.254025, 41.127696],
              [1.254102, 41.127948],
              [1.254144, 41.128251],
              [1.254134, 41.128471],
              [1.254079, 41.12878],
              [1.253923, 41.129334],
              [1.253863, 41.129622],
              [1.253665, 41.130141],
              [1.253593, 41.130366],
              [1.253201, 41.130508],
              [1.25283, 41.130585],
              [1.252817, 41.13044],
              [1.252838, 41.13009],
              [1.252848, 41.129767],
              [1.252814, 41.129767],
              [1.252526, 41.1298],
              [1.252223, 41.130539],
              [1.251796, 41.131597],
              [1.251358, 41.131998],
              [1.25133, 41.132003],
              [1.25126, 41.13198],
              [1.251138, 41.131939],
              [1.250972, 41.131885],
              [1.250746, 41.131809],
              [1.250455, 41.131714],
              [1.250407, 41.131692],
              [1.250306, 41.131639],
              [1.250287, 41.131632],
              [1.250204, 41.131574],
              [1.249998, 41.131535],
              [1.249786, 41.131482],
              [1.249643, 41.13142],
              [1.249406, 41.131344],
              [1.249069, 41.131883],
              [1.248954, 41.131877],
              [1.248786, 41.131923],
              [1.248559, 41.13199],
              [1.248311, 41.131927],
              [1.248157, 41.131851],
              [1.247969, 41.131761],
              [1.247834, 41.131719],
              [1.247698, 41.131677],
              [1.247399, 41.131527],
              [1.247063, 41.131313],
              [1.246874, 41.131176],
              [1.246646, 41.130985],
              [1.246435, 41.130791],
              [1.245749, 41.130166],
              [1.246, 41.130175],
              [1.246112, 41.130179],
              [1.246242, 41.130179],
              [1.246318, 41.13017],
              [1.246378, 41.13016],
              [1.246428, 41.130147],
              [1.246535, 41.130113],
              [1.246602, 41.13009],
              [1.246648, 41.130069],
              [1.246748, 41.130012],
              [1.246843, 41.129945],
              [1.246917, 41.129884],
              [1.246944, 41.129855],
              [1.246975, 41.129815],
              [1.247038, 41.129714],
              [1.247053, 41.129677],
              [1.247062, 41.12964],
              [1.247065, 41.129601],
              [1.24706, 41.129565],
              [1.247045, 41.129517],
              [1.247025, 41.12948],
              [1.246995, 41.129446],
              [1.246955, 41.129412],
              [1.246916, 41.129387],
              [1.246867, 41.129361],
              [1.246814, 41.129339],
              [1.246787, 41.12933],
              [1.246751, 41.12932],
              [1.246705, 41.129312],
              [1.24679, 41.129147],
              [1.246612, 41.128882],
              [1.246385, 41.128532],
              [1.246268, 41.12836],
              [1.246181, 41.128223],
              [1.245877, 41.127764],
              [1.245895, 41.127762],
              [1.245892, 41.127578],
              [1.245854, 41.127494],
              [1.244353, 41.127615]
            ]
          ]
        ]
      }
    },
    {
      "type": "Feature",
      "properties": {
        "id": "la-bassa-closa",
        "name": "la Bassa Closa",
        "cityId": "tarragona"
      },
      "geometry": {
        "type": "MultiPolygon",
        "coordinates": [
          [
            [
              [1.301413, 41.156071],
              [1.302304, 41.15652],
              [1.303188, 41.156965],
              [1.303388, 41.157064],
              [1.3041, 41.157305],
              [1.304318, 41.157444],
              [1.304498, 41.157736],
              [1.304951, 41.157812],
              [1.305518, 41.158077],
              [1.305914, 41.158268],
              [1.306631, 41.158603],
              [1.306628, 41.158648],
              [1.307083, 41.159175],
              [1.307709, 41.15949],
              [1.307651, 41.160575],
              [1.308046, 41.16098],
              [1.307955, 41.161227],
              [1.307903, 41.161486],
              [1.307998, 41.161626],
              [1.308202, 41.161727],
              [1.308748, 41.162366],
              [1.308662, 41.16244],
              [1.30839, 41.162634],
              [1.308201, 41.162794],
              [1.308072, 41.162867],
              [1.307931, 41.162907],
              [1.307763, 41.162935],
              [1.307568, 41.162956],
              [1.307376, 41.162956],
              [1.307257, 41.162961],
              [1.30713, 41.16295],
              [1.306961, 41.162917],
              [1.306933, 41.165164],
              [1.304867, 41.165905],
              [1.303526, 41.165045],
              [1.303466, 41.165006],
              [1.301689, 41.163104],
              [1.301272, 41.162854],
              [1.300791, 41.162578],
              [1.300468, 41.162208],
              [1.300367, 41.16202],
              [1.30026, 41.16171],
              [1.300069, 41.16141],
              [1.299959, 41.161248],
              [1.299836, 41.161144],
              [1.299421, 41.161059],
              [1.299174, 41.160945],
              [1.298943, 41.160594],
              [1.298879, 41.160098],
              [1.298817, 41.159812],
              [1.29872, 41.159495],
              [1.298615, 41.159319],
              [1.298409, 41.159245],
              [1.297656, 41.158964],
              [1.297202, 41.158726],
              [1.297011, 41.158548],
              [1.296709, 41.158307],
              [1.296502, 41.158071],
              [1.296301, 41.157863],
              [1.295893, 41.157516],
              [1.295752, 41.157279],
              [1.295654, 41.157069],
              [1.295577, 41.156903],
              [1.2955, 41.156743],
              [1.295407, 41.156519],
              [1.295312, 41.156194],
              [1.295266, 41.155956],
              [1.29525, 41.155875],
              [1.295211, 41.155637],
              [1.29524, 41.155288],
              [1.295389, 41.154851],
              [1.295557, 41.154459],
              [1.295683, 41.154163],
              [1.295648, 41.153984],
              [1.295873, 41.154181],
              [1.297559, 41.154897],
              [1.298198, 41.155175],
              [1.298953, 41.155188],
              [1.299418, 41.155065],
              [1.301413, 41.156071]
            ]
          ]
        ]
      }
    },
    {
      "type": "Feature",
      "properties": {
        "id": "la-budellera",
        "name": "la Budellera",
        "cityId": "tarragona"
      },
      "geometry": {
        "type": "MultiPolygon",
        "coordinates": [
          [
            [
              [1.293191, 41.133334],
              [1.293276, 41.133427],
              [1.293346, 41.133488],
              [1.293422, 41.133544],
              [1.293521, 41.133605],
              [1.293576, 41.133722],
              [1.293409, 41.134883],
              [1.293313, 41.134955],
              [1.292908, 41.135285],
              [1.292879, 41.135318],
              [1.29283, 41.135388],
              [1.292791, 41.135406],
              [1.292519, 41.135542],
              [1.292527, 41.135576],
              [1.292429, 41.135591],
              [1.292119, 41.135562],
              [1.292129, 41.135615],
              [1.291756, 41.135762],
              [1.291197, 41.135936],
              [1.291444, 41.13632],
              [1.291075, 41.136424],
              [1.290928, 41.136463],
              [1.290458, 41.136658],
              [1.290284, 41.136738],
              [1.29059, 41.137029],
              [1.290795, 41.137251],
              [1.290974, 41.137356],
              [1.290971, 41.137424],
              [1.290215, 41.137915],
              [1.290806, 41.138587],
              [1.290962, 41.138767],
              [1.29101, 41.138815],
              [1.291023, 41.138808],
              [1.29125, 41.139144],
              [1.2913, 41.139189],
              [1.291414, 41.139349],
              [1.291427, 41.139392],
              [1.291453, 41.139433],
              [1.291504, 41.139414],
              [1.291535, 41.139412],
              [1.291558, 41.139422],
              [1.291584, 41.13946],
              [1.291621, 41.139455],
              [1.291649, 41.139478],
              [1.29163, 41.139741],
              [1.29169, 41.139892],
              [1.291672, 41.139902],
              [1.291683, 41.139922],
              [1.291706, 41.139916],
              [1.291733, 41.139955],
              [1.291758, 41.140033],
              [1.291306, 41.140009],
              [1.290884, 41.139987],
              [1.290496, 41.139967],
              [1.290117, 41.139945],
              [1.289823, 41.139932],
              [1.289556, 41.139918],
              [1.289489, 41.139724],
              [1.289433, 41.139575],
              [1.289417, 41.139535],
              [1.289396, 41.139484],
              [1.289381, 41.13944],
              [1.289354, 41.13937],
              [1.289337, 41.139316],
              [1.289319, 41.139254],
              [1.289302, 41.139194],
              [1.289287, 41.13913],
              [1.289269, 41.139058],
              [1.289257, 41.138997],
              [1.289241, 41.138931],
              [1.289228, 41.138863],
              [1.289212, 41.138793],
              [1.289204, 41.138737],
              [1.289191, 41.138644],
              [1.289179, 41.138561],
              [1.289169, 41.138479],
              [1.289161, 41.138402],
              [1.288916, 41.138383],
              [1.28869, 41.138366],
              [1.288364, 41.138339],
              [1.288269, 41.138361],
              [1.288159, 41.138383],
              [1.288116, 41.138396],
              [1.288054, 41.13841],
              [1.287999, 41.138423],
              [1.287947, 41.138434],
              [1.287884, 41.138447],
              [1.287844, 41.138464],
              [1.28781, 41.138484],
              [1.287758, 41.138512],
              [1.287727, 41.138549],
              [1.287705, 41.138572],
              [1.287659, 41.138627],
              [1.287644, 41.138662],
              [1.287621, 41.138709],
              [1.287602, 41.138761],
              [1.287587, 41.138807],
              [1.287563, 41.138854],
              [1.28755, 41.138899],
              [1.287526, 41.138965],
              [1.287507, 41.139021],
              [1.287242, 41.138961],
              [1.287094, 41.13893],
              [1.28711, 41.138863],
              [1.287134, 41.138762],
              [1.287163, 41.138658],
              [1.287173, 41.138575],
              [1.287182, 41.138515],
              [1.287195, 41.138439],
              [1.287203, 41.138366],
              [1.28721, 41.138317],
              [1.287223, 41.13821],
              [1.287229, 41.138137],
              [1.287235, 41.138061],
              [1.28724, 41.137996],
              [1.28724, 41.137884],
              [1.287237, 41.137801],
              [1.287231, 41.137679],
              [1.287221, 41.137586],
              [1.287205, 41.137492],
              [1.287179, 41.137396],
              [1.287161, 41.137348],
              [1.287144, 41.137299],
              [1.28713, 41.137264],
              [1.287108, 41.137211],
              [1.287082, 41.137163],
              [1.287048, 41.137098],
              [1.287015, 41.137044],
              [1.286979, 41.136988],
              [1.286948, 41.136938],
              [1.286918, 41.136892],
              [1.286866, 41.13682],
              [1.286798, 41.136731],
              [1.286766, 41.136693],
              [1.286709, 41.136619],
              [1.286677, 41.136588],
              [1.286617, 41.136519],
              [1.286567, 41.136463],
              [1.286522, 41.136411],
              [1.286462, 41.13635],
              [1.286419, 41.136299],
              [1.286369, 41.13625],
              [1.286309, 41.136189],
              [1.286255, 41.136135],
              [1.286188, 41.136068],
              [1.286104, 41.135985],
              [1.286039, 41.135922],
              [1.285947, 41.135833],
              [1.285892, 41.135781],
              [1.285803, 41.135695],
              [1.285692, 41.135595],
              [1.285563, 41.135473],
              [1.285451, 41.135369],
              [1.285321, 41.135235],
              [1.285161, 41.135077],
              [1.284997, 41.134921],
              [1.284829, 41.134767],
              [1.284656, 41.134616],
              [1.28448, 41.134468],
              [1.2843, 41.134322],
              [1.284117, 41.134179],
              [1.284013, 41.134104],
              [1.283905, 41.134032],
              [1.283793, 41.133964],
              [1.283677, 41.133899],
              [1.283558, 41.133837],
              [1.283436, 41.13378],
              [1.283311, 41.133726],
              [1.283107, 41.133668],
              [1.282906, 41.133603],
              [1.282709, 41.133533],
              [1.282516, 41.133456],
              [1.282327, 41.133374],
              [1.282142, 41.133287],
              [1.281962, 41.133194],
              [1.281716, 41.133062],
              [1.281569, 41.133001],
              [1.281419, 41.132944],
              [1.281267, 41.132891],
              [1.281113, 41.132842],
              [1.280957, 41.132796],
              [1.280798, 41.132755],
              [1.280638, 41.132718],
              [1.280554, 41.132684],
              [1.280458, 41.132639],
              [1.280363, 41.132572],
              [1.280263, 41.132484],
              [1.280193, 41.132393],
              [1.28015, 41.132301],
              [1.280143, 41.132186],
              [1.280188, 41.132076],
              [1.28025, 41.131983],
              [1.280317, 41.131892],
              [1.280383, 41.131798],
              [1.280443, 41.131694],
              [1.280452, 41.131579],
              [1.280422, 41.131463],
              [1.280393, 41.131352],
              [1.280346, 41.13123],
              [1.28029, 41.131113],
              [1.280254, 41.131026],
              [1.280207, 41.130936],
              [1.279844, 41.130576],
              [1.279656, 41.130363],
              [1.279454, 41.130112],
              [1.279293, 41.129886],
              [1.279146, 41.129721],
              [1.279019, 41.129559],
              [1.278926, 41.129437],
              [1.278856, 41.129357],
              [1.278761, 41.129258],
              [1.278677, 41.129172],
              [1.278574, 41.129092],
              [1.278486, 41.129009],
              [1.278355, 41.128941],
              [1.27824, 41.128886],
              [1.278114, 41.128831],
              [1.278004, 41.128791],
              [1.277933, 41.128757],
              [1.277822, 41.128719],
              [1.277726, 41.128666],
              [1.277639, 41.128604],
              [1.277554, 41.128536],
              [1.277479, 41.128473],
              [1.277423, 41.128412],
              [1.277369, 41.128343],
              [1.277303, 41.128239],
              [1.277233, 41.128097],
              [1.277161, 41.127945],
              [1.277075, 41.127791],
              [1.276966, 41.12761],
              [1.27688, 41.127464],
              [1.27678, 41.127337],
              [1.276709, 41.127246],
              [1.27663, 41.127164],
              [1.276563, 41.127107],
              [1.276477, 41.127043],
              [1.276376, 41.126988],
              [1.2763, 41.126955],
              [1.276184, 41.12691],
              [1.276083, 41.126892],
              [1.275993, 41.126899],
              [1.27595, 41.126906],
              [1.27579, 41.126929],
              [1.275655, 41.126947],
              [1.275532, 41.126963],
              [1.275421, 41.126977],
              [1.275332, 41.126985],
              [1.275232, 41.126998],
              [1.275247, 41.126969],
              [1.275483, 41.126432],
              [1.275566, 41.126274],
              [1.275677, 41.126083],
              [1.275808, 41.125875],
              [1.275887, 41.125756],
              [1.275939, 41.125725],
              [1.275997, 41.12558],
              [1.276077, 41.125443],
              [1.276086, 41.12543],
              [1.27609, 41.125425],
              [1.276104, 41.125406],
              [1.276112, 41.125395],
              [1.276258, 41.125236],
              [1.276264, 41.12523],
              [1.276279, 41.125217],
              [1.276299, 41.1252],
              [1.276072, 41.124908],
              [1.275552, 41.124495],
              [1.275227, 41.124239],
              [1.275107, 41.124142],
              [1.275264, 41.12407],
              [1.275417, 41.123995],
              [1.2756, 41.123898],
              [1.275722, 41.123828],
              [1.275923, 41.123703],
              [1.275997, 41.123649],
              [1.277403, 41.124229],
              [1.277987, 41.123423],
              [1.278037, 41.12336],
              [1.278095, 41.1233],
              [1.27816, 41.123245],
              [1.278231, 41.123195],
              [1.278308, 41.12315],
              [1.278371, 41.12312],
              [1.278479, 41.123778],
              [1.278573, 41.124121],
              [1.278575, 41.12435],
              [1.278597, 41.124596],
              [1.278628, 41.12475],
              [1.278731, 41.125024],
              [1.27883, 41.125301],
              [1.278918, 41.125527],
              [1.279094, 41.125899],
              [1.279144, 41.126025],
              [1.279189, 41.126219],
              [1.279242, 41.126207],
              [1.279309, 41.126153],
              [1.279444, 41.126028],
              [1.279583, 41.126083],
              [1.279959, 41.126218],
              [1.280191, 41.126284],
              [1.280247, 41.126315],
              [1.280374, 41.126369],
              [1.280453, 41.126434],
              [1.280646, 41.126665],
              [1.280818, 41.126836],
              [1.281031, 41.126967],
              [1.28117, 41.127035],
              [1.281728, 41.127283],
              [1.282426, 41.127174],
              [1.282875, 41.12715],
              [1.283031, 41.12731],
              [1.283332, 41.127644],
              [1.283456, 41.127779],
              [1.283516, 41.127897],
              [1.283556, 41.128031],
              [1.283625, 41.128158],
              [1.283642, 41.128156],
              [1.283703, 41.128271],
              [1.28381, 41.12846],
              [1.283876, 41.128556],
              [1.284844, 41.128444],
              [1.28539, 41.127762],
              [1.285549, 41.127545],
              [1.286175, 41.127214],
              [1.286485, 41.127067],
              [1.286776, 41.127249],
              [1.286932, 41.127247],
              [1.28703, 41.12737],
              [1.287151, 41.127552],
              [1.287354, 41.127891],
              [1.287394, 41.127952],
              [1.2875, 41.128012],
              [1.287642, 41.128086],
              [1.287752, 41.128146],
              [1.288103, 41.128333],
              [1.288099, 41.128336],
              [1.288157, 41.128372],
              [1.288556, 41.128678],
              [1.288432, 41.128777],
              [1.288701, 41.128973],
              [1.288657, 41.129007],
              [1.289012, 41.129254],
              [1.289306, 41.129454],
              [1.289381, 41.129388],
              [1.289547, 41.1295],
              [1.289608, 41.129455],
              [1.289944, 41.129625],
              [1.28996, 41.129614],
              [1.290002, 41.129648],
              [1.290055, 41.129674],
              [1.290059, 41.129701],
              [1.290084, 41.129735],
              [1.290158, 41.129801],
              [1.2903, 41.129915],
              [1.290431, 41.130008],
              [1.290558, 41.130107],
              [1.291115, 41.130488],
              [1.291239, 41.130556],
              [1.291262, 41.130536],
              [1.291712, 41.130758],
              [1.291694, 41.130778],
              [1.292292, 41.131111],
              [1.292334, 41.131144],
              [1.29239, 41.131164],
              [1.291869, 41.131322],
              [1.291924, 41.131496],
              [1.291951, 41.131547],
              [1.292119, 41.131756],
              [1.29218, 41.131839],
              [1.292381, 41.132014],
              [1.292585, 41.132133],
              [1.292831, 41.132193],
              [1.293253, 41.132218],
              [1.293259, 41.132298],
              [1.293258, 41.132346],
              [1.293249, 41.132427],
              [1.293235, 41.132487],
              [1.293204, 41.132551],
              [1.293122, 41.1327],
              [1.293074, 41.132807],
              [1.29306, 41.132854],
              [1.293053, 41.132902],
              [1.293052, 41.132999],
              [1.293061, 41.133063],
              [1.293072, 41.133111],
              [1.293095, 41.133173],
              [1.293133, 41.133249],
              [1.293191, 41.133334]
            ]
          ]
        ]
      }
    },
    {
      "type": "Feature",
      "properties": {
        "id": "la-cabana",
        "name": "La Cabana",
        "cityId": "tarragona"
      },
      "geometry": {
        "type": "MultiPolygon",
        "coordinates": [
          [
            [
              [1.374904, 41.13746],
              [1.374894, 41.137459],
              [1.375216, 41.138396],
              [1.37425, 41.138606],
              [1.374258, 41.138613],
              [1.370041, 41.139569],
              [1.369833, 41.139446],
              [1.369561, 41.139284],
              [1.369091, 41.138887],
              [1.368508, 41.138457],
              [1.36795, 41.137972],
              [1.36564, 41.137227],
              [1.365736, 41.136993],
              [1.365709, 41.136893],
              [1.365755, 41.136769],
              [1.366855, 41.136637],
              [1.368214, 41.136516],
              [1.369457, 41.136474],
              [1.370351, 41.13646],
              [1.371215, 41.136476],
              [1.372109, 41.136493],
              [1.374642, 41.136672],
              [1.374904, 41.13746]
            ]
          ]
        ]
      }
    },
    {
      "type": "Feature",
      "properties": {
        "id": "la-cala-romana",
        "name": "la Cala Romana",
        "cityId": "tarragona"
      },
      "geometry": {
        "type": "MultiPolygon",
        "coordinates": [
          [
            [
              [1.295358, 41.127794],
              [1.295611, 41.128529],
              [1.295715, 41.128843],
              [1.295817, 41.129126],
              [1.295833, 41.129158],
              [1.296, 41.129623],
              [1.295422, 41.129699],
              [1.2954, 41.1297],
              [1.29539, 41.129697],
              [1.295272, 41.129724],
              [1.294891, 41.129748],
              [1.2946, 41.129773],
              [1.294581, 41.129805],
              [1.294547, 41.129852],
              [1.294559, 41.129962],
              [1.294565, 41.130117],
              [1.294576, 41.130282],
              [1.294589, 41.130281],
              [1.294601, 41.130597],
              [1.294618, 41.130701],
              [1.294643, 41.130819],
              [1.294651, 41.130878],
              [1.294653, 41.130967],
              [1.294642, 41.131117],
              [1.294422, 41.131061],
              [1.294394, 41.13111],
              [1.294369, 41.131144],
              [1.294341, 41.131176],
              [1.294307, 41.131205],
              [1.294268, 41.131229],
              [1.294224, 41.131249],
              [1.294176, 41.131264],
              [1.294137, 41.13127],
              [1.294146, 41.131645],
              [1.293809, 41.131584],
              [1.293714, 41.131772],
              [1.293656, 41.131969],
              [1.293608, 41.132237],
              [1.293354, 41.132222],
              [1.293223, 41.132216],
              [1.292831, 41.132193],
              [1.292585, 41.132133],
              [1.292381, 41.132014],
              [1.29218, 41.131839],
              [1.292119, 41.131756],
              [1.291951, 41.131547],
              [1.291924, 41.131496],
              [1.291869, 41.131322],
              [1.29239, 41.131164],
              [1.292348, 41.131149],
              [1.292323, 41.131136],
              [1.292292, 41.131111],
              [1.291694, 41.130778],
              [1.291712, 41.130758],
              [1.291262, 41.130536],
              [1.291239, 41.130556],
              [1.291115, 41.130488],
              [1.290577, 41.13012],
              [1.290546, 41.130098],
              [1.290431, 41.130008],
              [1.2903, 41.129915],
              [1.290158, 41.129801],
              [1.290084, 41.129735],
              [1.290059, 41.129701],
              [1.290055, 41.129674],
              [1.290002, 41.129648],
              [1.28996, 41.129614],
              [1.289944, 41.129625],
              [1.289608, 41.129455],
              [1.289547, 41.1295],
              [1.289381, 41.129388],
              [1.289306, 41.129454],
              [1.289012, 41.129254],
              [1.288657, 41.129007],
              [1.288701, 41.128973],
              [1.288432, 41.128777],
              [1.288556, 41.128678],
              [1.288157, 41.128372],
              [1.288099, 41.128336],
              [1.288103, 41.128333],
              [1.287752, 41.128146],
              [1.287642, 41.128086],
              [1.2875, 41.128012],
              [1.287394, 41.127952],
              [1.287354, 41.127891],
              [1.287151, 41.127552],
              [1.28703, 41.12737],
              [1.286938, 41.127254],
              [1.287155, 41.126895],
              [1.287366, 41.126589],
              [1.287894, 41.125759],
              [1.288231, 41.125242],
              [1.288262, 41.125192],
              [1.288395, 41.125213],
              [1.288478, 41.125229],
              [1.28861, 41.125268],
              [1.288925, 41.125379],
              [1.289109, 41.125451],
              [1.289553, 41.125617],
              [1.290202, 41.125859],
              [1.290694, 41.126045],
              [1.291281, 41.126274],
              [1.292071, 41.126561],
              [1.292823, 41.126834],
              [1.29323, 41.12699],
              [1.293706, 41.127171],
              [1.294191, 41.127351],
              [1.294642, 41.127518],
              [1.295042, 41.127673],
              [1.295358, 41.127794]
            ]
          ]
        ]
      }
    },
    {
      "type": "Feature",
      "properties": {
        "id": "la-capellana",
        "name": "la Capellana",
        "cityId": "tarragona"
      },
      "geometry": {
        "type": "MultiPolygon",
        "coordinates": [
          [
            [
              [1.360719, 41.148618],
              [1.359952, 41.149406],
              [1.35698, 41.152462],
              [1.350318, 41.153872],
              [1.350253, 41.153636],
              [1.350308, 41.153514],
              [1.350488, 41.153083],
              [1.350547, 41.152965],
              [1.350637, 41.152843],
              [1.350806, 41.152682],
              [1.350871, 41.1526],
              [1.350908, 41.152511],
              [1.3509, 41.152419],
              [1.350849, 41.152331],
              [1.350761, 41.152143],
              [1.350798, 41.15203],
              [1.350934, 41.151881],
              [1.351055, 41.15183],
              [1.35115, 41.151761],
              [1.351256, 41.151612],
              [1.351366, 41.15145],
              [1.351364, 41.151362],
              [1.351299, 41.151214],
              [1.351165, 41.151057],
              [1.351028, 41.150941],
              [1.350901, 41.150733],
              [1.350823, 41.1505],
              [1.3507, 41.150249],
              [1.350624, 41.149935],
              [1.350588, 41.14983],
              [1.350593, 41.149746],
              [1.350736, 41.14931],
              [1.350815, 41.14925],
              [1.351105, 41.149082],
              [1.351194, 41.14899],
              [1.351436, 41.148781],
              [1.351514, 41.148677],
              [1.351538, 41.148558],
              [1.351531, 41.148374],
              [1.351498, 41.148017],
              [1.351458, 41.147663],
              [1.351501, 41.147509],
              [1.35161, 41.14737],
              [1.351853, 41.147253],
              [1.352026, 41.147161],
              [1.352132, 41.147021],
              [1.352326, 41.146802],
              [1.352471, 41.146643],
              [1.352951, 41.146819],
              [1.353367, 41.146977],
              [1.353455, 41.14707],
              [1.353412, 41.14716],
              [1.353322, 41.147335],
              [1.353302, 41.147414],
              [1.353379, 41.147488],
              [1.353492, 41.147571],
              [1.353681, 41.14765],
              [1.355101, 41.146723],
              [1.355386, 41.146816],
              [1.355679, 41.146896],
              [1.356318, 41.147069],
              [1.356978, 41.147225],
              [1.357479, 41.147347],
              [1.358041, 41.147511],
              [1.358271, 41.147583],
              [1.358617, 41.147707],
              [1.359018, 41.147846],
              [1.359481, 41.14804],
              [1.359725, 41.148147],
              [1.360091, 41.148314],
              [1.360367, 41.148446],
              [1.360719, 41.148618]
            ]
          ]
        ]
      }
    },
    {
      "type": "Feature",
      "properties": {
        "id": "la-floresta",
        "name": "la Floresta",
        "cityId": "tarragona"
      },
      "geometry": {
        "type": "MultiPolygon",
        "coordinates": [
          [
            [
              [1.214484, 41.126949],
              [1.214659, 41.127191],
              [1.214232, 41.127305],
              [1.213648, 41.12746],
              [1.210862, 41.12821],
              [1.209647, 41.126489],
              [1.208593, 41.126835],
              [1.208493, 41.126728],
              [1.20847, 41.126696],
              [1.208095, 41.126019],
              [1.209057, 41.12572],
              [1.209289, 41.12565],
              [1.209863, 41.125478],
              [1.210308, 41.125347],
              [1.210625, 41.125255],
              [1.211206, 41.1251],
              [1.211872, 41.1249],
              [1.21249, 41.124727],
              [1.213283, 41.124511],
              [1.214146, 41.126518],
              [1.214484, 41.126949]
            ]
          ]
        ]
      }
    },
    {
      "type": "Feature",
      "properties": {
        "id": "la-granja",
        "name": "la Granja",
        "cityId": "tarragona"
      },
      "geometry": {
        "type": "MultiPolygon",
        "coordinates": [
          [
            [
              [1.218543, 41.123143],
              [1.218204, 41.123232],
              [1.217905, 41.123309],
              [1.215264, 41.123991],
              [1.214366, 41.124223],
              [1.213283, 41.124511],
              [1.21249, 41.124727],
              [1.211872, 41.1249],
              [1.211206, 41.1251],
              [1.211259, 41.124364],
              [1.211478, 41.119225],
              [1.211565, 41.119233],
              [1.211635, 41.119247],
              [1.216163, 41.120764],
              [1.217007, 41.121056],
              [1.217635, 41.121263],
              [1.217963, 41.121375],
              [1.217792, 41.12163],
              [1.217849, 41.121649],
              [1.217893, 41.121673],
              [1.218093, 41.121776],
              [1.218337, 41.121892],
              [1.218437, 41.121978],
              [1.218529, 41.122083],
              [1.21878, 41.122021],
              [1.219073, 41.121934],
              [1.219025, 41.122042],
              [1.218956, 41.122209],
              [1.218868, 41.122451],
              [1.218767, 41.122699],
              [1.218725, 41.122783],
              [1.218674, 41.12285],
              [1.21861, 41.122906],
              [1.218531, 41.122956],
              [1.218442, 41.122989],
              [1.218543, 41.123143]
            ]
          ]
        ]
      }
    },
    {
      "type": "Feature",
      "properties": {
        "id": "la-llevantina",
        "name": "la Llevantina",
        "cityId": "tarragona"
      },
      "geometry": {
        "type": "MultiPolygon",
        "coordinates": [
          [
            [
              [1.300002, 41.134184],
              [1.300073, 41.134258],
              [1.300386, 41.134284],
              [1.300455, 41.134295],
              [1.300557, 41.134309],
              [1.300917, 41.13434],
              [1.301257, 41.13434],
              [1.301578, 41.134393],
              [1.302125, 41.1344],
              [1.30203, 41.134463],
              [1.30193, 41.134521],
              [1.301824, 41.134574],
              [1.301714, 41.134621],
              [1.301591, 41.134932],
              [1.30156, 41.135052],
              [1.301336, 41.135013],
              [1.301158, 41.13498],
              [1.300581, 41.134925],
              [1.300297, 41.134917],
              [1.299887, 41.134845],
              [1.299538, 41.134795],
              [1.299352, 41.134764],
              [1.2973, 41.13439],
              [1.297297, 41.134377],
              [1.297292, 41.134286],
              [1.297297, 41.134183],
              [1.297098, 41.134186],
              [1.297062, 41.134094],
              [1.297024, 41.133985],
              [1.296977, 41.133713],
              [1.296905, 41.133569],
              [1.296859, 41.133436],
              [1.29681, 41.133262],
              [1.29677, 41.13309],
              [1.296753, 41.133032],
              [1.29673, 41.132934],
              [1.296741, 41.132906],
              [1.29685, 41.132983],
              [1.296956, 41.133039],
              [1.297023, 41.133083],
              [1.29705, 41.133105],
              [1.297083, 41.133143],
              [1.297052, 41.133042],
              [1.297044, 41.132985],
              [1.29702, 41.132843],
              [1.297002, 41.132758],
              [1.297104, 41.132765],
              [1.297339, 41.132805],
              [1.29741, 41.132811],
              [1.297584, 41.132846],
              [1.297903, 41.132898],
              [1.299124, 41.133127],
              [1.299417, 41.133169],
              [1.299386, 41.133294],
              [1.299757, 41.133211],
              [1.299818, 41.133507],
              [1.29977, 41.133819],
              [1.299845, 41.134027],
              [1.300002, 41.134184]
            ]
          ]
        ]
      }
    },
    {
      "type": "Feature",
      "properties": {
        "id": "la-mora",
        "name": "la Móra",
        "cityId": "tarragona"
      },
      "geometry": {
        "type": "MultiPolygon",
        "coordinates": [
          [
            [
              [1.34566, 41.127385],
              [1.345676, 41.127391],
              [1.345817, 41.12745],
              [1.345957, 41.127509],
              [1.346092, 41.127562],
              [1.346228, 41.127614],
              [1.346322, 41.127648],
              [1.346417, 41.127682],
              [1.346533, 41.127728],
              [1.346591, 41.12775],
              [1.346643, 41.127767],
              [1.346651, 41.12777],
              [1.346698, 41.127783],
              [1.346769, 41.127803],
              [1.346888, 41.127835],
              [1.347045, 41.127878],
              [1.347203, 41.12792],
              [1.347263, 41.127939],
              [1.34735, 41.127972],
              [1.347393, 41.127987],
              [1.347439, 41.127997],
              [1.347535, 41.128012],
              [1.347631, 41.128028],
              [1.347771, 41.12805],
              [1.347911, 41.128073],
              [1.348057, 41.128099],
              [1.348204, 41.128125],
              [1.348269, 41.128134],
              [1.348367, 41.128141],
              [1.348465, 41.128145],
              [1.348549, 41.128145],
              [1.348676, 41.128141],
              [1.348802, 41.12813],
              [1.34888, 41.128122],
              [1.348917, 41.128115],
              [1.348953, 41.128105],
              [1.34899, 41.128092],
              [1.349027, 41.128079],
              [1.349057, 41.128063],
              [1.349084, 41.128043],
              [1.349102, 41.128026],
              [1.349122, 41.128],
              [1.349301, 41.127997],
              [1.349254, 41.128115],
              [1.34924, 41.128149],
              [1.349203, 41.128234],
              [1.349173, 41.128303],
              [1.349168, 41.128313],
              [1.349157, 41.128345],
              [1.349148, 41.128371],
              [1.349085, 41.128462],
              [1.349066, 41.128473],
              [1.34897, 41.128533],
              [1.348873, 41.128593],
              [1.348712, 41.128693],
              [1.349001, 41.12889],
              [1.349346, 41.129128],
              [1.349468, 41.12921],
              [1.349505, 41.129236],
              [1.349561, 41.129274],
              [1.349579, 41.129287],
              [1.349605, 41.129304],
              [1.349632, 41.12932],
              [1.349659, 41.129335],
              [1.349688, 41.129348],
              [1.349718, 41.129361],
              [1.349749, 41.129372],
              [1.34978, 41.129382],
              [1.349812, 41.129391],
              [1.349845, 41.129399],
              [1.349878, 41.129405],
              [1.349909, 41.12941],
              [1.349933, 41.129412],
              [1.35043, 41.129457],
              [1.350925, 41.129501],
              [1.351171, 41.129523],
              [1.351198, 41.129526],
              [1.351275, 41.129534],
              [1.35128, 41.129514],
              [1.351281, 41.129512],
              [1.35129, 41.129472],
              [1.351298, 41.129441],
              [1.351308, 41.1294],
              [1.35132, 41.12935],
              [1.351322, 41.129342],
              [1.351395, 41.129314],
              [1.351424, 41.129303],
              [1.351441, 41.129265],
              [1.35146, 41.129221],
              [1.35148, 41.129178],
              [1.35151, 41.129111],
              [1.351529, 41.129067],
              [1.351603, 41.129087],
              [1.351909, 41.129167],
              [1.352194, 41.129243],
              [1.352399, 41.129317],
              [1.3524, 41.129317],
              [1.352438, 41.129331],
              [1.352711, 41.129439],
              [1.352898, 41.129513],
              [1.35296, 41.129538],
              [1.353106, 41.129596],
              [1.353248, 41.129652],
              [1.353392, 41.129709],
              [1.353374, 41.129727],
              [1.353369, 41.129734],
              [1.353435, 41.129763],
              [1.353613, 41.129842],
              [1.353728, 41.129911],
              [1.353806, 41.129958],
              [1.353883, 41.130004],
              [1.353963, 41.130081],
              [1.354048, 41.130161],
              [1.354053, 41.130177],
              [1.354121, 41.130371],
              [1.354163, 41.130493],
              [1.354164, 41.130498],
              [1.354169, 41.130529],
              [1.354173, 41.130555],
              [1.354173, 41.130559],
              [1.354171, 41.130711],
              [1.35417, 41.130761],
              [1.354162, 41.131228],
              [1.354162, 41.131233],
              [1.354294, 41.1315],
              [1.354599, 41.131945],
              [1.354627, 41.131988],
              [1.354638, 41.132005],
              [1.354744, 41.132167],
              [1.354745, 41.132168],
              [1.354762, 41.132195],
              [1.354818, 41.132317],
              [1.354843, 41.132371],
              [1.354854, 41.132395],
              [1.354868, 41.132426],
              [1.35488, 41.132455],
              [1.354901, 41.132506],
              [1.354925, 41.132566],
              [1.354944, 41.132612],
              [1.35496, 41.132652],
              [1.354933, 41.132673],
              [1.354906, 41.132696],
              [1.35487, 41.132725],
              [1.354854, 41.132717],
              [1.354844, 41.132711],
              [1.354821, 41.132733],
              [1.354809, 41.13274],
              [1.354805, 41.132742],
              [1.3548, 41.132745],
              [1.354789, 41.132751],
              [1.354778, 41.132758],
              [1.354728, 41.132787],
              [1.354704, 41.132792],
              [1.354591, 41.132816],
              [1.354574, 41.132815],
              [1.354465, 41.132808],
              [1.354397, 41.132805],
              [1.354209, 41.132796],
              [1.354177, 41.132794],
              [1.354139, 41.132793],
              [1.354102, 41.132789],
              [1.354077, 41.132787],
              [1.353938, 41.132774],
              [1.353886, 41.132769],
              [1.353882, 41.132768],
              [1.353877, 41.132768],
              [1.353875, 41.132779],
              [1.353866, 41.132816],
              [1.353827, 41.132814],
              [1.353666, 41.132806],
              [1.353634, 41.132805],
              [1.353585, 41.132802],
              [1.353502, 41.132801],
              [1.353483, 41.132803],
              [1.353339, 41.132816],
              [1.353293, 41.132823],
              [1.353063, 41.132858],
              [1.352897, 41.132878],
              [1.3528, 41.132889],
              [1.352797, 41.13289],
              [1.352855, 41.13295],
              [1.352985, 41.133088],
              [1.35305, 41.133156],
              [1.353108, 41.133218],
              [1.352984, 41.133259],
              [1.352828, 41.133314],
              [1.352777, 41.133332],
              [1.352705, 41.133363],
              [1.352584, 41.133413],
              [1.352457, 41.133466],
              [1.35245, 41.133469],
              [1.352305, 41.133528],
              [1.352297, 41.133532],
              [1.35229, 41.133535],
              [1.352282, 41.133538],
              [1.352268, 41.133544],
              [1.352262, 41.133546],
              [1.352224, 41.133562],
              [1.352222, 41.133563],
              [1.352178, 41.133581],
              [1.352152, 41.133601],
              [1.352145, 41.133606],
              [1.352139, 41.133611],
              [1.352083, 41.133654],
              [1.352071, 41.133663],
              [1.351929, 41.133773],
              [1.351943, 41.133785],
              [1.351887, 41.13384],
              [1.351863, 41.133868],
              [1.351848, 41.133883],
              [1.351831, 41.133907],
              [1.351821, 41.133928],
              [1.351815, 41.133951],
              [1.351809, 41.133985],
              [1.351807, 41.133995],
              [1.351782, 41.134135],
              [1.35178, 41.134148],
              [1.351772, 41.134188],
              [1.351757, 41.134269],
              [1.351755, 41.134278],
              [1.351741, 41.134347],
              [1.351724, 41.134427],
              [1.351713, 41.134484],
              [1.351697, 41.134561],
              [1.35168, 41.134643],
              [1.35168, 41.134654],
              [1.351679, 41.134679],
              [1.351677, 41.134723],
              [1.351677, 41.134725],
              [1.351675, 41.134794],
              [1.351673, 41.134834],
              [1.351689, 41.134841],
              [1.35172, 41.134853],
              [1.351757, 41.13486],
              [1.352029, 41.134907],
              [1.352029, 41.134908],
              [1.352033, 41.134982],
              [1.352043, 41.135181],
              [1.352043, 41.135182],
              [1.352047, 41.135229],
              [1.352049, 41.135256],
              [1.35205, 41.135274],
              [1.352054, 41.135325],
              [1.352055, 41.135335],
              [1.352058, 41.135368],
              [1.352069, 41.135519],
              [1.351872, 41.135546],
              [1.351707, 41.135568],
              [1.351437, 41.135605],
              [1.351404, 41.13561],
              [1.351362, 41.135615],
              [1.351289, 41.135625],
              [1.351066, 41.135656],
              [1.350942, 41.135673],
              [1.350873, 41.135682],
              [1.350895, 41.135702],
              [1.350957, 41.135761],
              [1.350982, 41.135785],
              [1.351172, 41.135964],
              [1.35121, 41.136],
              [1.351262, 41.136049],
              [1.35131, 41.136095],
              [1.351319, 41.136104],
              [1.351384, 41.136166],
              [1.351402, 41.136183],
              [1.351433, 41.136213],
              [1.351453, 41.136231],
              [1.351483, 41.136268],
              [1.351559, 41.136361],
              [1.351652, 41.136475],
              [1.351642, 41.136483],
              [1.351372, 41.136696],
              [1.35116, 41.136848],
              [1.351116, 41.136869],
              [1.351104, 41.136877],
              [1.350966, 41.136974],
              [1.350936, 41.136947],
              [1.350912, 41.136926],
              [1.350911, 41.136926],
              [1.350865, 41.136947],
              [1.350797, 41.136978],
              [1.350658, 41.137041],
              [1.350613, 41.137075],
              [1.350484, 41.137174],
              [1.35045, 41.137201],
              [1.350614, 41.1373],
              [1.35067, 41.137334],
              [1.350563, 41.137399],
              [1.35046, 41.137461],
              [1.350289, 41.137594],
              [1.35024, 41.137633],
              [1.350233, 41.137638],
              [1.350217, 41.137651],
              [1.350114, 41.137732],
              [1.350102, 41.137865],
              [1.350095, 41.13794],
              [1.35009, 41.137998],
              [1.350081, 41.138085],
              [1.350075, 41.138144],
              [1.350064, 41.13822],
              [1.350056, 41.138274],
              [1.350048, 41.138332],
              [1.350042, 41.138375],
              [1.350038, 41.13841],
              [1.350034, 41.138443],
              [1.350023, 41.138534],
              [1.350022, 41.138541],
              [1.350013, 41.138649],
              [1.350001, 41.138804],
              [1.34935, 41.138804],
              [1.3487, 41.138771],
              [1.348055, 41.138705],
              [1.347417, 41.138606],
              [1.346789, 41.138475],
              [1.346174, 41.138312],
              [1.345576, 41.138118],
              [1.345632, 41.13803],
              [1.345454, 41.137975],
              [1.345264, 41.137915],
              [1.345086, 41.13786],
              [1.344917, 41.137808],
              [1.34472, 41.137746],
              [1.344546, 41.137691],
              [1.344371, 41.137634],
              [1.344214, 41.137587],
              [1.344036, 41.13753],
              [1.343783, 41.13745],
              [1.34352, 41.137367],
              [1.3427, 41.13711],
              [1.342548, 41.13706],
              [1.342212, 41.136954],
              [1.341609, 41.136764],
              [1.34007, 41.136292],
              [1.338908, 41.136029],
              [1.338974, 41.135857],
              [1.338976, 41.13585],
              [1.338978, 41.135846],
              [1.339008, 41.135753],
              [1.340171, 41.135832],
              [1.340177, 41.135832],
              [1.340183, 41.135832],
              [1.341363, 41.135912],
              [1.341394, 41.135142],
              [1.3414, 41.134995],
              [1.34149, 41.134994],
              [1.341986, 41.134989],
              [1.342286, 41.134986],
              [1.342355, 41.134985],
              [1.342418, 41.134985],
              [1.342426, 41.134985],
              [1.342395, 41.134807],
              [1.342386, 41.134749],
              [1.342386, 41.134745],
              [1.342385, 41.13474],
              [1.342379, 41.134706],
              [1.342378, 41.1347],
              [1.342375, 41.134679],
              [1.342374, 41.134674],
              [1.34237, 41.134652],
              [1.342369, 41.134645],
              [1.342365, 41.134626],
              [1.342364, 41.13462],
              [1.342361, 41.134599],
              [1.34236, 41.134594],
              [1.342356, 41.134571],
              [1.342355, 41.134567],
              [1.34235, 41.134536],
              [1.342349, 41.134535],
              [1.342349, 41.13453],
              [1.342348, 41.134526],
              [1.342313, 41.134323],
              [1.342275, 41.134105],
              [1.342239, 41.133897],
              [1.342239, 41.133894],
              [1.342238, 41.133891],
              [1.342235, 41.133873],
              [1.342234, 41.133868],
              [1.342231, 41.133845],
              [1.34223, 41.133841],
              [1.342226, 41.133817],
              [1.342225, 41.133812],
              [1.342221, 41.13379],
              [1.34222, 41.133783],
              [1.342215, 41.133756],
              [1.342212, 41.133741],
              [1.342211, 41.133735],
              [1.34221, 41.13373],
              [1.342207, 41.133712],
              [1.342206, 41.133708],
              [1.342203, 41.133686],
              [1.342202, 41.133681],
              [1.342182, 41.133567],
              [1.342181, 41.133563],
              [1.34218, 41.133558],
              [1.342175, 41.133531],
              [1.34216, 41.133444],
              [1.342156, 41.133417],
              [1.342153, 41.133369],
              [1.342156, 41.133322],
              [1.342167, 41.133276],
              [1.342183, 41.13323],
              [1.342206, 41.133186],
              [1.342207, 41.133183],
              [1.342229, 41.133151],
              [1.342231, 41.133149],
              [1.342258, 41.133118],
              [1.342289, 41.133089],
              [1.342323, 41.133063],
              [1.342328, 41.13306],
              [1.342369, 41.133033],
              [1.342414, 41.133009],
              [1.342454, 41.132992],
              [1.342497, 41.132978],
              [1.342512, 41.132974],
              [1.342559, 41.132962],
              [1.342622, 41.132952],
              [1.342811, 41.132928],
              [1.343028, 41.1329],
              [1.342997, 41.132486],
              [1.342965, 41.132247],
              [1.342893, 41.1321],
              [1.342807, 41.131957],
              [1.342707, 41.13182],
              [1.342594, 41.131688],
              [1.342469, 41.131563],
              [1.342332, 41.131445],
              [1.342184, 41.131335],
              [1.342134, 41.131275],
              [1.34209, 41.131213],
              [1.342052, 41.131148],
              [1.34202, 41.131081],
              [1.341994, 41.131013],
              [1.341975, 41.130944],
              [1.341962, 41.130874],
              [1.341955, 41.130803],
              [1.341955, 41.130733],
              [1.341962, 41.130662],
              [1.341975, 41.130592],
              [1.341977, 41.130577],
              [1.34198, 41.130563],
              [1.341985, 41.130549],
              [1.341991, 41.130535],
              [1.341998, 41.130521],
              [1.342006, 41.130508],
              [1.342016, 41.130495],
              [1.342026, 41.130483],
              [1.342038, 41.130471],
              [1.342051, 41.13046],
              [1.342064, 41.130449],
              [1.342079, 41.13044],
              [1.342094, 41.130431],
              [1.342152, 41.130399],
              [1.342207, 41.130365],
              [1.342261, 41.130329],
              [1.342312, 41.130291],
              [1.342361, 41.130252],
              [1.342408, 41.130212],
              [1.342453, 41.13017],
              [1.342503, 41.130114],
              [1.342554, 41.130059],
              [1.342607, 41.130005],
              [1.342662, 41.129952],
              [1.342718, 41.1299],
              [1.342775, 41.129849],
              [1.342834, 41.129799],
              [1.342881, 41.129763],
              [1.34293, 41.129728],
              [1.342981, 41.129697],
              [1.343035, 41.129667],
              [1.343091, 41.12964],
              [1.343149, 41.129615],
              [1.343209, 41.129593],
              [1.343227, 41.129587],
              [1.343245, 41.129582],
              [1.343263, 41.129576],
              [1.343281, 41.129571],
              [1.343299, 41.129566],
              [1.343318, 41.129561],
              [1.343336, 41.129556],
              [1.34356, 41.129466],
              [1.343888, 41.129269],
              [1.344094, 41.129168],
              [1.344408, 41.128981],
              [1.344677, 41.128813],
              [1.344697, 41.128801],
              [1.34484, 41.12862],
              [1.345219, 41.128072],
              [1.34566, 41.127385]
            ]
          ]
        ]
      }
    },
    {
      "type": "Feature",
      "properties": {
        "id": "la-muntanyeta",
        "name": "la Muntanyeta",
        "cityId": "tarragona"
      },
      "geometry": {
        "type": "MultiPolygon",
        "coordinates": [
          [
            [
              [1.248559, 41.13199],
              [1.248786, 41.131923],
              [1.248954, 41.131877],
              [1.249069, 41.131883],
              [1.249406, 41.131344],
              [1.249643, 41.13142],
              [1.249786, 41.131482],
              [1.249998, 41.131535],
              [1.250204, 41.131574],
              [1.250287, 41.131632],
              [1.250306, 41.131639],
              [1.250407, 41.131692],
              [1.250455, 41.131714],
              [1.250746, 41.131809],
              [1.250972, 41.131885],
              [1.251138, 41.131939],
              [1.25126, 41.13198],
              [1.25133, 41.132003],
              [1.251358, 41.131998],
              [1.251796, 41.131597],
              [1.252223, 41.130539],
              [1.252526, 41.1298],
              [1.252814, 41.129767],
              [1.252848, 41.129767],
              [1.252838, 41.13009],
              [1.252817, 41.13044],
              [1.25283, 41.130585],
              [1.253201, 41.130508],
              [1.253593, 41.130366],
              [1.253545, 41.130564],
              [1.253534, 41.130648],
              [1.253528, 41.130755],
              [1.253526, 41.130862],
              [1.253531, 41.130965],
              [1.253546, 41.131079],
              [1.253574, 41.131215],
              [1.253603, 41.131337],
              [1.253648, 41.131477],
              [1.253698, 41.131624],
              [1.253848, 41.13202],
              [1.253923, 41.132211],
              [1.254099, 41.132682],
              [1.254166, 41.132877],
              [1.254237, 41.133172],
              [1.25425, 41.133269],
              [1.25425, 41.133275],
              [1.254258, 41.133389],
              [1.25426, 41.133476],
              [1.254252, 41.133655],
              [1.25423, 41.133878],
              [1.25413, 41.13466],
              [1.253588, 41.134941],
              [1.253583, 41.134943],
              [1.253578, 41.134946],
              [1.253312, 41.134855],
              [1.253312, 41.134855],
              [1.253293, 41.134782],
              [1.253169, 41.134367],
              [1.253118, 41.134203],
              [1.253095, 41.134139],
              [1.253089, 41.134128],
              [1.253082, 41.134119],
              [1.253069, 41.134108],
              [1.253036, 41.13409],
              [1.252983, 41.134072],
              [1.252925, 41.134056],
              [1.252892, 41.134051],
              [1.252859, 41.134052],
              [1.252826, 41.13406],
              [1.252806, 41.134068],
              [1.252787, 41.134077],
              [1.252763, 41.134095],
              [1.252749, 41.134108],
              [1.252738, 41.134122],
              [1.25272, 41.134153],
              [1.252708, 41.134179],
              [1.252668, 41.134281],
              [1.252613, 41.134384],
              [1.252582, 41.134427],
              [1.252546, 41.134469],
              [1.252516, 41.134497],
              [1.252483, 41.134523],
              [1.252431, 41.134556],
              [1.252392, 41.134577],
              [1.252292, 41.134618],
              [1.252248, 41.134629],
              [1.252196, 41.134635],
              [1.252126, 41.13464],
              [1.252028, 41.134638],
              [1.251774, 41.134623],
              [1.251394, 41.134591],
              [1.251387, 41.134517],
              [1.251387, 41.134331],
              [1.251381, 41.134189],
              [1.251375, 41.134009],
              [1.251376, 41.133823],
              [1.251343, 41.133729],
              [1.251294, 41.133609],
              [1.25116, 41.133304],
              [1.25113, 41.133226],
              [1.251105, 41.133175],
              [1.251072, 41.133169],
              [1.251048, 41.133163],
              [1.251035, 41.133155],
              [1.251031, 41.133151],
              [1.251026, 41.133145],
              [1.25102, 41.133133],
              [1.251015, 41.133114],
              [1.251016, 41.133096],
              [1.250849, 41.133098],
              [1.250629, 41.133039],
              [1.250227, 41.132812],
              [1.249812, 41.132437],
              [1.249722, 41.132416],
              [1.249641, 41.132393],
              [1.24948, 41.132343],
              [1.249327, 41.132293],
              [1.249189, 41.132244],
              [1.249054, 41.132193],
              [1.248688, 41.132046],
              [1.248559, 41.13199]
            ]
          ]
        ]
      }
    },
    {
      "type": "Feature",
      "properties": {
        "id": "la-part-alta",
        "name": "la Part Alta",
        "cityId": "tarragona"
      },
      "geometry": {
        "type": "MultiPolygon",
        "coordinates": [
          [
            [
              [1.254427, 41.11884],
              [1.254392, 41.118434],
              [1.254016, 41.11821],
              [1.252636, 41.117522],
              [1.252922, 41.117453],
              [1.256306, 41.115809],
              [1.257349, 41.115279],
              [1.257591, 41.115991],
              [1.257765, 41.116134],
              [1.258995, 41.116589],
              [1.259504, 41.116831],
              [1.26078, 41.118377],
              [1.260824, 41.118413],
              [1.260868, 41.118447],
              [1.260878, 41.118455],
              [1.260935, 41.118496],
              [1.260992, 41.118536],
              [1.261052, 41.118574],
              [1.261112, 41.118611],
              [1.261174, 41.118647],
              [1.261237, 41.118682],
              [1.261301, 41.118716],
              [1.261366, 41.118749],
              [1.261432, 41.118782],
              [1.261497, 41.118814],
              [1.261564, 41.118846],
              [1.26163, 41.118878],
              [1.261609, 41.118907],
              [1.261588, 41.118937],
              [1.261567, 41.118966],
              [1.261356, 41.119247],
              [1.261332, 41.119284],
              [1.26131, 41.119312],
              [1.261288, 41.119341],
              [1.261265, 41.11937],
              [1.261243, 41.119398],
              [1.26122, 41.119427],
              [1.261197, 41.119455],
              [1.261175, 41.119483],
              [1.261152, 41.119512],
              [1.261129, 41.11954],
              [1.261106, 41.119568],
              [1.261083, 41.119597],
              [1.261061, 41.119625],
              [1.261038, 41.119653],
              [1.261016, 41.119682],
              [1.260994, 41.11971],
              [1.260972, 41.119739],
              [1.260951, 41.119767],
              [1.260929, 41.119796],
              [1.260907, 41.119825],
              [1.260885, 41.119854],
              [1.260864, 41.119884],
              [1.260852, 41.119915],
              [1.260852, 41.119949],
              [1.260799, 41.119987],
              [1.261432, 41.120381],
              [1.261533, 41.120515],
              [1.261539, 41.120735],
              [1.261477, 41.120893],
              [1.261281, 41.12126],
              [1.261197, 41.121329],
              [1.261033, 41.121361],
              [1.260882, 41.121359],
              [1.260732, 41.121278],
              [1.26023, 41.120891],
              [1.259843, 41.120965],
              [1.259221, 41.121132],
              [1.258904, 41.121206],
              [1.258548, 41.12143],
              [1.258325, 41.121565],
              [1.25815, 41.121614],
              [1.258049, 41.121592],
              [1.256028, 41.12098],
              [1.256099, 41.120877],
              [1.255803, 41.120717],
              [1.253695, 41.119366],
              [1.254062, 41.119104],
              [1.254427, 41.11884]
            ]
          ]
        ]
      }
    },
    {
      "type": "Feature",
      "properties": {
        "id": "la-pedrera-tarraco",
        "name": "la Pedrera - Tárraco",
        "cityId": "tarragona"
      },
      "geometry": {
        "type": "MultiPolygon",
        "coordinates": [
          [
            [
              [1.264186, 41.121417],
              [1.264144, 41.121499],
              [1.263932, 41.121526],
              [1.26372, 41.12172],
              [1.263597, 41.121734],
              [1.262676, 41.122327],
              [1.262562, 41.122309],
              [1.262505, 41.122299],
              [1.262331, 41.12227],
              [1.262156, 41.122245],
              [1.261979, 41.122224],
              [1.261802, 41.122209],
              [1.261624, 41.122197],
              [1.261358, 41.122187],
              [1.261269, 41.122181],
              [1.261181, 41.122173],
              [1.261094, 41.122163],
              [1.261006, 41.12215],
              [1.26092, 41.122136],
              [1.260834, 41.122119],
              [1.260749, 41.1221],
              [1.260665, 41.122079],
              [1.260581, 41.122055],
              [1.260499, 41.12203],
              [1.260418, 41.122002],
              [1.260339, 41.12197],
              [1.260242, 41.121921],
              [1.260082, 41.121808],
              [1.259984, 41.121749],
              [1.259934, 41.121721],
              [1.259854, 41.121633],
              [1.259779, 41.121538],
              [1.259714, 41.121541],
              [1.259707, 41.121533],
              [1.259497, 41.121554],
              [1.259381, 41.121528],
              [1.259269, 41.121508],
              [1.259155, 41.121494],
              [1.259026, 41.121482],
              [1.258955, 41.121471],
              [1.258885, 41.121457],
              [1.258611, 41.12139],
              [1.258904, 41.121206],
              [1.259221, 41.121132],
              [1.259843, 41.120965],
              [1.26023, 41.120891],
              [1.260732, 41.121278],
              [1.260882, 41.121359],
              [1.261033, 41.121361],
              [1.261197, 41.121329],
              [1.261281, 41.12126],
              [1.261477, 41.120893],
              [1.261539, 41.120735],
              [1.261533, 41.120515],
              [1.261432, 41.120381],
              [1.260799, 41.119987],
              [1.260852, 41.119949],
              [1.260852, 41.119915],
              [1.260864, 41.119884],
              [1.260885, 41.119854],
              [1.260907, 41.119825],
              [1.260929, 41.119796],
              [1.260951, 41.119767],
              [1.260972, 41.119739],
              [1.260994, 41.11971],
              [1.261016, 41.119682],
              [1.261038, 41.119653],
              [1.261061, 41.119625],
              [1.261083, 41.119597],
              [1.261106, 41.119568],
              [1.261129, 41.11954],
              [1.261152, 41.119512],
              [1.261175, 41.119483],
              [1.261197, 41.119455],
              [1.26122, 41.119427],
              [1.261243, 41.119398],
              [1.261265, 41.11937],
              [1.261288, 41.119341],
              [1.26131, 41.119312],
              [1.261332, 41.119284],
              [1.261356, 41.119247],
              [1.261415, 41.119277],
              [1.261578, 41.119356],
              [1.261637, 41.119391],
              [1.261661, 41.119427],
              [1.261724, 41.119524],
              [1.261851, 41.119683],
              [1.261899, 41.119727],
              [1.261983, 41.119802],
              [1.26201, 41.119824],
              [1.262106, 41.119892],
              [1.262127, 41.119904],
              [1.262148, 41.119915],
              [1.262177, 41.119925],
              [1.262209, 41.119934],
              [1.262265, 41.119946],
              [1.262393, 41.119964],
              [1.262649, 41.119995],
              [1.262832, 41.120021],
              [1.262964, 41.120043],
              [1.26302, 41.120055],
              [1.263042, 41.120062],
              [1.263136, 41.120095],
              [1.263164, 41.120106],
              [1.264016, 41.120449],
              [1.264614, 41.120692],
              [1.264106, 41.1211],
              [1.26418, 41.121117],
              [1.264319, 41.121199],
              [1.264232, 41.121333],
              [1.264186, 41.121417]
            ]
          ]
        ]
      }
    },
    {
      "type": "Feature",
      "properties": {
        "id": "la-petxerineta",
        "name": "la Petxerineta",
        "cityId": "tarragona"
      },
      "geometry": {
        "type": "MultiPolygon",
        "coordinates": [
          [
            [
              [1.370041, 41.139569],
              [1.367293, 41.140192],
              [1.366608, 41.140188],
              [1.365834, 41.140192],
              [1.364997, 41.140195],
              [1.364694, 41.140197],
              [1.364247, 41.140196],
              [1.363565, 41.14019],
              [1.362828, 41.140191],
              [1.362114, 41.140205],
              [1.36154, 41.140197],
              [1.361003, 41.140181],
              [1.361007, 41.139917],
              [1.361, 41.139584],
              [1.360992, 41.139543],
              [1.361038, 41.139394],
              [1.361119, 41.139146],
              [1.361202, 41.138843],
              [1.361232, 41.138589],
              [1.361332, 41.138296],
              [1.361405, 41.138031],
              [1.361533, 41.137825],
              [1.361639, 41.137661],
              [1.361739, 41.137528],
              [1.361861, 41.137441],
              [1.36194, 41.137393],
              [1.361996, 41.137303],
              [1.36362, 41.137042],
              [1.364935, 41.136868],
              [1.365755, 41.136769],
              [1.365709, 41.136893],
              [1.365736, 41.136993],
              [1.36564, 41.137227],
              [1.36795, 41.137972],
              [1.368508, 41.138457],
              [1.369091, 41.138887],
              [1.369561, 41.139284],
              [1.369833, 41.139446],
              [1.370041, 41.139569]
            ]
          ]
        ]
      }
    },
    {
      "type": "Feature",
      "properties": {
        "id": "la-platja-llarga",
        "name": "la Platja Llarga",
        "cityId": "tarragona"
      },
      "geometry": {
        "type": "MultiPolygon",
        "coordinates": [
          [
            [
              [1.299927, 41.130391],
              [1.299721, 41.130327],
              [1.299672, 41.130312],
              [1.299544, 41.130266],
              [1.299426, 41.130222],
              [1.299308, 41.130177],
              [1.299089, 41.130084],
              [1.298905, 41.129998],
              [1.298743, 41.129915],
              [1.298569, 41.129819],
              [1.298415, 41.129726],
              [1.298382, 41.129705],
              [1.298221, 41.129602],
              [1.298057, 41.129492],
              [1.297904, 41.129381],
              [1.297869, 41.12935],
              [1.297825, 41.129322],
              [1.297625, 41.129162],
              [1.297499, 41.129057],
              [1.297259, 41.128852],
              [1.29713, 41.128747],
              [1.296993, 41.128642],
              [1.296842, 41.128537],
              [1.296744, 41.128473],
              [1.296676, 41.128431],
              [1.296569, 41.128369],
              [1.296448, 41.128302],
              [1.296337, 41.128243],
              [1.296137, 41.128141],
              [1.295916, 41.128035],
              [1.295697, 41.127938],
              [1.295565, 41.127878],
              [1.295358, 41.127794],
              [1.295042, 41.127673],
              [1.294642, 41.127518],
              [1.294191, 41.127351],
              [1.293706, 41.127171],
              [1.29323, 41.12699],
              [1.292823, 41.126834],
              [1.292071, 41.126561],
              [1.291281, 41.126274],
              [1.290694, 41.126045],
              [1.290202, 41.125859],
              [1.289553, 41.125617],
              [1.289109, 41.125451],
              [1.288925, 41.125379],
              [1.28861, 41.125268],
              [1.288478, 41.125229],
              [1.288395, 41.125213],
              [1.288262, 41.125192],
              [1.288459, 41.124881],
              [1.289041, 41.124],
              [1.28911, 41.123888],
              [1.289179, 41.123916],
              [1.289211, 41.12393],
              [1.289241, 41.123946],
              [1.289276, 41.123976],
              [1.289309, 41.124009],
              [1.289324, 41.124022],
              [1.289344, 41.124038],
              [1.289366, 41.124038],
              [1.289383, 41.124036],
              [1.28942, 41.124025],
              [1.289454, 41.12401],
              [1.289461, 41.123998],
              [1.289471, 41.123995],
              [1.289489, 41.123994],
              [1.289505, 41.123999],
              [1.289548, 41.124026],
              [1.289565, 41.124042],
              [1.289578, 41.12406],
              [1.289582, 41.12407],
              [1.289581, 41.124086],
              [1.289577, 41.1241],
              [1.289568, 41.124113],
              [1.289549, 41.124132],
              [1.289535, 41.124151],
              [1.28953, 41.124165],
              [1.289533, 41.12418],
              [1.289558, 41.12421],
              [1.28959, 41.124239],
              [1.289619, 41.124263],
              [1.289635, 41.124273],
              [1.289653, 41.124282],
              [1.289667, 41.124284],
              [1.289693, 41.124282],
              [1.289716, 41.124274],
              [1.289722, 41.124262],
              [1.289724, 41.124243],
              [1.289727, 41.124236],
              [1.289734, 41.124231],
              [1.289757, 41.124226],
              [1.289792, 41.124222],
              [1.289827, 41.124217],
              [1.289864, 41.124202],
              [1.289882, 41.124195],
              [1.289901, 41.124191],
              [1.28992, 41.124192],
              [1.289948, 41.1242],
              [1.289977, 41.124207],
              [1.290025, 41.124206],
              [1.290049, 41.124206],
              [1.290073, 41.124209],
              [1.29008, 41.124212],
              [1.290088, 41.124222],
              [1.290098, 41.124249],
              [1.290109, 41.124258],
              [1.290123, 41.124265],
              [1.290139, 41.124269],
              [1.290178, 41.124265],
              [1.290216, 41.124261],
              [1.29024, 41.12426],
              [1.290264, 41.12426],
              [1.290279, 41.124265],
              [1.290306, 41.12429],
              [1.290317, 41.124296],
              [1.29035, 41.124303],
              [1.290384, 41.124309],
              [1.290395, 41.124316],
              [1.290408, 41.124331],
              [1.290424, 41.124343],
              [1.290443, 41.124346],
              [1.290475, 41.124343],
              [1.29049, 41.124343],
              [1.290503, 41.124347],
              [1.290528, 41.124363],
              [1.290553, 41.124379],
              [1.290571, 41.124391],
              [1.290595, 41.124407],
              [1.290609, 41.124402],
              [1.290609, 41.12438],
              [1.29061, 41.12436],
              [1.29061, 41.124351],
              [1.290611, 41.124342],
              [1.290613, 41.12434],
              [1.290621, 41.12434],
              [1.29063, 41.124341],
              [1.290642, 41.12434],
              [1.290654, 41.124341],
              [1.290663, 41.124345],
              [1.290673, 41.124355],
              [1.290677, 41.124366],
              [1.290677, 41.124372],
              [1.290677, 41.124377],
              [1.290676, 41.124387],
              [1.290676, 41.124408],
              [1.290686, 41.12443],
              [1.290707, 41.124437],
              [1.290735, 41.12444],
              [1.290749, 41.124443],
              [1.29076, 41.124448],
              [1.290781, 41.124468],
              [1.290791, 41.124478],
              [1.290804, 41.124486],
              [1.290841, 41.124499],
              [1.290878, 41.124511],
              [1.290908, 41.124525],
              [1.290937, 41.12454],
              [1.290979, 41.124569],
              [1.291021, 41.124598],
              [1.291047, 41.124609],
              [1.291075, 41.124616],
              [1.291123, 41.124622],
              [1.291172, 41.124627],
              [1.291216, 41.124634],
              [1.29126, 41.124645],
              [1.291268, 41.12465],
              [1.291274, 41.124658],
              [1.29128, 41.12467],
              [1.291282, 41.124682],
              [1.291273, 41.124694],
              [1.291264, 41.124707],
              [1.291263, 41.124719],
              [1.291263, 41.124731],
              [1.291259, 41.124745],
              [1.291254, 41.124758],
              [1.291248, 41.124765],
              [1.291231, 41.124771],
              [1.291188, 41.124778],
              [1.291176, 41.124786],
              [1.291174, 41.124794],
              [1.291178, 41.12481],
              [1.291178, 41.124818],
              [1.291174, 41.124823],
              [1.291155, 41.124833],
              [1.291134, 41.12484],
              [1.291116, 41.124842],
              [1.29108, 41.124843],
              [1.291065, 41.124852],
              [1.291058, 41.124861],
              [1.291058, 41.124878],
              [1.291063, 41.124894],
              [1.291076, 41.124929],
              [1.291094, 41.124963],
              [1.291142, 41.12503],
              [1.291169, 41.12506],
              [1.291202, 41.125088],
              [1.291273, 41.125137],
              [1.291347, 41.125182],
              [1.291406, 41.125215],
              [1.291466, 41.125249],
              [1.291516, 41.125281],
              [1.291566, 41.125313],
              [1.291605, 41.125338],
              [1.291626, 41.125348],
              [1.291648, 41.125355],
              [1.291678, 41.125357],
              [1.291723, 41.125354],
              [1.291768, 41.125347],
              [1.291802, 41.125343],
              [1.291836, 41.125338],
              [1.291855, 41.125337],
              [1.291874, 41.125338],
              [1.291895, 41.125347],
              [1.291916, 41.125358],
              [1.291937, 41.125365],
              [1.291965, 41.125372],
              [1.291989, 41.125362],
              [1.292007, 41.125356],
              [1.292032, 41.125354],
              [1.292044, 41.125355],
              [1.292054, 41.125359],
              [1.292074, 41.12538],
              [1.292091, 41.125401],
              [1.292125, 41.125435],
              [1.292143, 41.125452],
              [1.292163, 41.125467],
              [1.29218, 41.125475],
              [1.292207, 41.125483],
              [1.292235, 41.125491],
              [1.292259, 41.1255],
              [1.292282, 41.125511],
              [1.29228, 41.125535],
              [1.292275, 41.12555],
              [1.292275, 41.125565],
              [1.292282, 41.125581],
              [1.292295, 41.125606],
              [1.292316, 41.125638],
              [1.292332, 41.125652],
              [1.292342, 41.125651],
              [1.292351, 41.125648],
              [1.292373, 41.125642],
              [1.292399, 41.125638],
              [1.292426, 41.125636],
              [1.292436, 41.125635],
              [1.292447, 41.125636],
              [1.292458, 41.12564],
              [1.292467, 41.125643],
              [1.292488, 41.125647],
              [1.292509, 41.125648],
              [1.29253, 41.125649],
              [1.292566, 41.125651],
              [1.292601, 41.125655],
              [1.292617, 41.125659],
              [1.292631, 41.125666],
              [1.292633, 41.125674],
              [1.292634, 41.125683],
              [1.292647, 41.125698],
              [1.292663, 41.125713],
              [1.292677, 41.125725],
              [1.292695, 41.125736],
              [1.292704, 41.125728],
              [1.292715, 41.125709],
              [1.292721, 41.125701],
              [1.292728, 41.125696],
              [1.292741, 41.125694],
              [1.292754, 41.125695],
              [1.292795, 41.125712],
              [1.292815, 41.125723],
              [1.292833, 41.125737],
              [1.292846, 41.125751],
              [1.292851, 41.125765],
              [1.29285, 41.125789],
              [1.292849, 41.125812],
              [1.292849, 41.125829],
              [1.292848, 41.12585],
              [1.292869, 41.125861],
              [1.292876, 41.125865],
              [1.292881, 41.125871],
              [1.292886, 41.125903],
              [1.29289, 41.125935],
              [1.292895, 41.125957],
              [1.292904, 41.125979],
              [1.292914, 41.125992],
              [1.292917, 41.125995],
              [1.292941, 41.126015],
              [1.29297, 41.126032],
              [1.293078, 41.126084],
              [1.293185, 41.126137],
              [1.293332, 41.126215],
              [1.29348, 41.126293],
              [1.293618, 41.126356],
              [1.293762, 41.126412],
              [1.293973, 41.126484],
              [1.294184, 41.126557],
              [1.294238, 41.126576],
              [1.294367, 41.126621],
              [1.294549, 41.126687],
              [1.294625, 41.126718],
              [1.294734, 41.12677],
              [1.294845, 41.12682],
              [1.295045, 41.126902],
              [1.295147, 41.126939],
              [1.295251, 41.126971],
              [1.295352, 41.126996],
              [1.295507, 41.127027],
              [1.295583, 41.127042],
              [1.295659, 41.12706],
              [1.295739, 41.127082],
              [1.295828, 41.127107],
              [1.295997, 41.127152],
              [1.296256, 41.127216],
              [1.296515, 41.12728],
              [1.296739, 41.127336],
              [1.296962, 41.127391],
              [1.297136, 41.127438],
              [1.29731, 41.127485],
              [1.297481, 41.127528],
              [1.297654, 41.127567],
              [1.297734, 41.127582],
              [1.297854, 41.127599],
              [1.297915, 41.127608],
              [1.297974, 41.12762],
              [1.298032, 41.127634],
              [1.298132, 41.127665],
              [1.298279, 41.127716],
              [1.298353, 41.127739],
              [1.29843, 41.127758],
              [1.298556, 41.127783],
              [1.298682, 41.127807],
              [1.29895, 41.127857],
              [1.299218, 41.127905],
              [1.299302, 41.127916],
              [1.29943, 41.127928],
              [1.299493, 41.127935],
              [1.299556, 41.127945],
              [1.299648, 41.127966],
              [1.299783, 41.128005],
              [1.299916, 41.128047],
              [1.300085, 41.128108],
              [1.300169, 41.128139],
              [1.300255, 41.128168],
              [1.300335, 41.128189],
              [1.300458, 41.128213],
              [1.300582, 41.128232],
              [1.300617, 41.128233],
              [1.300669, 41.128231],
              [1.300696, 41.128231],
              [1.300721, 41.128234],
              [1.300757, 41.128244],
              [1.300808, 41.128264],
              [1.30086, 41.128281],
              [1.301046, 41.128329],
              [1.30114, 41.12835],
              [1.301235, 41.128368],
              [1.301388, 41.128392],
              [1.301543, 41.128414],
              [1.301633, 41.128426],
              [1.301722, 41.128437],
              [1.301767, 41.12844],
              [1.301834, 41.128441],
              [1.3019, 41.128445],
              [1.30192, 41.128449],
              [1.301953, 41.128461],
              [1.302, 41.128484],
              [1.302024, 41.128494],
              [1.30205, 41.1285],
              [1.302168, 41.128514],
              [1.302286, 41.128522],
              [1.302406, 41.128523],
              [1.302466, 41.128523],
              [1.302525, 41.128527],
              [1.302654, 41.128544],
              [1.302782, 41.128566],
              [1.30284, 41.128578],
              [1.302897, 41.12859],
              [1.30297, 41.12861],
              [1.303044, 41.128631],
              [1.303138, 41.12865],
              [1.303186, 41.128656],
              [1.303234, 41.128659],
              [1.3034, 41.128661],
              [1.303566, 41.128664],
              [1.30366, 41.128666],
              [1.303754, 41.128668],
              [1.303808, 41.12867],
              [1.303841, 41.128673],
              [1.303861, 41.128675],
              [1.303921, 41.128686],
              [1.304008, 41.128711],
              [1.304051, 41.128723],
              [1.304096, 41.128733],
              [1.304204, 41.128751],
              [1.304313, 41.128764],
              [1.304475, 41.128771],
              [1.304638, 41.128778],
              [1.304775, 41.12879],
              [1.304911, 41.128807],
              [1.304985, 41.12882],
              [1.305093, 41.128844],
              [1.305147, 41.128856],
              [1.305202, 41.128865],
              [1.305287, 41.128872],
              [1.305416, 41.128878],
              [1.305481, 41.128882],
              [1.305545, 41.128889],
              [1.305717, 41.128913],
              [1.305889, 41.128937],
              [1.306053, 41.128959],
              [1.306216, 41.128982],
              [1.306433, 41.129006],
              [1.306651, 41.129031],
              [1.306817, 41.129049],
              [1.306984, 41.129064],
              [1.307217, 41.129082],
              [1.30745, 41.1291],
              [1.307659, 41.129115],
              [1.307867, 41.12913],
              [1.308108, 41.129143],
              [1.30835, 41.129156],
              [1.308629, 41.129177],
              [1.308667, 41.129181],
              [1.308908, 41.129203],
              [1.309021, 41.129216],
              [1.309189, 41.129239],
              [1.309272, 41.12925],
              [1.309357, 41.129257],
              [1.309495, 41.129266],
              [1.309703, 41.129274],
              [1.309911, 41.129284],
              [1.31011, 41.129297],
              [1.310308, 41.12931],
              [1.310531, 41.129317],
              [1.310754, 41.129323],
              [1.310929, 41.129338],
              [1.311017, 41.129345],
              [1.311104, 41.129351],
              [1.311257, 41.129356],
              [1.31141, 41.129362],
              [1.311645, 41.129369],
              [1.311881, 41.129377],
              [1.312001, 41.129384],
              [1.312181, 41.1294],
              [1.312271, 41.129407],
              [1.312361, 41.12941],
              [1.312538, 41.129412],
              [1.312605, 41.129413],
              [1.312849, 41.129415],
              [1.313031, 41.129419],
              [1.313213, 41.129423],
              [1.31334, 41.129426],
              [1.313466, 41.129428],
              [1.313551, 41.129435],
              [1.313678, 41.129452],
              [1.313741, 41.129458],
              [1.313805, 41.12946],
              [1.313993, 41.129457],
              [1.314181, 41.129454],
              [1.314405, 41.129451],
              [1.314628, 41.129448],
              [1.314781, 41.12945],
              [1.314933, 41.129455],
              [1.315049, 41.129461],
              [1.315221, 41.129474],
              [1.315278, 41.129478],
              [1.315307, 41.12948],
              [1.315393, 41.129483],
              [1.315472, 41.129481],
              [1.31559, 41.129473],
              [1.315708, 41.129466],
              [1.315827, 41.129465],
              [1.315946, 41.129468],
              [1.316009, 41.129473],
              [1.316103, 41.129485],
              [1.31615, 41.129489],
              [1.316197, 41.129491],
              [1.316318, 41.129489],
              [1.316438, 41.129486],
              [1.316603, 41.129493],
              [1.316768, 41.1295],
              [1.316989, 41.129507],
              [1.317188, 41.12951],
              [1.317387, 41.129512],
              [1.317559, 41.129511],
              [1.317731, 41.12951],
              [1.317963, 41.129515],
              [1.318194, 41.129521],
              [1.318431, 41.129525],
              [1.318586, 41.129528],
              [1.318668, 41.129529],
              [1.31884, 41.129533],
              [1.319013, 41.129535],
              [1.319122, 41.129531],
              [1.319284, 41.129517],
              [1.319448, 41.129503],
              [1.319636, 41.129491],
              [1.319825, 41.129482],
              [1.320064, 41.129479],
              [1.320303, 41.129477],
              [1.320498, 41.129471],
              [1.320693, 41.129467],
              [1.32088, 41.129465],
              [1.321067, 41.129464],
              [1.32113, 41.129464],
              [1.321193, 41.129463],
              [1.321255, 41.129461],
              [1.321363, 41.12945],
              [1.321525, 41.129426],
              [1.321607, 41.129415],
              [1.321689, 41.129406],
              [1.321901, 41.129395],
              [1.322008, 41.129391],
              [1.322113, 41.129384],
              [1.322275, 41.129367],
              [1.322355, 41.129355],
              [1.322435, 41.129341],
              [1.322533, 41.12932],
              [1.322677, 41.129286],
              [1.322821, 41.129248],
              [1.3229, 41.129226],
              [1.322938, 41.129214],
              [1.322974, 41.129199],
              [1.323016, 41.129179],
              [1.323057, 41.12916],
              [1.323133, 41.129125],
              [1.323212, 41.129089],
              [1.323849, 41.129082],
              [1.323952, 41.129249],
              [1.323979, 41.129292],
              [1.323987, 41.129326],
              [1.32399, 41.129371],
              [1.323981, 41.129421],
              [1.32397, 41.129454],
              [1.323977, 41.129492],
              [1.323985, 41.129553],
              [1.324007, 41.12962],
              [1.324027, 41.129688],
              [1.324052, 41.129752],
              [1.324097, 41.129838],
              [1.324111, 41.129863],
              [1.324131, 41.129902],
              [1.324159, 41.129932],
              [1.324192, 41.130017],
              [1.324224, 41.130093],
              [1.324233, 41.130147],
              [1.324247, 41.130218],
              [1.324251, 41.130277],
              [1.324248, 41.130311],
              [1.324238, 41.130366],
              [1.324228, 41.1304],
              [1.32422, 41.130429],
              [1.32421, 41.130467],
              [1.324211, 41.130518],
              [1.324214, 41.130565],
              [1.324228, 41.130608],
              [1.324265, 41.130672],
              [1.32434, 41.130749],
              [1.3245, 41.130923],
              [1.324558, 41.130991],
              [1.324647, 41.131073],
              [1.324718, 41.13113],
              [1.324766, 41.131181],
              [1.32482, 41.131258],
              [1.324864, 41.131317],
              [1.324923, 41.131393],
              [1.324942, 41.131425],
              [1.324989, 41.131469],
              [1.325032, 41.131518],
              [1.325064, 41.131552],
              [1.325086, 41.131588],
              [1.325099, 41.131629],
              [1.325028, 41.131824],
              [1.32517, 41.131853],
              [1.326181, 41.13209],
              [1.326976, 41.132297],
              [1.327453, 41.13244],
              [1.326565, 41.132402],
              [1.325628, 41.132332],
              [1.324747, 41.132278],
              [1.323795, 41.132215],
              [1.322176, 41.13211],
              [1.32175, 41.132081],
              [1.321189, 41.132047],
              [1.320665, 41.132009],
              [1.320386, 41.131991],
              [1.320177, 41.131974],
              [1.320066, 41.131959],
              [1.320066, 41.131959],
              [1.319988, 41.131948],
              [1.319824, 41.131917],
              [1.319679, 41.131886],
              [1.319532, 41.131848],
              [1.319179, 41.131765],
              [1.318947, 41.131721],
              [1.318829, 41.131703],
              [1.318643, 41.131685],
              [1.318462, 41.131678],
              [1.317761, 41.131658],
              [1.317023, 41.131633],
              [1.316615, 41.131632],
              [1.315989, 41.131627],
              [1.315841, 41.131631],
              [1.315735, 41.131636],
              [1.315628, 41.131641],
              [1.315515, 41.131646],
              [1.315289, 41.13166],
              [1.31512, 41.131688],
              [1.314966, 41.131725],
              [1.314747, 41.131782],
              [1.314528, 41.131835],
              [1.314217, 41.131905],
              [1.313981, 41.131937],
              [1.313732, 41.131961],
              [1.313589, 41.131969],
              [1.31321, 41.131985],
              [1.312307, 41.132017],
              [1.312026, 41.132028],
              [1.311286, 41.132058],
              [1.310749, 41.132098],
              [1.310471, 41.132128],
              [1.309715, 41.132202],
              [1.308885, 41.132291],
              [1.308436, 41.13234],
              [1.308326, 41.132351],
              [1.308215, 41.13236],
              [1.308104, 41.132368],
              [1.308009, 41.13237],
              [1.307914, 41.132371],
              [1.307819, 41.13237],
              [1.307724, 41.132367],
              [1.307638, 41.132358],
              [1.307511, 41.132337],
              [1.307386, 41.132309],
              [1.307305, 41.132285],
              [1.307225, 41.132259],
              [1.307146, 41.132231],
              [1.307069, 41.132201],
              [1.307029, 41.132181],
              [1.30695, 41.132138],
              [1.306896, 41.132106],
              [1.306874, 41.132093],
              [1.306838, 41.132069],
              [1.306603, 41.131903],
              [1.306365, 41.131729],
              [1.306243, 41.13165],
              [1.306115, 41.131578],
              [1.306064, 41.131553],
              [1.306041, 41.131542],
              [1.305959, 41.131506],
              [1.305851, 41.131462],
              [1.305796, 41.131443],
              [1.305683, 41.131406],
              [1.305575, 41.131373],
              [1.305355, 41.131313],
              [1.305244, 41.131285],
              [1.304966, 41.131226],
              [1.304728, 41.131185],
              [1.304197, 41.131119],
              [1.304028, 41.131088],
              [1.303797, 41.131045],
              [1.302982, 41.130903],
              [1.302014, 41.130759],
              [1.301737, 41.13073],
              [1.301324, 41.130681],
              [1.300997, 41.130625],
              [1.300684, 41.130578],
              [1.300372, 41.13051],
              [1.30011, 41.130443],
              [1.299927, 41.130391]
            ]
          ]
        ]
      }
    },
    {
      "type": "Feature",
      "properties": {
        "id": "la-questio-la-barquera",
        "name": "la Qüestió - la Barquera",
        "cityId": "tarragona"
      },
      "geometry": {
        "type": "MultiPolygon",
        "coordinates": [
          [
            [
              [1.313056, 41.14719],
              [1.312712, 41.147337],
              [1.312483, 41.147437],
              [1.311954, 41.147686],
              [1.31143, 41.147946],
              [1.310972, 41.14818],
              [1.310594, 41.148368],
              [1.310184, 41.148573],
              [1.309718, 41.148801],
              [1.308979, 41.149136],
              [1.308327, 41.149401],
              [1.307765, 41.149599],
              [1.307185, 41.149788],
              [1.30649, 41.149977],
              [1.305834, 41.150133],
              [1.305262, 41.150248],
              [1.304646, 41.150346],
              [1.3041, 41.150422],
              [1.303618, 41.150468],
              [1.303066, 41.150509],
              [1.303003, 41.150512],
              [1.302317, 41.150542],
              [1.301878, 41.150547],
              [1.301382, 41.150537],
              [1.300885, 41.150517],
              [1.300544, 41.150495],
              [1.300233, 41.150469],
              [1.299684, 41.150414],
              [1.299265, 41.150357],
              [1.298817, 41.15029],
              [1.298484, 41.15023],
              [1.298185, 41.150171],
              [1.297891, 41.150111],
              [1.29757, 41.150037],
              [1.29716, 41.149932],
              [1.296734, 41.149813],
              [1.296309, 41.149683],
              [1.295873, 41.149534],
              [1.295534, 41.149411],
              [1.295168, 41.149271],
              [1.294935, 41.149176],
              [1.294534, 41.148997],
              [1.294215, 41.148845],
              [1.293933, 41.14871],
              [1.293362, 41.148401],
              [1.29301, 41.148222],
              [1.293241, 41.148008],
              [1.293286, 41.147978],
              [1.293511, 41.147923],
              [1.293754, 41.148053],
              [1.294198, 41.147786],
              [1.294229, 41.147652],
              [1.294286, 41.147374],
              [1.294342, 41.147148],
              [1.294384, 41.146952],
              [1.294453, 41.146702],
              [1.29447, 41.146559],
              [1.294437, 41.14641],
              [1.294407, 41.146305],
              [1.294414, 41.146304],
              [1.294358, 41.146163],
              [1.294377, 41.14616],
              [1.294349, 41.146093],
              [1.294345, 41.146094],
              [1.294274, 41.14593],
              [1.293993, 41.145567],
              [1.293957, 41.145581],
              [1.293929, 41.145444],
              [1.293917, 41.145358],
              [1.293914, 41.14525],
              [1.293927, 41.145141],
              [1.293949, 41.14503],
              [1.293972, 41.144943],
              [1.294042, 41.144712],
              [1.294073, 41.144546],
              [1.294086, 41.144498],
              [1.294091, 41.144485],
              [1.294166, 41.144359],
              [1.294215, 41.144272],
              [1.294306, 41.144076],
              [1.29471, 41.143176],
              [1.294738, 41.143121],
              [1.294757, 41.143127],
              [1.29507, 41.142696],
              [1.294878, 41.142259],
              [1.294848, 41.142154],
              [1.29482, 41.142038],
              [1.294667, 41.141495],
              [1.294662, 41.141411],
              [1.294601, 41.141194],
              [1.294573, 41.141006],
              [1.294615, 41.140804],
              [1.294648, 41.140558],
              [1.294721, 41.140285],
              [1.294784, 41.140116],
              [1.294811, 41.140042],
              [1.294794, 41.139913],
              [1.294862, 41.139492],
              [1.294895, 41.13927],
              [1.295033, 41.138944],
              [1.295124, 41.138726],
              [1.29531, 41.138934],
              [1.295466, 41.13912],
              [1.295577, 41.139245],
              [1.296013, 41.139755],
              [1.296278, 41.140025],
              [1.296798, 41.140051],
              [1.297013, 41.140054],
              [1.29721, 41.140059],
              [1.298383, 41.140072],
              [1.298598, 41.140071],
              [1.298799, 41.140066],
              [1.298993, 41.140064],
              [1.2996, 41.140054],
              [1.300019, 41.140049],
              [1.300303, 41.140039],
              [1.300547, 41.140034],
              [1.300816, 41.140026],
              [1.301086, 41.140003],
              [1.302432, 41.139867],
              [1.302926, 41.139789],
              [1.303385, 41.139693],
              [1.303141, 41.139101],
              [1.30306, 41.138937],
              [1.302969, 41.138726],
              [1.30283, 41.138529],
              [1.302685, 41.13831],
              [1.30259, 41.138175],
              [1.302563, 41.138131],
              [1.302527, 41.138086],
              [1.302433, 41.13799],
              [1.302309, 41.137853],
              [1.302285, 41.137823],
              [1.302294, 41.137773],
              [1.302368, 41.137598],
              [1.302432, 41.137477],
              [1.302457, 41.13744],
              [1.30239, 41.137406],
              [1.302549, 41.137276],
              [1.302876, 41.137031],
              [1.303131, 41.136832],
              [1.30328, 41.136591],
              [1.303377, 41.135665],
              [1.302088, 41.135519],
              [1.302093, 41.135071],
              [1.302779, 41.134903],
              [1.302782, 41.13464],
              [1.302777, 41.13451],
              [1.302778, 41.134481],
              [1.302772, 41.134339],
              [1.302759, 41.134242],
              [1.30276, 41.134225],
              [1.302721, 41.134102],
              [1.302615, 41.133871],
              [1.302434, 41.133524],
              [1.302242, 41.133163],
              [1.302226, 41.133122],
              [1.302212, 41.133087],
              [1.302176, 41.133013],
              [1.301571, 41.13235],
              [1.301427, 41.132258],
              [1.30099, 41.131416],
              [1.301128, 41.131383],
              [1.30171, 41.13096],
              [1.301915, 41.130799],
              [1.302014, 41.130759],
              [1.302982, 41.130903],
              [1.303797, 41.131045],
              [1.304028, 41.131088],
              [1.304089, 41.131354],
              [1.304112, 41.131483],
              [1.304123, 41.131587],
              [1.304126, 41.131676],
              [1.304127, 41.131789],
              [1.304121, 41.131892],
              [1.304112, 41.131992],
              [1.30407, 41.132294],
              [1.304294, 41.132921],
              [1.304511, 41.133144],
              [1.304611, 41.133254],
              [1.304972, 41.133665],
              [1.305429, 41.134154],
              [1.305487, 41.134222],
              [1.305519, 41.134269],
              [1.305531, 41.134294],
              [1.305544, 41.134333],
              [1.305551, 41.134371],
              [1.305549, 41.134413],
              [1.305533, 41.134492],
              [1.305488, 41.13462],
              [1.305461, 41.134684],
              [1.305421, 41.134772],
              [1.305396, 41.134822],
              [1.305317, 41.134944],
              [1.305317, 41.134945],
              [1.305239, 41.135075],
              [1.305143, 41.135247],
              [1.30509, 41.135332],
              [1.305067, 41.135396],
              [1.305058, 41.135437],
              [1.305058, 41.135502],
              [1.305066, 41.135555],
              [1.305077, 41.135594],
              [1.305097, 41.135631],
              [1.305121, 41.135667],
              [1.305171, 41.135722],
              [1.305217, 41.135764],
              [1.305362, 41.135859],
              [1.305598, 41.135999],
              [1.305924, 41.136203],
              [1.305945, 41.136188],
              [1.306295, 41.136419],
              [1.306673, 41.136672],
              [1.307142, 41.136987],
              [1.307877, 41.137483],
              [1.308701, 41.138044],
              [1.309083, 41.138297],
              [1.309524, 41.138602],
              [1.309762, 41.138756],
              [1.309991, 41.138913],
              [1.310122, 41.139],
              [1.310191, 41.139047],
              [1.310248, 41.139083],
              [1.310309, 41.13913],
              [1.310378, 41.139191],
              [1.310406, 41.139224],
              [1.310456, 41.139284],
              [1.310472, 41.139329],
              [1.310498, 41.139392],
              [1.310511, 41.139433],
              [1.310577, 41.139652],
              [1.310628, 41.139855],
              [1.310698, 41.140136],
              [1.310767, 41.140382],
              [1.310828, 41.140597],
              [1.310856, 41.140658],
              [1.310896, 41.140731],
              [1.310941, 41.140776],
              [1.31099, 41.140816],
              [1.311032, 41.140843],
              [1.311067, 41.14086],
              [1.311098, 41.140876],
              [1.311136, 41.140888],
              [1.31117, 41.140899],
              [1.311249, 41.140918],
              [1.31136, 41.140948],
              [1.311521, 41.140986],
              [1.311718, 41.141036],
              [1.31195, 41.141093],
              [1.312172, 41.14115],
              [1.31255, 41.141246],
              [1.31292, 41.141341],
              [1.313222, 41.141415],
              [1.313455, 41.141476],
              [1.313622, 41.141521],
              [1.313752, 41.141558],
              [1.31384, 41.141587],
              [1.313971, 41.141639],
              [1.314053, 41.141676],
              [1.314106, 41.141706],
              [1.314184, 41.141751],
              [1.314249, 41.141798],
              [1.314305, 41.141847],
              [1.314365, 41.141913],
              [1.314414, 41.141976],
              [1.314473, 41.142064],
              [1.314512, 41.142133],
              [1.31454, 41.142227],
              [1.314559, 41.142299],
              [1.314568, 41.142377],
              [1.314571, 41.142445],
              [1.314568, 41.142523],
              [1.314558, 41.14261],
              [1.314549, 41.1427],
              [1.314537, 41.142794],
              [1.314518, 41.142929],
              [1.314485, 41.143176],
              [1.314458, 41.143407],
              [1.314424, 41.143694],
              [1.314395, 41.143961],
              [1.314383, 41.144154],
              [1.314383, 41.14433],
              [1.314385, 41.144453],
              [1.314401, 41.144581],
              [1.314399, 41.144741],
              [1.314384, 41.144872],
              [1.314346, 41.145006],
              [1.314298, 41.145115],
              [1.314269, 41.145184],
              [1.31425, 41.145254],
              [1.314249, 41.145323],
              [1.314271, 41.145412],
              [1.314406, 41.145761],
              [1.314422, 41.145803],
              [1.31456, 41.146113],
              [1.314592, 41.146289],
              [1.31461, 41.146438],
              [1.314561, 41.146619],
              [1.31427, 41.146727],
              [1.313856, 41.146872],
              [1.313388, 41.147053],
              [1.313056, 41.14719]
            ],
            [
              [1.311938, 41.142358],
              [1.311975, 41.14216],
              [1.311416, 41.142083],
              [1.311442, 41.14199],
              [1.311274, 41.142028],
              [1.311087, 41.141982],
              [1.311012, 41.141969],
              [1.310962, 41.141965],
              [1.310907, 41.141963],
              [1.310869, 41.141968],
              [1.310832, 41.141978],
              [1.310813, 41.141986],
              [1.310798, 41.141998],
              [1.310789, 41.142008],
              [1.310785, 41.142017],
              [1.310786, 41.142093],
              [1.310819, 41.142115],
              [1.310852, 41.142147],
              [1.310864, 41.142139],
              [1.310877, 41.142135],
              [1.310876, 41.142137],
              [1.310936, 41.142156],
              [1.31092, 41.142183],
              [1.310931, 41.142187],
              [1.310905, 41.142227],
              [1.31084, 41.142285],
              [1.310765, 41.142389],
              [1.310623, 41.142337],
              [1.310616, 41.142348],
              [1.310615, 41.142348],
              [1.310552, 41.142476],
              [1.31046, 41.142658],
              [1.310463, 41.142672],
              [1.310876, 41.143137],
              [1.310932, 41.143156],
              [1.310969, 41.143245],
              [1.310971, 41.143256],
              [1.310975, 41.143268],
              [1.311087, 41.143396],
              [1.311206, 41.143519],
              [1.31125, 41.143545],
              [1.311479, 41.143361],
              [1.311787, 41.143119],
              [1.311883, 41.142627],
              [1.311882, 41.142557],
              [1.311913, 41.142461],
              [1.311927, 41.142405],
              [1.311938, 41.142358]
            ]
          ]
        ]
      }
    },
    {
      "type": "Feature",
      "properties": {
        "id": "la-roca",
        "name": "la Roca",
        "cityId": "tarragona"
      },
      "geometry": {
        "type": "MultiPolygon",
        "coordinates": [
          [
            [
              [1.213468, 41.130912],
              [1.211907, 41.131348],
              [1.21167, 41.131412],
              [1.21151, 41.131451],
              [1.211394, 41.131478],
              [1.211195, 41.13152],
              [1.210996, 41.131556],
              [1.210859, 41.131577],
              [1.210741, 41.131594],
              [1.21061, 41.131611],
              [1.21051, 41.131622],
              [1.210352, 41.131636],
              [1.210158, 41.13165],
              [1.209903, 41.131663],
              [1.209214, 41.131679],
              [1.208948, 41.131684],
              [1.208778, 41.131687],
              [1.208495, 41.131689],
              [1.208133, 41.131685],
              [1.207903, 41.131675],
              [1.207674, 41.131658],
              [1.207446, 41.131635],
              [1.207219, 41.131606],
              [1.207044, 41.131576],
              [1.206872, 41.131542],
              [1.206702, 41.131503],
              [1.206533, 41.131458],
              [1.206367, 41.131409],
              [1.206204, 41.131355],
              [1.206002, 41.131281],
              [1.205348, 41.130974],
              [1.204929, 41.13071],
              [1.204885, 41.13068],
              [1.204737, 41.130571],
              [1.204694, 41.130539],
              [1.204532, 41.130416],
              [1.204476, 41.130373],
              [1.204299, 41.130232],
              [1.203961, 41.129969],
              [1.203258, 41.129438],
              [1.202867, 41.129131],
              [1.202533, 41.128871],
              [1.202375, 41.128749],
              [1.201414, 41.128019],
              [1.204709, 41.127067],
              [1.205326, 41.126882],
              [1.207158, 41.12631],
              [1.208095, 41.126019],
              [1.208481, 41.126715],
              [1.208593, 41.126835],
              [1.209647, 41.126489],
              [1.210862, 41.12821],
              [1.213648, 41.12746],
              [1.214232, 41.127305],
              [1.21497, 41.127107],
              [1.219147, 41.125982],
              [1.221386, 41.125378],
              [1.221407, 41.125476],
              [1.221435, 41.125573],
              [1.221471, 41.125668],
              [1.221514, 41.125762],
              [1.219878, 41.126335],
              [1.22047, 41.127593],
              [1.220291, 41.127642],
              [1.220645, 41.128395],
              [1.220191, 41.128517],
              [1.220411, 41.128819],
              [1.220475, 41.12886],
              [1.220616, 41.128945],
              [1.220475, 41.128973],
              [1.220262, 41.129021],
              [1.220113, 41.129057],
              [1.219809, 41.129135],
              [1.219476, 41.129226],
              [1.213468, 41.130912]
            ]
          ]
        ]
      }
    },
    {
      "type": "Feature",
      "properties": {
        "id": "la-savinosa",
        "name": "la Savinosa",
        "cityId": "tarragona"
      },
      "geometry": {
        "type": "MultiPolygon",
        "coordinates": [
          [
            [
              [1.284456, 41.122548],
              [1.284548, 41.122594],
              [1.284639, 41.122639],
              [1.284792, 41.122714],
              [1.284945, 41.122788],
              [1.284982, 41.122803],
              [1.285022, 41.122814],
              [1.285106, 41.122832],
              [1.28516, 41.122849],
              [1.285213, 41.122872],
              [1.285265, 41.122894],
              [1.285309, 41.122911],
              [1.285354, 41.122928],
              [1.285435, 41.122967],
              [1.285514, 41.123007],
              [1.285568, 41.123032],
              [1.285671, 41.123072],
              [1.285776, 41.12311],
              [1.285931, 41.123164],
              [1.286086, 41.123217],
              [1.28619, 41.123253],
              [1.286294, 41.123289],
              [1.286327, 41.123302],
              [1.286357, 41.123318],
              [1.286416, 41.123351],
              [1.286458, 41.12337],
              [1.286515, 41.12339],
              [1.286573, 41.123408],
              [1.286691, 41.123437],
              [1.286773, 41.123453],
              [1.286891, 41.123472],
              [1.287009, 41.123485],
              [1.287088, 41.123491],
              [1.28714, 41.123492],
              [1.287192, 41.123491],
              [1.287296, 41.123485],
              [1.287368, 41.123475],
              [1.287437, 41.123459],
              [1.287483, 41.123445],
              [1.287512, 41.123434],
              [1.287537, 41.12342],
              [1.28755, 41.12341],
              [1.287563, 41.123393],
              [1.287573, 41.12337],
              [1.287584, 41.123343],
              [1.287566, 41.123329],
              [1.287543, 41.12331],
              [1.287527, 41.123291],
              [1.287518, 41.123269],
              [1.287516, 41.123246],
              [1.28752, 41.123223],
              [1.287537, 41.123187],
              [1.287549, 41.12317],
              [1.287564, 41.123154],
              [1.287595, 41.123128],
              [1.287632, 41.123108],
              [1.287674, 41.123092],
              [1.287716, 41.123077],
              [1.287737, 41.123069],
              [1.287757, 41.12306],
              [1.287764, 41.123052],
              [1.287766, 41.123027],
              [1.28777, 41.12302],
              [1.287778, 41.123011],
              [1.287789, 41.123004],
              [1.287825, 41.122997],
              [1.287861, 41.122994],
              [1.287882, 41.122994],
              [1.287903, 41.122995],
              [1.287906, 41.122998],
              [1.287907, 41.123011],
              [1.287928, 41.123008],
              [1.287947, 41.123005],
              [1.287976, 41.123005],
              [1.288001, 41.123005],
              [1.288019, 41.122992],
              [1.288032, 41.122979],
              [1.28805, 41.122966],
              [1.28807, 41.122956],
              [1.288097, 41.122951],
              [1.288124, 41.12295],
              [1.288147, 41.12295],
              [1.288169, 41.12295],
              [1.288197, 41.122946],
              [1.288226, 41.122942],
              [1.288256, 41.122942],
              [1.288287, 41.122944],
              [1.288303, 41.122949],
              [1.288319, 41.122953],
              [1.288341, 41.122954],
              [1.288362, 41.122954],
              [1.288379, 41.122953],
              [1.288396, 41.122956],
              [1.288399, 41.122959],
              [1.288395, 41.122971],
              [1.288397, 41.122988],
              [1.288404, 41.123003],
              [1.288422, 41.123017],
              [1.288457, 41.123028],
              [1.288474, 41.123034],
              [1.288489, 41.123041],
              [1.288502, 41.123052],
              [1.288516, 41.123063],
              [1.28853, 41.123068],
              [1.288546, 41.123073],
              [1.28857, 41.123078],
              [1.288594, 41.123081],
              [1.28863, 41.12308],
              [1.288667, 41.123079],
              [1.288698, 41.123079],
              [1.28873, 41.12308],
              [1.288753, 41.123084],
              [1.288785, 41.123094],
              [1.288817, 41.123108],
              [1.288844, 41.123122],
              [1.288868, 41.123138],
              [1.28889, 41.123157],
              [1.288906, 41.12318],
              [1.28891, 41.12319],
              [1.288909, 41.123206],
              [1.288903, 41.123221],
              [1.288883, 41.123245],
              [1.288863, 41.123269],
              [1.288851, 41.123291],
              [1.288842, 41.123314],
              [1.288842, 41.123332],
              [1.288841, 41.123349],
              [1.288831, 41.123364],
              [1.288818, 41.123378],
              [1.28879, 41.123405],
              [1.288761, 41.123429],
              [1.288751, 41.123434],
              [1.288729, 41.123439],
              [1.288685, 41.123444],
              [1.288677, 41.123456],
              [1.288678, 41.123471],
              [1.288683, 41.123486],
              [1.28869, 41.123503],
              [1.288697, 41.12352],
              [1.288701, 41.123539],
              [1.288699, 41.123548],
              [1.288694, 41.123557],
              [1.288685, 41.12356],
              [1.288661, 41.123557],
              [1.288653, 41.123559],
              [1.288636, 41.123567],
              [1.288622, 41.123579],
              [1.288617, 41.12359],
              [1.288615, 41.123607],
              [1.288618, 41.123624],
              [1.288627, 41.123652],
              [1.288635, 41.123665],
              [1.288647, 41.123676],
              [1.288726, 41.123719],
              [1.288806, 41.123758],
              [1.288859, 41.123785],
              [1.288912, 41.123811],
              [1.28894, 41.123822],
              [1.288986, 41.123834],
              [1.289029, 41.123848],
              [1.289072, 41.123869],
              [1.28911, 41.123888],
              [1.289041, 41.124],
              [1.288459, 41.124881],
              [1.288262, 41.125192],
              [1.288205, 41.125185],
              [1.288119, 41.125178],
              [1.288062, 41.125176],
              [1.288004, 41.125174],
              [1.28789, 41.125174],
              [1.287828, 41.125175],
              [1.287509, 41.125188],
              [1.287299, 41.125195],
              [1.287156, 41.125195],
              [1.287068, 41.125193],
              [1.286933, 41.125184],
              [1.286814, 41.12517],
              [1.286711, 41.125154],
              [1.28658, 41.125127],
              [1.286363, 41.125073],
              [1.285849, 41.124935],
              [1.285534, 41.124853],
              [1.285061, 41.124724],
              [1.284936, 41.124689],
              [1.284808, 41.124649],
              [1.284696, 41.12461],
              [1.284425, 41.124511],
              [1.282672, 41.123861],
              [1.282362, 41.123749],
              [1.282045, 41.123638],
              [1.281894, 41.123586],
              [1.281787, 41.123552],
              [1.281524, 41.123475],
              [1.281154, 41.123374],
              [1.28073, 41.123249],
              [1.280358, 41.123161],
              [1.280086, 41.123114],
              [1.279817, 41.123075],
              [1.27954, 41.123048],
              [1.279268, 41.123025],
              [1.279107, 41.122994],
              [1.278937, 41.122981],
              [1.278891, 41.122975],
              [1.278843, 41.122964],
              [1.278797, 41.122949],
              [1.278753, 41.122932],
              [1.278705, 41.122908],
              [1.278653, 41.122875],
              [1.278606, 41.122852],
              [1.278548, 41.122827],
              [1.27849, 41.122812],
              [1.27842, 41.122797],
              [1.278381, 41.122794],
              [1.278237, 41.122796],
              [1.278196, 41.122794],
              [1.278155, 41.122788],
              [1.278112, 41.122777],
              [1.278069, 41.122761],
              [1.277892, 41.122691],
              [1.278105, 41.122472],
              [1.278231, 41.122364],
              [1.278314, 41.122317],
              [1.278508, 41.122238],
              [1.27869, 41.122155],
              [1.279221, 41.121848],
              [1.279477, 41.121973],
              [1.279732, 41.121702],
              [1.279747, 41.121687],
              [1.279823, 41.121575],
              [1.279557, 41.121471],
              [1.279616, 41.121383],
              [1.279069, 41.121176],
              [1.279142, 41.121066],
              [1.27918, 41.121081],
              [1.279509, 41.120507],
              [1.279536, 41.120443],
              [1.279547, 41.12044],
              [1.279568, 41.120428],
              [1.279583, 41.120409],
              [1.279595, 41.120389],
              [1.279601, 41.120381],
              [1.279609, 41.120375],
              [1.279627, 41.120375],
              [1.279645, 41.120377],
              [1.279667, 41.120378],
              [1.27969, 41.120377],
              [1.279717, 41.12037],
              [1.279734, 41.12036],
              [1.279782, 41.120323],
              [1.279813, 41.120296],
              [1.279843, 41.120269],
              [1.279858, 41.120258],
              [1.279873, 41.120248],
              [1.279883, 41.120245],
              [1.2799, 41.120245],
              [1.279914, 41.120251],
              [1.279936, 41.120266],
              [1.279954, 41.120283],
              [1.279975, 41.120307],
              [1.279996, 41.120331],
              [1.280017, 41.120349],
              [1.280039, 41.120363],
              [1.280053, 41.120366],
              [1.280065, 41.120364],
              [1.280083, 41.120356],
              [1.280099, 41.120345],
              [1.280107, 41.120337],
              [1.280113, 41.12032],
              [1.280117, 41.120294],
              [1.28012, 41.120282],
              [1.280129, 41.120271],
              [1.280145, 41.120258],
              [1.280165, 41.120246],
              [1.280207, 41.120228],
              [1.280249, 41.12021],
              [1.280302, 41.12019],
              [1.280354, 41.120171],
              [1.280369, 41.120168],
              [1.280398, 41.120168],
              [1.280443, 41.12017],
              [1.280463, 41.120168],
              [1.280485, 41.120157],
              [1.280482, 41.120144],
              [1.280467, 41.120128],
              [1.280461, 41.12012],
              [1.280457, 41.120112],
              [1.280456, 41.120107],
              [1.280459, 41.120101],
              [1.280481, 41.120087],
              [1.280498, 41.120081],
              [1.280525, 41.120075],
              [1.280554, 41.120071],
              [1.280577, 41.120072],
              [1.280607, 41.120065],
              [1.280634, 41.120054],
              [1.280645, 41.120047],
              [1.280657, 41.12003],
              [1.280671, 41.120001],
              [1.28068, 41.119988],
              [1.280693, 41.119977],
              [1.280713, 41.11997],
              [1.280724, 41.119969],
              [1.280733, 41.119971],
              [1.28075, 41.11998],
              [1.280767, 41.11999],
              [1.280834, 41.120024],
              [1.280899, 41.120056],
              [1.280931, 41.120069],
              [1.280974, 41.120086],
              [1.281002, 41.120088],
              [1.281024, 41.120082],
              [1.281032, 41.120074],
              [1.281037, 41.120058],
              [1.281044, 41.120043],
              [1.28106, 41.120029],
              [1.28108, 41.120019],
              [1.281093, 41.120019],
              [1.281107, 41.120019],
              [1.281124, 41.12001],
              [1.281138, 41.119997],
              [1.281143, 41.119984],
              [1.281143, 41.119962],
              [1.281145, 41.119952],
              [1.281152, 41.119944],
              [1.28117, 41.119931],
              [1.281188, 41.119919],
              [1.281209, 41.119902],
              [1.281232, 41.119886],
              [1.281244, 41.119883],
              [1.281263, 41.119884],
              [1.281282, 41.119885],
              [1.281307, 41.11988],
              [1.281332, 41.119876],
              [1.281348, 41.11988],
              [1.281364, 41.119885],
              [1.281389, 41.119881],
              [1.281415, 41.119878],
              [1.281445, 41.119877],
              [1.281476, 41.119879],
              [1.281505, 41.119885],
              [1.281544, 41.119901],
              [1.28158, 41.119924],
              [1.281588, 41.119934],
              [1.281597, 41.119959],
              [1.281605, 41.119967],
              [1.281643, 41.119994],
              [1.281686, 41.120017],
              [1.281769, 41.120052],
              [1.281853, 41.120084],
              [1.281892, 41.120096],
              [1.281938, 41.120108],
              [1.281961, 41.120098],
              [1.281988, 41.120078],
              [1.282001, 41.12007],
              [1.282015, 41.120066],
              [1.282037, 41.120065],
              [1.282072, 41.12007],
              [1.282089, 41.120077],
              [1.282102, 41.120087],
              [1.282109, 41.120097],
              [1.282112, 41.120113],
              [1.282117, 41.120128],
              [1.282142, 41.120164],
              [1.282168, 41.1202],
              [1.282199, 41.120239],
              [1.282231, 41.120279],
              [1.282266, 41.120319],
              [1.2823, 41.120361],
              [1.282306, 41.120374],
              [1.282308, 41.120395],
              [1.282308, 41.120415],
              [1.282308, 41.120446],
              [1.282307, 41.120476],
              [1.282311, 41.12049],
              [1.282323, 41.120509],
              [1.282333, 41.120528],
              [1.282338, 41.120547],
              [1.282338, 41.120557],
              [1.282332, 41.120565],
              [1.282303, 41.120581],
              [1.282273, 41.120593],
              [1.282256, 41.120599],
              [1.282238, 41.120608],
              [1.282233, 41.120617],
              [1.282235, 41.120628],
              [1.28224, 41.120666],
              [1.282245, 41.120684],
              [1.282253, 41.120702],
              [1.282281, 41.120746],
              [1.282309, 41.120791],
              [1.282332, 41.120829],
              [1.282355, 41.120866],
              [1.282374, 41.120889],
              [1.2824, 41.120908],
              [1.282411, 41.120912],
              [1.282432, 41.120913],
              [1.282465, 41.120909],
              [1.282481, 41.120908],
              [1.282496, 41.120909],
              [1.282518, 41.120914],
              [1.282538, 41.120924],
              [1.28255, 41.120938],
              [1.282558, 41.120953],
              [1.282555, 41.120967],
              [1.282578, 41.120986],
              [1.28259, 41.120991],
              [1.282603, 41.120991],
              [1.282636, 41.120984],
              [1.282669, 41.120975],
              [1.282713, 41.120962],
              [1.282756, 41.12095],
              [1.282772, 41.120949],
              [1.282797, 41.120952],
              [1.282822, 41.120957],
              [1.282864, 41.120968],
              [1.282903, 41.120983],
              [1.28291, 41.120989],
              [1.282916, 41.121007],
              [1.282922, 41.121013],
              [1.282936, 41.121017],
              [1.282959, 41.12102],
              [1.282982, 41.121017],
              [1.283, 41.121011],
              [1.283015, 41.121001],
              [1.283019, 41.120992],
              [1.283018, 41.120977],
              [1.283018, 41.120969],
              [1.283022, 41.120964],
              [1.283037, 41.120956],
              [1.283052, 41.120948],
              [1.283066, 41.120935],
              [1.283081, 41.120924],
              [1.283093, 41.12092],
              [1.283116, 41.120918],
              [1.283135, 41.12092],
              [1.283163, 41.120928],
              [1.283185, 41.12094],
              [1.283203, 41.120955],
              [1.28322, 41.12097],
              [1.283242, 41.120989],
              [1.283268, 41.121006],
              [1.283295, 41.121016],
              [1.283337, 41.121025],
              [1.28338, 41.12103],
              [1.283424, 41.121031],
              [1.283446, 41.121031],
              [1.283467, 41.121034],
              [1.283478, 41.121042],
              [1.283492, 41.121069],
              [1.283501, 41.121077],
              [1.283558, 41.121103],
              [1.283617, 41.121127],
              [1.283639, 41.121132],
              [1.283674, 41.121137],
              [1.283691, 41.121141],
              [1.283706, 41.121149],
              [1.28371, 41.121157],
              [1.283713, 41.121166],
              [1.283735, 41.121197],
              [1.283763, 41.121224],
              [1.283778, 41.121232],
              [1.283804, 41.12124],
              [1.283828, 41.121248],
              [1.283844, 41.121263],
              [1.283864, 41.121291],
              [1.283875, 41.121303],
              [1.283892, 41.121311],
              [1.283908, 41.121305],
              [1.283919, 41.121302],
              [1.283934, 41.1213],
              [1.283941, 41.1213],
              [1.283947, 41.121303],
              [1.283969, 41.121328],
              [1.283997, 41.121367],
              [1.284024, 41.121407],
              [1.284063, 41.121461],
              [1.2841, 41.121517],
              [1.284109, 41.12154],
              [1.284113, 41.121575],
              [1.284114, 41.121611],
              [1.284113, 41.12162],
              [1.284121, 41.121638],
              [1.284133, 41.121655],
              [1.28415, 41.121674],
              [1.284181, 41.121701],
              [1.284194, 41.121716],
              [1.284203, 41.121732],
              [1.284205, 41.121749],
              [1.284202, 41.121766],
              [1.284197, 41.121786],
              [1.284194, 41.121806],
              [1.284199, 41.12183],
              [1.284214, 41.121865],
              [1.284231, 41.1219],
              [1.284241, 41.121918],
              [1.284251, 41.121936],
              [1.284252, 41.121945],
              [1.284246, 41.12196],
              [1.284234, 41.121975],
              [1.284219, 41.121984],
              [1.284181, 41.121993],
              [1.28417, 41.122002],
              [1.284162, 41.122015],
              [1.284157, 41.12203],
              [1.284157, 41.122047],
              [1.284156, 41.122064],
              [1.284151, 41.122066],
              [1.28413, 41.122061],
              [1.284119, 41.122088],
              [1.284111, 41.122114],
              [1.284111, 41.122131],
              [1.28411, 41.12214],
              [1.284104, 41.122149],
              [1.284098, 41.122153],
              [1.284091, 41.122154],
              [1.284081, 41.122152],
              [1.284063, 41.12214],
              [1.284056, 41.122143],
              [1.284054, 41.12215],
              [1.284055, 41.12216],
              [1.284056, 41.12217],
              [1.284054, 41.122204],
              [1.28405, 41.122238],
              [1.284041, 41.122258],
              [1.284025, 41.122275],
              [1.284015, 41.122282],
              [1.284005, 41.122288],
              [1.284001, 41.122297],
              [1.284001, 41.122313],
              [1.284008, 41.122313],
              [1.284012, 41.122314],
              [1.284015, 41.122316],
              [1.284046, 41.122338],
              [1.284079, 41.122361],
              [1.284125, 41.12239],
              [1.284174, 41.122416],
              [1.284276, 41.122465],
              [1.284366, 41.122506],
              [1.284456, 41.122548]
            ]
          ]
        ]
      }
    },
    {
      "type": "Feature",
      "properties": {
        "id": "la-vall-de-l-arrabassada",
        "name": "la Vall de l'Arrabassada",
        "cityId": "tarragona"
      },
      "geometry": {
        "type": "MultiPolygon",
        "coordinates": [
          [
            [
              [1.267983, 41.123289],
              [1.267974, 41.123313],
              [1.267971, 41.123338],
              [1.268019, 41.123886],
              [1.267952, 41.123912],
              [1.267915, 41.123933],
              [1.26812, 41.123979],
              [1.26815, 41.123984],
              [1.268242, 41.124021],
              [1.26827, 41.12403],
              [1.2683, 41.124034],
              [1.268313, 41.124041],
              [1.268329, 41.124045],
              [1.268302, 41.124115],
              [1.268284, 41.124117],
              [1.26826, 41.12415],
              [1.268238, 41.124172],
              [1.268515, 41.124711],
              [1.268484, 41.124712],
              [1.267866, 41.124702],
              [1.267447, 41.12454],
              [1.267094, 41.124417],
              [1.266991, 41.124384],
              [1.266892, 41.12435],
              [1.266165, 41.12414],
              [1.264784, 41.123752],
              [1.264295, 41.123613],
              [1.263859, 41.123492],
              [1.263515, 41.123401],
              [1.263411, 41.123375],
              [1.263386, 41.123375],
              [1.263144, 41.123316],
              [1.262927, 41.123277],
              [1.262964, 41.123158],
              [1.263099, 41.123078],
              [1.263237, 41.122546],
              [1.263622, 41.122444],
              [1.26402, 41.122418],
              [1.264151, 41.122406],
              [1.26421, 41.122396],
              [1.264299, 41.122376],
              [1.264485, 41.122324],
              [1.264598, 41.122289],
              [1.264724, 41.122246],
              [1.264852, 41.122197],
              [1.264985, 41.122141],
              [1.265056, 41.122109],
              [1.265134, 41.12207],
              [1.265259, 41.122004],
              [1.26538, 41.121935],
              [1.265452, 41.121891],
              [1.265581, 41.121804],
              [1.265674, 41.121738],
              [1.26578, 41.121657],
              [1.265823, 41.121621],
              [1.265925, 41.121531],
              [1.265982, 41.121478],
              [1.266073, 41.121386],
              [1.266125, 41.12133],
              [1.266208, 41.121232],
              [1.266302, 41.121109],
              [1.266603, 41.120684],
              [1.266655, 41.120614],
              [1.267148, 41.119912],
              [1.26736, 41.119999],
              [1.267368, 41.120066],
              [1.267377, 41.120102],
              [1.267377, 41.120169],
              [1.26739, 41.120259],
              [1.267426, 41.120389],
              [1.267459, 41.120474],
              [1.267515, 41.120592],
              [1.267567, 41.120671],
              [1.267583, 41.120731],
              [1.267609, 41.120814],
              [1.268082, 41.120748],
              [1.268581, 41.120679],
              [1.268677, 41.120665],
              [1.268769, 41.120769],
              [1.268943, 41.120961],
              [1.269202, 41.121254],
              [1.26945, 41.121145],
              [1.269434, 41.121123],
              [1.269697, 41.120992],
              [1.269857, 41.120918],
              [1.270149, 41.120767],
              [1.270705, 41.120509],
              [1.270987, 41.120498],
              [1.271345, 41.120531],
              [1.271527, 41.120589],
              [1.27167, 41.12047],
              [1.271846, 41.120367],
              [1.27199, 41.120286],
              [1.272102, 41.120231],
              [1.272616, 41.120441],
              [1.272866, 41.120548],
              [1.27316, 41.120669],
              [1.273384, 41.120764],
              [1.273639, 41.12087],
              [1.274464, 41.121223],
              [1.275526, 41.121684],
              [1.276062, 41.121912],
              [1.276556, 41.122112],
              [1.276519, 41.122162],
              [1.276459, 41.122265],
              [1.276378, 41.122359],
              [1.276214, 41.122532],
              [1.276169, 41.122577],
              [1.276099, 41.122645],
              [1.275994, 41.122743],
              [1.275873, 41.122848],
              [1.275747, 41.122951],
              [1.275607, 41.123054],
              [1.275366, 41.123227],
              [1.2752, 41.12333],
              [1.2751, 41.123388],
              [1.274937, 41.123477],
              [1.2748, 41.123549],
              [1.27466, 41.123618],
              [1.274351, 41.123765],
              [1.274187, 41.123838],
              [1.273747, 41.12402],
              [1.273086, 41.124278],
              [1.271169, 41.124764],
              [1.271343, 41.12437],
              [1.271377, 41.124246],
              [1.271379, 41.124211],
              [1.271373, 41.124166],
              [1.271369, 41.124152],
              [1.271356, 41.124128],
              [1.271345, 41.124113],
              [1.271316, 41.124087],
              [1.27129, 41.12407],
              [1.271262, 41.124055],
              [1.271237, 41.124044],
              [1.271996, 41.122991],
              [1.271821, 41.122918],
              [1.271735, 41.122863],
              [1.271588, 41.122776],
              [1.271532, 41.12274],
              [1.271457, 41.122681],
              [1.271258, 41.122655],
              [1.271172, 41.122648],
              [1.270981, 41.122568],
              [1.270935, 41.122615],
              [1.270888, 41.122656],
              [1.270347, 41.123001],
              [1.270268, 41.123037],
              [1.270204, 41.123061],
              [1.270137, 41.123079],
              [1.270067, 41.123093],
              [1.269997, 41.123101],
              [1.26936, 41.123134],
              [1.269058, 41.122975],
              [1.269002, 41.122994],
              [1.268503, 41.123177],
              [1.268129, 41.123197],
              [1.268097, 41.123203],
              [1.268067, 41.123214],
              [1.26804, 41.123228],
              [1.268016, 41.123246],
              [1.267997, 41.123266],
              [1.267983, 41.123289]
            ]
          ]
        ]
      }
    },
    {
      "type": "Feature",
      "properties": {
        "id": "la-vileta-de-mar",
        "name": "la Vileta de Mar",
        "cityId": "tarragona"
      },
      "geometry": {
        "type": "MultiPolygon",
        "coordinates": [
          [
            [
              [1.27869, 41.122155],
              [1.278508, 41.122238],
              [1.278314, 41.122317],
              [1.278231, 41.122364],
              [1.278105, 41.122472],
              [1.277892, 41.122691],
              [1.277845, 41.122673],
              [1.277675, 41.122612],
              [1.277548, 41.122554],
              [1.277077, 41.12235],
              [1.276759, 41.122206],
              [1.276556, 41.122112],
              [1.276713, 41.1219],
              [1.276791, 41.121778],
              [1.276804, 41.121754],
              [1.276836, 41.121686],
              [1.276856, 41.121628],
              [1.276868, 41.121587],
              [1.276897, 41.121471],
              [1.276934, 41.121302],
              [1.276978, 41.121115],
              [1.277012, 41.120928],
              [1.27712, 41.120751],
              [1.277737, 41.120993],
              [1.277936, 41.121069],
              [1.277935, 41.121072],
              [1.278106, 41.121137],
              [1.278273, 41.121197],
              [1.278849, 41.12141],
              [1.279338, 41.121588],
              [1.279347, 41.121561],
              [1.279732, 41.121702],
              [1.279477, 41.121973],
              [1.279221, 41.121848],
              [1.27869, 41.122155]
            ]
          ]
        ]
      }
    },
    {
      "type": "Feature",
      "properties": {
        "id": "la-volta",
        "name": "la Volta",
        "cityId": "tarragona"
      },
      "geometry": {
        "type": "MultiPolygon",
        "coordinates": [
          [
            [
              [1.228028, 41.129143],
              [1.228413, 41.12914],
              [1.228936, 41.129135],
              [1.229915, 41.129052],
              [1.230585, 41.128945],
              [1.23073, 41.128924],
              [1.230751, 41.129071],
              [1.23075, 41.129165],
              [1.230933, 41.130053],
              [1.23094, 41.130283],
              [1.231063, 41.130926],
              [1.231184, 41.131536],
              [1.231239, 41.131732],
              [1.231254, 41.132024],
              [1.231328, 41.132469],
              [1.231494, 41.133407],
              [1.23164, 41.134133],
              [1.231696, 41.13446],
              [1.231761, 41.134646],
              [1.231782, 41.134757],
              [1.23119, 41.134892],
              [1.230957, 41.135252],
              [1.230734, 41.135598],
              [1.230842, 41.135964],
              [1.231165, 41.136979],
              [1.231086, 41.136947],
              [1.230983, 41.136911],
              [1.230855, 41.136879],
              [1.230758, 41.136862],
              [1.230685, 41.136853],
              [1.230558, 41.136842],
              [1.230412, 41.136835],
              [1.230223, 41.136834],
              [1.230088, 41.136836],
              [1.229879, 41.136804],
              [1.229795, 41.136783],
              [1.229693, 41.136738],
              [1.229607, 41.136677],
              [1.229538, 41.136605],
              [1.229486, 41.136513],
              [1.229484, 41.136177],
              [1.229489, 41.135807],
              [1.22948, 41.135697],
              [1.229467, 41.135587],
              [1.229451, 41.135478],
              [1.22838, 41.13545],
              [1.228068, 41.135816],
              [1.227998, 41.135895],
              [1.227931, 41.135974],
              [1.22783, 41.136088],
              [1.227724, 41.136201],
              [1.227614, 41.13631],
              [1.2275, 41.136418],
              [1.227381, 41.136522],
              [1.227259, 41.136624],
              [1.227136, 41.136537],
              [1.227125, 41.136369],
              [1.227121, 41.136227],
              [1.227115, 41.136079],
              [1.227318, 41.13605],
              [1.227323, 41.135871],
              [1.227276, 41.135694],
              [1.22715, 41.135428],
              [1.227113, 41.135438],
              [1.227008, 41.135215],
              [1.226821, 41.135239],
              [1.226705, 41.134975],
              [1.226545, 41.134751],
              [1.226509, 41.134727],
              [1.226359, 41.134636],
              [1.226034, 41.134483],
              [1.225969, 41.13445],
              [1.225811, 41.134399],
              [1.225629, 41.134377],
              [1.225399, 41.134167],
              [1.22519, 41.134161],
              [1.225091, 41.13416],
              [1.224661, 41.134576],
              [1.224743, 41.134622],
              [1.224633, 41.134729],
              [1.223864, 41.134281],
              [1.223465, 41.134378],
              [1.223306, 41.134406],
              [1.223152, 41.134425],
              [1.222998, 41.134437],
              [1.222833, 41.134442],
              [1.222622, 41.134434],
              [1.222388, 41.13441],
              [1.222311, 41.134435],
              [1.222465, 41.133503],
              [1.222568, 41.132852],
              [1.222589, 41.132701],
              [1.222722, 41.131866],
              [1.22238, 41.131525],
              [1.222388, 41.131475],
              [1.222375, 41.131433],
              [1.22234, 41.131399],
              [1.222297, 41.131379],
              [1.222237, 41.131371],
              [1.221321, 41.131533],
              [1.220757, 41.129029],
              [1.220616, 41.128945],
              [1.220741, 41.128925],
              [1.220973, 41.128885],
              [1.221237, 41.128844],
              [1.221368, 41.128827],
              [1.221487, 41.128813],
              [1.22167, 41.128794],
              [1.221873, 41.128782],
              [1.222097, 41.128769],
              [1.222469, 41.128755],
              [1.222946, 41.128761],
              [1.223254, 41.128775],
              [1.224368, 41.128867],
              [1.225559, 41.128971],
              [1.226308, 41.129041],
              [1.22672, 41.129091],
              [1.227211, 41.129126],
              [1.228028, 41.129143]
            ]
          ]
        ]
      }
    },
    {
      "type": "Feature",
      "properties": {
        "id": "les-gavarres",
        "name": "les Gavarres",
        "cityId": "tarragona"
      },
      "geometry": {
        "type": "MultiPolygon",
        "coordinates": [
          [
            [
              [1.204632, 41.134539],
              [1.197382, 41.129698],
              [1.19684, 41.129339],
              [1.198013, 41.129],
              [1.198802, 41.128774],
              [1.201414, 41.128019],
              [1.202375, 41.128749],
              [1.202533, 41.128871],
              [1.202867, 41.129131],
              [1.203258, 41.129438],
              [1.203961, 41.129969],
              [1.204299, 41.130232],
              [1.204498, 41.13039],
              [1.204727, 41.130564],
              [1.204902, 41.130692],
              [1.204944, 41.130721],
              [1.205348, 41.130974],
              [1.206002, 41.131281],
              [1.206204, 41.131355],
              [1.206367, 41.131409],
              [1.206533, 41.131458],
              [1.206702, 41.131503],
              [1.206872, 41.131542],
              [1.207044, 41.131576],
              [1.207219, 41.131606],
              [1.207446, 41.131635],
              [1.207674, 41.131658],
              [1.207903, 41.131675],
              [1.208133, 41.131685],
              [1.208495, 41.131689],
              [1.208778, 41.131687],
              [1.208948, 41.131684],
              [1.209099, 41.132],
              [1.204632, 41.134539]
            ]
          ]
        ]
      }
    },
    {
      "type": "Feature",
      "properties": {
        "id": "les-hortes-de-ferran",
        "name": "les Hortes de Ferran",
        "cityId": "tarragona"
      },
      "geometry": {
        "type": "MultiPolygon",
        "coordinates": [
          [
            [
              [1.353251, 41.138544],
              [1.35325, 41.138545],
              [1.35326, 41.138663],
              [1.353286, 41.138763],
              [1.353222, 41.138816],
              [1.353045, 41.138866],
              [1.352707, 41.138967],
              [1.352681, 41.138995],
              [1.352621, 41.139038],
              [1.35252, 41.139059],
              [1.352295, 41.139072],
              [1.351946, 41.139096],
              [1.351915, 41.139137],
              [1.352643, 41.13919],
              [1.353198, 41.139291],
              [1.353469, 41.139372],
              [1.353948, 41.139542],
              [1.354332, 41.139677],
              [1.354745, 41.139824],
              [1.355171, 41.139929],
              [1.355596, 41.140001],
              [1.356054, 41.140044],
              [1.35721, 41.14009],
              [1.358566, 41.140132],
              [1.359376, 41.140135],
              [1.361003, 41.140181],
              [1.361101, 41.140984],
              [1.361137, 41.141313],
              [1.361206, 41.141736],
              [1.361279, 41.142011],
              [1.36135, 41.142229],
              [1.361534, 41.142813],
              [1.361756, 41.143347],
              [1.361825, 41.14346],
              [1.361906, 41.143563],
              [1.361969, 41.143778],
              [1.361987, 41.144014],
              [1.362024, 41.144294],
              [1.362088, 41.144591],
              [1.362176, 41.144918],
              [1.362229, 41.145222],
              [1.362265, 41.14539],
              [1.362298, 41.14553],
              [1.362334, 41.145638],
              [1.362381, 41.145757],
              [1.362437, 41.145875],
              [1.362504, 41.145999],
              [1.36259, 41.146131],
              [1.362657, 41.146213],
              [1.362725, 41.1463],
              [1.36285, 41.146427],
              [1.360719, 41.148618],
              [1.360367, 41.148446],
              [1.360091, 41.148314],
              [1.359725, 41.148147],
              [1.359481, 41.14804],
              [1.359018, 41.147846],
              [1.358617, 41.147707],
              [1.358271, 41.147583],
              [1.358041, 41.147511],
              [1.357479, 41.147347],
              [1.356978, 41.147225],
              [1.357122, 41.14706],
              [1.357245, 41.146936],
              [1.358105, 41.146337],
              [1.358523, 41.146437],
              [1.358609, 41.14645],
              [1.358957, 41.146468],
              [1.358934, 41.146421],
              [1.359024, 41.146388],
              [1.359392, 41.146202],
              [1.359706, 41.14604],
              [1.359644, 41.145928],
              [1.359422, 41.145517],
              [1.35898, 41.144707],
              [1.358401, 41.144928],
              [1.358163, 41.144912],
              [1.358054, 41.144872],
              [1.357944, 41.144828],
              [1.357865, 41.14478],
              [1.357703, 41.1447],
              [1.357257, 41.145178],
              [1.357147, 41.145128],
              [1.357067, 41.145275],
              [1.356909, 41.145395],
              [1.356751, 41.145557],
              [1.356707, 41.145617],
              [1.356534, 41.145872],
              [1.356422, 41.146317],
              [1.356259, 41.146413],
              [1.356173, 41.146445],
              [1.355832, 41.146515],
              [1.355416, 41.146584],
              [1.355101, 41.146723],
              [1.354512, 41.146487],
              [1.35405, 41.146272],
              [1.353558, 41.145997],
              [1.353086, 41.145678],
              [1.352622, 41.145308],
              [1.352054, 41.144747],
              [1.351498, 41.143945],
              [1.351207, 41.14331],
              [1.351056, 41.142877],
              [1.350937, 41.142367],
              [1.350722, 41.141838],
              [1.350418, 41.141267],
              [1.350164, 41.140891],
              [1.349855, 41.140533],
              [1.349385, 41.140131],
              [1.348842, 41.13977],
              [1.34822, 41.139452],
              [1.347715, 41.139259],
              [1.347077, 41.139091],
              [1.346336, 41.138958],
              [1.3455, 41.138792],
              [1.345582, 41.13847],
              [1.345732, 41.138168],
              [1.346174, 41.138312],
              [1.346789, 41.138475],
              [1.347417, 41.138606],
              [1.348055, 41.138705],
              [1.3487, 41.138771],
              [1.34935, 41.138804],
              [1.350001, 41.138804],
              [1.350271, 41.138789],
              [1.350687, 41.138772],
              [1.351103, 41.13875],
              [1.351518, 41.138722],
              [1.351933, 41.138688],
              [1.352346, 41.138649],
              [1.352759, 41.138605],
              [1.35317, 41.138555],
              [1.353247, 41.138545],
              [1.35325, 41.138545],
              [1.353251, 41.138544]
            ]
          ]
        ]
      }
    },
    {
      "type": "Feature",
      "properties": {
        "id": "les-hortes-del-moli-del-pas",
        "name": "les Hortes del Molí del Pas",
        "cityId": "tarragona"
      },
      "geometry": {
        "type": "MultiPolygon",
        "coordinates": [
          [
            [
              [1.361007, 41.139917],
              [1.361003, 41.140181],
              [1.359376, 41.140135],
              [1.358566, 41.140132],
              [1.35721, 41.14009],
              [1.356054, 41.140044],
              [1.355596, 41.140001],
              [1.355171, 41.139929],
              [1.354745, 41.139824],
              [1.354332, 41.139677],
              [1.353948, 41.139542],
              [1.353469, 41.139372],
              [1.353198, 41.139291],
              [1.352643, 41.13919],
              [1.351915, 41.139137],
              [1.351946, 41.139096],
              [1.352295, 41.139072],
              [1.35252, 41.139059],
              [1.352621, 41.139038],
              [1.352681, 41.138995],
              [1.352707, 41.138967],
              [1.353045, 41.138866],
              [1.353222, 41.138816],
              [1.353286, 41.138763],
              [1.35326, 41.138663],
              [1.35325, 41.138545],
              [1.353251, 41.138544],
              [1.353502, 41.13853],
              [1.353836, 41.138502],
              [1.354543, 41.138412],
              [1.355241, 41.138352],
              [1.356488, 41.138161],
              [1.358045, 41.13792],
              [1.359819, 41.137646],
              [1.360822, 41.137486],
              [1.361623, 41.137363],
              [1.361996, 41.137303],
              [1.36194, 41.137393],
              [1.361861, 41.137441],
              [1.361739, 41.137528],
              [1.361639, 41.137661],
              [1.361533, 41.137825],
              [1.361405, 41.138031],
              [1.361332, 41.138296],
              [1.361232, 41.138589],
              [1.361202, 41.138843],
              [1.361119, 41.139146],
              [1.361038, 41.139394],
              [1.360992, 41.139543],
              [1.361, 41.139584],
              [1.361007, 41.139917]
            ]
          ]
        ]
      }
    },
    {
      "type": "Feature",
      "properties": {
        "id": "les-quatre-parades",
        "name": "les Quatre Parades",
        "cityId": "tarragona"
      },
      "geometry": {
        "type": "MultiPolygon",
        "coordinates": [
          [
            [
              [1.325992, 41.141943],
              [1.325554, 41.14228],
              [1.325295, 41.142485],
              [1.324954, 41.142731],
              [1.324721, 41.142896],
              [1.324461, 41.143078],
              [1.324125, 41.143294],
              [1.323851, 41.143455],
              [1.323581, 41.143611],
              [1.32328, 41.143795],
              [1.322854, 41.144016],
              [1.322435, 41.144226],
              [1.322147, 41.144424],
              [1.321, 41.144096],
              [1.321014, 41.144081],
              [1.321023, 41.144057],
              [1.321022, 41.144038],
              [1.320885, 41.143618],
              [1.320852, 41.143505],
              [1.320846, 41.143461],
              [1.32085, 41.14329],
              [1.320849, 41.143224],
              [1.320841, 41.143188],
              [1.320818, 41.143146],
              [1.320801, 41.143125],
              [1.320767, 41.143091],
              [1.320672, 41.143004],
              [1.320642, 41.14299],
              [1.320182, 41.1428],
              [1.320092, 41.142756],
              [1.318921, 41.142124],
              [1.318893, 41.142119],
              [1.318871, 41.14212],
              [1.318835, 41.142124],
              [1.318854, 41.141618],
              [1.318846, 41.141482],
              [1.318834, 41.14141],
              [1.318857, 41.141269],
              [1.318872, 41.140907],
              [1.318829, 41.140816],
              [1.318668, 41.14072],
              [1.318382, 41.140626],
              [1.318262, 41.140467],
              [1.317922, 41.140069],
              [1.317746, 41.1399],
              [1.317549, 41.139776],
              [1.317577, 41.139664],
              [1.317621, 41.139527],
              [1.317752, 41.139363],
              [1.317826, 41.139288],
              [1.317946, 41.139174],
              [1.318227, 41.13888],
              [1.318328, 41.138794],
              [1.318395, 41.138757],
              [1.318591, 41.138692],
              [1.319141, 41.138529],
              [1.319336, 41.138486],
              [1.319532, 41.138439],
              [1.319644, 41.138428],
              [1.319784, 41.138438],
              [1.319915, 41.138462],
              [1.320019, 41.138494],
              [1.320144, 41.138541],
              [1.320286, 41.138593],
              [1.320403, 41.138625],
              [1.320609, 41.138666],
              [1.320788, 41.138698],
              [1.320941, 41.138724],
              [1.321085, 41.138741],
              [1.321156, 41.13875],
              [1.321275, 41.138754],
              [1.321388, 41.138747],
              [1.321506, 41.138728],
              [1.321565, 41.138709],
              [1.321636, 41.138679],
              [1.321753, 41.138609],
              [1.321846, 41.138543],
              [1.321964, 41.138454],
              [1.322084, 41.138386],
              [1.322242, 41.138304],
              [1.322369, 41.138241],
              [1.322498, 41.138177],
              [1.322618, 41.138103],
              [1.322847, 41.137979],
              [1.322995, 41.137887],
              [1.323131, 41.137807],
              [1.323174, 41.137769],
              [1.323207, 41.137716],
              [1.323241, 41.137671],
              [1.323262, 41.137639],
              [1.323316, 41.137604],
              [1.323405, 41.137582],
              [1.323488, 41.137564],
              [1.323518, 41.137547],
              [1.323563, 41.137492],
              [1.323592, 41.137448],
              [1.323646, 41.137419],
              [1.32371, 41.137397],
              [1.323885, 41.137338],
              [1.324094, 41.137257],
              [1.324315, 41.137162],
              [1.324491, 41.137087],
              [1.324533, 41.137064],
              [1.324652, 41.137027],
              [1.32478, 41.137003],
              [1.324878, 41.136966],
              [1.324938, 41.136938],
              [1.325047, 41.136888],
              [1.325184, 41.136827],
              [1.325258, 41.1368],
              [1.325292, 41.136788],
              [1.325399, 41.136728],
              [1.325517, 41.136658],
              [1.32553, 41.136651],
              [1.325822, 41.136507],
              [1.326099, 41.136412],
              [1.326421, 41.136407],
              [1.326546, 41.136475],
              [1.326633, 41.136498],
              [1.326731, 41.136518],
              [1.326851, 41.136534],
              [1.326954, 41.136577],
              [1.327055, 41.136639],
              [1.327138, 41.136678],
              [1.327246, 41.136722],
              [1.327326, 41.13674],
              [1.327499, 41.136762],
              [1.327676, 41.136794],
              [1.327831, 41.136837],
              [1.327985, 41.136899],
              [1.328084, 41.136939],
              [1.328162, 41.136984],
              [1.32825, 41.137037],
              [1.328312, 41.137069],
              [1.328425, 41.136971],
              [1.328853, 41.136763],
              [1.329072, 41.136708],
              [1.329114, 41.136768],
              [1.329228, 41.136924],
              [1.329316, 41.137035],
              [1.328934, 41.137201],
              [1.328678, 41.13732],
              [1.328339, 41.137501],
              [1.328067, 41.137665],
              [1.327763, 41.137852],
              [1.327501, 41.138032],
              [1.327194, 41.138257],
              [1.326871, 41.13852],
              [1.326627, 41.13875],
              [1.326435, 41.138943],
              [1.326159, 41.139241],
              [1.325955, 41.139479],
              [1.325719, 41.139794],
              [1.32553, 41.140072],
              [1.325813, 41.140137],
              [1.325971, 41.140168],
              [1.326161, 41.140212],
              [1.326294, 41.140247],
              [1.326393, 41.140265],
              [1.326433, 41.140285],
              [1.326504, 41.14034],
              [1.326548, 41.140374],
              [1.326577, 41.140432],
              [1.3266, 41.140501],
              [1.326603, 41.140566],
              [1.326599, 41.140633],
              [1.326589, 41.140727],
              [1.326617, 41.140829],
              [1.326973, 41.141172],
              [1.326702, 41.141392],
              [1.32641, 41.141619],
              [1.325992, 41.141943]
            ]
          ]
        ]
      }
    },
    {
      "type": "Feature",
      "properties": {
        "id": "maria-cristina",
        "name": "Maria Cristina",
        "cityId": "tarragona"
      },
      "geometry": {
        "type": "MultiPolygon",
        "coordinates": [
          [
            [
              [1.253695, 41.119366],
              [1.253595, 41.119437],
              [1.253557, 41.119462],
              [1.253229, 41.119697],
              [1.253046, 41.119825],
              [1.251495, 41.120928],
              [1.251435, 41.120734],
              [1.251218, 41.12017],
              [1.251127, 41.119952],
              [1.251071, 41.119795],
              [1.250889, 41.119325],
              [1.250798, 41.119058],
              [1.250884, 41.118983],
              [1.251709, 41.118183],
              [1.252061, 41.117836],
              [1.251898, 41.117694],
              [1.252636, 41.117522],
              [1.254016, 41.11821],
              [1.254392, 41.118434],
              [1.254427, 41.11884],
              [1.254062, 41.119104],
              [1.253695, 41.119366]
            ]
          ]
        ]
      }
    },
    {
      "type": "Feature",
      "properties": {
        "id": "mas-clara",
        "name": "Mas Clarà",
        "cityId": "tarragona"
      },
      "geometry": {
        "type": "MultiPolygon",
        "coordinates": [
          [
            [
              [1.3317, 41.159392],
              [1.329341, 41.163328],
              [1.320003, 41.155919],
              [1.320103, 41.15596],
              [1.320331, 41.156062],
              [1.320549, 41.156161],
              [1.320785, 41.156269],
              [1.321049, 41.156388],
              [1.321127, 41.156424],
              [1.321152, 41.156437],
              [1.321167, 41.156445],
              [1.32118, 41.156453],
              [1.321193, 41.156462],
              [1.321206, 41.156472],
              [1.321227, 41.156489],
              [1.321274, 41.156533],
              [1.321408, 41.15667],
              [1.321521, 41.156794],
              [1.321627, 41.156917],
              [1.321674, 41.156973],
              [1.3217, 41.156998],
              [1.321714, 41.157009],
              [1.321731, 41.157022],
              [1.321746, 41.157031],
              [1.32176, 41.157037],
              [1.321775, 41.157053],
              [1.321844, 41.15705],
              [1.321856, 41.157048],
              [1.321878, 41.157046],
              [1.321895, 41.157042],
              [1.32192, 41.157034],
              [1.321939, 41.157023],
              [1.321966, 41.157006],
              [1.321991, 41.156986],
              [1.322051, 41.156932],
              [1.322097, 41.156881],
              [1.322132, 41.156851],
              [1.322151, 41.15684],
              [1.322167, 41.156833],
              [1.322181, 41.156828],
              [1.322195, 41.156825],
              [1.322214, 41.156823],
              [1.322389, 41.156678],
              [1.322509, 41.156668],
              [1.322642, 41.156688],
              [1.322746, 41.156684],
              [1.322842, 41.156689],
              [1.322922, 41.156736],
              [1.32304, 41.156793],
              [1.32314, 41.156824],
              [1.323289, 41.156869],
              [1.323413, 41.156876],
              [1.32354, 41.156884],
              [1.323636, 41.156858],
              [1.323764, 41.156869],
              [1.32389, 41.156863],
              [1.324008, 41.156849],
              [1.324131, 41.156837],
              [1.324242, 41.156822],
              [1.324394, 41.156806],
              [1.324536, 41.156784],
              [1.324658, 41.156762],
              [1.324729, 41.156767],
              [1.324735, 41.156754],
              [1.324741, 41.156743],
              [1.324745, 41.156735],
              [1.324752, 41.156722],
              [1.324757, 41.156712],
              [1.324763, 41.156702],
              [1.324768, 41.156692],
              [1.324775, 41.156681],
              [1.324779, 41.156673],
              [1.324785, 41.156662],
              [1.32479, 41.156653],
              [1.324796, 41.156644],
              [1.324802, 41.156634],
              [1.324807, 41.156624],
              [1.32481, 41.156619],
              [1.324817, 41.156608],
              [1.324823, 41.156599],
              [1.324833, 41.156582],
              [1.32484, 41.156571],
              [1.324852, 41.156552],
              [1.324862, 41.156537],
              [1.324867, 41.156528],
              [1.324873, 41.156519],
              [1.324905, 41.156471],
              [1.324935, 41.156427],
              [1.325287, 41.156154],
              [1.325289, 41.156145],
              [1.325291, 41.156133],
              [1.325292, 41.156125],
              [1.325294, 41.156117],
              [1.325299, 41.156092],
              [1.3253, 41.156082],
              [1.325301, 41.156072],
              [1.325302, 41.156055],
              [1.325303, 41.156047],
              [1.325303, 41.156032],
              [1.325303, 41.156024],
              [1.325304, 41.156014],
              [1.325305, 41.156002],
              [1.325307, 41.15599],
              [1.325309, 41.155978],
              [1.32531, 41.155969],
              [1.325312, 41.15596],
              [1.325314, 41.155952],
              [1.325323, 41.155918],
              [1.325331, 41.155889],
              [1.325336, 41.155874],
              [1.32534, 41.155858],
              [1.325341, 41.155853],
              [1.325345, 41.155845],
              [1.32535, 41.155837],
              [1.325354, 41.155832],
              [1.325348, 41.155745],
              [1.325355, 41.155734],
              [1.325362, 41.155722],
              [1.325367, 41.155712],
              [1.325374, 41.155695],
              [1.325375, 41.155688],
              [1.325375, 41.155676],
              [1.325375, 41.15567],
              [1.325375, 41.155654],
              [1.325373, 41.155642],
              [1.325367, 41.155632],
              [1.325357, 41.155622],
              [1.32535, 41.155615],
              [1.325336, 41.155604],
              [1.325327, 41.155598],
              [1.325314, 41.155589],
              [1.325301, 41.155581],
              [1.325285, 41.155571],
              [1.32527, 41.155563],
              [1.325257, 41.155556],
              [1.325242, 41.155548],
              [1.325227, 41.155541],
              [1.325214, 41.155534],
              [1.325203, 41.15553],
              [1.325185, 41.155523],
              [1.325177, 41.155519],
              [1.325169, 41.155516],
              [1.32516, 41.155512],
              [1.325144, 41.155503],
              [1.325134, 41.155498],
              [1.325128, 41.155495],
              [1.325109, 41.155485],
              [1.325034, 41.155442],
              [1.325016, 41.155416],
              [1.325012, 41.155409],
              [1.325007, 41.1554],
              [1.325002, 41.155391],
              [1.324997, 41.155383],
              [1.324993, 41.155375],
              [1.32499, 41.155368],
              [1.324987, 41.155362],
              [1.324984, 41.155353],
              [1.32498, 41.155343],
              [1.324977, 41.155331],
              [1.324975, 41.155323],
              [1.324974, 41.155315],
              [1.324973, 41.155305],
              [1.324973, 41.155296],
              [1.324973, 41.155285],
              [1.324974, 41.155261],
              [1.324975, 41.155241],
              [1.324976, 41.155225],
              [1.324977, 41.15521],
              [1.324977, 41.155199],
              [1.324978, 41.155194],
              [1.324978, 41.155186],
              [1.324979, 41.155177],
              [1.324981, 41.155168],
              [1.324982, 41.15516],
              [1.324984, 41.155151],
              [1.324986, 41.155143],
              [1.324987, 41.155134],
              [1.32499, 41.155122],
              [1.324993, 41.155113],
              [1.324999, 41.155091],
              [1.325001, 41.155084],
              [1.325006, 41.155065],
              [1.32501, 41.155046],
              [1.325024, 41.155002],
              [1.325031, 41.154978],
              [1.325035, 41.154961],
              [1.32504, 41.15494],
              [1.325046, 41.154922],
              [1.325051, 41.154906],
              [1.325058, 41.154887],
              [1.325064, 41.154872],
              [1.325071, 41.154856],
              [1.325078, 41.154837],
              [1.325085, 41.154822],
              [1.325094, 41.154803],
              [1.325103, 41.154784],
              [1.32511, 41.154769],
              [1.325117, 41.154753],
              [1.325127, 41.154731],
              [1.325134, 41.154713],
              [1.325139, 41.1547],
              [1.325146, 41.154683],
              [1.325152, 41.154667],
              [1.325158, 41.15465],
              [1.325167, 41.154624],
              [1.325171, 41.154605],
              [1.325174, 41.15459],
              [1.325175, 41.154577],
              [1.325176, 41.154559],
              [1.325176, 41.154542],
              [1.325174, 41.154523],
              [1.32517, 41.154504],
              [1.325166, 41.154488],
              [1.32516, 41.154467],
              [1.325156, 41.154448],
              [1.32515, 41.154428],
              [1.325145, 41.154405],
              [1.325142, 41.154387],
              [1.32514, 41.154373],
              [1.325138, 41.15435],
              [1.325138, 41.154333],
              [1.325137, 41.154318],
              [1.32514, 41.154298],
              [1.325146, 41.154271],
              [1.325145, 41.154253],
              [1.325145, 41.154238],
              [1.325145, 41.154224],
              [1.325146, 41.154209],
              [1.325151, 41.154193],
              [1.325157, 41.154177],
              [1.325163, 41.15416],
              [1.325181, 41.154128],
              [1.325198, 41.154114],
              [1.325216, 41.154101],
              [1.325234, 41.154087],
              [1.325258, 41.15407],
              [1.325275, 41.154059],
              [1.325294, 41.154045],
              [1.325316, 41.15403],
              [1.325333, 41.154019],
              [1.325359, 41.154003],
              [1.325384, 41.153987],
              [1.3254, 41.153976],
              [1.325415, 41.153965],
              [1.325441, 41.153947],
              [1.325457, 41.153938],
              [1.325484, 41.153915],
              [1.325504, 41.153895],
              [1.325515, 41.15388],
              [1.325542, 41.153854],
              [1.325553, 41.153835],
              [1.32556, 41.153822],
              [1.325569, 41.153805],
              [1.325581, 41.153782],
              [1.325588, 41.153766],
              [1.325599, 41.153746],
              [1.325627, 41.1537],
              [1.325637, 41.153687],
              [1.325653, 41.153669],
              [1.32568, 41.153637],
              [1.325713, 41.153598],
              [1.325729, 41.153579],
              [1.325762, 41.153542],
              [1.325777, 41.153529],
              [1.325794, 41.153515],
              [1.325825, 41.153487],
              [1.325842, 41.153473],
              [1.325857, 41.153462],
              [1.325883, 41.153445],
              [1.325914, 41.153413],
              [1.32593, 41.153378],
              [1.325937, 41.153355],
              [1.325942, 41.153337],
              [1.32595, 41.153318],
              [1.325967, 41.153282],
              [1.325976, 41.153268],
              [1.325988, 41.153253],
              [1.325998, 41.15324],
              [1.326013, 41.153224],
              [1.326025, 41.153211],
              [1.32604, 41.153196],
              [1.326055, 41.153182],
              [1.326072, 41.153165],
              [1.32609, 41.153149],
              [1.326113, 41.153131],
              [1.326132, 41.153118],
              [1.326152, 41.153105],
              [1.326197, 41.153086],
              [1.326228, 41.153071],
              [1.326255, 41.153058],
              [1.326278, 41.153048],
              [1.326316, 41.153031],
              [1.326345, 41.153009],
              [1.326373, 41.152976],
              [1.326388, 41.152954],
              [1.32641, 41.152923],
              [1.326428, 41.152892],
              [1.326439, 41.152878],
              [1.326454, 41.15286],
              [1.326472, 41.152843],
              [1.32649, 41.152825],
              [1.32651, 41.15281],
              [1.32652, 41.152802],
              [1.326538, 41.152786],
              [1.326557, 41.15277],
              [1.32659, 41.152744],
              [1.326617, 41.152714],
              [1.326636, 41.152676],
              [1.326644, 41.152642],
              [1.326648, 41.152618],
              [1.326652, 41.152597],
              [1.32666, 41.152575],
              [1.32667, 41.152555],
              [1.326692, 41.152518],
              [1.326708, 41.152494],
              [1.326724, 41.152474],
              [1.326736, 41.152459],
              [1.326753, 41.152441],
              [1.32677, 41.152422],
              [1.326787, 41.152403],
              [1.326804, 41.152385],
              [1.326826, 41.152362],
              [1.326846, 41.152343],
              [1.326871, 41.152321],
              [1.326893, 41.152304],
              [1.326918, 41.152287],
              [1.32697, 41.152252],
              [1.327011, 41.152222],
              [1.327039, 41.152201],
              [1.327062, 41.152183],
              [1.32709, 41.152161],
              [1.327115, 41.152144],
              [1.327151, 41.152117],
              [1.327184, 41.152088],
              [1.327209, 41.152068],
              [1.327238, 41.152043],
              [1.327262, 41.152023],
              [1.327287, 41.152003],
              [1.327311, 41.151983],
              [1.327335, 41.151963],
              [1.327366, 41.151937],
              [1.327391, 41.151916],
              [1.327416, 41.151895],
              [1.327455, 41.151863],
              [1.327478, 41.151841],
              [1.327501, 41.15182],
              [1.327527, 41.151798],
              [1.327546, 41.151782],
              [1.327571, 41.15176],
              [1.327603, 41.151733],
              [1.327633, 41.151706],
              [1.327651, 41.15169],
              [1.327669, 41.151673],
              [1.327689, 41.151656],
              [1.327713, 41.151634],
              [1.327731, 41.151617],
              [1.327756, 41.151593],
              [1.327787, 41.15156],
              [1.327801, 41.151544],
              [1.327839, 41.1515],
              [1.327846, 41.151493],
              [1.327864, 41.151479],
              [1.32788, 41.151471],
              [1.327904, 41.151464],
              [1.327929, 41.151464],
              [1.327948, 41.151466],
              [1.327999, 41.151475],
              [1.328033, 41.151471],
              [1.328078, 41.151455],
              [1.328103, 41.151433],
              [1.328116, 41.151404],
              [1.329532, 41.151141],
              [1.329343, 41.150811],
              [1.32934, 41.150792],
              [1.329481, 41.150779],
              [1.329667, 41.150698],
              [1.329763, 41.150669],
              [1.329818, 41.150666],
              [1.329849, 41.150668],
              [1.329925, 41.150685],
              [1.330033, 41.150729],
              [1.33014, 41.150779],
              [1.330272, 41.150823],
              [1.330545, 41.150834],
              [1.330646, 41.150846],
              [1.330707, 41.150862],
              [1.330869, 41.150914],
              [1.330844, 41.150944],
              [1.330843, 41.150988],
              [1.330822, 41.151059],
              [1.330795, 41.151132],
              [1.330742, 41.151292],
              [1.330706, 41.151411],
              [1.33067, 41.151504],
              [1.33064, 41.15154],
              [1.330553, 41.1516],
              [1.33035, 41.151725],
              [1.33018, 41.151803],
              [1.330059, 41.151836],
              [1.330017, 41.151901],
              [1.330007, 41.151973],
              [1.32997, 41.152058],
              [1.329893, 41.152146],
              [1.32984, 41.15222],
              [1.32981, 41.15227],
              [1.329789, 41.152337],
              [1.329777, 41.152386],
              [1.329774, 41.152417],
              [1.329784, 41.152552],
              [1.3298, 41.15282],
              [1.329806, 41.153086],
              [1.329817, 41.153244],
              [1.329844, 41.153353],
              [1.329879, 41.153456],
              [1.329901, 41.153525],
              [1.329902, 41.153543],
              [1.329865, 41.153585],
              [1.329796, 41.153617],
              [1.329831, 41.15365],
              [1.329831, 41.153698],
              [1.329804, 41.153831],
              [1.329768, 41.153958],
              [1.329689, 41.154076],
              [1.329639, 41.154087],
              [1.329589, 41.154112],
              [1.329584, 41.154242],
              [1.329574, 41.154292],
              [1.329565, 41.15432],
              [1.329543, 41.15435],
              [1.329524, 41.154378],
              [1.329516, 41.154408],
              [1.329516, 41.154434],
              [1.329519, 41.154474],
              [1.329525, 41.154539],
              [1.32954, 41.1546],
              [1.329572, 41.154648],
              [1.329605, 41.154688],
              [1.329659, 41.154748],
              [1.329697, 41.154792],
              [1.329719, 41.154824],
              [1.329728, 41.154856],
              [1.329727, 41.154884],
              [1.329699, 41.154943],
              [1.329658, 41.154987],
              [1.32961, 41.155036],
              [1.329537, 41.155065],
              [1.329477, 41.155095],
              [1.329435, 41.155103],
              [1.329414, 41.155116],
              [1.329372, 41.15518],
              [1.329324, 41.155284],
              [1.329308, 41.155381],
              [1.329306, 41.155467],
              [1.32929, 41.155567],
              [1.329315, 41.155635],
              [1.329384, 41.155735],
              [1.329479, 41.155833],
              [1.329572, 41.155915],
              [1.329613, 41.155928],
              [1.329658, 41.155939],
              [1.329704, 41.155948],
              [1.329807, 41.156013],
              [1.329852, 41.156031],
              [1.330012, 41.156066],
              [1.330144, 41.156109],
              [1.3303, 41.156173],
              [1.330438, 41.156262],
              [1.330532, 41.156326],
              [1.33064, 41.156407],
              [1.330826, 41.15655],
              [1.331101, 41.156798],
              [1.331306, 41.156944],
              [1.331503, 41.157114],
              [1.331598, 41.157244],
              [1.331678, 41.157415],
              [1.331732, 41.157528],
              [1.33188, 41.157656],
              [1.332041, 41.157767],
              [1.332099, 41.157857],
              [1.332101, 41.157935],
              [1.332067, 41.158086],
              [1.332046, 41.158212],
              [1.331973, 41.158341],
              [1.331914, 41.158425],
              [1.33188, 41.15861],
              [1.33185, 41.15879],
              [1.331809, 41.158915],
              [1.331747, 41.159116],
              [1.33173, 41.159218],
              [1.3317, 41.159392]
            ]
          ]
        ]
      }
    },
    {
      "type": "Feature",
      "properties": {
        "id": "mas-d-en-garrot",
        "name": "Mas d'en Garrot",
        "cityId": "tarragona"
      },
      "geometry": {
        "type": "MultiPolygon",
        "coordinates": [
          [
            [
              [1.26241, 41.157259],
              [1.262371, 41.157353],
              [1.26235, 41.157473],
              [1.262334, 41.157568],
              [1.262318, 41.157637],
              [1.262275, 41.157767],
              [1.262203, 41.157984],
              [1.262168, 41.158099],
              [1.262165, 41.158158],
              [1.26219, 41.158242],
              [1.262281, 41.158286],
              [1.26233, 41.158358],
              [1.262397, 41.158512],
              [1.262429, 41.158643],
              [1.26243, 41.158675],
              [1.262411, 41.15873],
              [1.2623, 41.158993],
              [1.262284, 41.159076],
              [1.262265, 41.159181],
              [1.262267, 41.159214],
              [1.262278, 41.159284],
              [1.262089, 41.159301],
              [1.261894, 41.159327],
              [1.261632, 41.159369],
              [1.261527, 41.159382],
              [1.261374, 41.159404],
              [1.26127, 41.159416],
              [1.261142, 41.159427],
              [1.261028, 41.159434],
              [1.260851, 41.159432],
              [1.260665, 41.159422],
              [1.260167, 41.159348],
              [1.25999, 41.159327],
              [1.259867, 41.159318],
              [1.259724, 41.159309],
              [1.259601, 41.159303],
              [1.25951, 41.159312],
              [1.259444, 41.159325],
              [1.259422, 41.159341],
              [1.259399, 41.159366],
              [1.25937, 41.159394],
              [1.259345, 41.159408],
              [1.259308, 41.159423],
              [1.25927, 41.159428],
              [1.25924, 41.159426],
              [1.259178, 41.15942],
              [1.256518, 41.158283],
              [1.250287, 41.158534],
              [1.249299, 41.157562],
              [1.247029, 41.155203],
              [1.245865, 41.153996],
              [1.244297, 41.152229],
              [1.244338, 41.152218],
              [1.244471, 41.152169],
              [1.244673, 41.152091],
              [1.244771, 41.15204],
              [1.244896, 41.151973],
              [1.244991, 41.151932],
              [1.245076, 41.151904],
              [1.245147, 41.151892],
              [1.24524, 41.151889],
              [1.245534, 41.151895],
              [1.245612, 41.151905],
              [1.24584, 41.151954],
              [1.24606, 41.152012],
              [1.246354, 41.15211],
              [1.246571, 41.152191],
              [1.246661, 41.152222],
              [1.246784, 41.15224],
              [1.246897, 41.152258],
              [1.246993, 41.152274],
              [1.247098, 41.152311],
              [1.247195, 41.152335],
              [1.247293, 41.152348],
              [1.247426, 41.152349],
              [1.247591, 41.152328],
              [1.247677, 41.152291],
              [1.248023, 41.152182],
              [1.248173, 41.152135],
              [1.248284, 41.152113],
              [1.248451, 41.152093],
              [1.24863, 41.152063],
              [1.248811, 41.152026],
              [1.249072, 41.151981],
              [1.249207, 41.151965],
              [1.249532, 41.15193],
              [1.249902, 41.151886],
              [1.249972, 41.151885],
              [1.250068, 41.1519],
              [1.250176, 41.151899],
              [1.250302, 41.151895],
              [1.250449, 41.151882],
              [1.250516, 41.151867],
              [1.250621, 41.151843],
              [1.250699, 41.151833],
              [1.250951, 41.15181],
              [1.251108, 41.151806],
              [1.251285, 41.151806],
              [1.251481, 41.151809],
              [1.251634, 41.151811],
              [1.251755, 41.151832],
              [1.251901, 41.151927],
              [1.25201, 41.151997],
              [1.252176, 41.152108],
              [1.252311, 41.152188],
              [1.25245, 41.152283],
              [1.252561, 41.152372],
              [1.252661, 41.152452],
              [1.252734, 41.152523],
              [1.252808, 41.152593],
              [1.252913, 41.152687],
              [1.253047, 41.152808],
              [1.253117, 41.152865],
              [1.253167, 41.152902],
              [1.253247, 41.152951],
              [1.253316, 41.152988],
              [1.253383, 41.153029],
              [1.253515, 41.153093],
              [1.253675, 41.153178],
              [1.253921, 41.153296],
              [1.254049, 41.153359],
              [1.254181, 41.153425],
              [1.25429, 41.153475],
              [1.25447, 41.153557],
              [1.254739, 41.153691],
              [1.254911, 41.15379],
              [1.255028, 41.153861],
              [1.255161, 41.153951],
              [1.255374, 41.1541],
              [1.255476, 41.154166],
              [1.255572, 41.154223],
              [1.255707, 41.154296],
              [1.25585, 41.154368],
              [1.255912, 41.154402],
              [1.255983, 41.154421],
              [1.25606, 41.154433],
              [1.256186, 41.154447],
              [1.256282, 41.154458],
              [1.256468, 41.154481],
              [1.256728, 41.154515],
              [1.256984, 41.154523],
              [1.25734, 41.154508],
              [1.257545, 41.1545],
              [1.257816, 41.154489],
              [1.258179, 41.154468],
              [1.258503, 41.154441],
              [1.258926, 41.154422],
              [1.260892, 41.155317],
              [1.261237, 41.155434],
              [1.261767, 41.155703],
              [1.262105, 41.155824],
              [1.261776, 41.156234],
              [1.26163, 41.156436],
              [1.261639, 41.156466],
              [1.261683, 41.156497],
              [1.261763, 41.156517],
              [1.261839, 41.15652],
              [1.262026, 41.156514],
              [1.262349, 41.156446],
              [1.262523, 41.156417],
              [1.262607, 41.156422],
              [1.262677, 41.156435],
              [1.262741, 41.156471],
              [1.262872, 41.156546],
              [1.263015, 41.156647],
              [1.263067, 41.156697],
              [1.263093, 41.156727],
              [1.263114, 41.156775],
              [1.263112, 41.156821],
              [1.26311, 41.156855],
              [1.263108, 41.156868],
              [1.263044, 41.156901],
              [1.262973, 41.1569],
              [1.262916, 41.156902],
              [1.262821, 41.156921],
              [1.262674, 41.15701],
              [1.262554, 41.1571],
              [1.262453, 41.157186],
              [1.26241, 41.157259]
            ]
          ]
        ]
      }
    },
    {
      "type": "Feature",
      "properties": {
        "id": "mas-d-en-granell",
        "name": "Mas d'en Granell",
        "cityId": "tarragona"
      },
      "geometry": {
        "type": "MultiPolygon",
        "coordinates": [
          [
            [
              [1.265374, 41.147633],
              [1.265355, 41.147656],
              [1.265242, 41.147753],
              [1.265198, 41.147811],
              [1.265046, 41.148034],
              [1.264978, 41.148129],
              [1.26488, 41.148276],
              [1.26487, 41.148288],
              [1.264857, 41.148299],
              [1.264834, 41.148312],
              [1.264816, 41.148318],
              [1.264798, 41.148323],
              [1.26477, 41.148327],
              [1.264751, 41.148328],
              [1.264733, 41.148326],
              [1.264678, 41.148315],
              [1.264375, 41.14822],
              [1.264286, 41.148198],
              [1.264179, 41.148216],
              [1.264121, 41.14826],
              [1.263907, 41.148671],
              [1.263897, 41.148683],
              [1.263884, 41.148692],
              [1.263852, 41.148709],
              [1.263818, 41.14872],
              [1.263801, 41.148724],
              [1.263783, 41.148726],
              [1.263764, 41.148725],
              [1.263746, 41.148723],
              [1.263729, 41.148719],
              [1.263712, 41.148712],
              [1.263686, 41.148697],
              [1.263658, 41.148671],
              [1.263611, 41.1486],
              [1.263552, 41.148561],
              [1.263459, 41.148535],
              [1.262596, 41.148511],
              [1.262473, 41.14851],
              [1.262271, 41.148511],
              [1.262191, 41.148562],
              [1.262173, 41.148622],
              [1.262107, 41.148981],
              [1.262159, 41.149036],
              [1.262207, 41.149044],
              [1.262205, 41.149505],
              [1.2625, 41.14935],
              [1.262693, 41.149239],
              [1.26293, 41.14912],
              [1.263006, 41.149099],
              [1.263056, 41.1491],
              [1.263104, 41.149084],
              [1.263116, 41.149092],
              [1.263123, 41.149101],
              [1.263128, 41.149105],
              [1.263137, 41.14912],
              [1.263148, 41.149144],
              [1.263249, 41.149399],
              [1.263344, 41.149659],
              [1.26339, 41.149793],
              [1.263457, 41.149849],
              [1.263543, 41.149874],
              [1.263615, 41.14987],
              [1.263682, 41.149846],
              [1.263793, 41.149811],
              [1.26437, 41.14962],
              [1.264586, 41.149545],
              [1.264684, 41.149519],
              [1.264806, 41.1495],
              [1.26491, 41.149494],
              [1.264993, 41.149495],
              [1.265075, 41.149504],
              [1.265176, 41.149522],
              [1.265274, 41.14955],
              [1.265348, 41.149578],
              [1.265417, 41.149613],
              [1.2655, 41.149661],
              [1.264937, 41.150146],
              [1.265437, 41.150382],
              [1.266171, 41.150687],
              [1.265882, 41.150779],
              [1.265616, 41.150898],
              [1.265058, 41.151099],
              [1.264721, 41.151268],
              [1.264502, 41.151547],
              [1.264896, 41.151664],
              [1.265834, 41.152031],
              [1.266753, 41.152284],
              [1.267437, 41.152347],
              [1.267486, 41.152557],
              [1.267372, 41.152628],
              [1.267152, 41.152788],
              [1.267052, 41.152856],
              [1.267003, 41.152867],
              [1.266953, 41.152872],
              [1.266897, 41.15287],
              [1.266819, 41.152858],
              [1.266335, 41.152824],
              [1.266299, 41.152809],
              [1.266292, 41.152806],
              [1.266297, 41.152778],
              [1.266296, 41.152755],
              [1.266218, 41.152673],
              [1.266136, 41.152649],
              [1.266008, 41.152639],
              [1.265922, 41.152726],
              [1.2659, 41.152741],
              [1.265847, 41.15275],
              [1.265429, 41.152737],
              [1.265322, 41.152727],
              [1.265194, 41.152715],
              [1.265144, 41.15271],
              [1.265036, 41.152711],
              [1.264948, 41.152691],
              [1.264734, 41.152624],
              [1.264553, 41.152562],
              [1.264469, 41.152524],
              [1.264337, 41.152484],
              [1.264203, 41.152478],
              [1.264159, 41.152491],
              [1.264044, 41.152527],
              [1.263897, 41.152583],
              [1.263607, 41.152672],
              [1.263472, 41.152711],
              [1.263398, 41.15271],
              [1.263341, 41.152696],
              [1.263248, 41.152653],
              [1.263208, 41.152629],
              [1.263152, 41.152595],
              [1.263081, 41.152594],
              [1.262907, 41.152653],
              [1.262407, 41.152831],
              [1.262338, 41.152871],
              [1.262286, 41.152911],
              [1.262189, 41.152972],
              [1.262079, 41.153034],
              [1.261894, 41.153122],
              [1.26188, 41.153129],
              [1.26183, 41.153134],
              [1.261801, 41.153123],
              [1.261719, 41.15309],
              [1.261661, 41.153083],
              [1.261603, 41.153089],
              [1.261519, 41.153104],
              [1.261307, 41.153148],
              [1.261214, 41.153153],
              [1.261067, 41.153134],
              [1.260978, 41.153097],
              [1.260835, 41.153007],
              [1.260718, 41.152909],
              [1.260615, 41.152826],
              [1.260519, 41.152805],
              [1.260392, 41.152789],
              [1.260244, 41.152746],
              [1.259886, 41.152622],
              [1.259838, 41.152597],
              [1.259827, 41.152587],
              [1.259792, 41.152559],
              [1.259762, 41.152505],
              [1.259699, 41.152431],
              [1.259629, 41.15237],
              [1.259559, 41.152323],
              [1.259303, 41.152148],
              [1.259146, 41.152039],
              [1.25909, 41.152106],
              [1.258934, 41.151929],
              [1.258873, 41.151867],
              [1.258864, 41.151833],
              [1.258875, 41.151804],
              [1.258904, 41.151775],
              [1.258951, 41.151758],
              [1.259018, 41.151744],
              [1.25912, 41.151728],
              [1.259212, 41.151719],
              [1.259266, 41.151666],
              [1.259265, 41.151601],
              [1.259251, 41.151548],
              [1.259233, 41.151502],
              [1.259231, 41.151465],
              [1.259267, 41.151449],
              [1.259365, 41.15145],
              [1.259555, 41.15144],
              [1.259564, 41.151373],
              [1.259538, 41.151304],
              [1.259446, 41.151228],
              [1.259304, 41.151156],
              [1.259178, 41.151118],
              [1.258954, 41.151072],
              [1.258669, 41.151028],
              [1.258494, 41.151007],
              [1.258296, 41.151003],
              [1.258089, 41.151009],
              [1.2579, 41.150997],
              [1.25773, 41.150981],
              [1.257615, 41.150961],
              [1.257515, 41.150924],
              [1.257389, 41.150865],
              [1.257157, 41.150748],
              [1.256984, 41.15067],
              [1.256865, 41.150601],
              [1.256726, 41.150527],
              [1.256645, 41.150482],
              [1.256574, 41.150446],
              [1.25651, 41.150413],
              [1.256449, 41.150371],
              [1.256345, 41.150303],
              [1.256269, 41.150269],
              [1.256269, 41.150238],
              [1.256269, 41.15022],
              [1.256255, 41.150228],
              [1.256182, 41.150225],
              [1.256151, 41.150224],
              [1.256091, 41.150237],
              [1.255921, 41.150254],
              [1.255796, 41.150262],
              [1.255699, 41.150273],
              [1.255582, 41.150287],
              [1.255462, 41.150304],
              [1.25535, 41.150321],
              [1.25522, 41.150342],
              [1.254929, 41.150393],
              [1.254689, 41.150434],
              [1.254407, 41.150473],
              [1.25431, 41.15049],
              [1.254072, 41.150538],
              [1.254023, 41.150547],
              [1.253926, 41.150561],
              [1.253827, 41.150566],
              [1.253748, 41.150558],
              [1.253642, 41.150542],
              [1.253502, 41.150526],
              [1.253233, 41.150494],
              [1.252887, 41.150442],
              [1.252716, 41.150421],
              [1.252608, 41.150433],
              [1.252538, 41.150438],
              [1.252352, 41.150439],
              [1.25227, 41.150435],
              [1.252181, 41.150426],
              [1.252123, 41.150403],
              [1.252067, 41.150369],
              [1.251949, 41.15031],
              [1.251864, 41.15029],
              [1.251758, 41.150284],
              [1.251628, 41.150279],
              [1.251476, 41.150264],
              [1.251374, 41.150248],
              [1.25122, 41.150226],
              [1.250901, 41.15018],
              [1.2508, 41.150165],
              [1.250537, 41.150119],
              [1.250487, 41.150124],
              [1.250431, 41.150114],
              [1.250406, 41.150096],
              [1.250377, 41.150069],
              [1.250345, 41.150029],
              [1.250346, 41.149992],
              [1.250334, 41.14993],
              [1.250337, 41.149886],
              [1.250352, 41.149858],
              [1.250377, 41.149823],
              [1.250439, 41.149763],
              [1.250468, 41.149683],
              [1.250455, 41.149593],
              [1.250397, 41.14946],
              [1.250324, 41.14945],
              [1.250279, 41.149443],
              [1.25021, 41.149438],
              [1.250109, 41.149432],
              [1.250064, 41.14943],
              [1.249945, 41.149425],
              [1.24981, 41.149422],
              [1.249581, 41.149441],
              [1.2495, 41.149443],
              [1.249445, 41.149439],
              [1.249367, 41.149418],
              [1.24933, 41.149397],
              [1.2493, 41.149373],
              [1.249284, 41.149356],
              [1.249267, 41.149329],
              [1.249257, 41.149298],
              [1.249254, 41.149276],
              [1.249255, 41.149245],
              [1.24927, 41.149214],
              [1.249285, 41.149197],
              [1.249349, 41.149146],
              [1.24943, 41.149098],
              [1.249502, 41.14904],
              [1.249552, 41.148977],
              [1.249586, 41.148893],
              [1.249574, 41.148784],
              [1.24949, 41.148735],
              [1.249409, 41.148725],
              [1.249313, 41.148748],
              [1.249269, 41.148759],
              [1.249208, 41.14877],
              [1.249125, 41.148777],
              [1.249056, 41.148777],
              [1.248968, 41.148772],
              [1.248896, 41.148766],
              [1.248819, 41.14875],
              [1.248766, 41.148733],
              [1.248733, 41.148716],
              [1.248701, 41.148698],
              [1.248577, 41.14857],
              [1.248458, 41.148459],
              [1.248415, 41.148423],
              [1.248372, 41.148384],
              [1.24819, 41.148244],
              [1.248118, 41.148246],
              [1.248063, 41.148285],
              [1.248016, 41.148328],
              [1.247966, 41.148371],
              [1.247847, 41.148443],
              [1.247765, 41.148471],
              [1.247681, 41.148488],
              [1.247562, 41.148513],
              [1.247438, 41.148558],
              [1.247254, 41.14863],
              [1.247169, 41.148667],
              [1.247106, 41.148692],
              [1.246893, 41.148759],
              [1.246812, 41.148785],
              [1.24675, 41.148801],
              [1.246542, 41.148824],
              [1.24644, 41.148824],
              [1.24633, 41.148819],
              [1.246231, 41.148812],
              [1.246122, 41.148803],
              [1.246043, 41.148793],
              [1.245958, 41.148779],
              [1.245895, 41.148767],
              [1.245805, 41.148744],
              [1.245764, 41.148729],
              [1.245723, 41.148707],
              [1.245642, 41.148658],
              [1.245563, 41.148614],
              [1.245477, 41.14855],
              [1.245403, 41.148494],
              [1.245333, 41.14844],
              [1.245269, 41.148392],
              [1.245227, 41.148346],
              [1.245179, 41.148217],
              [1.245176, 41.148147],
              [1.245177, 41.148095],
              [1.24518, 41.147978],
              [1.24518, 41.147896],
              [1.245179, 41.14785],
              [1.245182, 41.147724],
              [1.24517, 41.147582],
              [1.245113, 41.147524],
              [1.245057, 41.14748],
              [1.244987, 41.147423],
              [1.24488, 41.147342],
              [1.244939, 41.147329],
              [1.245259, 41.147296],
              [1.245304, 41.147292],
              [1.245449, 41.147297],
              [1.245631, 41.147274],
              [1.245899, 41.147245],
              [1.246135, 41.147163],
              [1.246306, 41.147143],
              [1.246389, 41.147097],
              [1.246491, 41.147082],
              [1.246573, 41.147054],
              [1.246629, 41.147044],
              [1.246684, 41.147042],
              [1.246776, 41.147032],
              [1.246955, 41.14701],
              [1.247158, 41.146998],
              [1.247343, 41.147005],
              [1.247497, 41.14696],
              [1.247619, 41.146948],
              [1.247766, 41.146887],
              [1.247843, 41.146793],
              [1.247848, 41.14679],
              [1.248078, 41.146517],
              [1.248133, 41.146427],
              [1.24821, 41.146317],
              [1.248298, 41.146247],
              [1.248423, 41.146171],
              [1.248534, 41.146103],
              [1.248627, 41.146007],
              [1.24868, 41.145969],
              [1.24876, 41.145922],
              [1.248882, 41.145855],
              [1.248977, 41.145814],
              [1.249195, 41.145711],
              [1.249253, 41.1457],
              [1.24974, 41.145592],
              [1.249849, 41.145559],
              [1.250022, 41.145501],
              [1.250282, 41.145452],
              [1.250479, 41.145368],
              [1.250841, 41.145296],
              [1.251289, 41.1452],
              [1.251455, 41.145118],
              [1.251528, 41.145055],
              [1.251557, 41.145028],
              [1.251664, 41.144933],
              [1.251757, 41.144879],
              [1.251853, 41.144787],
              [1.251973, 41.144651],
              [1.252098, 41.144523],
              [1.252163, 41.144457],
              [1.252252, 41.144372],
              [1.252322, 41.144327],
              [1.252441, 41.144259],
              [1.252505, 41.144247],
              [1.252508, 41.144246],
              [1.252498, 41.144239],
              [1.252481, 41.144219],
              [1.252437, 41.144143],
              [1.252392, 41.144093],
              [1.25237, 41.144068],
              [1.252333, 41.143993],
              [1.252299, 41.143939],
              [1.252276, 41.14389],
              [1.252168, 41.14375],
              [1.252025, 41.14369],
              [1.251984, 41.143669],
              [1.25193, 41.143635],
              [1.251886, 41.143602],
              [1.25184, 41.143574],
              [1.251788, 41.143542],
              [1.251735, 41.143489],
              [1.251692, 41.143437],
              [1.251586, 41.143309],
              [1.251971, 41.143266],
              [1.252249, 41.143238],
              [1.25277, 41.143194],
              [1.253365, 41.143148],
              [1.253818, 41.143116],
              [1.25421, 41.143096],
              [1.254896, 41.143069],
              [1.255353, 41.143059],
              [1.255862, 41.143049],
              [1.256195, 41.143044],
              [1.256607, 41.143055],
              [1.257227, 41.143062],
              [1.2578, 41.143083],
              [1.258536, 41.143124],
              [1.258995, 41.143156],
              [1.259661, 41.14321],
              [1.26012, 41.143251],
              [1.260518, 41.1433],
              [1.261021, 41.143356],
              [1.261376, 41.143404],
              [1.262103, 41.143508],
              [1.262409, 41.143558],
              [1.262778, 41.14362],
              [1.2632, 41.143698],
              [1.263707, 41.143794],
              [1.264271, 41.143912],
              [1.264755, 41.144017],
              [1.265168, 41.14411],
              [1.265696, 41.144245],
              [1.266124, 41.144353],
              [1.266553, 41.144461],
              [1.267022, 41.144586],
              [1.26745, 41.144701],
              [1.268014, 41.144853],
              [1.268762, 41.145051],
              [1.269441, 41.145233],
              [1.269911, 41.145356],
              [1.270464, 41.145488],
              [1.27078, 41.145547],
              [1.27075, 41.145882],
              [1.270716, 41.146122],
              [1.270686, 41.146311],
              [1.270663, 41.146508],
              [1.270637, 41.146678],
              [1.270592, 41.146886],
              [1.270554, 41.147056],
              [1.270526, 41.147158],
              [1.270481, 41.147377],
              [1.27046, 41.147503],
              [1.270389, 41.147593],
              [1.270292, 41.147648],
              [1.270065, 41.147755],
              [1.269914, 41.147846],
              [1.2698, 41.14792],
              [1.269494, 41.148072],
              [1.269485, 41.148074],
              [1.269477, 41.148073],
              [1.269459, 41.148066],
              [1.269428, 41.148047],
              [1.269343, 41.147973],
              [1.269245, 41.147896],
              [1.269176, 41.147849],
              [1.269152, 41.147826],
              [1.269143, 41.147814],
              [1.269135, 41.1478],
              [1.269127, 41.14775],
              [1.269133, 41.14752],
              [1.26914, 41.147089],
              [1.269089, 41.147012],
              [1.26901, 41.146959],
              [1.268889, 41.146939],
              [1.267123, 41.147083],
              [1.267039, 41.147103],
              [1.266994, 41.147135],
              [1.266974, 41.147153],
              [1.266971, 41.147151],
              [1.266495, 41.146932],
              [1.266442, 41.147024],
              [1.266692, 41.147142],
              [1.266072, 41.147786],
              [1.265766, 41.147619],
              [1.265487, 41.147417],
              [1.265451, 41.147479],
              [1.265374, 41.147633]
            ]
          ]
        ]
      }
    },
    {
      "type": "Feature",
      "properties": {
        "id": "mas-d-en-grimau",
        "name": "Mas d'en Grimau",
        "cityId": "tarragona"
      },
      "geometry": {
        "type": "MultiPolygon",
        "coordinates": [
          [
            [
              [1.343028, 41.1329],
              [1.342811, 41.132928],
              [1.342622, 41.132952],
              [1.342559, 41.132962],
              [1.342498, 41.132977],
              [1.342454, 41.132992],
              [1.342414, 41.133009],
              [1.342369, 41.133033],
              [1.342324, 41.133063],
              [1.342289, 41.133089],
              [1.342258, 41.133118],
              [1.34223, 41.133149],
              [1.342206, 41.133185],
              [1.342183, 41.13323],
              [1.342167, 41.133276],
              [1.342156, 41.133322],
              [1.342153, 41.133369],
              [1.342156, 41.133417],
              [1.34216, 41.133444],
              [1.342175, 41.133531],
              [1.342181, 41.133565],
              [1.342182, 41.133567],
              [1.342202, 41.133681],
              [1.342208, 41.133718],
              [1.34221, 41.13373],
              [1.342211, 41.133735],
              [1.342212, 41.133741],
              [1.342215, 41.133756],
              [1.34222, 41.133783],
              [1.342227, 41.133823],
              [1.34223, 41.133841],
              [1.342231, 41.133845],
              [1.342237, 41.133882],
              [1.342238, 41.133891],
              [1.342239, 41.133894],
              [1.342239, 41.133897],
              [1.342275, 41.134105],
              [1.342313, 41.134323],
              [1.342349, 41.134535],
              [1.34235, 41.134536],
              [1.342355, 41.134567],
              [1.34236, 41.134594],
              [1.342361, 41.134599],
              [1.342364, 41.13462],
              [1.342365, 41.134626],
              [1.342369, 41.134645],
              [1.34237, 41.134652],
              [1.342374, 41.134674],
              [1.342379, 41.134706],
              [1.342385, 41.13474],
              [1.342386, 41.134745],
              [1.342386, 41.134749],
              [1.342395, 41.134807],
              [1.342426, 41.134985],
              [1.342355, 41.134985],
              [1.342286, 41.134986],
              [1.341986, 41.134989],
              [1.34149, 41.134994],
              [1.3414, 41.134995],
              [1.341394, 41.135142],
              [1.341363, 41.135912],
              [1.340183, 41.135832],
              [1.340177, 41.135832],
              [1.340171, 41.135832],
              [1.339008, 41.135753],
              [1.338973, 41.13586],
              [1.338908, 41.136029],
              [1.338563, 41.135917],
              [1.337458, 41.135568],
              [1.335911, 41.135082],
              [1.334319, 41.134577],
              [1.332646, 41.134063],
              [1.330748, 41.133461],
              [1.329126, 41.132959],
              [1.327875, 41.132566],
              [1.326976, 41.132297],
              [1.326181, 41.13209],
              [1.32517, 41.131853],
              [1.325028, 41.131824],
              [1.325099, 41.131629],
              [1.325086, 41.131588],
              [1.325064, 41.131552],
              [1.325032, 41.131518],
              [1.324989, 41.131469],
              [1.324942, 41.131425],
              [1.324923, 41.131393],
              [1.324864, 41.131317],
              [1.32482, 41.131258],
              [1.324766, 41.131181],
              [1.324718, 41.13113],
              [1.324647, 41.131073],
              [1.324558, 41.130991],
              [1.3245, 41.130923],
              [1.32434, 41.130749],
              [1.324265, 41.130672],
              [1.324395, 41.130638],
              [1.324612, 41.130622],
              [1.324755, 41.130737],
              [1.324854, 41.130785],
              [1.325059, 41.130811],
              [1.325273, 41.130814],
              [1.325428, 41.130775],
              [1.325603, 41.130796],
              [1.325749, 41.130798],
              [1.325885, 41.130778],
              [1.326103, 41.130793],
              [1.326231, 41.130795],
              [1.326461, 41.130778],
              [1.326779, 41.130697],
              [1.326928, 41.130603],
              [1.327115, 41.130591],
              [1.327215, 41.130583],
              [1.327426, 41.130489],
              [1.327592, 41.130449],
              [1.327822, 41.130436],
              [1.327957, 41.130428],
              [1.328063, 41.130427],
              [1.328604, 41.130327],
              [1.328958, 41.13032],
              [1.329142, 41.13023],
              [1.329283, 41.130081],
              [1.329378, 41.129886],
              [1.329423, 41.129478],
              [1.32956, 41.129289],
              [1.329775, 41.129158],
              [1.330049, 41.129127],
              [1.330163, 41.129308],
              [1.330211, 41.129448],
              [1.330335, 41.129661],
              [1.330482, 41.129722],
              [1.330576, 41.129658],
              [1.330711, 41.129545],
              [1.330961, 41.129629],
              [1.331057, 41.129908],
              [1.331075, 41.130367],
              [1.33111, 41.130797],
              [1.331126, 41.131451],
              [1.331191, 41.131632],
              [1.331335, 41.131732],
              [1.331659, 41.131737],
              [1.332757, 41.131745],
              [1.333265, 41.13176],
              [1.333601, 41.131765],
              [1.333868, 41.131667],
              [1.334117, 41.131654],
              [1.33457, 41.13171],
              [1.334873, 41.131706],
              [1.33516, 41.131485],
              [1.335503, 41.131208],
              [1.335806, 41.130959],
              [1.336185, 41.130747],
              [1.3364, 41.130583],
              [1.336524, 41.130584],
              [1.336656, 41.130734],
              [1.336727, 41.130923],
              [1.336909, 41.131011],
              [1.337218, 41.13095],
              [1.3374, 41.13081],
              [1.33758, 41.130559],
              [1.337785, 41.13037],
              [1.338022, 41.130173],
              [1.338232, 41.13002],
              [1.338426, 41.130035],
              [1.338667, 41.130145],
              [1.338674, 41.130292],
              [1.338431, 41.130497],
              [1.338075, 41.130865],
              [1.337895, 41.131165],
              [1.337589, 41.131258],
              [1.337284, 41.131344],
              [1.337137, 41.131587],
              [1.337047, 41.13195],
              [1.337102, 41.131991],
              [1.337369, 41.132073],
              [1.33792, 41.132287],
              [1.33825, 41.1324],
              [1.338701, 41.132551],
              [1.339173, 41.132705],
              [1.339725, 41.132801],
              [1.340002, 41.132842],
              [1.340239, 41.132809],
              [1.340605, 41.132667],
              [1.341038, 41.132411],
              [1.341421, 41.132257],
              [1.341489, 41.132291],
              [1.341728, 41.132376],
              [1.341978, 41.132521],
              [1.342152, 41.132603],
              [1.342475, 41.132663],
              [1.342786, 41.132782],
              [1.343028, 41.1329]
            ]
          ]
        ]
      }
    },
    {
      "type": "Feature",
      "properties": {
        "id": "mas-de-la-creu",
        "name": "Mas de la Creu",
        "cityId": "tarragona"
      },
      "geometry": {
        "type": "MultiPolygon",
        "coordinates": [
          [
            [
              [1.308539, 41.154945],
              [1.307085, 41.15391],
              [1.307003, 41.153892],
              [1.306483, 41.153543],
              [1.305923, 41.153177],
              [1.305601, 41.1528],
              [1.305546, 41.15271],
              [1.305304, 41.152446],
              [1.304976, 41.151985],
              [1.304668, 41.151504],
              [1.304478, 41.15117],
              [1.304419, 41.151091],
              [1.304443, 41.150733],
              [1.304414, 41.150378],
              [1.304646, 41.150346],
              [1.305262, 41.150248],
              [1.305834, 41.150133],
              [1.30649, 41.149977],
              [1.307185, 41.149788],
              [1.307765, 41.149599],
              [1.308327, 41.149401],
              [1.308979, 41.149136],
              [1.309718, 41.148801],
              [1.310184, 41.148573],
              [1.310594, 41.148368],
              [1.310972, 41.14818],
              [1.31143, 41.147946],
              [1.311954, 41.147686],
              [1.312483, 41.147437],
              [1.312712, 41.147337],
              [1.313056, 41.14719],
              [1.313388, 41.147053],
              [1.313856, 41.146872],
              [1.31427, 41.146727],
              [1.314561, 41.146619],
              [1.31455, 41.146659],
              [1.314877, 41.148144],
              [1.314876, 41.148185],
              [1.314901, 41.148348],
              [1.314911, 41.148443],
              [1.314913, 41.1485],
              [1.314911, 41.148564],
              [1.314906, 41.148605],
              [1.314899, 41.148646],
              [1.314885, 41.148703],
              [1.31487, 41.14875],
              [1.31485, 41.148796],
              [1.314813, 41.148855],
              [1.31478, 41.148893],
              [1.314728, 41.14894],
              [1.31467, 41.148978],
              [1.314609, 41.149013],
              [1.314542, 41.149048],
              [1.31445, 41.149087],
              [1.314321, 41.14913],
              [1.314219, 41.14916],
              [1.314109, 41.149192],
              [1.314061, 41.149206],
              [1.31402, 41.149222],
              [1.313962, 41.149239],
              [1.313934, 41.149266],
              [1.313916, 41.149284],
              [1.313897, 41.149306],
              [1.313883, 41.149327],
              [1.313863, 41.14936],
              [1.313848, 41.149392],
              [1.313837, 41.149427],
              [1.313833, 41.149449],
              [1.313834, 41.149477],
              [1.313836, 41.149498],
              [1.31384, 41.149516],
              [1.313851, 41.149546],
              [1.31387, 41.149596],
              [1.313892, 41.149639],
              [1.313906, 41.149662],
              [1.313929, 41.149692],
              [1.313956, 41.149727],
              [1.31398, 41.149756],
              [1.314002, 41.149777],
              [1.31403, 41.149799],
              [1.314058, 41.14982],
              [1.31409, 41.14984],
              [1.314123, 41.149859],
              [1.314163, 41.149879],
              [1.314197, 41.149895],
              [1.314256, 41.149917],
              [1.314362, 41.149955],
              [1.314492, 41.15],
              [1.314513, 41.150008],
              [1.314574, 41.150029],
              [1.314655, 41.150057],
              [1.314749, 41.15009],
              [1.314832, 41.150119],
              [1.314902, 41.150146],
              [1.314955, 41.150167],
              [1.315002, 41.150186],
              [1.315055, 41.150212],
              [1.315097, 41.150234],
              [1.315128, 41.150253],
              [1.315163, 41.150277],
              [1.315191, 41.150299],
              [1.315212, 41.150318],
              [1.315236, 41.15034],
              [1.31525, 41.150357],
              [1.315265, 41.150375],
              [1.315279, 41.150394],
              [1.315293, 41.150417],
              [1.315307, 41.150445],
              [1.315318, 41.150468],
              [1.315328, 41.150497],
              [1.315337, 41.150523],
              [1.315344, 41.150552],
              [1.315352, 41.150593],
              [1.315358, 41.150655],
              [1.315381, 41.150863],
              [1.315297, 41.150862],
              [1.315227, 41.150867],
              [1.315111, 41.150878],
              [1.314977, 41.150891],
              [1.314868, 41.150906],
              [1.314781, 41.15092],
              [1.314712, 41.150933],
              [1.31463, 41.150955],
              [1.314533, 41.150987],
              [1.314403, 41.151055],
              [1.314299, 41.151111],
              [1.314157, 41.151186],
              [1.314055, 41.15124],
              [1.313945, 41.151297],
              [1.313872, 41.151333],
              [1.313815, 41.151369],
              [1.313765, 41.151403],
              [1.31373, 41.151442],
              [1.313679, 41.151525],
              [1.313608, 41.151666],
              [1.313549, 41.15177],
              [1.313496, 41.151863],
              [1.313459, 41.151955],
              [1.313408, 41.152075],
              [1.313345, 41.152234],
              [1.313285, 41.152384],
              [1.313198, 41.152614],
              [1.313194, 41.152697],
              [1.313208, 41.152842],
              [1.313228, 41.152977],
              [1.313248, 41.1531],
              [1.313259, 41.153204],
              [1.313261, 41.153279],
              [1.313251, 41.153358],
              [1.313235, 41.153468],
              [1.313325, 41.153707],
              [1.313389, 41.153861],
              [1.313442, 41.153998],
              [1.31345, 41.154048],
              [1.313448, 41.15413],
              [1.313436, 41.15419],
              [1.313421, 41.154237],
              [1.313394, 41.154309],
              [1.31335, 41.154418],
              [1.313307, 41.154523],
              [1.313278, 41.154597],
              [1.313241, 41.154689],
              [1.313205, 41.154803],
              [1.313184, 41.154887],
              [1.313172, 41.154969],
              [1.313157, 41.155037],
              [1.313094, 41.155605],
              [1.313083, 41.155752],
              [1.313069, 41.155907],
              [1.313068, 41.156008],
              [1.31307, 41.156067],
              [1.31307, 41.156132],
              [1.31309, 41.156207],
              [1.313116, 41.156289],
              [1.31316, 41.156372],
              [1.31323, 41.156492],
              [1.313301, 41.156621],
              [1.313373, 41.156747],
              [1.313444, 41.15684],
              [1.312971, 41.156667],
              [1.312534, 41.15643],
              [1.311241, 41.155932],
              [1.309909, 41.155445],
              [1.308539, 41.154945]
            ]
          ]
        ]
      }
    },
    {
      "type": "Feature",
      "properties": {
        "id": "mas-de-potau",
        "name": "Mas de Potau",
        "cityId": "tarragona"
      },
      "geometry": {
        "type": "MultiPolygon",
        "coordinates": [
          [
            [
              [1.199003, 41.094801],
              [1.202174, 41.096934],
              [1.201916, 41.097285],
              [1.200995, 41.09856],
              [1.200959, 41.098605],
              [1.200917, 41.098647],
              [1.200855, 41.098698],
              [1.199413, 41.099589],
              [1.198741, 41.100008],
              [1.19828, 41.1003],
              [1.19787, 41.100555],
              [1.196806, 41.10121],
              [1.194793, 41.102461],
              [1.194044, 41.102931],
              [1.193819, 41.102835],
              [1.193577, 41.102733],
              [1.193307, 41.10262],
              [1.193109, 41.102539],
              [1.192906, 41.10246],
              [1.192702, 41.102388],
              [1.19249, 41.102315],
              [1.192285, 41.10225],
              [1.192014, 41.102172],
              [1.19174, 41.102096],
              [1.191433, 41.102014],
              [1.191211, 41.101956],
              [1.190992, 41.101902],
              [1.190651, 41.101814],
              [1.190386, 41.101746],
              [1.190081, 41.101669],
              [1.189853, 41.101609],
              [1.18916, 41.101432],
              [1.188938, 41.101373],
              [1.189349, 41.101032],
              [1.190873, 41.099769],
              [1.191535, 41.098979],
              [1.192275, 41.098311],
              [1.19295, 41.097656],
              [1.194088, 41.095673],
              [1.197031, 41.093237],
              [1.199003, 41.094801]
            ]
          ]
        ]
      }
    },
    {
      "type": "Feature",
      "properties": {
        "id": "mas-de-sorder",
        "name": "Mas de Sorder",
        "cityId": "tarragona"
      },
      "geometry": {
        "type": "MultiPolygon",
        "coordinates": [
          [
            [
              [1.32514, 41.154373],
              [1.325142, 41.154387],
              [1.325145, 41.154405],
              [1.32515, 41.154428],
              [1.325156, 41.154448],
              [1.32516, 41.154467],
              [1.325166, 41.154488],
              [1.32517, 41.154504],
              [1.325174, 41.154523],
              [1.325176, 41.154542],
              [1.325176, 41.154559],
              [1.325175, 41.154577],
              [1.325174, 41.15459],
              [1.325171, 41.154605],
              [1.325168, 41.15462],
              [1.325164, 41.154633],
              [1.325158, 41.15465],
              [1.325152, 41.154667],
              [1.325146, 41.154683],
              [1.325139, 41.1547],
              [1.325134, 41.154713],
              [1.325127, 41.154731],
              [1.325117, 41.154753],
              [1.32511, 41.154769],
              [1.325103, 41.154784],
              [1.325094, 41.154803],
              [1.325081, 41.154831],
              [1.325071, 41.154856],
              [1.325064, 41.154872],
              [1.325058, 41.154887],
              [1.325051, 41.154906],
              [1.325046, 41.154922],
              [1.32504, 41.15494],
              [1.325035, 41.154961],
              [1.325031, 41.154978],
              [1.325024, 41.155002],
              [1.325011, 41.155046],
              [1.32501, 41.155046],
              [1.325006, 41.155065],
              [1.325001, 41.155084],
              [1.325, 41.155086],
              [1.325, 41.155089],
              [1.324999, 41.155093],
              [1.324998, 41.155097],
              [1.324991, 41.15512],
              [1.324987, 41.155138],
              [1.324983, 41.155156],
              [1.32498, 41.155173],
              [1.324978, 41.155189],
              [1.324977, 41.155199],
              [1.324977, 41.15521],
              [1.324976, 41.155225],
              [1.324975, 41.155241],
              [1.324974, 41.155261],
              [1.324972, 41.15529],
              [1.324973, 41.155312],
              [1.324976, 41.155326],
              [1.324982, 41.155349],
              [1.324988, 41.155363],
              [1.324996, 41.15538],
              [1.325004, 41.155396],
              [1.325014, 41.155413],
              [1.325034, 41.155442],
              [1.325109, 41.155485],
              [1.325129, 41.155496],
              [1.325139, 41.155501],
              [1.325141, 41.155502],
              [1.325144, 41.155503],
              [1.325145, 41.155504],
              [1.325147, 41.155504],
              [1.32515, 41.155506],
              [1.325163, 41.155513],
              [1.32518, 41.15552],
              [1.325198, 41.155528],
              [1.325203, 41.15553],
              [1.325206, 41.155531],
              [1.325209, 41.155532],
              [1.325212, 41.155534],
              [1.325215, 41.155535],
              [1.325217, 41.155536],
              [1.325219, 41.155537],
              [1.325222, 41.155538],
              [1.325225, 41.15554],
              [1.325227, 41.155541],
              [1.32523, 41.155542],
              [1.325234, 41.155544],
              [1.325239, 41.155546],
              [1.325242, 41.155548],
              [1.325246, 41.15555],
              [1.325251, 41.155553],
              [1.325254, 41.155554],
              [1.325258, 41.155556],
              [1.325262, 41.155558],
              [1.325266, 41.15556],
              [1.32527, 41.155563],
              [1.325272, 41.155564],
              [1.325276, 41.155566],
              [1.32528, 41.155568],
              [1.325283, 41.15557],
              [1.325285, 41.155572],
              [1.325289, 41.155574],
              [1.325293, 41.155576],
              [1.325297, 41.155578],
              [1.3253, 41.15558],
              [1.325303, 41.155582],
              [1.325306, 41.155584],
              [1.325308, 41.155586],
              [1.325312, 41.155588],
              [1.325314, 41.155589],
              [1.325317, 41.155591],
              [1.32532, 41.155593],
              [1.325323, 41.155595],
              [1.325327, 41.155597],
              [1.325328, 41.155598],
              [1.325329, 41.155599],
              [1.325331, 41.155601],
              [1.325333, 41.155602],
              [1.325335, 41.155603],
              [1.325338, 41.155605],
              [1.325339, 41.155607],
              [1.325341, 41.155608],
              [1.325343, 41.15561],
              [1.325345, 41.155611],
              [1.325348, 41.155613],
              [1.325351, 41.155616],
              [1.325352, 41.155617],
              [1.325353, 41.155618],
              [1.325354, 41.155619],
              [1.325355, 41.15562],
              [1.325357, 41.155621],
              [1.325357, 41.155622],
              [1.325358, 41.155623],
              [1.325359, 41.155624],
              [1.32536, 41.155625],
              [1.325362, 41.155626],
              [1.325363, 41.155628],
              [1.325364, 41.155629],
              [1.325365, 41.15563],
              [1.325366, 41.155631],
              [1.325367, 41.155632],
              [1.325367, 41.155633],
              [1.325368, 41.155634],
              [1.325368, 41.155635],
              [1.325369, 41.155636],
              [1.32537, 41.155637],
              [1.32537, 41.155638],
              [1.32537, 41.155638],
              [1.325371, 41.155639],
              [1.325371, 41.15564],
              [1.325372, 41.155641],
              [1.325372, 41.155641],
              [1.325372, 41.155642],
              [1.325373, 41.155643],
              [1.325373, 41.155645],
              [1.325373, 41.155646],
              [1.325374, 41.155646],
              [1.325374, 41.155647],
              [1.325374, 41.155649],
              [1.325374, 41.155649],
              [1.325374, 41.15565],
              [1.325375, 41.155651],
              [1.325375, 41.155652],
              [1.325375, 41.155654],
              [1.325375, 41.155654],
              [1.325375, 41.155655],
              [1.325375, 41.155657],
              [1.325375, 41.155659],
              [1.325375, 41.155661],
              [1.325375, 41.155663],
              [1.325375, 41.155664],
              [1.325375, 41.155676],
              [1.325375, 41.155684],
              [1.325375, 41.155687],
              [1.325374, 41.155688],
              [1.325374, 41.155689],
              [1.325374, 41.155689],
              [1.325374, 41.15569],
              [1.325374, 41.155692],
              [1.325374, 41.155692],
              [1.325374, 41.155693],
              [1.325373, 41.155694],
              [1.325373, 41.155695],
              [1.325373, 41.155696],
              [1.325373, 41.155697],
              [1.325372, 41.155699],
              [1.325371, 41.1557],
              [1.325371, 41.155702],
              [1.32537, 41.155704],
              [1.325369, 41.155706],
              [1.325369, 41.155707],
              [1.325368, 41.155709],
              [1.325367, 41.155712],
              [1.325366, 41.155714],
              [1.325365, 41.155716],
              [1.325364, 41.155718],
              [1.325364, 41.155719],
              [1.325363, 41.15572],
              [1.325362, 41.155722],
              [1.325362, 41.155723],
              [1.325361, 41.155725],
              [1.325359, 41.155728],
              [1.325358, 41.155729],
              [1.325357, 41.155732],
              [1.325355, 41.155734],
              [1.325354, 41.155736],
              [1.325353, 41.155738],
              [1.325352, 41.15574],
              [1.32535, 41.155742],
              [1.325348, 41.155745],
              [1.325354, 41.155832],
              [1.325348, 41.155839],
              [1.325341, 41.155854],
              [1.325336, 41.155874],
              [1.325331, 41.155889],
              [1.325323, 41.155918],
              [1.325313, 41.155955],
              [1.32531, 41.155972],
              [1.325306, 41.155998],
              [1.325303, 41.15602],
              [1.325303, 41.156032],
              [1.325303, 41.156046],
              [1.325303, 41.156048],
              [1.325302, 41.15605],
              [1.325302, 41.156053],
              [1.325302, 41.156056],
              [1.325302, 41.156064],
              [1.325301, 41.156067],
              [1.325301, 41.156069],
              [1.325301, 41.156072],
              [1.325301, 41.156074],
              [1.325301, 41.156075],
              [1.3253, 41.156078],
              [1.3253, 41.156081],
              [1.3253, 41.156082],
              [1.3253, 41.156085],
              [1.325299, 41.156088],
              [1.325298, 41.156092],
              [1.325298, 41.156095],
              [1.325297, 41.156102],
              [1.325293, 41.156119],
              [1.325291, 41.156133],
              [1.325289, 41.156145],
              [1.325288, 41.15615],
              [1.325288, 41.156153],
              [1.325287, 41.156154],
              [1.324935, 41.156427],
              [1.324905, 41.156471],
              [1.32487, 41.156524],
              [1.324862, 41.156537],
              [1.324854, 41.156549],
              [1.324848, 41.156558],
              [1.324836, 41.156578],
              [1.324823, 41.156599],
              [1.324812, 41.156616],
              [1.324803, 41.156631],
              [1.324793, 41.156648],
              [1.324782, 41.156667],
              [1.32477, 41.156689],
              [1.32476, 41.156707],
              [1.324752, 41.156722],
              [1.324744, 41.156738],
              [1.324735, 41.156754],
              [1.324729, 41.156767],
              [1.324658, 41.156762],
              [1.324536, 41.156784],
              [1.324394, 41.156806],
              [1.324242, 41.156822],
              [1.324131, 41.156837],
              [1.324008, 41.156849],
              [1.32389, 41.156863],
              [1.323764, 41.156869],
              [1.323636, 41.156858],
              [1.32354, 41.156884],
              [1.323413, 41.156876],
              [1.323289, 41.156869],
              [1.32314, 41.156824],
              [1.32304, 41.156793],
              [1.322922, 41.156736],
              [1.322842, 41.156689],
              [1.322746, 41.156684],
              [1.322642, 41.156688],
              [1.322509, 41.156668],
              [1.322389, 41.156678],
              [1.322214, 41.156823],
              [1.322186, 41.156826],
              [1.322167, 41.156833],
              [1.322151, 41.15684],
              [1.322132, 41.156851],
              [1.322097, 41.156881],
              [1.322051, 41.156932],
              [1.321991, 41.156986],
              [1.32197, 41.157004],
              [1.321955, 41.157013],
              [1.321939, 41.157023],
              [1.321925, 41.157031],
              [1.321912, 41.157036],
              [1.321895, 41.157042],
              [1.321878, 41.157046],
              [1.321842, 41.15705],
              [1.321775, 41.157053],
              [1.32176, 41.157037],
              [1.321746, 41.157031],
              [1.321736, 41.157025],
              [1.321726, 41.157018],
              [1.321714, 41.157009],
              [1.3217, 41.156998],
              [1.321674, 41.156973],
              [1.321627, 41.156917],
              [1.321521, 41.156794],
              [1.321408, 41.15667],
              [1.321274, 41.156533],
              [1.321227, 41.156489],
              [1.321206, 41.156472],
              [1.321184, 41.156456],
              [1.321167, 41.156445],
              [1.321152, 41.156437],
              [1.321127, 41.156424],
              [1.321049, 41.156388],
              [1.320785, 41.156269],
              [1.320549, 41.156161],
              [1.320331, 41.156062],
              [1.320103, 41.15596],
              [1.320003, 41.155919],
              [1.319275, 41.155342],
              [1.318611, 41.151031],
              [1.318421, 41.151052],
              [1.31834, 41.151068],
              [1.318274, 41.15108],
              [1.318208, 41.151088],
              [1.318085, 41.151095],
              [1.318005, 41.151097],
              [1.317943, 41.151096],
              [1.317712, 41.151071],
              [1.317527, 41.151049],
              [1.317398, 41.151037],
              [1.317246, 41.151029],
              [1.317078, 41.151027],
              [1.3169, 41.151025],
              [1.316755, 41.15102],
              [1.316615, 41.151003],
              [1.316558, 41.150982],
              [1.316464, 41.150942],
              [1.316424, 41.15093],
              [1.316331, 41.150917],
              [1.31625, 41.150905],
              [1.316123, 41.150889],
              [1.315945, 41.150863],
              [1.315723, 41.150873],
              [1.315686, 41.150873],
              [1.3156, 41.150872],
              [1.315444, 41.150863],
              [1.315381, 41.150863],
              [1.315358, 41.150655],
              [1.315352, 41.150593],
              [1.315344, 41.150552],
              [1.315337, 41.150523],
              [1.315328, 41.150497],
              [1.315318, 41.150468],
              [1.315307, 41.150445],
              [1.315293, 41.150417],
              [1.315279, 41.150394],
              [1.315265, 41.150375],
              [1.31525, 41.150357],
              [1.315236, 41.15034],
              [1.315212, 41.150318],
              [1.315191, 41.150299],
              [1.315163, 41.150277],
              [1.315128, 41.150253],
              [1.315097, 41.150234],
              [1.315055, 41.150212],
              [1.315002, 41.150186],
              [1.314955, 41.150167],
              [1.314902, 41.150146],
              [1.314832, 41.150119],
              [1.314749, 41.15009],
              [1.314655, 41.150057],
              [1.314574, 41.150029],
              [1.314513, 41.150008],
              [1.314492, 41.15],
              [1.314362, 41.149955],
              [1.314256, 41.149917],
              [1.314197, 41.149895],
              [1.314163, 41.149879],
              [1.314123, 41.149859],
              [1.31409, 41.14984],
              [1.314058, 41.14982],
              [1.31403, 41.149799],
              [1.314002, 41.149777],
              [1.31398, 41.149756],
              [1.313956, 41.149727],
              [1.313929, 41.149692],
              [1.313906, 41.149662],
              [1.313892, 41.149639],
              [1.31387, 41.149596],
              [1.313851, 41.149546],
              [1.31384, 41.149516],
              [1.313836, 41.149498],
              [1.313834, 41.149477],
              [1.313833, 41.149449],
              [1.313837, 41.149427],
              [1.313848, 41.149392],
              [1.313863, 41.14936],
              [1.313883, 41.149327],
              [1.313897, 41.149306],
              [1.313916, 41.149284],
              [1.313934, 41.149266],
              [1.313962, 41.149239],
              [1.31402, 41.149222],
              [1.314061, 41.149206],
              [1.314109, 41.149192],
              [1.314219, 41.14916],
              [1.314321, 41.14913],
              [1.31445, 41.149087],
              [1.314542, 41.149048],
              [1.314609, 41.149013],
              [1.31467, 41.148978],
              [1.314728, 41.14894],
              [1.31478, 41.148893],
              [1.314813, 41.148855],
              [1.31485, 41.148796],
              [1.31487, 41.14875],
              [1.314885, 41.148703],
              [1.314899, 41.148646],
              [1.314906, 41.148605],
              [1.314911, 41.148564],
              [1.314913, 41.1485],
              [1.314911, 41.148443],
              [1.314901, 41.148348],
              [1.314876, 41.148185],
              [1.314877, 41.148144],
              [1.31455, 41.146659],
              [1.314561, 41.146619],
              [1.314816, 41.146575],
              [1.315125, 41.14648],
              [1.315477, 41.146379],
              [1.315815, 41.146285],
              [1.316046, 41.146227],
              [1.316298, 41.146165],
              [1.31643, 41.146131],
              [1.316573, 41.146097],
              [1.31674, 41.146057],
              [1.316915, 41.146016],
              [1.317063, 41.145982],
              [1.317348, 41.145916],
              [1.317601, 41.145858],
              [1.317892, 41.145791],
              [1.318208, 41.145717],
              [1.318213, 41.145716],
              [1.318479, 41.145652],
              [1.318716, 41.145595],
              [1.318969, 41.145531],
              [1.319205, 41.14547],
              [1.319434, 41.145407],
              [1.319704, 41.145329],
              [1.319859, 41.145283],
              [1.319953, 41.145255],
              [1.32026, 41.145158],
              [1.320457, 41.145092],
              [1.32046, 41.145092],
              [1.320816, 41.144965],
              [1.320881, 41.144941],
              [1.321221, 41.144813],
              [1.321728, 41.144609],
              [1.322147, 41.144424],
              [1.322407, 41.144693],
              [1.32248, 41.14473],
              [1.322598, 41.144811],
              [1.322713, 41.14488],
              [1.322831, 41.144913],
              [1.322933, 41.144942],
              [1.323088, 41.144993],
              [1.323215, 41.144992],
              [1.323306, 41.14498],
              [1.32339, 41.144973],
              [1.323491, 41.144948],
              [1.323599, 41.144938],
              [1.323697, 41.144929],
              [1.323792, 41.144921],
              [1.323897, 41.144895],
              [1.323997, 41.144949],
              [1.324073, 41.145018],
              [1.324112, 41.14511],
              [1.324137, 41.145192],
              [1.324157, 41.14532],
              [1.324182, 41.14544],
              [1.324196, 41.145523],
              [1.324196, 41.145613],
              [1.324212, 41.145726],
              [1.324249, 41.14582],
              [1.324297, 41.145928],
              [1.324354, 41.146051],
              [1.324392, 41.146145],
              [1.324422, 41.146229],
              [1.324453, 41.146296],
              [1.324479, 41.146387],
              [1.324526, 41.146469],
              [1.324555, 41.146525],
              [1.324591, 41.146577],
              [1.324682, 41.146563],
              [1.32478, 41.14655],
              [1.324853, 41.146536],
              [1.324952, 41.146512],
              [1.325117, 41.146471],
              [1.32527, 41.146478],
              [1.325423, 41.146487],
              [1.325535, 41.146489],
              [1.325673, 41.146486],
              [1.325819, 41.1465],
              [1.325941, 41.146514],
              [1.326055, 41.146528],
              [1.326188, 41.146524],
              [1.326305, 41.146526],
              [1.326388, 41.146492],
              [1.32658, 41.146498],
              [1.326607, 41.146557],
              [1.326666, 41.146682],
              [1.326733, 41.146802],
              [1.326782, 41.146934],
              [1.326832, 41.147067],
              [1.326891, 41.147212],
              [1.326963, 41.147355],
              [1.327007, 41.147469],
              [1.327074, 41.147597],
              [1.327112, 41.147709],
              [1.327191, 41.147836],
              [1.327254, 41.147968],
              [1.327297, 41.148078],
              [1.327342, 41.148177],
              [1.327367, 41.148245],
              [1.327425, 41.148368],
              [1.327468, 41.148481],
              [1.327514, 41.148557],
              [1.327615, 41.14867],
              [1.327655, 41.148748],
              [1.327724, 41.148827],
              [1.327776, 41.148878],
              [1.327816, 41.148924],
              [1.327845, 41.149015],
              [1.327804, 41.149107],
              [1.327762, 41.149181],
              [1.32772, 41.149268],
              [1.327682, 41.149357],
              [1.327683, 41.14944],
              [1.327719, 41.149521],
              [1.327752, 41.149598],
              [1.327775, 41.149661],
              [1.327822, 41.149754],
              [1.327827, 41.149776],
              [1.327839, 41.149815],
              [1.327851, 41.149852],
              [1.327865, 41.149896],
              [1.327874, 41.149929],
              [1.327886, 41.149978],
              [1.327891, 41.150003],
              [1.327895, 41.150022],
              [1.3279, 41.150053],
              [1.327902, 41.150072],
              [1.327902, 41.150103],
              [1.327903, 41.150127],
              [1.327903, 41.150157],
              [1.327904, 41.150195],
              [1.327907, 41.150233],
              [1.32791, 41.150265],
              [1.327913, 41.150305],
              [1.327916, 41.150344],
              [1.327916, 41.150361],
              [1.327918, 41.150397],
              [1.327918, 41.150425],
              [1.327918, 41.150453],
              [1.327918, 41.150487],
              [1.327918, 41.150506],
              [1.327919, 41.150532],
              [1.32792, 41.150552],
              [1.327922, 41.150571],
              [1.327925, 41.150596],
              [1.327928, 41.150614],
              [1.327932, 41.150632],
              [1.327939, 41.150655],
              [1.327947, 41.150671],
              [1.327958, 41.150692],
              [1.327973, 41.150712],
              [1.327984, 41.150728],
              [1.327999, 41.15075],
              [1.32801, 41.150768],
              [1.328021, 41.150792],
              [1.32803, 41.15081],
              [1.328047, 41.150849],
              [1.328055, 41.150871],
              [1.328059, 41.150889],
              [1.328063, 41.150912],
              [1.328065, 41.150935],
              [1.328066, 41.150959],
              [1.328066, 41.150984],
              [1.328065, 41.151008],
              [1.328063, 41.151038],
              [1.328061, 41.151061],
              [1.328058, 41.151089],
              [1.328057, 41.151111],
              [1.328057, 41.151138],
              [1.328058, 41.151154],
              [1.328058, 41.151177],
              [1.32806, 41.151203],
              [1.328061, 41.151229],
              [1.328064, 41.151252],
              [1.328072, 41.151276],
              [1.32808, 41.151299],
              [1.328091, 41.151322],
              [1.328102, 41.151344],
              [1.32811, 41.151365],
              [1.328115, 41.151381],
              [1.328116, 41.1514],
              [1.328113, 41.151412],
              [1.328106, 41.151427],
              [1.328097, 41.151438],
              [1.328084, 41.15145],
              [1.328073, 41.151456],
              [1.328058, 41.151462],
              [1.328046, 41.151466],
              [1.328028, 41.151471],
              [1.328013, 41.151473],
              [1.327991, 41.151473],
              [1.327974, 41.151471],
              [1.327933, 41.151464],
              [1.327904, 41.151464],
              [1.32788, 41.151471],
              [1.327864, 41.151479],
              [1.327847, 41.151492],
              [1.327846, 41.151493],
              [1.327836, 41.151504],
              [1.327819, 41.151522],
              [1.327801, 41.151544],
              [1.327787, 41.15156],
              [1.327766, 41.151583],
              [1.327749, 41.1516],
              [1.327731, 41.151617],
              [1.327713, 41.151634],
              [1.327689, 41.151656],
              [1.327669, 41.151673],
              [1.327651, 41.15169],
              [1.327633, 41.151706],
              [1.327609, 41.151728],
              [1.32759, 41.151744],
              [1.327571, 41.15176],
              [1.327546, 41.151782],
              [1.327527, 41.151798],
              [1.327501, 41.15182],
              [1.327478, 41.151841],
              [1.32746, 41.151858],
              [1.327441, 41.151874],
              [1.327416, 41.151895],
              [1.327391, 41.151916],
              [1.327366, 41.151937],
              [1.327335, 41.151963],
              [1.327311, 41.151983],
              [1.327287, 41.152003],
              [1.327262, 41.152023],
              [1.327238, 41.152043],
              [1.327209, 41.152068],
              [1.327184, 41.152088],
              [1.327162, 41.152107],
              [1.327139, 41.152125],
              [1.327115, 41.152144],
              [1.32709, 41.152161],
              [1.327062, 41.152183],
              [1.327039, 41.152201],
              [1.327011, 41.152222],
              [1.326982, 41.152243],
              [1.326947, 41.152267],
              [1.326918, 41.152287],
              [1.326893, 41.152304],
              [1.326871, 41.152321],
              [1.326846, 41.152343],
              [1.326826, 41.152362],
              [1.326804, 41.152385],
              [1.326787, 41.152403],
              [1.32677, 41.152422],
              [1.326753, 41.152441],
              [1.326736, 41.152459],
              [1.326724, 41.152474],
              [1.326708, 41.152494],
              [1.32669, 41.15252],
              [1.326682, 41.152535],
              [1.32667, 41.152555],
              [1.32666, 41.152575],
              [1.326652, 41.152597],
              [1.326648, 41.152618],
              [1.326645, 41.152634],
              [1.326642, 41.15265],
              [1.326638, 41.152669],
              [1.326632, 41.152683],
              [1.326626, 41.152696],
              [1.32662, 41.152709],
              [1.326608, 41.152724],
              [1.326598, 41.152735],
              [1.326587, 41.152746],
              [1.326571, 41.152759],
              [1.326557, 41.15277],
              [1.326538, 41.152786],
              [1.32652, 41.152802],
              [1.32651, 41.15281],
              [1.32649, 41.152825],
              [1.326472, 41.152843],
              [1.326454, 41.15286],
              [1.326439, 41.152878],
              [1.326428, 41.152892],
              [1.326416, 41.152913],
              [1.326402, 41.152934],
              [1.326388, 41.152954],
              [1.326379, 41.152968],
              [1.326365, 41.152986],
              [1.326351, 41.153002],
              [1.32634, 41.153013],
              [1.326323, 41.153026],
              [1.326299, 41.153038],
              [1.326278, 41.153048],
              [1.326255, 41.153058],
              [1.326228, 41.153071],
              [1.326205, 41.153083],
              [1.326181, 41.153093],
              [1.326152, 41.153105],
              [1.326132, 41.153118],
              [1.326113, 41.153131],
              [1.32609, 41.153149],
              [1.326072, 41.153165],
              [1.326055, 41.153182],
              [1.32604, 41.153196],
              [1.326025, 41.153211],
              [1.326013, 41.153224],
              [1.325998, 41.15324],
              [1.325988, 41.153253],
              [1.325976, 41.153268],
              [1.325965, 41.153286],
              [1.325959, 41.1533],
              [1.32595, 41.153318],
              [1.325942, 41.153337],
              [1.325937, 41.153355],
              [1.325933, 41.153368],
              [1.325927, 41.153386],
              [1.325919, 41.153403],
              [1.325908, 41.153418],
              [1.3259, 41.153428],
              [1.325888, 41.153441],
              [1.325873, 41.153452],
              [1.325857, 41.153462],
              [1.325842, 41.153473],
              [1.325825, 41.153487],
              [1.32581, 41.1535],
              [1.325794, 41.153515],
              [1.325777, 41.153529],
              [1.325762, 41.153543],
              [1.325746, 41.153561],
              [1.325729, 41.153579],
              [1.325713, 41.153598],
              [1.325697, 41.153618],
              [1.325685, 41.153632],
              [1.325669, 41.15365],
              [1.325653, 41.153669],
              [1.325637, 41.153687],
              [1.325623, 41.153705],
              [1.325611, 41.153726],
              [1.325599, 41.153746],
              [1.325588, 41.153766],
              [1.325581, 41.153782],
              [1.325569, 41.153805],
              [1.32556, 41.153822],
              [1.325553, 41.153835],
              [1.325543, 41.153852],
              [1.325529, 41.153866],
              [1.325515, 41.15388],
              [1.325504, 41.153895],
              [1.325492, 41.153907],
              [1.325479, 41.153919],
              [1.325466, 41.15393],
              [1.325454, 41.153939],
              [1.325441, 41.153947],
              [1.325415, 41.153965],
              [1.3254, 41.153976],
              [1.325384, 41.153987],
              [1.325363, 41.154],
              [1.325351, 41.154008],
              [1.325333, 41.154019],
              [1.325316, 41.15403],
              [1.325294, 41.154045],
              [1.325275, 41.154059],
              [1.325258, 41.15407],
              [1.325234, 41.154087],
              [1.325216, 41.154101],
              [1.325198, 41.154114],
              [1.325181, 41.154128],
              [1.325163, 41.15416],
              [1.325157, 41.154177],
              [1.325147, 41.154205],
              [1.325145, 41.154224],
              [1.325145, 41.154238],
              [1.325145, 41.154253],
              [1.325146, 41.154267],
              [1.325144, 41.154281],
              [1.32514, 41.154298],
              [1.325137, 41.154318],
              [1.325138, 41.154345],
              [1.32514, 41.154373]
            ]
          ]
        ]
      }
    },
    {
      "type": "Feature",
      "properties": {
        "id": "mas-del-frare",
        "name": "Mas del Frare",
        "cityId": "tarragona"
      },
      "geometry": {
        "type": "MultiPolygon",
        "coordinates": [
          [
            [
              [1.270083, 41.159327],
              [1.269784, 41.159368],
              [1.269507, 41.159408],
              [1.269293, 41.159432],
              [1.269136, 41.159444],
              [1.268934, 41.159443],
              [1.26865, 41.159437],
              [1.268374, 41.159425],
              [1.268086, 41.159402],
              [1.267777, 41.15937],
              [1.267422, 41.159334],
              [1.267098, 41.159295],
              [1.26674, 41.159258],
              [1.266391, 41.159227],
              [1.266045, 41.159191],
              [1.265761, 41.159157],
              [1.265517, 41.159129],
              [1.265412, 41.159116],
              [1.265298, 41.159105],
              [1.265287, 41.158715],
              [1.265276, 41.158404],
              [1.26543, 41.158401],
              [1.265676, 41.158379],
              [1.266391, 41.158356],
              [1.266621, 41.158353],
              [1.26686, 41.158341],
              [1.267101, 41.158349],
              [1.267347, 41.158367],
              [1.267852, 41.158411],
              [1.268404, 41.158408],
              [1.268612, 41.158402],
              [1.268882, 41.158398],
              [1.269359, 41.158384],
              [1.269516, 41.158383],
              [1.269682, 41.158378],
              [1.269752, 41.158561],
              [1.269786, 41.158642],
              [1.269809, 41.158689],
              [1.270083, 41.159327]
            ]
          ]
        ]
      }
    },
    {
      "type": "Feature",
      "properties": {
        "id": "mas-morato",
        "name": "Mas Morató",
        "cityId": "tarragona"
      },
      "geometry": {
        "type": "MultiPolygon",
        "coordinates": [
          [
            [
              [1.278721, 41.144679],
              [1.279732, 41.144898],
              [1.279792, 41.144914],
              [1.279851, 41.144934],
              [1.279935, 41.144968],
              [1.279988, 41.144995],
              [1.280039, 41.145024],
              [1.280087, 41.145056],
              [1.280133, 41.14509],
              [1.280175, 41.145126],
              [1.280214, 41.145165],
              [1.280249, 41.145205],
              [1.280295, 41.145269],
              [1.28033, 41.145331],
              [1.280345, 41.145366],
              [1.280359, 41.145402],
              [1.280512, 41.145907],
              [1.279675, 41.146032],
              [1.279593, 41.146039],
              [1.279435, 41.146042],
              [1.279363, 41.14604],
              [1.279164, 41.146026],
              [1.279059, 41.146021],
              [1.278931, 41.146019],
              [1.278804, 41.14602],
              [1.278701, 41.146026],
              [1.278221, 41.146073],
              [1.278106, 41.14608],
              [1.277991, 41.146082],
              [1.277746, 41.146081],
              [1.27761, 41.146078],
              [1.277494, 41.14607],
              [1.277171, 41.146032],
              [1.277245, 41.146329],
              [1.277017, 41.14632],
              [1.276686, 41.146313],
              [1.276311, 41.1463],
              [1.275918, 41.14628],
              [1.275498, 41.146253],
              [1.275173, 41.146223],
              [1.274741, 41.146186],
              [1.273396, 41.146032],
              [1.272784, 41.145938],
              [1.272344, 41.145864],
              [1.271866, 41.145771],
              [1.2714, 41.14568],
              [1.27112, 41.145616],
              [1.270887, 41.145564],
              [1.27078, 41.145547],
              [1.270794, 41.145401],
              [1.270802, 41.14525],
              [1.270811, 41.145053],
              [1.270816, 41.144908],
              [1.270808, 41.144773],
              [1.270765, 41.144608],
              [1.270721, 41.144442],
              [1.270674, 41.144275],
              [1.270598, 41.144094],
              [1.271172, 41.143981],
              [1.271404, 41.143976],
              [1.272052, 41.144058],
              [1.273096, 41.144194],
              [1.274228, 41.144353],
              [1.274368, 41.14438],
              [1.274845, 41.144536],
              [1.275084, 41.144632],
              [1.275108, 41.144586],
              [1.275146, 41.144511],
              [1.27617, 41.144558],
              [1.276267, 41.144482],
              [1.276545, 41.144221],
              [1.27693, 41.143845],
              [1.276931, 41.143831],
              [1.276943, 41.143788],
              [1.276967, 41.143755],
              [1.276995, 41.14373],
              [1.277024, 41.143711],
              [1.277162, 41.143642],
              [1.27722, 41.14363],
              [1.2773, 41.143637],
              [1.277348, 41.143651],
              [1.277413, 41.143688],
              [1.277433, 41.143703],
              [1.277605, 41.143898],
              [1.277729, 41.144047],
              [1.277771, 41.144065],
              [1.277902, 41.144099],
              [1.278006, 41.144102],
              [1.278306, 41.144121],
              [1.278381, 41.144128],
              [1.278574, 41.14415],
              [1.278707, 41.144161],
              [1.278739, 41.144151],
              [1.278793, 41.144129],
              [1.278835, 41.144116],
              [1.278864, 41.144122],
              [1.27888, 41.144129],
              [1.278791, 41.144465],
              [1.278771, 41.144536],
              [1.278748, 41.144607],
              [1.278721, 41.144679]
            ]
          ]
        ]
      }
    },
    {
      "type": "Feature",
      "properties": {
        "id": "mas-rabassa",
        "name": "Mas Rabassa",
        "cityId": "tarragona"
      },
      "geometry": {
        "type": "MultiPolygon",
        "coordinates": [
          [
            [
              [1.325628, 41.132332],
              [1.326565, 41.132402],
              [1.327453, 41.13244],
              [1.327875, 41.132566],
              [1.329126, 41.132959],
              [1.330748, 41.133461],
              [1.332646, 41.134063],
              [1.334319, 41.134577],
              [1.335911, 41.135082],
              [1.337458, 41.135568],
              [1.338563, 41.135917],
              [1.338908, 41.136029],
              [1.34007, 41.136292],
              [1.341609, 41.136764],
              [1.342212, 41.136954],
              [1.342548, 41.13706],
              [1.3427, 41.13711],
              [1.34352, 41.137367],
              [1.343783, 41.13745],
              [1.344036, 41.13753],
              [1.344214, 41.137587],
              [1.344371, 41.137634],
              [1.344546, 41.137691],
              [1.34472, 41.137746],
              [1.344917, 41.137808],
              [1.345086, 41.13786],
              [1.345264, 41.137915],
              [1.345454, 41.137975],
              [1.345632, 41.13803],
              [1.345576, 41.138118],
              [1.345732, 41.138168],
              [1.345582, 41.13847],
              [1.3455, 41.138792],
              [1.345276, 41.138723],
              [1.34499, 41.138639],
              [1.344694, 41.138531],
              [1.344463, 41.138438],
              [1.344188, 41.138323],
              [1.343687, 41.138115],
              [1.343208, 41.137926],
              [1.342782, 41.137759],
              [1.342363, 41.13761],
              [1.341705, 41.13739],
              [1.341145, 41.137221],
              [1.340584, 41.137064],
              [1.340031, 41.136922],
              [1.339462, 41.136795],
              [1.338923, 41.136687],
              [1.338188, 41.136547],
              [1.337603, 41.136454],
              [1.337017, 41.136379],
              [1.336298, 41.136299],
              [1.335826, 41.136258],
              [1.335227, 41.136223],
              [1.334648, 41.136197],
              [1.334103, 41.136193],
              [1.333645, 41.13619],
              [1.333065, 41.136201],
              [1.332406, 41.136253],
              [1.331923, 41.136315],
              [1.33144, 41.136396],
              [1.330957, 41.136498],
              [1.330376, 41.136652],
              [1.329924, 41.136804],
              [1.329459, 41.136973],
              [1.329316, 41.137035],
              [1.329228, 41.136924],
              [1.329114, 41.136768],
              [1.329072, 41.136708],
              [1.328853, 41.136763],
              [1.328425, 41.136971],
              [1.328312, 41.137069],
              [1.32825, 41.137037],
              [1.328162, 41.136984],
              [1.328084, 41.136939],
              [1.327985, 41.136899],
              [1.327831, 41.136837],
              [1.327676, 41.136794],
              [1.327499, 41.136762],
              [1.327326, 41.13674],
              [1.327246, 41.136722],
              [1.327138, 41.136678],
              [1.327055, 41.136639],
              [1.326954, 41.136577],
              [1.326851, 41.136534],
              [1.326731, 41.136518],
              [1.326633, 41.136498],
              [1.326546, 41.136475],
              [1.326421, 41.136407],
              [1.326099, 41.136412],
              [1.325822, 41.136507],
              [1.325524, 41.136654],
              [1.325399, 41.136728],
              [1.325292, 41.136788],
              [1.325258, 41.1368],
              [1.325184, 41.136827],
              [1.325047, 41.136888],
              [1.324938, 41.136938],
              [1.324878, 41.136966],
              [1.32478, 41.137003],
              [1.324652, 41.137027],
              [1.324533, 41.137064],
              [1.324491, 41.137087],
              [1.324315, 41.137162],
              [1.324094, 41.137257],
              [1.323885, 41.137338],
              [1.32371, 41.137397],
              [1.323646, 41.137419],
              [1.323592, 41.137448],
              [1.323563, 41.137492],
              [1.323518, 41.137547],
              [1.323488, 41.137564],
              [1.323405, 41.137582],
              [1.323316, 41.137604],
              [1.323262, 41.137639],
              [1.323241, 41.137671],
              [1.323207, 41.137716],
              [1.323174, 41.137769],
              [1.323131, 41.137807],
              [1.322995, 41.137887],
              [1.322847, 41.137979],
              [1.322618, 41.138103],
              [1.322498, 41.138177],
              [1.322369, 41.138241],
              [1.322242, 41.138304],
              [1.322084, 41.138386],
              [1.321964, 41.138454],
              [1.321846, 41.138543],
              [1.321753, 41.138609],
              [1.321636, 41.138679],
              [1.321565, 41.138709],
              [1.321506, 41.138728],
              [1.321388, 41.138747],
              [1.321275, 41.138754],
              [1.321156, 41.13875],
              [1.321085, 41.138741],
              [1.320941, 41.138724],
              [1.320788, 41.138698],
              [1.320609, 41.138666],
              [1.320403, 41.138625],
              [1.320286, 41.138593],
              [1.320144, 41.138541],
              [1.320019, 41.138494],
              [1.319915, 41.138462],
              [1.319784, 41.138438],
              [1.319644, 41.138428],
              [1.319532, 41.138439],
              [1.319336, 41.138486],
              [1.319141, 41.138529],
              [1.318591, 41.138692],
              [1.318395, 41.138757],
              [1.318328, 41.138794],
              [1.318227, 41.13888],
              [1.317946, 41.139174],
              [1.317826, 41.139288],
              [1.317752, 41.139363],
              [1.317621, 41.139527],
              [1.317577, 41.139664],
              [1.317549, 41.139776],
              [1.317476, 41.139773],
              [1.317305, 41.139757],
              [1.317198, 41.139741],
              [1.317084, 41.139718],
              [1.317019, 41.139702],
              [1.316278, 41.139489],
              [1.316158, 41.139444],
              [1.315909, 41.139357],
              [1.315859, 41.139337],
              [1.31572, 41.13927],
              [1.315563, 41.13919],
              [1.315362, 41.139066],
              [1.315297, 41.139019],
              [1.315174, 41.138934],
              [1.315056, 41.138832],
              [1.314874, 41.138667],
              [1.3148, 41.13859],
              [1.314721, 41.138498],
              [1.314649, 41.138399],
              [1.314418, 41.138027],
              [1.314305, 41.137835],
              [1.31383, 41.137991],
              [1.313598, 41.138069],
              [1.312978, 41.138287],
              [1.312978, 41.138287],
              [1.312297, 41.138513],
              [1.312127, 41.138572],
              [1.31156, 41.138779],
              [1.310517, 41.13918],
              [1.310406, 41.139224],
              [1.310378, 41.139191],
              [1.310309, 41.13913],
              [1.310248, 41.139083],
              [1.310191, 41.139047],
              [1.310122, 41.139],
              [1.309991, 41.138913],
              [1.309762, 41.138756],
              [1.309524, 41.138602],
              [1.309083, 41.138297],
              [1.308701, 41.138044],
              [1.307877, 41.137483],
              [1.307142, 41.136987],
              [1.306673, 41.136672],
              [1.306295, 41.136419],
              [1.305945, 41.136188],
              [1.305979, 41.136165],
              [1.305997, 41.13615],
              [1.306178, 41.136023],
              [1.306257, 41.135962],
              [1.306378, 41.135819],
              [1.306441, 41.135826],
              [1.306892, 41.135865],
              [1.306958, 41.135858],
              [1.307312, 41.135832],
              [1.307348, 41.135812],
              [1.307349, 41.135791],
              [1.307335, 41.135766],
              [1.307298, 41.135745],
              [1.307604, 41.135773],
              [1.307779, 41.135791],
              [1.30791, 41.135802],
              [1.308042, 41.135806],
              [1.308108, 41.135805],
              [1.30824, 41.1358],
              [1.308371, 41.135788],
              [1.308436, 41.135779],
              [1.308884, 41.135716],
              [1.31029, 41.135525],
              [1.310167, 41.135147],
              [1.310189, 41.135109],
              [1.310218, 41.135035],
              [1.310226, 41.135019],
              [1.310232, 41.135003],
              [1.310234, 41.134997],
              [1.310258, 41.1349],
              [1.310262, 41.134845],
              [1.310259, 41.1348],
              [1.310245, 41.134755],
              [1.310229, 41.134726],
              [1.310211, 41.134702],
              [1.309946, 41.134403],
              [1.309909, 41.134353],
              [1.309827, 41.134238],
              [1.309817, 41.134229],
              [1.309799, 41.134205],
              [1.309592, 41.133971],
              [1.309445, 41.133809],
              [1.309256, 41.133567],
              [1.309211, 41.133512],
              [1.309203, 41.133503],
              [1.309181, 41.133487],
              [1.30915, 41.133471],
              [1.309115, 41.133463],
              [1.309015, 41.133318],
              [1.308891, 41.132334],
              [1.308885, 41.132291],
              [1.309715, 41.132202],
              [1.310471, 41.132128],
              [1.310749, 41.132098],
              [1.311286, 41.132058],
              [1.312026, 41.132028],
              [1.312307, 41.132017],
              [1.31321, 41.131985],
              [1.313589, 41.131969],
              [1.313732, 41.131961],
              [1.313981, 41.131937],
              [1.314217, 41.131905],
              [1.314528, 41.131835],
              [1.314747, 41.131782],
              [1.314966, 41.131725],
              [1.31512, 41.131688],
              [1.315289, 41.13166],
              [1.315515, 41.131646],
              [1.315628, 41.131641],
              [1.315735, 41.131636],
              [1.315841, 41.131631],
              [1.315989, 41.131627],
              [1.316615, 41.131632],
              [1.317023, 41.131633],
              [1.317761, 41.131658],
              [1.318462, 41.131678],
              [1.318643, 41.131685],
              [1.318829, 41.131703],
              [1.318947, 41.131721],
              [1.319179, 41.131765],
              [1.319532, 41.131848],
              [1.319679, 41.131886],
              [1.319824, 41.131917],
              [1.319988, 41.131948],
              [1.320066, 41.131959],
              [1.320066, 41.131959],
              [1.320177, 41.131974],
              [1.320386, 41.131991],
              [1.320665, 41.132009],
              [1.321189, 41.132047],
              [1.32175, 41.132081],
              [1.322176, 41.13211],
              [1.323795, 41.132215],
              [1.324747, 41.132278],
              [1.325628, 41.132332]
            ]
          ]
        ]
      }
    },
    {
      "type": "Feature",
      "properties": {
        "id": "mas-sanroma",
        "name": "Mas Sanromà",
        "cityId": "tarragona"
      },
      "geometry": {
        "type": "MultiPolygon",
        "coordinates": [
          [
            [
              [1.282672, 41.123861],
              [1.283451, 41.12415],
              [1.284425, 41.124511],
              [1.284696, 41.12461],
              [1.284808, 41.124649],
              [1.284936, 41.124689],
              [1.285061, 41.124724],
              [1.285534, 41.124853],
              [1.285849, 41.124935],
              [1.286363, 41.125073],
              [1.28658, 41.125127],
              [1.286711, 41.125154],
              [1.286814, 41.12517],
              [1.286933, 41.125184],
              [1.287068, 41.125193],
              [1.287156, 41.125195],
              [1.287299, 41.125195],
              [1.287509, 41.125188],
              [1.287828, 41.125175],
              [1.28789, 41.125174],
              [1.288004, 41.125174],
              [1.288062, 41.125176],
              [1.288119, 41.125178],
              [1.288205, 41.125185],
              [1.288262, 41.125192],
              [1.288231, 41.125242],
              [1.287894, 41.125759],
              [1.287366, 41.126589],
              [1.287155, 41.126895],
              [1.286942, 41.127247],
              [1.286776, 41.127249],
              [1.286632, 41.127141],
              [1.286487, 41.127068],
              [1.286485, 41.127067],
              [1.286175, 41.127214],
              [1.285549, 41.127545],
              [1.28539, 41.127762],
              [1.284844, 41.128444],
              [1.283876, 41.128556],
              [1.28381, 41.12846],
              [1.283703, 41.128271],
              [1.283642, 41.128156],
              [1.283625, 41.128158],
              [1.283556, 41.128031],
              [1.283516, 41.127897],
              [1.283456, 41.127779],
              [1.283332, 41.127644],
              [1.283031, 41.12731],
              [1.282875, 41.12715],
              [1.282426, 41.127174],
              [1.281728, 41.127283],
              [1.28117, 41.127035],
              [1.281031, 41.126967],
              [1.280818, 41.126836],
              [1.280646, 41.126665],
              [1.280453, 41.126434],
              [1.280374, 41.126369],
              [1.280247, 41.126315],
              [1.280191, 41.126284],
              [1.279959, 41.126218],
              [1.279583, 41.126083],
              [1.279444, 41.126028],
              [1.279309, 41.126153],
              [1.279242, 41.126207],
              [1.279189, 41.126219],
              [1.279144, 41.126025],
              [1.279094, 41.125899],
              [1.278918, 41.125527],
              [1.27883, 41.125301],
              [1.278731, 41.125024],
              [1.278628, 41.12475],
              [1.278597, 41.124596],
              [1.278575, 41.12435],
              [1.278573, 41.124121],
              [1.278479, 41.123778],
              [1.278371, 41.12312],
              [1.27839, 41.12311],
              [1.278476, 41.123076],
              [1.278567, 41.123048],
              [1.27866, 41.123027],
              [1.278755, 41.123012],
              [1.278852, 41.123003],
              [1.278949, 41.123001],
              [1.279046, 41.123006],
              [1.279268, 41.123025],
              [1.27954, 41.123048],
              [1.279817, 41.123075],
              [1.280086, 41.123114],
              [1.280358, 41.123161],
              [1.28073, 41.123249],
              [1.281154, 41.123374],
              [1.281524, 41.123475],
              [1.281787, 41.123552],
              [1.281894, 41.123586],
              [1.282045, 41.123638],
              [1.282362, 41.123749],
              [1.282672, 41.123861]
            ]
          ]
        ]
      }
    },
    {
      "type": "Feature",
      "properties": {
        "id": "monnars",
        "name": "Monnars",
        "cityId": "tarragona"
      },
      "geometry": {
        "type": "MultiPolygon",
        "coordinates": [
          [
            [
              [1.306977, 41.135661],
              [1.306998, 41.135675],
              [1.307306, 41.135703],
              [1.307294, 41.135725],
              [1.307283, 41.135743],
              [1.307309, 41.135751],
              [1.307326, 41.135761],
              [1.307339, 41.135773],
              [1.307349, 41.135791],
              [1.307348, 41.135802],
              [1.307345, 41.135808],
              [1.307337, 41.135818],
              [1.307317, 41.13583],
              [1.307302, 41.135833],
              [1.306958, 41.135858],
              [1.306892, 41.135865],
              [1.306441, 41.135826],
              [1.306376, 41.135819],
              [1.306371, 41.135828],
              [1.306257, 41.135962],
              [1.306178, 41.136023],
              [1.305997, 41.13615],
              [1.305979, 41.136165],
              [1.305924, 41.136203],
              [1.305598, 41.135999],
              [1.305362, 41.135859],
              [1.305229, 41.135772],
              [1.305204, 41.135753],
              [1.305171, 41.135722],
              [1.305121, 41.135667],
              [1.305097, 41.135631],
              [1.305084, 41.135606],
              [1.305074, 41.135581],
              [1.305066, 41.135555],
              [1.305058, 41.135502],
              [1.305058, 41.135449],
              [1.305061, 41.135422],
              [1.305067, 41.135396],
              [1.305086, 41.135344],
              [1.305098, 41.135319],
              [1.305143, 41.135247],
              [1.305239, 41.135075],
              [1.305317, 41.134945],
              [1.305947, 41.135205],
              [1.306043, 41.13517],
              [1.306103, 41.135146],
              [1.306243, 41.135345],
              [1.30628, 41.135382],
              [1.30628, 41.135395],
              [1.306297, 41.135423],
              [1.306169, 41.135466],
              [1.306173, 41.135477],
              [1.306354, 41.135571],
              [1.306434, 41.135607],
              [1.3065, 41.135615],
              [1.306632, 41.135628],
              [1.306977, 41.135661]
            ]
          ]
        ]
      }
    },
    {
      "type": "Feature",
      "properties": {
        "id": "nastic",
        "name": "Nàstic",
        "cityId": "tarragona"
      },
      "geometry": {
        "type": "MultiPolygon",
        "coordinates": [
          [
            [
              [1.276299, 41.1252],
              [1.276077, 41.125443],
              [1.275997, 41.12558],
              [1.275939, 41.125725],
              [1.275887, 41.125756],
              [1.275808, 41.125875],
              [1.275677, 41.126083],
              [1.275566, 41.126274],
              [1.275483, 41.126432],
              [1.275247, 41.126969],
              [1.274852, 41.127759],
              [1.27427, 41.128111],
              [1.274253, 41.128121],
              [1.274208, 41.128149],
              [1.273987, 41.128285],
              [1.273963, 41.128291],
              [1.273961, 41.128291],
              [1.273944, 41.128296],
              [1.27389, 41.12831],
              [1.273862, 41.128314],
              [1.273824, 41.128313],
              [1.273793, 41.128305],
              [1.273766, 41.128293],
              [1.273736, 41.128275],
              [1.273707, 41.128259],
              [1.273688, 41.128242],
              [1.273667, 41.128224],
              [1.273645, 41.128205],
              [1.273622, 41.128182],
              [1.2736, 41.128162],
              [1.273573, 41.128149],
              [1.273541, 41.128138],
              [1.273503, 41.128129],
              [1.273476, 41.128123],
              [1.273456, 41.128118],
              [1.273425, 41.128112],
              [1.273348, 41.128096],
              [1.273316, 41.128087],
              [1.27328, 41.128075],
              [1.273246, 41.128059],
              [1.273212, 41.128039],
              [1.273182, 41.128025],
              [1.273006, 41.12792],
              [1.271935, 41.127502],
              [1.27184, 41.127461],
              [1.271772, 41.127427],
              [1.271559, 41.12733],
              [1.271493, 41.127272],
              [1.271397, 41.127183],
              [1.271278, 41.127062],
              [1.271019, 41.127098],
              [1.270618, 41.126615],
              [1.270453, 41.126433],
              [1.270302, 41.126285],
              [1.270182, 41.126177],
              [1.270057, 41.126071],
              [1.26993, 41.125967],
              [1.269765, 41.125838],
              [1.26958, 41.125698],
              [1.269446, 41.125598],
              [1.269292, 41.125489],
              [1.269224, 41.125442],
              [1.269081, 41.12535],
              [1.268779, 41.125164],
              [1.26861, 41.12507],
              [1.268406, 41.124961],
              [1.2682, 41.124858],
              [1.267866, 41.124702],
              [1.268484, 41.124712],
              [1.268564, 41.124725],
              [1.268627, 41.124739],
              [1.268691, 41.124749],
              [1.268757, 41.124756],
              [1.269648, 41.124814],
              [1.269798, 41.124823],
              [1.269948, 41.124828],
              [1.270187, 41.124832],
              [1.270411, 41.124828],
              [1.270634, 41.124819],
              [1.271169, 41.124764],
              [1.273086, 41.124278],
              [1.273747, 41.12402],
              [1.274187, 41.123838],
              [1.274351, 41.123765],
              [1.27466, 41.123618],
              [1.2748, 41.123549],
              [1.274937, 41.123477],
              [1.2751, 41.123388],
              [1.2752, 41.12333],
              [1.275366, 41.123227],
              [1.275607, 41.123054],
              [1.275747, 41.122951],
              [1.275873, 41.122848],
              [1.275994, 41.122743],
              [1.276099, 41.122645],
              [1.276203, 41.122544],
              [1.276378, 41.122359],
              [1.276459, 41.122265],
              [1.276519, 41.122162],
              [1.276556, 41.122112],
              [1.276759, 41.122206],
              [1.277077, 41.12235],
              [1.277548, 41.122554],
              [1.277675, 41.122612],
              [1.277845, 41.122673],
              [1.277892, 41.122691],
              [1.278101, 41.122774],
              [1.278176, 41.122793],
              [1.278237, 41.122796],
              [1.278381, 41.122794],
              [1.27842, 41.122797],
              [1.27849, 41.122812],
              [1.278548, 41.122827],
              [1.278606, 41.122852],
              [1.278653, 41.122875],
              [1.278705, 41.122908],
              [1.278772, 41.122941],
              [1.278866, 41.122972],
              [1.278937, 41.122981],
              [1.279107, 41.122994],
              [1.279268, 41.123025],
              [1.279046, 41.123006],
              [1.278949, 41.123001],
              [1.278852, 41.123003],
              [1.278755, 41.123012],
              [1.27866, 41.123027],
              [1.278567, 41.123048],
              [1.278476, 41.123076],
              [1.27839, 41.12311],
              [1.278308, 41.12315],
              [1.278231, 41.123195],
              [1.27816, 41.123245],
              [1.278095, 41.1233],
              [1.278037, 41.12336],
              [1.277987, 41.123423],
              [1.277403, 41.124229],
              [1.275997, 41.123649],
              [1.275923, 41.123703],
              [1.275722, 41.123828],
              [1.2756, 41.123898],
              [1.275417, 41.123995],
              [1.275264, 41.12407],
              [1.275107, 41.124142],
              [1.275227, 41.124239],
              [1.275552, 41.124495],
              [1.276072, 41.124908],
              [1.276299, 41.1252]
            ]
          ]
        ]
      }
    },
    {
      "type": "Feature",
      "properties": {
        "id": "parc-riu-clar",
        "name": "Parc Riu Clar",
        "cityId": "tarragona"
      },
      "geometry": {
        "type": "MultiPolygon",
        "coordinates": [
          [
            [
              [1.221451, 41.124758],
              [1.221415, 41.124878],
              [1.221391, 41.124963],
              [1.221367, 41.125062],
              [1.221386, 41.125378],
              [1.219147, 41.125982],
              [1.21822, 41.123995],
              [1.218149, 41.123827],
              [1.217905, 41.123309],
              [1.218204, 41.123232],
              [1.218722, 41.123096],
              [1.219354, 41.122926],
              [1.219966, 41.122756],
              [1.220315, 41.12266],
              [1.221498, 41.122308],
              [1.221966, 41.122165],
              [1.22211, 41.122488],
              [1.222205, 41.123326],
              [1.222195, 41.123357],
              [1.222145, 41.123466],
              [1.222107, 41.123536],
              [1.22206, 41.123607],
              [1.222009, 41.123677],
              [1.221956, 41.123753],
              [1.221885, 41.123859],
              [1.221819, 41.123965],
              [1.221768, 41.124051],
              [1.22171, 41.124155],
              [1.221665, 41.124243],
              [1.221607, 41.124365],
              [1.221576, 41.124433],
              [1.221519, 41.124569],
              [1.221451, 41.124758]
            ]
          ]
        ]
      }
    },
    {
      "type": "Feature",
      "properties": {
        "id": "parcelles-iborra",
        "name": "Parcel·les Iborra",
        "cityId": "tarragona"
      },
      "geometry": {
        "type": "MultiPolygon",
        "coordinates": [
          [
            [
              [1.271237, 41.124044],
              [1.271262, 41.124055],
              [1.27129, 41.12407],
              [1.271316, 41.124087],
              [1.271345, 41.124113],
              [1.271356, 41.124128],
              [1.271369, 41.124152],
              [1.271373, 41.124166],
              [1.271379, 41.124211],
              [1.271377, 41.124246],
              [1.271343, 41.12437],
              [1.271169, 41.124764],
              [1.270687, 41.124815],
              [1.27061, 41.12482],
              [1.270411, 41.124828],
              [1.270187, 41.124832],
              [1.269948, 41.124828],
              [1.269798, 41.124823],
              [1.269648, 41.124814],
              [1.268757, 41.124756],
              [1.268691, 41.124749],
              [1.268627, 41.124739],
              [1.268564, 41.124725],
              [1.268515, 41.124711],
              [1.268238, 41.124172],
              [1.26826, 41.12415],
              [1.268281, 41.124121],
              [1.268289, 41.124116],
              [1.268302, 41.124115],
              [1.268329, 41.124045],
              [1.268313, 41.124041],
              [1.2683, 41.124034],
              [1.26827, 41.12403],
              [1.268242, 41.124021],
              [1.26815, 41.123984],
              [1.26812, 41.123979],
              [1.267915, 41.123933],
              [1.267952, 41.123912],
              [1.268019, 41.123886],
              [1.267971, 41.123338],
              [1.267974, 41.123313],
              [1.267983, 41.123289],
              [1.267997, 41.123266],
              [1.268016, 41.123246],
              [1.26804, 41.123228],
              [1.268067, 41.123214],
              [1.268097, 41.123203],
              [1.268129, 41.123197],
              [1.268503, 41.123177],
              [1.269002, 41.122994],
              [1.269058, 41.122975],
              [1.26936, 41.123134],
              [1.269997, 41.123101],
              [1.270067, 41.123093],
              [1.270137, 41.123079],
              [1.270204, 41.123061],
              [1.270268, 41.123037],
              [1.270347, 41.123001],
              [1.270888, 41.122656],
              [1.270935, 41.122615],
              [1.270981, 41.122568],
              [1.271172, 41.122648],
              [1.271258, 41.122655],
              [1.271457, 41.122681],
              [1.271532, 41.12274],
              [1.271588, 41.122776],
              [1.271735, 41.122863],
              [1.271821, 41.122918],
              [1.271996, 41.122991],
              [1.271237, 41.124044]
            ]
          ]
        ]
      }
    },
    {
      "type": "Feature",
      "properties": {
        "id": "parcelles-jarque",
        "name": "Parcel·les Jarque",
        "cityId": "tarragona"
      },
      "geometry": {
        "type": "MultiPolygon",
        "coordinates": [
          [
            [
              [1.270057, 41.126071],
              [1.270182, 41.126177],
              [1.270302, 41.126285],
              [1.270453, 41.126433],
              [1.270618, 41.126615],
              [1.271019, 41.127098],
              [1.270564, 41.12716],
              [1.270372, 41.127107],
              [1.270177, 41.127059],
              [1.270016, 41.127025],
              [1.269854, 41.126993],
              [1.269691, 41.126966],
              [1.269527, 41.126942],
              [1.269361, 41.126922],
              [1.269196, 41.126906],
              [1.268882, 41.126879],
              [1.268841, 41.12688],
              [1.268791, 41.126887],
              [1.268743, 41.1269],
              [1.268698, 41.126919],
              [1.268666, 41.126939],
              [1.268632, 41.126968],
              [1.268604, 41.127],
              [1.268588, 41.127029],
              [1.268577, 41.127059],
              [1.268571, 41.127097],
              [1.268574, 41.127136],
              [1.268582, 41.127166],
              [1.268596, 41.127195],
              [1.268615, 41.127223],
              [1.268751, 41.12738],
              [1.268817, 41.12746],
              [1.268879, 41.127542],
              [1.268937, 41.127625],
              [1.268993, 41.127709],
              [1.269045, 41.127795],
              [1.269093, 41.127881],
              [1.269138, 41.127969],
              [1.269147, 41.127991],
              [1.269156, 41.128025],
              [1.269161, 41.12806],
              [1.269161, 41.128095],
              [1.269153, 41.128141],
              [1.269142, 41.128175],
              [1.269126, 41.128207],
              [1.269106, 41.128238],
              [1.269081, 41.128268],
              [1.269053, 41.128295],
              [1.269021, 41.12832],
              [1.268986, 41.128342],
              [1.268947, 41.128362],
              [1.268907, 41.128378],
              [1.268864, 41.128391],
              [1.268805, 41.128403],
              [1.268759, 41.128408],
              [1.268698, 41.128408],
              [1.268652, 41.128405],
              [1.268607, 41.128398],
              [1.268557, 41.128386],
              [1.268487, 41.128366],
              [1.268418, 41.128342],
              [1.268352, 41.128315],
              [1.268289, 41.128284],
              [1.268229, 41.12825],
              [1.268172, 41.128213],
              [1.268119, 41.128173],
              [1.268069, 41.12813],
              [1.268024, 41.128085],
              [1.268003, 41.128062],
              [1.267964, 41.128013],
              [1.267895, 41.12791],
              [1.267859, 41.127858],
              [1.26782, 41.127808],
              [1.267779, 41.127758],
              [1.267737, 41.127709],
              [1.267645, 41.127615],
              [1.267596, 41.127569],
              [1.267545, 41.127525],
              [1.267349, 41.127366],
              [1.267197, 41.127236],
              [1.267155, 41.127205],
              [1.26711, 41.127177],
              [1.267077, 41.12716],
              [1.267042, 41.127144],
              [1.267005, 41.12713],
              [1.266967, 41.127118],
              [1.266908, 41.127104],
              [1.266868, 41.127097],
              [1.266827, 41.127093],
              [1.266786, 41.12709],
              [1.266745, 41.12709],
              [1.266683, 41.127093],
              [1.266623, 41.127101],
              [1.26656, 41.127116],
              [1.266517, 41.127123],
              [1.266474, 41.127127],
              [1.26643, 41.12713],
              [1.266364, 41.127129],
              [1.266321, 41.127126],
              [1.266278, 41.12712],
              [1.266214, 41.127108],
              [1.266153, 41.12709],
              [1.266094, 41.127068],
              [1.266056, 41.127051],
              [1.265997, 41.127018],
              [1.265956, 41.126994],
              [1.265878, 41.126943],
              [1.265841, 41.126916],
              [1.265769, 41.126859],
              [1.265703, 41.126799],
              [1.265601, 41.126697],
              [1.265503, 41.126592],
              [1.26541, 41.126484],
              [1.265321, 41.126374],
              [1.265238, 41.126263],
              [1.26516, 41.126149],
              [1.265086, 41.126033],
              [1.265018, 41.125915],
              [1.264956, 41.125796],
              [1.264898, 41.125675],
              [1.264846, 41.125553],
              [1.2648, 41.125429],
              [1.264759, 41.125305],
              [1.264713, 41.125143],
              [1.264684, 41.125098],
              [1.264661, 41.125073],
              [1.264625, 41.125045],
              [1.264592, 41.125026],
              [1.264547, 41.125007],
              [1.264467, 41.124985],
              [1.264371, 41.124961],
              [1.264273, 41.12494],
              [1.264175, 41.12492],
              [1.264076, 41.124904],
              [1.263976, 41.12489],
              [1.263876, 41.124878],
              [1.263775, 41.124869],
              [1.263674, 41.124863],
              [1.263572, 41.124859],
              [1.263471, 41.124858],
              [1.263369, 41.12486],
              [1.262911, 41.124872],
              [1.262857, 41.124876],
              [1.262803, 41.124883],
              [1.26275, 41.124892],
              [1.262698, 41.124905],
              [1.262601, 41.124935],
              [1.262542, 41.124956],
              [1.262485, 41.12498],
              [1.262404, 41.125021],
              [1.262362, 41.125045],
              [1.26228, 41.125096],
              [1.262231, 41.125129],
              [1.262135, 41.125196],
              [1.262127, 41.12519],
              [1.262085, 41.125148],
              [1.261845, 41.124584],
              [1.261936, 41.124273],
              [1.262647, 41.123871],
              [1.262729, 41.123833],
              [1.262812, 41.1238],
              [1.262854, 41.123785],
              [1.262941, 41.123759],
              [1.262985, 41.123748],
              [1.263075, 41.123728],
              [1.263165, 41.123714],
              [1.26321, 41.123708],
              [1.263256, 41.123704],
              [1.263347, 41.123699],
              [1.263393, 41.123698],
              [1.263485, 41.1237],
              [1.263531, 41.123702],
              [1.263622, 41.123711],
              [1.263712, 41.123724],
              [1.263756, 41.123733],
              [1.264004, 41.1238],
              [1.264241, 41.123721],
              [1.264295, 41.123613],
              [1.264784, 41.123752],
              [1.266165, 41.12414],
              [1.266892, 41.12435],
              [1.266991, 41.124384],
              [1.267094, 41.124417],
              [1.267447, 41.12454],
              [1.267866, 41.124702],
              [1.2682, 41.124858],
              [1.268406, 41.124961],
              [1.26861, 41.12507],
              [1.268779, 41.125164],
              [1.269081, 41.12535],
              [1.269224, 41.125442],
              [1.269292, 41.125489],
              [1.269446, 41.125598],
              [1.26958, 41.125698],
              [1.269765, 41.125838],
              [1.26993, 41.125967],
              [1.270057, 41.126071]
            ]
          ]
        ]
      }
    },
    {
      "type": "Feature",
      "properties": {
        "id": "parcelles-muntanya-de-sant-pere",
        "name": "Parcel·les Muntanya de Sant Pere",
        "cityId": "tarragona"
      },
      "geometry": {
        "type": "MultiPolygon",
        "coordinates": [
          [
            [
              [1.245749, 41.130166],
              [1.245605, 41.130046],
              [1.245421, 41.129867],
              [1.245298, 41.129728],
              [1.245235, 41.129632],
              [1.245131, 41.129447],
              [1.245099, 41.129377],
              [1.245002, 41.129137],
              [1.244918, 41.12897],
              [1.244851, 41.12881],
              [1.244712, 41.128498],
              [1.24465, 41.128356],
              [1.244615, 41.128271],
              [1.244538, 41.128098],
              [1.244402, 41.127774],
              [1.244353, 41.127615],
              [1.245854, 41.127494],
              [1.245892, 41.127578],
              [1.245895, 41.127762],
              [1.245877, 41.127764],
              [1.246181, 41.128223],
              [1.246268, 41.12836],
              [1.246385, 41.128532],
              [1.246612, 41.128882],
              [1.24679, 41.129147],
              [1.246705, 41.129312],
              [1.246751, 41.12932],
              [1.246787, 41.12933],
              [1.246814, 41.129339],
              [1.246867, 41.129361],
              [1.246916, 41.129387],
              [1.246955, 41.129412],
              [1.246995, 41.129446],
              [1.247025, 41.12948],
              [1.247045, 41.129517],
              [1.24706, 41.129565],
              [1.247065, 41.129601],
              [1.247062, 41.12964],
              [1.247053, 41.129677],
              [1.247038, 41.129714],
              [1.246975, 41.129815],
              [1.246944, 41.129855],
              [1.246917, 41.129884],
              [1.246843, 41.129945],
              [1.246748, 41.130012],
              [1.246648, 41.130069],
              [1.246602, 41.13009],
              [1.246535, 41.130113],
              [1.246428, 41.130147],
              [1.246378, 41.13016],
              [1.246318, 41.13017],
              [1.246242, 41.130179],
              [1.246112, 41.130179],
              [1.246, 41.130175],
              [1.245749, 41.130166]
            ]
          ]
        ]
      }
    },
    {
      "type": "Feature",
      "properties": {
        "id": "part-baixa",
        "name": "Part Baixa",
        "cityId": "tarragona"
      },
      "geometry": {
        "type": "MultiPolygon",
        "coordinates": [
          [
            [
              [1.254167, 41.112245],
              [1.254354, 41.112364],
              [1.254499, 41.112437],
              [1.254573, 41.112499],
              [1.254841, 41.11252],
              [1.252221, 41.113895],
              [1.252214, 41.113896],
              [1.252057, 41.113884],
              [1.252033, 41.113854],
              [1.251879, 41.113764],
              [1.25173, 41.11364],
              [1.251149, 41.113877],
              [1.251039, 41.113713],
              [1.250949, 41.113633],
              [1.250769, 41.113421],
              [1.25053, 41.113165],
              [1.250326, 41.112919],
              [1.24916, 41.113097],
              [1.249124, 41.113083],
              [1.248693, 41.113191],
              [1.248653, 41.113207],
              [1.248311, 41.113253],
              [1.248239, 41.11326],
              [1.248195, 41.113268],
              [1.248133, 41.113275],
              [1.248086, 41.113217],
              [1.247857, 41.113032],
              [1.247662, 41.112907],
              [1.247459, 41.112816],
              [1.247012, 41.112841],
              [1.246935, 41.11286],
              [1.246544, 41.112971],
              [1.246415, 41.113014],
              [1.245793, 41.113257],
              [1.245783, 41.113243],
              [1.245769, 41.113197],
              [1.245331, 41.113344],
              [1.245446, 41.113416],
              [1.245375, 41.113478],
              [1.245375, 41.11353],
              [1.245327, 41.113539],
              [1.245037, 41.113599],
              [1.244774, 41.113651],
              [1.244734, 41.113591],
              [1.244679, 41.113517],
              [1.244532, 41.113325],
              [1.244459, 41.113235],
              [1.244286, 41.113266],
              [1.244116, 41.112729],
              [1.243955, 41.11223],
              [1.242989, 41.1124],
              [1.242799, 41.111801],
              [1.242636, 41.111295],
              [1.242618, 41.111228],
              [1.242559, 41.11083],
              [1.242648, 41.110829],
              [1.24265, 41.110877],
              [1.24285, 41.11086],
              [1.242983, 41.110844],
              [1.243309, 41.110833],
              [1.24331, 41.110911],
              [1.243389, 41.111154],
              [1.245047, 41.110857],
              [1.24943, 41.110074],
              [1.249404, 41.10998],
              [1.249345, 41.109787],
              [1.249627, 41.10976],
              [1.24972, 41.109753],
              [1.249936, 41.109758],
              [1.250128, 41.109775],
              [1.250194, 41.109784],
              [1.250476, 41.109829],
              [1.250658, 41.10987],
              [1.250949, 41.109988],
              [1.251041, 41.110034],
              [1.251218, 41.110144],
              [1.251263, 41.110174],
              [1.251465, 41.110321],
              [1.251462, 41.110324],
              [1.252206, 41.110952],
              [1.252126, 41.111026],
              [1.252448, 41.111245],
              [1.252536, 41.111298],
              [1.252621, 41.111338],
              [1.253463, 41.11189],
              [1.253636, 41.111977],
              [1.253717, 41.112022],
              [1.254024, 41.112176],
              [1.254167, 41.112245]
            ]
          ]
        ]
      }
    },
    {
      "type": "Feature",
      "properties": {
        "id": "poligon-industrial-entrevies",
        "name": "Polígon Industrial Entrevies",
        "cityId": "tarragona"
      },
      "geometry": {
        "type": "MultiPolygon",
        "coordinates": [
          [
            [
              [1.227748, 41.109525],
              [1.233489, 41.110099],
              [1.23669, 41.110358],
              [1.236635, 41.1108],
              [1.236638, 41.110899],
              [1.235221, 41.110915],
              [1.234733, 41.110903],
              [1.233858, 41.110876],
              [1.230228, 41.110953],
              [1.227196, 41.111005],
              [1.226755, 41.111017],
              [1.223146, 41.110996],
              [1.221363, 41.111005],
              [1.218396, 41.111034],
              [1.215434, 41.111058],
              [1.213851, 41.111078],
              [1.211025, 41.111137],
              [1.210896, 41.11114],
              [1.201665, 41.111193],
              [1.202303, 41.107142],
              [1.206627, 41.107547],
              [1.211317, 41.107924],
              [1.213377, 41.108116],
              [1.22084, 41.108832],
              [1.223831, 41.109111],
              [1.226031, 41.109371],
              [1.227748, 41.109525]
            ]
          ]
        ]
      }
    },
    {
      "type": "Feature",
      "properties": {
        "id": "poligon-industrial-francoli",
        "name": "Polígon Industrial Francolí",
        "cityId": "tarragona"
      },
      "geometry": {
        "type": "MultiPolygon",
        "coordinates": [
          [
            [
              [1.236151, 41.115689],
              [1.23614, 41.115726],
              [1.23613, 41.115753],
              [1.236102, 41.115805],
              [1.235759, 41.116304],
              [1.235881, 41.116302],
              [1.235957, 41.116577],
              [1.235963, 41.116824],
              [1.235952, 41.116972],
              [1.23587, 41.117159],
              [1.235793, 41.117341],
              [1.235775, 41.117463],
              [1.23383, 41.117144],
              [1.232287, 41.116883],
              [1.231853, 41.116813],
              [1.230721, 41.116636],
              [1.229167, 41.116382],
              [1.228846, 41.116333],
              [1.228852, 41.116666],
              [1.228852, 41.116746],
              [1.22886, 41.117111],
              [1.228868, 41.117604],
              [1.227855, 41.117614],
              [1.22782, 41.117337],
              [1.227698, 41.116432],
              [1.227664, 41.11615],
              [1.22715, 41.11607],
              [1.226523, 41.115971],
              [1.22639, 41.115947],
              [1.225892, 41.115859],
              [1.224899, 41.115679],
              [1.224611, 41.115627],
              [1.224467, 41.115604],
              [1.224355, 41.115588],
              [1.22413, 41.115561],
              [1.223672, 41.115524],
              [1.223442, 41.115508],
              [1.223251, 41.115497],
              [1.221916, 41.115438],
              [1.221687, 41.115186],
              [1.220833, 41.114436],
              [1.219961, 41.114178],
              [1.21961, 41.114116],
              [1.216438, 41.113548],
              [1.216224, 41.113508],
              [1.212764, 41.112792],
              [1.21265, 41.112766],
              [1.212543, 41.112738],
              [1.2125, 41.112726],
              [1.211962, 41.112503],
              [1.211686, 41.112319],
              [1.211025, 41.111137],
              [1.213851, 41.111078],
              [1.215434, 41.111058],
              [1.218396, 41.111034],
              [1.221363, 41.111005],
              [1.223146, 41.110996],
              [1.226755, 41.111017],
              [1.227196, 41.111005],
              [1.230228, 41.110953],
              [1.233858, 41.110876],
              [1.234733, 41.110903],
              [1.235221, 41.110915],
              [1.236638, 41.110899],
              [1.236848, 41.111311],
              [1.236733, 41.112038],
              [1.236562, 41.113151],
              [1.236151, 41.115689]
            ]
          ]
        ]
      }
    },
    {
      "type": "Feature",
      "properties": {
        "id": "poligon-riuclar",
        "name": "Polígon Riuclar",
        "cityId": "tarragona"
      },
      "geometry": {
        "type": "MultiPolygon",
        "coordinates": [
          [
            [
              [1.228173, 41.144528],
              [1.227263, 41.145088],
              [1.226968, 41.145239],
              [1.2267, 41.145424],
              [1.226623, 41.145473],
              [1.226335, 41.145672],
              [1.22595, 41.145925],
              [1.223494, 41.144604],
              [1.221183, 41.143348],
              [1.217297, 41.141361],
              [1.21761, 41.14061],
              [1.212571, 41.136502],
              [1.210453, 41.134024],
              [1.209099, 41.132],
              [1.208948, 41.131684],
              [1.209214, 41.131679],
              [1.209903, 41.131663],
              [1.210158, 41.13165],
              [1.210352, 41.131636],
              [1.210562, 41.131617],
              [1.210741, 41.131594],
              [1.210859, 41.131577],
              [1.210996, 41.131556],
              [1.211195, 41.13152],
              [1.211394, 41.131478],
              [1.21151, 41.131451],
              [1.21167, 41.131412],
              [1.211907, 41.131348],
              [1.213468, 41.130912],
              [1.219476, 41.129226],
              [1.219809, 41.129135],
              [1.220113, 41.129057],
              [1.220262, 41.129021],
              [1.220475, 41.128973],
              [1.220616, 41.128945],
              [1.220757, 41.129029],
              [1.221321, 41.131533],
              [1.222216, 41.131375],
              [1.22225, 41.131373],
              [1.222285, 41.131377],
              [1.222308, 41.131384],
              [1.222329, 41.131394],
              [1.222348, 41.131407],
              [1.222363, 41.131421],
              [1.222379, 41.131445],
              [1.222385, 41.131467],
              [1.222386, 41.131486],
              [1.22238, 41.131525],
              [1.222722, 41.131866],
              [1.222589, 41.132701],
              [1.222568, 41.132852],
              [1.222465, 41.133503],
              [1.222309, 41.134447],
              [1.222326, 41.134434],
              [1.222346, 41.134424],
              [1.222368, 41.134417],
              [1.222396, 41.134413],
              [1.222417, 41.134413],
              [1.222622, 41.134434],
              [1.222833, 41.134442],
              [1.222998, 41.134437],
              [1.223152, 41.134425],
              [1.223306, 41.134406],
              [1.223465, 41.134378],
              [1.223864, 41.134281],
              [1.224633, 41.134729],
              [1.224743, 41.134622],
              [1.224661, 41.134576],
              [1.225091, 41.13416],
              [1.22519, 41.134161],
              [1.225399, 41.134167],
              [1.225629, 41.134377],
              [1.225811, 41.134399],
              [1.225969, 41.13445],
              [1.226034, 41.134483],
              [1.226359, 41.134636],
              [1.226509, 41.134727],
              [1.226545, 41.134751],
              [1.226705, 41.134975],
              [1.226821, 41.135239],
              [1.227008, 41.135215],
              [1.227113, 41.135438],
              [1.22715, 41.135428],
              [1.227276, 41.135694],
              [1.227323, 41.135871],
              [1.227318, 41.13605],
              [1.227115, 41.136079],
              [1.227121, 41.136227],
              [1.227125, 41.136369],
              [1.227136, 41.136537],
              [1.227259, 41.136624],
              [1.227381, 41.136522],
              [1.2275, 41.136418],
              [1.227614, 41.13631],
              [1.227724, 41.136201],
              [1.22783, 41.136088],
              [1.227931, 41.135974],
              [1.227998, 41.135895],
              [1.228068, 41.135816],
              [1.22838, 41.13545],
              [1.229451, 41.135478],
              [1.229467, 41.135587],
              [1.22948, 41.135697],
              [1.229489, 41.135807],
              [1.229484, 41.136177],
              [1.229486, 41.136513],
              [1.229538, 41.136605],
              [1.229607, 41.136677],
              [1.229693, 41.136738],
              [1.229795, 41.136783],
              [1.229879, 41.136804],
              [1.230088, 41.136836],
              [1.230223, 41.136834],
              [1.230412, 41.136835],
              [1.230558, 41.136842],
              [1.230685, 41.136853],
              [1.230758, 41.136862],
              [1.230855, 41.136879],
              [1.230964, 41.136906],
              [1.231005, 41.136919],
              [1.231086, 41.136947],
              [1.231165, 41.136979],
              [1.230842, 41.135964],
              [1.230734, 41.135598],
              [1.23119, 41.134892],
              [1.231823, 41.134748],
              [1.232289, 41.136966],
              [1.232379, 41.13744],
              [1.232469, 41.137706],
              [1.233183, 41.139432],
              [1.234053, 41.140613],
              [1.234212, 41.140818],
              [1.234492, 41.141297],
              [1.234747, 41.14164],
              [1.234826, 41.141779],
              [1.234911, 41.14201],
              [1.235178, 41.142374],
              [1.235411, 41.142735],
              [1.235661, 41.143102],
              [1.236147, 41.143688],
              [1.236319, 41.144263],
              [1.23635, 41.144367],
              [1.236445, 41.144619],
              [1.236491, 41.144825],
              [1.236557, 41.145199],
              [1.236557, 41.14557],
              [1.236551, 41.145793],
              [1.236501, 41.145861],
              [1.236443, 41.146124],
              [1.236299, 41.146621],
              [1.236201, 41.146916],
              [1.236137, 41.147191],
              [1.235717, 41.147811],
              [1.235286, 41.148467],
              [1.234963, 41.148927],
              [1.229167, 41.145155],
              [1.22912, 41.145154],
              [1.228173, 41.144528]
            ]
          ]
        ]
      }
    },
    {
      "type": "Feature",
      "properties": {
        "id": "port",
        "name": "Port",
        "cityId": "tarragona"
      },
      "geometry": {
        "type": "MultiPolygon",
        "coordinates": [
          [
            [
              [1.199003, 41.094801],
              [1.197031, 41.093237],
              [1.197286, 41.093026],
              [1.197305, 41.09301],
              [1.197368, 41.093046],
              [1.197462, 41.093099],
              [1.197551, 41.093145],
              [1.19764, 41.093192],
              [1.197746, 41.093251],
              [1.19785, 41.093313],
              [1.197942, 41.093371],
              [1.19803, 41.093432],
              [1.198102, 41.093486],
              [1.198172, 41.09354],
              [1.198246, 41.093595],
              [1.198321, 41.093649],
              [1.198358, 41.093673],
              [1.198417, 41.093705],
              [1.198473, 41.09374],
              [1.198542, 41.093789],
              [1.19861, 41.093838],
              [1.198657, 41.093871],
              [1.198705, 41.093905],
              [1.198759, 41.093946],
              [1.198811, 41.093989],
              [1.198835, 41.094007],
              [1.198862, 41.094023],
              [1.198868, 41.094024],
              [1.198875, 41.094023],
              [1.198885, 41.094019],
              [1.198931, 41.093987],
              [1.198965, 41.093961],
              [1.198998, 41.093934],
              [1.199185, 41.093805],
              [1.199371, 41.093676],
              [1.199597, 41.093507],
              [1.19982, 41.093337],
              [1.199973, 41.093226],
              [1.200201, 41.093069],
              [1.200432, 41.092915],
              [1.200583, 41.09281],
              [1.200929, 41.09256],
              [1.201275, 41.092309],
              [1.201575, 41.092097],
              [1.201878, 41.091886],
              [1.20221, 41.091665],
              [1.202542, 41.091444],
              [1.202984, 41.091138],
              [1.203422, 41.090831],
              [1.203664, 41.090658],
              [1.203907, 41.090485],
              [1.204113, 41.090345],
              [1.204321, 41.090206],
              [1.204503, 41.090087],
              [1.204685, 41.089967],
              [1.20491, 41.089814],
              [1.205132, 41.089658],
              [1.205285, 41.089547],
              [1.205437, 41.089436],
              [1.205579, 41.089341],
              [1.205723, 41.089248],
              [1.205816, 41.089184],
              [1.20595, 41.089085],
              [1.206084, 41.088985],
              [1.206271, 41.088849],
              [1.206463, 41.088717],
              [1.206646, 41.0886],
              [1.20683, 41.088484],
              [1.20695, 41.088406],
              [1.20707, 41.088328],
              [1.207118, 41.088294],
              [1.207163, 41.088259],
              [1.207252, 41.088186],
              [1.207314, 41.088139],
              [1.207374, 41.0881],
              [1.207436, 41.088063],
              [1.207562, 41.08799],
              [1.207642, 41.087938],
              [1.207707, 41.087889],
              [1.207769, 41.087838],
              [1.207892, 41.087735],
              [1.207978, 41.087669],
              [1.20815, 41.08755],
              [1.208322, 41.087432],
              [1.208444, 41.087342],
              [1.208565, 41.087252],
              [1.208649, 41.087193],
              [1.2087, 41.087163],
              [1.208756, 41.087137],
              [1.208874, 41.087095],
              [1.20895, 41.087073],
              [1.209027, 41.087055],
              [1.209068, 41.087047],
              [1.20911, 41.087042],
              [1.209213, 41.087037],
              [1.209315, 41.087034],
              [1.209415, 41.087032],
              [1.209514, 41.087032],
              [1.209624, 41.087035],
              [1.209733, 41.087038],
              [1.209924, 41.087048],
              [1.210115, 41.087057],
              [1.210217, 41.087058],
              [1.210318, 41.087058],
              [1.210574, 41.08707],
              [1.210829, 41.087085],
              [1.210999, 41.087093],
              [1.211098, 41.087094],
              [1.211197, 41.087092],
              [1.211396, 41.087088],
              [1.211528, 41.08709],
              [1.211699, 41.0871],
              [1.21187, 41.087111],
              [1.212104, 41.087119],
              [1.212338, 41.087128],
              [1.212507, 41.087135],
              [1.212677, 41.087142],
              [1.212702, 41.087138],
              [1.212726, 41.087131],
              [1.212743, 41.087129],
              [1.212895, 41.08713],
              [1.213046, 41.087131],
              [1.21319, 41.08713],
              [1.213334, 41.087129],
              [1.213385, 41.087131],
              [1.213436, 41.087136],
              [1.213538, 41.087148],
              [1.213606, 41.08715],
              [1.213675, 41.087149],
              [1.213762, 41.087147],
              [1.213762, 41.087117],
              [1.214186, 41.087119],
              [1.214188, 41.087119],
              [1.214182, 41.087217],
              [1.214171, 41.087392],
              [1.213838, 41.08738],
              [1.213837, 41.087383],
              [1.213835, 41.087393],
              [1.213834, 41.087395],
              [1.213831, 41.087407],
              [1.213828, 41.087418],
              [1.21382, 41.087429],
              [1.213802, 41.087441],
              [1.213781, 41.087446],
              [1.213766, 41.087447],
              [1.213725, 41.087445],
              [1.213684, 41.087443],
              [1.213546, 41.087434],
              [1.213407, 41.087425],
              [1.213065, 41.08741],
              [1.212723, 41.0874],
              [1.212616, 41.087399],
              [1.212565, 41.087397],
              [1.212513, 41.087395],
              [1.212418, 41.087391],
              [1.212323, 41.087387],
              [1.21232, 41.08739],
              [1.212302, 41.087403],
              [1.2118, 41.087396],
              [1.211323, 41.087381],
              [1.210878, 41.087373],
              [1.210653, 41.087361],
              [1.210643, 41.087361],
              [1.210136, 41.087342],
              [1.2101, 41.08734],
              [1.209901, 41.087328],
              [1.209864, 41.087329],
              [1.209828, 41.087329],
              [1.209786, 41.087344],
              [1.209761, 41.087375],
              [1.209752, 41.087401],
              [1.209758, 41.087417],
              [1.209877, 41.087485],
              [1.209935, 41.087433],
              [1.209995, 41.087469],
              [1.209832, 41.087603],
              [1.210549, 41.088072],
              [1.211572, 41.088745],
              [1.211582, 41.088736],
              [1.212276, 41.088129],
              [1.212444, 41.088239],
              [1.212414, 41.088265],
              [1.211934, 41.088685],
              [1.211933, 41.088686],
              [1.21039, 41.090038],
              [1.210314, 41.090104],
              [1.2106, 41.090286],
              [1.210237, 41.090605],
              [1.209948, 41.090419],
              [1.209539, 41.090777],
              [1.208224, 41.091922],
              [1.206987, 41.093005],
              [1.20642, 41.093502],
              [1.206688, 41.093677],
              [1.204756, 41.095355],
              [1.205031, 41.095537],
              [1.20481, 41.095729],
              [1.207323, 41.097385],
              [1.207556, 41.097182],
              [1.207819, 41.097355],
              [1.208596, 41.096681],
              [1.20902, 41.096313],
              [1.20995, 41.095497],
              [1.21029, 41.095205],
              [1.211266, 41.094365],
              [1.212102, 41.093634],
              [1.212274, 41.093483],
              [1.212481, 41.093298],
              [1.213991, 41.091997],
              [1.214173, 41.09184],
              [1.216072, 41.090183],
              [1.216229, 41.090286],
              [1.216123, 41.090379],
              [1.216139, 41.090381],
              [1.216172, 41.090393],
              [1.216222, 41.090421],
              [1.216266, 41.090443],
              [1.216307, 41.090471],
              [1.216388, 41.090531],
              [1.216466, 41.090581],
              [1.216543, 41.090632],
              [1.216615, 41.090681],
              [1.216687, 41.09073],
              [1.21676, 41.090777],
              [1.216833, 41.090824],
              [1.216909, 41.090877],
              [1.216985, 41.090929],
              [1.217072, 41.090984],
              [1.21716, 41.091039],
              [1.217241, 41.091091],
              [1.217322, 41.091143],
              [1.217426, 41.091215],
              [1.217529, 41.091287],
              [1.217611, 41.09134],
              [1.217694, 41.091393],
              [1.217789, 41.091459],
              [1.217885, 41.091524],
              [1.217985, 41.09159],
              [1.218087, 41.091656],
              [1.218156, 41.091699],
              [1.218226, 41.091742],
              [1.218294, 41.091791],
              [1.218362, 41.09184],
              [1.21847, 41.091911],
              [1.218579, 41.091982],
              [1.218684, 41.09205],
              [1.21879, 41.092118],
              [1.218879, 41.092175],
              [1.218968, 41.092232],
              [1.219059, 41.092293],
              [1.219148, 41.092355],
              [1.21919, 41.09238],
              [1.219231, 41.092406],
              [1.219256, 41.092425],
              [1.219293, 41.092457],
              [1.21933, 41.092489],
              [1.219436, 41.092397],
              [1.219587, 41.092497],
              [1.218643, 41.093316],
              [1.21879, 41.093413],
              [1.218085, 41.094025],
              [1.217941, 41.09393],
              [1.216396, 41.095269],
              [1.216339, 41.09523],
              [1.216088, 41.095548],
              [1.216053, 41.095592],
              [1.21616, 41.09564],
              [1.216177, 41.095622],
              [1.216283, 41.095672],
              [1.216206, 41.095766],
              [1.216151, 41.095742],
              [1.216122, 41.095775],
              [1.216077, 41.095755],
              [1.216117, 41.095705],
              [1.216011, 41.095657],
              [1.214965, 41.096924],
              [1.215054, 41.096966],
              [1.214983, 41.097051],
              [1.2149, 41.097012],
              [1.214753, 41.097189],
              [1.215595, 41.097749],
              [1.215643, 41.097708],
              [1.215733, 41.09777],
              [1.215614, 41.097868],
              [1.215528, 41.097813],
              [1.215562, 41.097783],
              [1.21473, 41.097241],
              [1.213096, 41.09922],
              [1.213196, 41.099268],
              [1.213099, 41.099383],
              [1.213006, 41.099341],
              [1.21293, 41.099429],
              [1.212955, 41.099439],
              [1.212992, 41.099458],
              [1.213029, 41.099477],
              [1.213056, 41.099487],
              [1.213089, 41.099496],
              [1.213123, 41.099505],
              [1.213168, 41.099518],
              [1.213214, 41.099531],
              [1.213257, 41.099538],
              [1.213302, 41.099543],
              [1.21333, 41.099548],
              [1.213384, 41.099566],
              [1.213435, 41.099587],
              [1.213486, 41.099612],
              [1.213537, 41.099637],
              [1.213622, 41.099679],
              [1.213708, 41.099721],
              [1.213781, 41.099758],
              [1.213854, 41.099795],
              [1.213923, 41.099828],
              [1.213992, 41.099861],
              [1.21402, 41.099873],
              [1.21405, 41.099881],
              [1.214069, 41.099883],
              [1.214082, 41.099879],
              [1.214095, 41.099874],
              [1.214108, 41.099872],
              [1.21412, 41.09987],
              [1.214138, 41.099871],
              [1.214156, 41.09987],
              [1.214162, 41.099873],
              [1.214161, 41.099881],
              [1.214157, 41.099893],
              [1.214157, 41.099903],
              [1.214159, 41.099906],
              [1.21423, 41.099825],
              [1.21429, 41.099851],
              [1.214228, 41.09993],
              [1.214254, 41.099925],
              [1.214262, 41.099926],
              [1.214266, 41.099926],
              [1.214267, 41.099928],
              [1.214269, 41.099932],
              [1.21427, 41.099935],
              [1.214278, 41.099951],
              [1.214279, 41.099968],
              [1.214282, 41.099985],
              [1.21429, 41.099997],
              [1.214301, 41.100006],
              [1.214328, 41.100022],
              [1.214395, 41.100054],
              [1.214461, 41.100085],
              [1.214532, 41.100122],
              [1.214604, 41.10016],
              [1.214658, 41.100189],
              [1.214714, 41.100216],
              [1.214749, 41.10023],
              [1.214775, 41.10024],
              [1.214788, 41.100223],
              [1.214815, 41.100189],
              [1.214853, 41.100205],
              [1.214827, 41.100239],
              [1.214815, 41.100254],
              [1.21484, 41.100256],
              [1.214852, 41.100257],
              [1.214857, 41.10026],
              [1.214861, 41.100276],
              [1.214859, 41.100292],
              [1.214852, 41.100307],
              [1.214844, 41.100322],
              [1.214805, 41.100375],
              [1.214766, 41.100428],
              [1.214736, 41.100472],
              [1.214708, 41.100518],
              [1.2147, 41.100541],
              [1.214701, 41.100566],
              [1.214705, 41.100583],
              [1.214715, 41.100604],
              [1.21474, 41.100639],
              [1.214771, 41.10067],
              [1.214801, 41.100696],
              [1.214833, 41.100719],
              [1.214839, 41.100722],
              [1.214872, 41.10067],
              [1.214885, 41.100639],
              [1.2149, 41.100531],
              [1.214905, 41.100514],
              [1.214918, 41.100495],
              [1.214937, 41.100478],
              [1.214961, 41.100466],
              [1.214988, 41.10046],
              [1.215017, 41.100458],
              [1.215046, 41.100463],
              [1.215071, 41.100473],
              [1.215084, 41.100483],
              [1.2151, 41.100502],
              [1.215109, 41.100524],
              [1.215111, 41.100546],
              [1.215105, 41.100569],
              [1.215091, 41.100589],
              [1.215072, 41.100606],
              [1.214937, 41.100677],
              [1.214873, 41.100739],
              [1.214884, 41.100744],
              [1.214912, 41.100752],
              [1.214969, 41.100765],
              [1.215007, 41.100771],
              [1.215044, 41.100772],
              [1.215078, 41.10077],
              [1.215111, 41.100763],
              [1.215132, 41.100754],
              [1.215159, 41.100739],
              [1.215182, 41.100723],
              [1.215225, 41.100687],
              [1.215253, 41.100661],
              [1.215278, 41.100633],
              [1.215327, 41.100577],
              [1.215362, 41.100542],
              [1.215373, 41.100536],
              [1.215387, 41.100533],
              [1.215411, 41.100534],
              [1.215429, 41.100539],
              [1.215468, 41.100489],
              [1.215504, 41.100504],
              [1.215469, 41.100549],
              [1.215493, 41.100568],
              [1.215505, 41.100576],
              [1.215526, 41.100589],
              [1.215549, 41.1006],
              [1.215598, 41.100626],
              [1.215648, 41.100652],
              [1.215687, 41.100674],
              [1.215728, 41.100693],
              [1.215754, 41.1007],
              [1.215769, 41.100699],
              [1.215777, 41.100693],
              [1.215793, 41.100676],
              [1.215807, 41.100658],
              [1.215842, 41.100608],
              [1.215877, 41.100559],
              [1.215916, 41.100506],
              [1.215957, 41.100453],
              [1.216, 41.100401],
              [1.216045, 41.100347],
              [1.215875, 41.100275],
              [1.215934, 41.100195],
              [1.217556, 41.100948],
              [1.217496, 41.101021],
              [1.217326, 41.100942],
              [1.217317, 41.100958],
              [1.217296, 41.10099],
              [1.217271, 41.10102],
              [1.217218, 41.101079],
              [1.217147, 41.101169],
              [1.217078, 41.101261],
              [1.217067, 41.101275],
              [1.217063, 41.10129],
              [1.217065, 41.101296],
              [1.217071, 41.101302],
              [1.217087, 41.101313],
              [1.217127, 41.101334],
              [1.217169, 41.101352],
              [1.217185, 41.101359],
              [1.217204, 41.101366],
              [1.217225, 41.101373],
              [1.217265, 41.101328],
              [1.2173, 41.101345],
              [1.217258, 41.101399],
              [1.217307, 41.101422],
              [1.217333, 41.101434],
              [1.217353, 41.101441],
              [1.217374, 41.101447],
              [1.2174, 41.101455],
              [1.217434, 41.101407],
              [1.217474, 41.101422],
              [1.217435, 41.101479],
              [1.217449, 41.101486],
              [1.217458, 41.101494],
              [1.217466, 41.101507],
              [1.217472, 41.101525],
              [1.217489, 41.101545],
              [1.217509, 41.101562],
              [1.217546, 41.101588],
              [1.217557, 41.101597],
              [1.217563, 41.101603],
              [1.217572, 41.101612],
              [1.217612, 41.101591],
              [1.217638, 41.101621],
              [1.217601, 41.101643],
              [1.217614, 41.101652],
              [1.217627, 41.101661],
              [1.217636, 41.101665],
              [1.217645, 41.101669],
              [1.217651, 41.10167],
              [1.217658, 41.101671],
              [1.217659, 41.101672],
              [1.217665, 41.101672],
              [1.217671, 41.10167],
              [1.217682, 41.101664],
              [1.217695, 41.101654],
              [1.217707, 41.101644],
              [1.217715, 41.101641],
              [1.21772, 41.101642],
              [1.217725, 41.101643],
              [1.217734, 41.10165],
              [1.217742, 41.101657],
              [1.217747, 41.101664],
              [1.217747, 41.101669],
              [1.217734, 41.10168],
              [1.217717, 41.101691],
              [1.217705, 41.101697],
              [1.217696, 41.101703],
              [1.217697, 41.101708],
              [1.217697, 41.101709],
              [1.217701, 41.101714],
              [1.217704, 41.101717],
              [1.217706, 41.101719],
              [1.217711, 41.101723],
              [1.217714, 41.101726],
              [1.217785, 41.101789],
              [1.217856, 41.101852],
              [1.217998, 41.101981],
              [1.21814, 41.102109],
              [1.218147, 41.102117],
              [1.218153, 41.102128],
              [1.218164, 41.10215],
              [1.218169, 41.102157],
              [1.218171, 41.102159],
              [1.218174, 41.102161],
              [1.218209, 41.10219],
              [1.21828, 41.102155],
              [1.218308, 41.102182],
              [1.218255, 41.102215],
              [1.218288, 41.102237],
              [1.218328, 41.102276],
              [1.218378, 41.102291],
              [1.218404, 41.102287],
              [1.218438, 41.102275],
              [1.218531, 41.102238],
              [1.218639, 41.102191],
              [1.218764, 41.102118],
              [1.218829, 41.102083],
              [1.218565, 41.101847],
              [1.218657, 41.101787],
              [1.220401, 41.101748],
              [1.221924, 41.101714],
              [1.221924, 41.101695],
              [1.221925, 41.101676],
              [1.221928, 41.101659],
              [1.221937, 41.101642],
              [1.221951, 41.101631],
              [1.221968, 41.101626],
              [1.221969, 41.101626],
              [1.221973, 41.101626],
              [1.221983, 41.101626],
              [1.222047, 41.101622],
              [1.222141, 41.101616],
              [1.222255, 41.101592],
              [1.222371, 41.101567],
              [1.222375, 41.101535],
              [1.222402, 41.101531],
              [1.222426, 41.101533],
              [1.222591, 41.10156],
              [1.222778, 41.101592],
              [1.222976, 41.101632],
              [1.223173, 41.101672],
              [1.223378, 41.101711],
              [1.223583, 41.101749],
              [1.223753, 41.101779],
              [1.223924, 41.101808],
              [1.223953, 41.101811],
              [1.223982, 41.101809],
              [1.224002, 41.101803],
              [1.224019, 41.101794],
              [1.224031, 41.101783],
              [1.224052, 41.101757],
              [1.224058, 41.101744],
              [1.224058, 41.101732],
              [1.224055, 41.101729],
              [1.224048, 41.101728],
              [1.22403, 41.101727],
              [1.224021, 41.101725],
              [1.22402, 41.101722],
              [1.224021, 41.101712],
              [1.224023, 41.101703],
              [1.224024, 41.101695],
              [1.224025, 41.101687],
              [1.224029, 41.101684],
              [1.224038, 41.101685],
              [1.224058, 41.101688],
              [1.224069, 41.101687],
              [1.224078, 41.101683],
              [1.224086, 41.101673],
              [1.224091, 41.101663],
              [1.224098, 41.101642],
              [1.224106, 41.101629],
              [1.224116, 41.101615],
              [1.224136, 41.101587],
              [1.224141, 41.101572],
              [1.224139, 41.101564],
              [1.224129, 41.101558],
              [1.224108, 41.101552],
              [1.224087, 41.101545],
              [1.224079, 41.101543],
              [1.224071, 41.101541],
              [1.224067, 41.101535],
              [1.224069, 41.101528],
              [1.224081, 41.101511],
              [1.224091, 41.101503],
              [1.2241, 41.101502],
              [1.224111, 41.101506],
              [1.224134, 41.101516],
              [1.224146, 41.101518],
              [1.22415, 41.101515],
              [1.224154, 41.101509],
              [1.224157, 41.101502],
              [1.224167, 41.101476],
              [1.224176, 41.10145],
              [1.224189, 41.101407],
              [1.224198, 41.101365],
              [1.224196, 41.101362],
              [1.22419, 41.101361],
              [1.224176, 41.10136],
              [1.224171, 41.101357],
              [1.224171, 41.101348],
              [1.224175, 41.101334],
              [1.224184, 41.101321],
              [1.224189, 41.101319],
              [1.224195, 41.101321],
              [1.224205, 41.101322],
              [1.224214, 41.101315],
              [1.224226, 41.101294],
              [1.224234, 41.101274],
              [1.224255, 41.101209],
              [1.224275, 41.101145],
              [1.224304, 41.101048],
              [1.224334, 41.100952],
              [1.224366, 41.100865],
              [1.2244, 41.100779],
              [1.224423, 41.100711],
              [1.224445, 41.100643],
              [1.224449, 41.100635],
              [1.224452, 41.100627],
              [1.22445, 41.100622],
              [1.224442, 41.100616],
              [1.224432, 41.100613],
              [1.22441, 41.10061],
              [1.224381, 41.100605],
              [1.224352, 41.100599],
              [1.224301, 41.100588],
              [1.22425, 41.100576],
              [1.224163, 41.100554],
              [1.224055, 41.100528],
              [1.224043, 41.100564],
              [1.223999, 41.100555],
              [1.223925, 41.100777],
              [1.223988, 41.100789],
              [1.223925, 41.100981],
              [1.223803, 41.100958],
              [1.224129, 41.099973],
              [1.224239, 41.099995],
              [1.224214, 41.100066],
              [1.224609, 41.100146],
              [1.224618, 41.100113],
              [1.224633, 41.100066],
              [1.224647, 41.100019],
              [1.224665, 41.099981],
              [1.224684, 41.099943],
              [1.224686, 41.099919],
              [1.224685, 41.099894],
              [1.224688, 41.099877],
              [1.22471, 41.099823],
              [1.224733, 41.099769],
              [1.224753, 41.099718],
              [1.224773, 41.099667],
              [1.2248, 41.099599],
              [1.224727, 41.099584],
              [1.224741, 41.099545],
              [1.224814, 41.09956],
              [1.224829, 41.099526],
              [1.224844, 41.099479],
              [1.224856, 41.099431],
              [1.224856, 41.099424],
              [1.224784, 41.099412],
              [1.224795, 41.099372],
              [1.224861, 41.099383],
              [1.224863, 41.099373],
              [1.224867, 41.099364],
              [1.224872, 41.099341],
              [1.224877, 41.099319],
              [1.224889, 41.099281],
              [1.224903, 41.099244],
              [1.224909, 41.099224],
              [1.224908, 41.099214],
              [1.224903, 41.099204],
              [1.224889, 41.099193],
              [1.224872, 41.099186],
              [1.224861, 41.099181],
              [1.224849, 41.099177],
              [1.22478, 41.09914],
              [1.22477, 41.09913],
              [1.224756, 41.099113],
              [1.224753, 41.099104],
              [1.224749, 41.09909],
              [1.224749, 41.099078],
              [1.22475, 41.099064],
              [1.224755, 41.099048],
              [1.224764, 41.099029],
              [1.224775, 41.099014],
              [1.224781, 41.098997],
              [1.224798, 41.098951],
              [1.224807, 41.098925],
              [1.224813, 41.098901],
              [1.22483, 41.098835],
              [1.224833, 41.098818],
              [1.224833, 41.098802],
              [1.224834, 41.098758],
              [1.224836, 41.09874],
              [1.224841, 41.098714],
              [1.224847, 41.098688],
              [1.224854, 41.09867],
              [1.224861, 41.098647],
              [1.224867, 41.098621],
              [1.224874, 41.098604],
              [1.224893, 41.098561],
              [1.224904, 41.098539],
              [1.224914, 41.098523],
              [1.224925, 41.09851],
              [1.224938, 41.098497],
              [1.224952, 41.098487],
              [1.224979, 41.09847],
              [1.224995, 41.098464],
              [1.225001, 41.098463],
              [1.225033, 41.098454],
              [1.225046, 41.098448],
              [1.225061, 41.098443],
              [1.225076, 41.09844],
              [1.225098, 41.09844],
              [1.225137, 41.09844],
              [1.225188, 41.098441],
              [1.225199, 41.098443],
              [1.225225, 41.098449],
              [1.225232, 41.098455],
              [1.22524, 41.09846],
              [1.225247, 41.09846],
              [1.225256, 41.098457],
              [1.225259, 41.098455],
              [1.225269, 41.098445],
              [1.225296, 41.098417],
              [1.225311, 41.098399],
              [1.225347, 41.098357],
              [1.225363, 41.09834],
              [1.225377, 41.098329],
              [1.225413, 41.0983],
              [1.225433, 41.098288],
              [1.225461, 41.098271],
              [1.225502, 41.098249],
              [1.225541, 41.098227],
              [1.225541, 41.098222],
              [1.225545, 41.098178],
              [1.222773, 41.096362],
              [1.222687, 41.096472],
              [1.222674, 41.096467],
              [1.222476, 41.09672],
              [1.222307, 41.096644],
              [1.222473, 41.096431],
              [1.222508, 41.096386],
              [1.222509, 41.096387],
              [1.222526, 41.096394],
              [1.222726, 41.096138],
              [1.222831, 41.096187],
              [1.222894, 41.096217],
              [1.222888, 41.096224],
              [1.222878, 41.096237],
              [1.22656, 41.098644],
              [1.226432, 41.098755],
              [1.225796, 41.098334],
              [1.225742, 41.09839],
              [1.225736, 41.0984],
              [1.225722, 41.09842],
              [1.225708, 41.098442],
              [1.225689, 41.098467],
              [1.225669, 41.098492],
              [1.225653, 41.098507],
              [1.22563, 41.098528],
              [1.225591, 41.098563],
              [1.225577, 41.098577],
              [1.225555, 41.098599],
              [1.225538, 41.098612],
              [1.225519, 41.098624],
              [1.225498, 41.098639],
              [1.225482, 41.098653],
              [1.225458, 41.098671],
              [1.225435, 41.098688],
              [1.225414, 41.098703],
              [1.225398, 41.098717],
              [1.225384, 41.098733],
              [1.225371, 41.098749],
              [1.225357, 41.09877],
              [1.225351, 41.098782],
              [1.225347, 41.098795],
              [1.225346, 41.098808],
              [1.225344, 41.098841],
              [1.225336, 41.098854],
              [1.22531, 41.0989],
              [1.225301, 41.098919],
              [1.225297, 41.098932],
              [1.225297, 41.098943],
              [1.225296, 41.098997],
              [1.225304, 41.099011],
              [1.225308, 41.099015],
              [1.225316, 41.099019],
              [1.22535, 41.099038],
              [1.225405, 41.099066],
              [1.225444, 41.099084],
              [1.22551, 41.099116],
              [1.225531, 41.099123],
              [1.225567, 41.099138],
              [1.225585, 41.099148],
              [1.225602, 41.099156],
              [1.225623, 41.099159],
              [1.225657, 41.099161],
              [1.22569, 41.099164],
              [1.225709, 41.099172],
              [1.225734, 41.099186],
              [1.225787, 41.099213],
              [1.225812, 41.099228],
              [1.225828, 41.09924],
              [1.225841, 41.099249],
              [1.225858, 41.099258],
              [1.225884, 41.099269],
              [1.225902, 41.099276],
              [1.225922, 41.099281],
              [1.225944, 41.099286],
              [1.225963, 41.099291],
              [1.225985, 41.099298],
              [1.226019, 41.099308],
              [1.226042, 41.099312],
              [1.226065, 41.099314],
              [1.226132, 41.099322],
              [1.226152, 41.099327],
              [1.226181, 41.099336],
              [1.226201, 41.099342],
              [1.226222, 41.099344],
              [1.226245, 41.099344],
              [1.226322, 41.099345],
              [1.226343, 41.099348],
              [1.226363, 41.099354],
              [1.226391, 41.099364],
              [1.226416, 41.099375],
              [1.226435, 41.099381],
              [1.226456, 41.099384],
              [1.226511, 41.099392],
              [1.226545, 41.099399],
              [1.22662, 41.099415],
              [1.226643, 41.099418],
              [1.226668, 41.09942],
              [1.226714, 41.099423],
              [1.226733, 41.099426],
              [1.226754, 41.099431],
              [1.226775, 41.099438],
              [1.226823, 41.099454],
              [1.226843, 41.099458],
              [1.22689, 41.099467],
              [1.226922, 41.099472],
              [1.226943, 41.099474],
              [1.226974, 41.099475],
              [1.227018, 41.099478],
              [1.227036, 41.099483],
              [1.227072, 41.099492],
              [1.22709, 41.099493],
              [1.227114, 41.099494],
              [1.227203, 41.099494],
              [1.227243, 41.099497],
              [1.227248, 41.09948],
              [1.227253, 41.099462],
              [1.227262, 41.09944],
              [1.227276, 41.099419],
              [1.227284, 41.099406],
              [1.227295, 41.099397],
              [1.227304, 41.099395],
              [1.227332, 41.099398],
              [1.22736, 41.0994],
              [1.227422, 41.099355],
              [1.227444, 41.099336],
              [1.22745, 41.099329],
              [1.227464, 41.099313],
              [1.227481, 41.099299],
              [1.227498, 41.09929],
              [1.227526, 41.099276],
              [1.227543, 41.099268],
              [1.227554, 41.099263],
              [1.227569, 41.099256],
              [1.227584, 41.099249],
              [1.227595, 41.099239],
              [1.227604, 41.099228],
              [1.227612, 41.099226],
              [1.227635, 41.099231],
              [1.227659, 41.099236],
              [1.227676, 41.099252],
              [1.227693, 41.099274],
              [1.227719, 41.099315],
              [1.22774, 41.099357],
              [1.22775, 41.099384],
              [1.22775, 41.099404],
              [1.22775, 41.099412],
              [1.22774, 41.099434],
              [1.227725, 41.099455],
              [1.227712, 41.099469],
              [1.227696, 41.099482],
              [1.227674, 41.099492],
              [1.227652, 41.0995],
              [1.227494, 41.09957],
              [1.227489, 41.099582],
              [1.227465, 41.099649],
              [1.227427, 41.099761],
              [1.22739, 41.099872],
              [1.227351, 41.100004],
              [1.227312, 41.100136],
              [1.227299, 41.100169],
              [1.227287, 41.100202],
              [1.227288, 41.100209],
              [1.227293, 41.100215],
              [1.227309, 41.100225],
              [1.227321, 41.100229],
              [1.227333, 41.100233],
              [1.227355, 41.100239],
              [1.227362, 41.100221],
              [1.227412, 41.100233],
              [1.227404, 41.100252],
              [1.227427, 41.100258],
              [1.227463, 41.100267],
              [1.2275, 41.100276],
              [1.227562, 41.100292],
              [1.227624, 41.100307],
              [1.227663, 41.100196],
              [1.227761, 41.100215],
              [1.227503, 41.100989],
              [1.2274, 41.100969],
              [1.227402, 41.100963],
              [1.227435, 41.100852],
              [1.227366, 41.100841],
              [1.227303, 41.100831],
              [1.227245, 41.100824],
              [1.227186, 41.100819],
              [1.227148, 41.100816],
              [1.227109, 41.100815],
              [1.227091, 41.100817],
              [1.227076, 41.100827],
              [1.227064, 41.100845],
              [1.227058, 41.100864],
              [1.227025, 41.100972],
              [1.226992, 41.10108],
              [1.226942, 41.101245],
              [1.226892, 41.10141],
              [1.226845, 41.101541],
              [1.226795, 41.101671],
              [1.226777, 41.101738],
              [1.226769, 41.101772],
              [1.226758, 41.101805],
              [1.226739, 41.101839],
              [1.226719, 41.101872],
              [1.226707, 41.101894],
              [1.226698, 41.101916],
              [1.226699, 41.101922],
              [1.226707, 41.101929],
              [1.226718, 41.101935],
              [1.226747, 41.101947],
              [1.226794, 41.101956],
              [1.226817, 41.101962],
              [1.226839, 41.10197],
              [1.226857, 41.101981],
              [1.226865, 41.101987],
              [1.22687, 41.101994],
              [1.226875, 41.102007],
              [1.226877, 41.102031],
              [1.227027, 41.102063],
              [1.227049, 41.102],
              [1.227151, 41.102027],
              [1.227094, 41.10221],
              [1.227071, 41.102206],
              [1.226986, 41.102478],
              [1.227001, 41.102481],
              [1.22694, 41.102674],
              [1.226829, 41.102654],
              [1.226889, 41.102463],
              [1.226928, 41.10247],
              [1.227012, 41.102201],
              [1.226983, 41.102196],
              [1.227003, 41.102139],
              [1.226852, 41.10211],
              [1.226834, 41.102118],
              [1.226815, 41.102126],
              [1.226795, 41.102134],
              [1.226773, 41.10214],
              [1.226763, 41.102139],
              [1.226747, 41.102131],
              [1.226739, 41.102128],
              [1.226731, 41.102128],
              [1.22671, 41.102133],
              [1.22669, 41.102139],
              [1.226662, 41.102147],
              [1.226649, 41.102152],
              [1.226639, 41.10216],
              [1.226615, 41.102195],
              [1.226604, 41.102223],
              [1.226579, 41.102307],
              [1.22654, 41.102427],
              [1.226499, 41.102546],
              [1.226465, 41.102642],
              [1.226431, 41.102738],
              [1.226393, 41.102859],
              [1.226356, 41.10298],
              [1.226314, 41.103107],
              [1.22627, 41.103234],
              [1.226224, 41.103355],
              [1.226177, 41.103476],
              [1.226144, 41.103568],
              [1.226114, 41.10366],
              [1.22611, 41.103677],
              [1.226108, 41.103694],
              [1.226112, 41.103705],
              [1.22612, 41.103715],
              [1.226135, 41.103729],
              [1.226144, 41.103734],
              [1.226154, 41.103737],
              [1.226174, 41.103739],
              [1.226194, 41.103742],
              [1.226214, 41.103744],
              [1.226234, 41.103747],
              [1.226266, 41.103754],
              [1.226279, 41.103761],
              [1.226286, 41.10377],
              [1.226289, 41.103784],
              [1.226292, 41.1038],
              [1.226418, 41.103826],
              [1.226432, 41.10379],
              [1.226567, 41.103822],
              [1.226484, 41.104022],
              [1.226464, 41.104017],
              [1.226409, 41.104168],
              [1.226435, 41.104174],
              [1.226426, 41.104199],
              [1.226364, 41.104371],
              [1.226245, 41.104347],
              [1.226298, 41.104199],
              [1.226317, 41.104147],
              [1.226357, 41.104155],
              [1.22641, 41.104009],
              [1.226361, 41.103997],
              [1.226383, 41.103944],
              [1.226379, 41.103944],
              [1.226327, 41.103933],
              [1.226271, 41.103922],
              [1.226255, 41.103924],
              [1.226241, 41.103936],
              [1.226225, 41.103948],
              [1.226215, 41.103951],
              [1.226205, 41.103952],
              [1.226185, 41.103949],
              [1.226165, 41.103944],
              [1.226134, 41.103935],
              [1.226103, 41.103927],
              [1.22608, 41.103923],
              [1.226068, 41.103924],
              [1.226058, 41.103927],
              [1.226035, 41.103939],
              [1.226003, 41.103959],
              [1.225925, 41.104199],
              [1.225908, 41.104251],
              [1.225787, 41.104622],
              [1.225758, 41.10473],
              [1.225748, 41.10477],
              [1.225763, 41.104921],
              [1.225773, 41.105013],
              [1.225776, 41.10503],
              [1.225786, 41.105047],
              [1.225794, 41.105048],
              [1.225803, 41.105047],
              [1.225817, 41.105053],
              [1.225829, 41.105061],
              [1.225832, 41.105069],
              [1.22583, 41.105077],
              [1.225822, 41.105081],
              [1.225804, 41.105084],
              [1.225796, 41.105087],
              [1.225793, 41.105091],
              [1.225795, 41.105106],
              [1.2258, 41.105121],
              [1.225825, 41.105182],
              [1.225841, 41.105212],
              [1.225861, 41.105241],
              [1.225874, 41.105253],
              [1.22589, 41.105261],
              [1.226101, 41.105317],
              [1.226311, 41.105372],
              [1.226557, 41.105445],
              [1.226804, 41.105516],
              [1.227076, 41.105591],
              [1.227348, 41.105665],
              [1.227491, 41.105707],
              [1.227632, 41.105751],
              [1.227672, 41.105762],
              [1.227712, 41.105772],
              [1.227732, 41.105774],
              [1.227752, 41.105768],
              [1.22777, 41.105756],
              [1.227787, 41.105744],
              [1.22783, 41.105719],
              [1.227877, 41.105696],
              [1.227932, 41.105675],
              [1.227988, 41.105658],
              [1.22801, 41.105654],
              [1.228021, 41.105652],
              [1.228031, 41.105647],
              [1.228047, 41.105629],
              [1.228059, 41.1056],
              [1.228067, 41.10557],
              [1.228083, 41.105521],
              [1.228098, 41.105472],
              [1.228099, 41.105447],
              [1.2281, 41.105435],
              [1.228107, 41.105423],
              [1.228115, 41.105419],
              [1.228125, 41.105418],
              [1.228138, 41.105417],
              [1.228152, 41.105417],
              [1.228199, 41.105289],
              [1.228496, 41.105351],
              [1.228852, 41.104304],
              [1.228873, 41.104243],
              [1.228888, 41.104198],
              [1.229068, 41.103672],
              [1.2292, 41.103284],
              [1.229437, 41.102589],
              [1.229973, 41.101016],
              [1.230131, 41.10095],
              [1.235375, 41.102961],
              [1.235686, 41.10308],
              [1.237527, 41.103786],
              [1.237432, 41.104083],
              [1.237085, 41.104019],
              [1.237024, 41.104199],
              [1.236469, 41.105838],
              [1.2364, 41.10606],
              [1.237059, 41.106268],
              [1.237177, 41.106461],
              [1.237226, 41.106583],
              [1.237484, 41.106496],
              [1.237442, 41.106472],
              [1.237455, 41.10646],
              [1.237602, 41.106538],
              [1.239436, 41.105935],
              [1.241411, 41.105285],
              [1.241756, 41.105884],
              [1.241993, 41.106296],
              [1.242013, 41.106285],
              [1.242216, 41.106219],
              [1.242292, 41.106353],
              [1.242371, 41.106496],
              [1.242376, 41.106504],
              [1.242773, 41.106402],
              [1.242763, 41.106389],
              [1.242759, 41.106374],
              [1.242763, 41.106358],
              [1.242774, 41.106345],
              [1.242791, 41.106335],
              [1.242866, 41.106291],
              [1.242677, 41.106144],
              [1.242631, 41.106178],
              [1.242591, 41.106149],
              [1.242658, 41.106101],
              [1.242716, 41.106108],
              [1.242752, 41.106137],
              [1.242912, 41.106264],
              [1.242937, 41.106283],
              [1.242978, 41.10632],
              [1.242998, 41.106344],
              [1.24375, 41.106149],
              [1.243746, 41.106142],
              [1.243737, 41.106114],
              [1.243735, 41.106087],
              [1.243772, 41.105832],
              [1.243813, 41.105802],
              [1.243897, 41.105807],
              [1.243887, 41.105847],
              [1.243824, 41.10584],
              [1.243795, 41.106044],
              [1.243824, 41.106055],
              [1.243862, 41.106047],
              [1.243901, 41.106044],
              [1.24394, 41.106048],
              [1.243975, 41.106056],
              [1.243994, 41.10607],
              [1.243996, 41.106073],
              [1.244003, 41.106081],
              [1.244369, 41.105985],
              [1.244298, 41.10586],
              [1.245201, 41.104501],
              [1.244879, 41.104372],
              [1.245, 41.1042],
              [1.245012, 41.104182],
              [1.245049, 41.104129],
              [1.24492, 41.10408],
              [1.242584, 41.103192],
              [1.241127, 41.102637],
              [1.241076, 41.102618],
              [1.239553, 41.102039],
              [1.237827, 41.101382],
              [1.236191, 41.100747],
              [1.234827, 41.10023],
              [1.233952, 41.099899],
              [1.233685, 41.099791],
              [1.233009, 41.098836],
              [1.232445, 41.098107],
              [1.232195, 41.09777],
              [1.231316, 41.096617],
              [1.230378, 41.095385],
              [1.229879, 41.095604],
              [1.229199, 41.095901],
              [1.229157, 41.095919],
              [1.229058, 41.095963],
              [1.225067, 41.090701],
              [1.224695, 41.090852],
              [1.224594, 41.090892],
              [1.224483, 41.090766],
              [1.224499, 41.090758],
              [1.224668, 41.090672],
              [1.224661, 41.090665],
              [1.224658, 41.090659],
              [1.224655, 41.090653],
              [1.224651, 41.09064],
              [1.224644, 41.090628],
              [1.224625, 41.090611],
              [1.224607, 41.090593],
              [1.224601, 41.090587],
              [1.224597, 41.090582],
              [1.224588, 41.090568],
              [1.224581, 41.090563],
              [1.224573, 41.090557],
              [1.224566, 41.090552],
              [1.224552, 41.090541],
              [1.224542, 41.090524],
              [1.224538, 41.090517],
              [1.224527, 41.09049],
              [1.22451, 41.090501],
              [1.224498, 41.090509],
              [1.22447, 41.090526],
              [1.224465, 41.090522],
              [1.224453, 41.090511],
              [1.224445, 41.090504],
              [1.224511, 41.090463],
              [1.2245, 41.09045],
              [1.224492, 41.090439],
              [1.224483, 41.090427],
              [1.22448, 41.090422],
              [1.224473, 41.090412],
              [1.224468, 41.090405],
              [1.224461, 41.090395],
              [1.224453, 41.090385],
              [1.224444, 41.090375],
              [1.224429, 41.090356],
              [1.224418, 41.090342],
              [1.224403, 41.090328],
              [1.224385, 41.090315],
              [1.224371, 41.090301],
              [1.224363, 41.090294],
              [1.224355, 41.090287],
              [1.22434, 41.090279],
              [1.224324, 41.090276],
              [1.224314, 41.090277],
              [1.224296, 41.090281],
              [1.224279, 41.090285],
              [1.224318, 41.090346],
              [1.224322, 41.090353],
              [1.224282, 41.090368],
              [1.224248, 41.090315],
              [1.224238, 41.090299],
              [1.224216, 41.09031],
              [1.224195, 41.090319],
              [1.224171, 41.090329],
              [1.224146, 41.090338],
              [1.224191, 41.0904],
              [1.224194, 41.090404],
              [1.224147, 41.090423],
              [1.224108, 41.09037],
              [1.2241, 41.090359],
              [1.224097, 41.090359],
              [1.224087, 41.090363],
              [1.224073, 41.09037],
              [1.224059, 41.090378],
              [1.224041, 41.090386],
              [1.224023, 41.090395],
              [1.224026, 41.0904],
              [1.224062, 41.090457],
              [1.224068, 41.090466],
              [1.224019, 41.090483],
              [1.223988, 41.090436],
              [1.223979, 41.090421],
              [1.223967, 41.090428],
              [1.223953, 41.090436],
              [1.223935, 41.090446],
              [1.22392, 41.090459],
              [1.223918, 41.090468],
              [1.223928, 41.090492],
              [1.223941, 41.090517],
              [1.22395, 41.090532],
              [1.223957, 41.090546],
              [1.223957, 41.090556],
              [1.22395, 41.09057],
              [1.223943, 41.090584],
              [1.224241, 41.090955],
              [1.224211, 41.090969],
              [1.224194, 41.090976],
              [1.223904, 41.090615],
              [1.223897, 41.090622],
              [1.22389, 41.090631],
              [1.223881, 41.090639],
              [1.223855, 41.09065],
              [1.223835, 41.090655],
              [1.223806, 41.090659],
              [1.22377, 41.090661],
              [1.223739, 41.09066],
              [1.223708, 41.090656],
              [1.223648, 41.090643],
              [1.223614, 41.090633],
              [1.223583, 41.090619],
              [1.223563, 41.090607],
              [1.223543, 41.090588],
              [1.223529, 41.090568],
              [1.223511, 41.090524],
              [1.223502, 41.090488],
              [1.223502, 41.090452],
              [1.223508, 41.090428],
              [1.223524, 41.090396],
              [1.223547, 41.090367],
              [1.223567, 41.090349],
              [1.223592, 41.090331],
              [1.223618, 41.090315],
              [1.223674, 41.090289],
              [1.223742, 41.090266],
              [1.223811, 41.090244],
              [1.223854, 41.090227],
              [1.223937, 41.090183],
              [1.224021, 41.090139],
              [1.224155, 41.09008],
              [1.224289, 41.090021],
              [1.224435, 41.089955],
              [1.224581, 41.089889],
              [1.224714, 41.089831],
              [1.224848, 41.089773],
              [1.225011, 41.089698],
              [1.225174, 41.089623],
              [1.225301, 41.089566],
              [1.225431, 41.089513],
              [1.22552, 41.08948],
              [1.225591, 41.089459],
              [1.225621, 41.089451],
              [1.225694, 41.089428],
              [1.225768, 41.089405],
              [1.225778, 41.089399],
              [1.225785, 41.089391],
              [1.225788, 41.089377],
              [1.225786, 41.089363],
              [1.225773, 41.089313],
              [1.22576, 41.089263],
              [1.225747, 41.08919],
              [1.225733, 41.089118],
              [1.225716, 41.08903],
              [1.225699, 41.088941],
              [1.225685, 41.088858],
              [1.22567, 41.088775],
              [1.225651, 41.08868],
              [1.225632, 41.088584],
              [1.225614, 41.088486],
              [1.225605, 41.088437],
              [1.225596, 41.088388],
              [1.225583, 41.088323],
              [1.225578, 41.0883],
              [1.225574, 41.088278],
              [1.225551, 41.088169],
              [1.225524, 41.088047],
              [1.225498, 41.087925],
              [1.225489, 41.08785],
              [1.22548, 41.087774],
              [1.225465, 41.087689],
              [1.225458, 41.087656],
              [1.225449, 41.087605],
              [1.225439, 41.087523],
              [1.225433, 41.087442],
              [1.225425, 41.087387],
              [1.225415, 41.087349],
              [1.225401, 41.087312],
              [1.225388, 41.087287],
              [1.225374, 41.087269],
              [1.225355, 41.087254],
              [1.22532, 41.087235],
              [1.225286, 41.087215],
              [1.225206, 41.08716],
              [1.225126, 41.087105],
              [1.224975, 41.087003],
              [1.224824, 41.086901],
              [1.224651, 41.086776],
              [1.224477, 41.086651],
              [1.224351, 41.086563],
              [1.224224, 41.086475],
              [1.224064, 41.086363],
              [1.223904, 41.086251],
              [1.223739, 41.086134],
              [1.223575, 41.086018],
              [1.223401, 41.085891],
              [1.223227, 41.085765],
              [1.223162, 41.085721],
              [1.223097, 41.085676],
              [1.223012, 41.08561],
              [1.222927, 41.085545],
              [1.222835, 41.085477],
              [1.222742, 41.08541],
              [1.222509, 41.085245],
              [1.222272, 41.085082],
              [1.222104, 41.084973],
              [1.221934, 41.084865],
              [1.221823, 41.084792],
              [1.221642, 41.084664],
              [1.221462, 41.084535],
              [1.221196, 41.084352],
              [1.220927, 41.08417],
              [1.220778, 41.084075],
              [1.220627, 41.083983],
              [1.220576, 41.083957],
              [1.220559, 41.083953],
              [1.220541, 41.08395],
              [1.22053, 41.083944],
              [1.220525, 41.083935],
              [1.22052, 41.083909],
              [1.22051, 41.083894],
              [1.22049, 41.083878],
              [1.220468, 41.083866],
              [1.22046, 41.083866],
              [1.220452, 41.08387],
              [1.220436, 41.083884],
              [1.220425, 41.083889],
              [1.220419, 41.083889],
              [1.220403, 41.083881],
              [1.220388, 41.08387],
              [1.220381, 41.083859],
              [1.220377, 41.083848],
              [1.220369, 41.083826],
              [1.220323, 41.083772],
              [1.220274, 41.08372],
              [1.220238, 41.083686],
              [1.220146, 41.083607],
              [1.220053, 41.083531],
              [1.219988, 41.083482],
              [1.219896, 41.083423],
              [1.219799, 41.083367],
              [1.219797, 41.083365],
              [1.2197, 41.083323],
              [1.21968, 41.083309],
              [1.217488, 41.081774],
              [1.216132, 41.080825],
              [1.214864, 41.079932],
              [1.21353, 41.078996],
              [1.213398, 41.079107],
              [1.213153, 41.078936],
              [1.213427, 41.078709],
              [1.213484, 41.078664],
              [1.213498, 41.078674],
              [1.214572, 41.07943],
              [1.215841, 41.080319],
              [1.217069, 41.08119],
              [1.218317, 41.082065],
              [1.219546, 41.082927],
              [1.219662, 41.083009],
              [1.219707, 41.082969],
              [1.219734, 41.08295],
              [1.219747, 41.082937],
              [1.219763, 41.082924],
              [1.219784, 41.082919],
              [1.219807, 41.08292],
              [1.219853, 41.08293],
              [1.21992, 41.082945],
              [1.219986, 41.082962],
              [1.220028, 41.082977],
              [1.220133, 41.083026],
              [1.220235, 41.083078],
              [1.22031, 41.083117],
              [1.220383, 41.083159],
              [1.220405, 41.083175],
              [1.220424, 41.083194],
              [1.220458, 41.083233],
              [1.220484, 41.083257],
              [1.220547, 41.083306],
              [1.220614, 41.08335],
              [1.220627, 41.083356],
              [1.220642, 41.08336],
              [1.22067, 41.083366],
              [1.220672, 41.083367],
              [1.22069, 41.083374],
              [1.220707, 41.083387],
              [1.22072, 41.083405],
              [1.220741, 41.083442],
              [1.22076, 41.083462],
              [1.220773, 41.083469],
              [1.22079, 41.083473],
              [1.220823, 41.083481],
              [1.220841, 41.083491],
              [1.220855, 41.083508],
              [1.220865, 41.083527],
              [1.220882, 41.083567],
              [1.2209, 41.083591],
              [1.220953, 41.083645],
              [1.221011, 41.083698],
              [1.221054, 41.083728],
              [1.221082, 41.083742],
              [1.221094, 41.083747],
              [1.221106, 41.083753],
              [1.221155, 41.083782],
              [1.221188, 41.083807],
              [1.221219, 41.083835],
              [1.221278, 41.083892],
              [1.221321, 41.083926],
              [1.221452, 41.084007],
              [1.221585, 41.084086],
              [1.221671, 41.084142],
              [1.221903, 41.084307],
              [1.222136, 41.084471],
              [1.222361, 41.08462],
              [1.222586, 41.084769],
              [1.222742, 41.084877],
              [1.222895, 41.084989],
              [1.222994, 41.085065],
              [1.223082, 41.085134],
              [1.22317, 41.085204],
              [1.223289, 41.08528],
              [1.223409, 41.085356],
              [1.223475, 41.085402],
              [1.223536, 41.08545],
              [1.223656, 41.085551],
              [1.22374, 41.085614],
              [1.223765, 41.085626],
              [1.223795, 41.085634],
              [1.223859, 41.085644],
              [1.223898, 41.085655],
              [1.223917, 41.085665],
              [1.223942, 41.085686],
              [1.223963, 41.08571],
              [1.223998, 41.085763],
              [1.224026, 41.085795],
              [1.224046, 41.085811],
              [1.224138, 41.085866],
              [1.224233, 41.08592],
              [1.224293, 41.085958],
              [1.224448, 41.086068],
              [1.224604, 41.086178],
              [1.224746, 41.086275],
              [1.224889, 41.086373],
              [1.225037, 41.08648],
              [1.225183, 41.08659],
              [1.225325, 41.086701],
              [1.225468, 41.086813],
              [1.225614, 41.086921],
              [1.225761, 41.087029],
              [1.225875, 41.08712],
              [1.225989, 41.087211],
              [1.226032, 41.087239],
              [1.226079, 41.087264],
              [1.226176, 41.087309],
              [1.22623, 41.087328],
              [1.226286, 41.087346],
              [1.226321, 41.087361],
              [1.226348, 41.087378],
              [1.226372, 41.087397],
              [1.226414, 41.087439],
              [1.226438, 41.087469],
              [1.22646, 41.087509],
              [1.22648, 41.087548],
              [1.226496, 41.087573],
              [1.22653, 41.087613],
              [1.226566, 41.08765],
              [1.22661, 41.087687],
              [1.226656, 41.087722],
              [1.226681, 41.087749],
              [1.226723, 41.08782],
              [1.22676, 41.087893],
              [1.226801, 41.087978],
              [1.226843, 41.088063],
              [1.226876, 41.088121],
              [1.226912, 41.088178],
              [1.226992, 41.08829],
              [1.227153, 41.088492],
              [1.227314, 41.088695],
              [1.227459, 41.088889],
              [1.227606, 41.089083],
              [1.227803, 41.089324],
              [1.228, 41.089564],
              [1.228145, 41.089744],
              [1.228287, 41.089926],
              [1.228368, 41.090039],
              [1.228446, 41.090153],
              [1.228602, 41.090383],
              [1.228766, 41.090612],
              [1.228936, 41.090839],
              [1.229028, 41.090955],
              [1.229124, 41.091069],
              [1.229198, 41.09116],
              [1.229313, 41.091299],
              [1.229481, 41.091515],
              [1.229646, 41.091732],
              [1.229775, 41.091913],
              [1.229901, 41.092094],
              [1.229989, 41.092214],
              [1.230188, 41.092472],
              [1.230391, 41.092728],
              [1.230603, 41.09299],
              [1.230815, 41.093253],
              [1.231032, 41.093528],
              [1.231246, 41.093804],
              [1.231383, 41.093994],
              [1.231519, 41.094185],
              [1.231642, 41.094346],
              [1.231769, 41.094504],
              [1.231856, 41.094604],
              [1.231952, 41.094698],
              [1.232021, 41.094759],
              [1.232101, 41.094825],
              [1.232186, 41.094886],
              [1.232244, 41.094925],
              [1.232326, 41.094974],
              [1.23244, 41.095034],
              [1.232656, 41.095135],
              [1.232876, 41.09523],
              [1.233026, 41.09529],
              [1.23327, 41.095383],
              [1.233516, 41.095472],
              [1.233733, 41.095546],
              [1.233952, 41.095618],
              [1.234096, 41.095668],
              [1.234298, 41.095743],
              [1.234499, 41.095819],
              [1.234722, 41.095906],
              [1.234946, 41.095993],
              [1.235251, 41.096106],
              [1.235555, 41.096219],
              [1.235929, 41.096362],
              [1.236302, 41.096505],
              [1.236556, 41.096601],
              [1.236809, 41.096697],
              [1.237053, 41.096791],
              [1.237297, 41.096885],
              [1.237553, 41.096981],
              [1.237809, 41.097076],
              [1.23803, 41.097165],
              [1.238251, 41.097253],
              [1.238559, 41.097366],
              [1.238866, 41.097479],
              [1.239174, 41.097594],
              [1.239482, 41.097708],
              [1.239737, 41.097796],
              [1.239991, 41.097883],
              [1.240402, 41.098034],
              [1.240809, 41.098188],
              [1.24097, 41.098251],
              [1.241131, 41.098313],
              [1.241402, 41.098414],
              [1.241672, 41.098515],
              [1.241916, 41.098613],
              [1.242159, 41.098712],
              [1.242439, 41.09882],
              [1.242722, 41.098924],
              [1.2429, 41.098982],
              [1.24308, 41.099039],
              [1.243198, 41.099081],
              [1.243403, 41.09916],
              [1.243608, 41.099241],
              [1.243821, 41.099323],
              [1.244035, 41.099404],
              [1.244292, 41.099496],
              [1.244549, 41.099589],
              [1.24479, 41.099684],
              [1.245032, 41.099779],
              [1.245253, 41.099864],
              [1.245474, 41.099949],
              [1.245603, 41.100001],
              [1.245728, 41.100057],
              [1.245809, 41.100099],
              [1.245887, 41.100145],
              [1.245962, 41.100194],
              [1.246108, 41.100295],
              [1.246225, 41.100379],
              [1.246338, 41.100465],
              [1.246432, 41.100545],
              [1.246518, 41.100629],
              [1.246573, 41.100687],
              [1.24667, 41.1008],
              [1.246763, 41.100916],
              [1.246824, 41.100993],
              [1.246881, 41.101071],
              [1.246913, 41.101126],
              [1.246958, 41.101228],
              [1.246997, 41.101332],
              [1.247028, 41.101411],
              [1.247058, 41.101491],
              [1.247073, 41.101545],
              [1.247106, 41.10168],
              [1.247139, 41.101816],
              [1.247172, 41.101956],
              [1.247206, 41.102097],
              [1.24722, 41.102169],
              [1.247232, 41.102241],
              [1.247254, 41.102386],
              [1.247288, 41.102531],
              [1.247328, 41.102675],
              [1.247353, 41.102746],
              [1.247382, 41.102817],
              [1.247398, 41.102864],
              [1.247403, 41.102901],
              [1.247404, 41.102938],
              [1.247399, 41.103012],
              [1.2474, 41.103062],
              [1.247404, 41.10309],
              [1.247439, 41.103223],
              [1.247472, 41.103356],
              [1.247498, 41.103463],
              [1.247523, 41.10357],
              [1.247543, 41.103674],
              [1.247561, 41.103777],
              [1.247576, 41.103847],
              [1.247591, 41.103882],
              [1.247615, 41.103915],
              [1.247635, 41.103936],
              [1.247665, 41.10396],
              [1.247749, 41.104024],
              [1.247834, 41.104087],
              [1.247911, 41.104145],
              [1.247983, 41.104199],
              [1.247988, 41.104203],
              [1.248006, 41.104223],
              [1.248017, 41.104246],
              [1.248029, 41.104296],
              [1.248039, 41.104333],
              [1.248044, 41.104369],
              [1.248044, 41.104393],
              [1.248037, 41.104438],
              [1.248025, 41.104483],
              [1.248002, 41.104548],
              [1.24798, 41.104612],
              [1.247967, 41.104672],
              [1.247962, 41.104733],
              [1.247962, 41.104771],
              [1.247968, 41.104809],
              [1.24798, 41.104833],
              [1.248003, 41.104865],
              [1.248026, 41.104897],
              [1.24807, 41.104953],
              [1.248113, 41.105009],
              [1.248184, 41.105097],
              [1.248256, 41.105185],
              [1.248362, 41.105307],
              [1.248469, 41.105429],
              [1.248566, 41.105537],
              [1.248662, 41.105646],
              [1.24874, 41.105737],
              [1.248817, 41.105829],
              [1.248905, 41.105936],
              [1.248992, 41.106044],
              [1.249037, 41.106089],
              [1.249115, 41.106151],
              [1.249153, 41.106183],
              [1.249187, 41.106216],
              [1.249232, 41.10627],
              [1.249275, 41.106324],
              [1.249342, 41.106416],
              [1.24941, 41.106507],
              [1.249509, 41.106636],
              [1.24961, 41.106763],
              [1.249696, 41.106868],
              [1.249782, 41.106972],
              [1.249851, 41.107056],
              [1.24992, 41.10714],
              [1.249961, 41.107192],
              [1.250002, 41.107243],
              [1.250016, 41.107259],
              [1.250025, 41.10727],
              [1.250034, 41.107282],
              [1.250046, 41.107293],
              [1.25006, 41.107302],
              [1.250094, 41.107318],
              [1.250117, 41.107328],
              [1.250142, 41.107335],
              [1.250177, 41.107335],
              [1.250213, 41.107334],
              [1.250234, 41.107333],
              [1.250254, 41.10733],
              [1.25027, 41.107323],
              [1.250287, 41.107316],
              [1.250309, 41.107303],
              [1.250333, 41.107289],
              [1.250401, 41.107253],
              [1.250469, 41.107216],
              [1.250575, 41.10715],
              [1.250628, 41.107116],
              [1.250683, 41.107086],
              [1.250783, 41.107038],
              [1.250885, 41.106991],
              [1.250975, 41.106947],
              [1.251065, 41.106902],
              [1.251089, 41.106888],
              [1.251099, 41.10688],
              [1.251106, 41.10687],
              [1.251124, 41.106835],
              [1.251141, 41.1068],
              [1.251182, 41.106712],
              [1.251224, 41.106624],
              [1.251244, 41.106581],
              [1.251266, 41.106538],
              [1.251275, 41.106526],
              [1.251289, 41.106515],
              [1.25131, 41.106505],
              [1.251334, 41.106499],
              [1.25136, 41.106497],
              [1.251374, 41.106499],
              [1.251387, 41.106503],
              [1.251413, 41.106518],
              [1.251422, 41.106527],
              [1.251426, 41.106537],
              [1.251424, 41.10656],
              [1.251412, 41.106596],
              [1.251396, 41.106631],
              [1.25135, 41.106723],
              [1.251304, 41.106814],
              [1.251298, 41.106826],
              [1.251292, 41.106839],
              [1.251267, 41.106858],
              [1.251241, 41.106877],
              [1.251297, 41.106841],
              [1.251307, 41.106841],
              [1.251475, 41.106657],
              [1.251496, 41.106667],
              [1.251512, 41.106675],
              [1.251367, 41.106835],
              [1.25135, 41.106853],
              [1.251359, 41.106862],
              [1.251413, 41.10692],
              [1.251374, 41.106945],
              [1.251372, 41.106946],
              [1.25132, 41.106978],
              [1.251341, 41.107001],
              [1.25144, 41.10695],
              [1.251468, 41.106982],
              [1.251324, 41.107056],
              [1.251364, 41.107101],
              [1.251519, 41.107021],
              [1.251824, 41.107359],
              [1.251787, 41.107378],
              [1.251708, 41.107291],
              [1.250856, 41.107731],
              [1.25118, 41.108077],
              [1.251488, 41.108406],
              [1.251767, 41.108703],
              [1.251994, 41.108945],
              [1.252221, 41.109187],
              [1.252385, 41.109362],
              [1.2524, 41.109378],
              [1.253636, 41.108715],
              [1.253627, 41.108703],
              [1.2536, 41.108668],
              [1.253741, 41.108606],
              [1.252446, 41.106899],
              [1.252433, 41.106905],
              [1.252419, 41.106912],
              [1.252225, 41.107003],
              [1.252155, 41.106926],
              [1.25215, 41.106929],
              [1.252144, 41.106931],
              [1.252131, 41.106935],
              [1.252118, 41.106935],
              [1.2521, 41.106931],
              [1.252082, 41.106923],
              [1.252059, 41.106909],
              [1.252042, 41.106892],
              [1.252038, 41.106883],
              [1.252038, 41.106873],
              [1.252045, 41.106854],
              [1.252073, 41.106814],
              [1.252102, 41.106775],
              [1.252162, 41.10671],
              [1.252223, 41.106647],
              [1.252257, 41.106602],
              [1.252256, 41.106593],
              [1.252252, 41.106583],
              [1.252246, 41.106574],
              [1.252174, 41.106509],
              [1.2521, 41.106445],
              [1.251986, 41.106346],
              [1.251871, 41.106248],
              [1.251805, 41.106196],
              [1.251735, 41.106146],
              [1.25159, 41.106052],
              [1.251467, 41.105976],
              [1.251343, 41.105902],
              [1.251283, 41.105867],
              [1.251221, 41.105834],
              [1.251205, 41.105827],
              [1.251188, 41.105822],
              [1.251151, 41.105814],
              [1.251128, 41.105805],
              [1.251112, 41.105796],
              [1.251099, 41.105784],
              [1.251079, 41.105759],
              [1.25107, 41.105734],
              [1.251071, 41.105709],
              [1.251076, 41.105691],
              [1.251089, 41.10567],
              [1.25111, 41.105646],
              [1.251135, 41.105625],
              [1.251154, 41.105614],
              [1.251183, 41.105604],
              [1.251208, 41.1056],
              [1.251232, 41.105601],
              [1.251281, 41.105608],
              [1.251307, 41.105613],
              [1.251332, 41.10562],
              [1.251347, 41.105628],
              [1.251363, 41.10564],
              [1.251375, 41.105654],
              [1.251396, 41.105683],
              [1.251414, 41.105699],
              [1.251522, 41.105772],
              [1.251632, 41.105844],
              [1.25175, 41.105915],
              [1.251868, 41.105987],
              [1.251942, 41.106039],
              [1.251995, 41.106082],
              [1.252047, 41.106126],
              [1.252204, 41.106259],
              [1.252359, 41.106392],
              [1.25241, 41.106437],
              [1.252459, 41.106485],
              [1.252549, 41.106583],
              [1.252691, 41.106756],
              [1.252828, 41.10693],
              [1.25299, 41.107141],
              [1.25315, 41.107354],
              [1.253338, 41.10761],
              [1.253525, 41.107866],
              [1.253688, 41.108089],
              [1.25385, 41.108312],
              [1.253899, 41.108375],
              [1.253952, 41.108435],
              [1.254062, 41.108555],
              [1.254133, 41.108636],
              [1.254182, 41.108705],
              [1.254223, 41.108778],
              [1.254237, 41.108812],
              [1.254246, 41.108847],
              [1.254256, 41.108917],
              [1.254255, 41.108963],
              [1.254247, 41.109008],
              [1.254233, 41.109047],
              [1.254215, 41.109086],
              [1.254198, 41.10911],
              [1.254137, 41.109184],
              [1.254107, 41.109215],
              [1.254086, 41.109237],
              [1.254075, 41.109248],
              [1.25407, 41.109253],
              [1.254022, 41.109297],
              [1.254017, 41.109301],
              [1.253985, 41.109327],
              [1.253948, 41.109358],
              [1.253888, 41.109414],
              [1.253829, 41.10947],
              [1.253791, 41.109504],
              [1.253713, 41.109577],
              [1.253593, 41.109682],
              [1.253575, 41.109695],
              [1.253555, 41.109706],
              [1.253512, 41.109726],
              [1.253485, 41.109741],
              [1.253459, 41.10976],
              [1.253432, 41.10978],
              [1.253371, 41.10982],
              [1.253342, 41.109838],
              [1.253253, 41.109988],
              [1.252206, 41.110952],
              [1.251462, 41.110324],
              [1.251465, 41.110321],
              [1.251263, 41.110174],
              [1.251218, 41.110144],
              [1.251041, 41.110034],
              [1.250949, 41.109988],
              [1.250658, 41.10987],
              [1.250476, 41.109829],
              [1.250194, 41.109784],
              [1.250128, 41.109775],
              [1.249936, 41.109758],
              [1.24972, 41.109753],
              [1.249627, 41.10976],
              [1.249345, 41.109787],
              [1.249404, 41.10998],
              [1.24943, 41.110074],
              [1.245047, 41.110857],
              [1.243389, 41.111154],
              [1.24331, 41.110911],
              [1.243309, 41.110833],
              [1.242983, 41.110844],
              [1.24285, 41.11086],
              [1.24265, 41.110877],
              [1.242648, 41.110829],
              [1.242574, 41.11083],
              [1.24257, 41.110819],
              [1.242559, 41.110617],
              [1.242595, 41.110458],
              [1.242758, 41.110135],
              [1.241107, 41.109532],
              [1.241112, 41.10933],
              [1.240988, 41.109168],
              [1.240841, 41.109145],
              [1.240354, 41.109096],
              [1.240323, 41.109242],
              [1.239893, 41.109124],
              [1.239834, 41.109248],
              [1.238716, 41.109071],
              [1.238546, 41.109104],
              [1.238626, 41.109311],
              [1.238734, 41.109597],
              [1.238862, 41.10979],
              [1.239068, 41.110016],
              [1.239566, 41.110337],
              [1.240961, 41.110833],
              [1.240987, 41.110842],
              [1.239803, 41.110853],
              [1.238623, 41.11087],
              [1.23848, 41.110872],
              [1.236638, 41.110899],
              [1.236635, 41.1108],
              [1.236698, 41.110292],
              [1.236662, 41.110232],
              [1.236588, 41.110139],
              [1.236323, 41.109819],
              [1.235851, 41.109315],
              [1.235808, 41.109246],
              [1.235749, 41.109176],
              [1.235689, 41.109112],
              [1.235629, 41.109055],
              [1.235535, 41.108989],
              [1.235434, 41.108929],
              [1.235329, 41.108875],
              [1.235229, 41.108831],
              [1.235131, 41.108795],
              [1.235039, 41.108767],
              [1.234915, 41.108736],
              [1.234759, 41.108704],
              [1.234664, 41.108687],
              [1.234502, 41.108669],
              [1.233836, 41.108628],
              [1.233622, 41.108621],
              [1.233171, 41.108599],
              [1.232965, 41.108583],
              [1.232905, 41.108582],
              [1.232906, 41.108579],
              [1.232804, 41.108573],
              [1.232494, 41.108551],
              [1.23249, 41.108529],
              [1.232351, 41.108522],
              [1.232349, 41.108541],
              [1.231773, 41.108504],
              [1.231248, 41.108477],
              [1.230535, 41.108347],
              [1.228929, 41.108044],
              [1.227276, 41.107831],
              [1.227172, 41.107703],
              [1.227132, 41.107669],
              [1.227042, 41.107611],
              [1.22692, 41.107548],
              [1.22686, 41.107519],
              [1.2268, 41.107497],
              [1.226715, 41.107471],
              [1.226414, 41.107437],
              [1.226114, 41.107418],
              [1.225554, 41.107345],
              [1.225147, 41.107293],
              [1.224755, 41.107241],
              [1.224651, 41.107234],
              [1.223911, 41.107067],
              [1.22365, 41.107037],
              [1.222934, 41.107],
              [1.222339, 41.106849],
              [1.221796, 41.10678],
              [1.221579, 41.106792],
              [1.219792, 41.106317],
              [1.218835, 41.106081],
              [1.217768, 41.10563],
              [1.217549, 41.105518],
              [1.216905, 41.105337],
              [1.212604, 41.103347],
              [1.211758, 41.103219],
              [1.210266, 41.102268],
              [1.210122, 41.102176],
              [1.206412, 41.09969],
              [1.20536, 41.099003],
              [1.204728, 41.098594],
              [1.204394, 41.098374],
              [1.204058, 41.098157],
              [1.203499, 41.097793],
              [1.20315, 41.09757],
              [1.202534, 41.097166],
              [1.202174, 41.096934],
              [1.199003, 41.094801]
            ]
          ]
        ]
      }
    },
    {
      "type": "Feature",
      "properties": {
        "id": "punta-de-la-mora",
        "name": "Punta de la Móra",
        "cityId": "tarragona"
      },
      "geometry": {
        "type": "MultiPolygon",
        "coordinates": [
          [
            [
              [1.341427, 41.126188],
              [1.341328, 41.125869],
              [1.341374, 41.125827],
              [1.341422, 41.125781],
              [1.341466, 41.125732],
              [1.341476, 41.125711],
              [1.34148, 41.125675],
              [1.341485, 41.125639],
              [1.341512, 41.12557],
              [1.34153, 41.125536],
              [1.341554, 41.125504],
              [1.341573, 41.125485],
              [1.341607, 41.125463],
              [1.341647, 41.125442],
              [1.341661, 41.125435],
              [1.341675, 41.125433],
              [1.341694, 41.125441],
              [1.341713, 41.125452],
              [1.34175, 41.125464],
              [1.341787, 41.125477],
              [1.341796, 41.125481],
              [1.341812, 41.125489],
              [1.341823, 41.125479],
              [1.341827, 41.125464],
              [1.341824, 41.125438],
              [1.341825, 41.125426],
              [1.341831, 41.125416],
              [1.34187, 41.125381],
              [1.341909, 41.125347],
              [1.341926, 41.12533],
              [1.341943, 41.125315],
              [1.341949, 41.125312],
              [1.34196, 41.125315],
              [1.341992, 41.125337],
              [1.342019, 41.12534],
              [1.34203, 41.125332],
              [1.34202, 41.125303],
              [1.342018, 41.12529],
              [1.34202, 41.125285],
              [1.342025, 41.125282],
              [1.342048, 41.125273],
              [1.342072, 41.12527],
              [1.342086, 41.125272],
              [1.342122, 41.125284],
              [1.342148, 41.125281],
              [1.342158, 41.125268],
              [1.342161, 41.125254],
              [1.342156, 41.125232],
              [1.342154, 41.125222],
              [1.342155, 41.125211],
              [1.342159, 41.125196],
              [1.342169, 41.125182],
              [1.342191, 41.125169],
              [1.342229, 41.125156],
              [1.342265, 41.125143],
              [1.342309, 41.125117],
              [1.342355, 41.125094],
              [1.3424, 41.12508],
              [1.342446, 41.125068],
              [1.342485, 41.125054],
              [1.342523, 41.125041],
              [1.342534, 41.125041],
              [1.342544, 41.125044],
              [1.342556, 41.12505],
              [1.342575, 41.125069],
              [1.342611, 41.125111],
              [1.342628, 41.125106],
              [1.342638, 41.125095],
              [1.342651, 41.125066],
              [1.342654, 41.125062],
              [1.34266, 41.12506],
              [1.342671, 41.125065],
              [1.342681, 41.125071],
              [1.342692, 41.125084],
              [1.342709, 41.125112],
              [1.342722, 41.125123],
              [1.342738, 41.125132],
              [1.342771, 41.125143],
              [1.342797, 41.125142],
              [1.342821, 41.125129],
              [1.342843, 41.12511],
              [1.342846, 41.125084],
              [1.342839, 41.125051],
              [1.342838, 41.125036],
              [1.342841, 41.12503],
              [1.342845, 41.125023],
              [1.342866, 41.125009],
              [1.34292, 41.124987],
              [1.342938, 41.124973],
              [1.342962, 41.124938],
              [1.342987, 41.124902],
              [1.343022, 41.124867],
              [1.343042, 41.124852],
              [1.343064, 41.124838],
              [1.343084, 41.12483],
              [1.3431, 41.124826],
              [1.343125, 41.124826],
              [1.343147, 41.124833],
              [1.343183, 41.124853],
              [1.34322, 41.124874],
              [1.343254, 41.124894],
              [1.343289, 41.124914],
              [1.343326, 41.12494],
              [1.343371, 41.124973],
              [1.343408, 41.12498],
              [1.343435, 41.124979],
              [1.343455, 41.124972],
              [1.343484, 41.124953],
              [1.343499, 41.124944],
              [1.343515, 41.12494],
              [1.343535, 41.124939],
              [1.343556, 41.124942],
              [1.343595, 41.124952],
              [1.343633, 41.124965],
              [1.343647, 41.124974],
              [1.343665, 41.124989],
              [1.343687, 41.125001],
              [1.343708, 41.125004],
              [1.343744, 41.125003],
              [1.343753, 41.124994],
              [1.343756, 41.124982],
              [1.34375, 41.124961],
              [1.343748, 41.12495],
              [1.34375, 41.124941],
              [1.343762, 41.12492],
              [1.343771, 41.124911],
              [1.343782, 41.124902],
              [1.343791, 41.124899],
              [1.343806, 41.124899],
              [1.34382, 41.124903],
              [1.343834, 41.124912],
              [1.343848, 41.124921],
              [1.343877, 41.124937],
              [1.343909, 41.124951],
              [1.343927, 41.124941],
              [1.343941, 41.124914],
              [1.343944, 41.124882],
              [1.343948, 41.12485],
              [1.343953, 41.124815],
              [1.34396, 41.124798],
              [1.343967, 41.124791],
              [1.343976, 41.124785],
              [1.343985, 41.124782],
              [1.343999, 41.124783],
              [1.344013, 41.124785],
              [1.344024, 41.124784],
              [1.344035, 41.124786],
              [1.344052, 41.124798],
              [1.344062, 41.124809],
              [1.344073, 41.124831],
              [1.344087, 41.124903],
              [1.3441, 41.124942],
              [1.344108, 41.124982],
              [1.344104, 41.125002],
              [1.344093, 41.125021],
              [1.344086, 41.12503],
              [1.344062, 41.12506],
              [1.344045, 41.125078],
              [1.344025, 41.125094],
              [1.343984, 41.125123],
              [1.343941, 41.125151],
              [1.343848, 41.125211],
              [1.343755, 41.12527],
              [1.343719, 41.12529],
              [1.343682, 41.125311],
              [1.343646, 41.125337],
              [1.343611, 41.125364],
              [1.343566, 41.125387],
              [1.343542, 41.125398],
              [1.343521, 41.125411],
              [1.343493, 41.125434],
              [1.343456, 41.125472],
              [1.343417, 41.125509],
              [1.343368, 41.125546],
              [1.343315, 41.12558],
              [1.343295, 41.12559],
              [1.343262, 41.1256],
              [1.343229, 41.125614],
              [1.343194, 41.125635],
              [1.343159, 41.12566],
              [1.343135, 41.125692],
              [1.343135, 41.12571],
              [1.34314, 41.125729],
              [1.343154, 41.125758],
              [1.343172, 41.125786],
              [1.343225, 41.125871],
              [1.343253, 41.125913],
              [1.343285, 41.125954],
              [1.34331, 41.125981],
              [1.343331, 41.125999],
              [1.343367, 41.126023],
              [1.343409, 41.12604],
              [1.343462, 41.126054],
              [1.343515, 41.126066],
              [1.343586, 41.126081],
              [1.343657, 41.126096],
              [1.343693, 41.126105],
              [1.343729, 41.126114],
              [1.343751, 41.126115],
              [1.343784, 41.126112],
              [1.343817, 41.126109],
              [1.34386, 41.126115],
              [1.343877, 41.126109],
              [1.343881, 41.1261],
              [1.343884, 41.126093],
              [1.343893, 41.12609],
              [1.343903, 41.126092],
              [1.343921, 41.126099],
              [1.343938, 41.126109],
              [1.343944, 41.126116],
              [1.34395, 41.126138],
              [1.343977, 41.126139],
              [1.343999, 41.126135],
              [1.344007, 41.126135],
              [1.344015, 41.126136],
              [1.344022, 41.126141],
              [1.344028, 41.126151],
              [1.344032, 41.126163],
              [1.344041, 41.126203],
              [1.34405, 41.126216],
              [1.344053, 41.126218],
              [1.344079, 41.126238],
              [1.34411, 41.126258],
              [1.344136, 41.126279],
              [1.344163, 41.126301],
              [1.344173, 41.126306],
              [1.344183, 41.126311],
              [1.344188, 41.126311],
              [1.344196, 41.126307],
              [1.344203, 41.126305],
              [1.344213, 41.12631],
              [1.344219, 41.126317],
              [1.344223, 41.126331],
              [1.344223, 41.126351],
              [1.344224, 41.126371],
              [1.344238, 41.126401],
              [1.344251, 41.126431],
              [1.344247, 41.126447],
              [1.344242, 41.126462],
              [1.344244, 41.12647],
              [1.344248, 41.126478],
              [1.344259, 41.126491],
              [1.344267, 41.126503],
              [1.344273, 41.126524],
              [1.344278, 41.126545],
              [1.344281, 41.126563],
              [1.344276, 41.12659],
              [1.34426, 41.126616],
              [1.344244, 41.126635],
              [1.344228, 41.126653],
              [1.344214, 41.12667],
              [1.344207, 41.126678],
              [1.3442, 41.126687],
              [1.344195, 41.126696],
              [1.344194, 41.126712],
              [1.344216, 41.12674],
              [1.344236, 41.126759],
              [1.344259, 41.126774],
              [1.3443, 41.126792],
              [1.344345, 41.126808],
              [1.344424, 41.126836],
              [1.344502, 41.126865],
              [1.344555, 41.126892],
              [1.344632, 41.126935],
              [1.34471, 41.126976],
              [1.34482, 41.127025],
              [1.34493, 41.127073],
              [1.345046, 41.127131],
              [1.345162, 41.127189],
              [1.345277, 41.12724],
              [1.345394, 41.127287],
              [1.345535, 41.127339],
              [1.34566, 41.127385],
              [1.345219, 41.128072],
              [1.34484, 41.12862],
              [1.344697, 41.128801],
              [1.344677, 41.128813],
              [1.344408, 41.128981],
              [1.344094, 41.129168],
              [1.343888, 41.129269],
              [1.34356, 41.129466],
              [1.343336, 41.129556],
              [1.343318, 41.129561],
              [1.343299, 41.129566],
              [1.343281, 41.129571],
              [1.343263, 41.129576],
              [1.343245, 41.129582],
              [1.343214, 41.129592],
              [1.343149, 41.129615],
              [1.343091, 41.12964],
              [1.343035, 41.129667],
              [1.342981, 41.129697],
              [1.34293, 41.129728],
              [1.342881, 41.129763],
              [1.342834, 41.129799],
              [1.342775, 41.129849],
              [1.342718, 41.1299],
              [1.342662, 41.129952],
              [1.342607, 41.130005],
              [1.342554, 41.130059],
              [1.342503, 41.130114],
              [1.342453, 41.13017],
              [1.342408, 41.130212],
              [1.341864, 41.129806],
              [1.341958, 41.129655],
              [1.342058, 41.129536],
              [1.342156, 41.129425],
              [1.342226, 41.129358],
              [1.342323, 41.129247],
              [1.342423, 41.129164],
              [1.342578, 41.129047],
              [1.342792, 41.128929],
              [1.3426, 41.12863],
              [1.342459, 41.128195],
              [1.342433, 41.12809],
              [1.342435, 41.127893],
              [1.342408, 41.127713],
              [1.342381, 41.127644],
              [1.34231, 41.127519],
              [1.342227, 41.12741],
              [1.342076, 41.12725],
              [1.341866, 41.127043],
              [1.341715, 41.126907],
              [1.34162, 41.126715],
              [1.341427, 41.126188]
            ]
          ]
        ]
      }
    },
    {
      "type": "Feature",
      "properties": {
        "id": "riuclar",
        "name": "RiuClar",
        "cityId": "tarragona"
      },
      "geometry": {
        "type": "MultiPolygon",
        "coordinates": [
          [
            [
              [1.222111, 41.115889],
              [1.222186, 41.115835],
              [1.221916, 41.115438],
              [1.223251, 41.115497],
              [1.223442, 41.115508],
              [1.223672, 41.115524],
              [1.22413, 41.115561],
              [1.224355, 41.115588],
              [1.224467, 41.115604],
              [1.224611, 41.115627],
              [1.224899, 41.115679],
              [1.224707, 41.116897],
              [1.224589, 41.116886],
              [1.224344, 41.118439],
              [1.224575, 41.11833],
              [1.225172, 41.118196],
              [1.225545, 41.118212],
              [1.225603, 41.118686],
              [1.225656, 41.11907],
              [1.225675, 41.11907],
              [1.225704, 41.119395],
              [1.225749, 41.120006],
              [1.22552, 41.120002],
              [1.225515, 41.120197],
              [1.225515, 41.121043],
              [1.225378, 41.121086],
              [1.22409, 41.121503],
              [1.223129, 41.121808],
              [1.222604, 41.121971],
              [1.221966, 41.122165],
              [1.221492, 41.121105],
              [1.221306, 41.120582],
              [1.221094, 41.119994],
              [1.221064, 41.119891],
              [1.221048, 41.119822],
              [1.221035, 41.119753],
              [1.221025, 41.119684],
              [1.221019, 41.119615],
              [1.221016, 41.119545],
              [1.221016, 41.119476],
              [1.221019, 41.119406],
              [1.220986, 41.119331],
              [1.220879, 41.118964],
              [1.220821, 41.118819],
              [1.220789, 41.11872],
              [1.220792, 41.118682],
              [1.22079, 41.118619],
              [1.22081, 41.118529],
              [1.220856, 41.118354],
              [1.220958, 41.118014],
              [1.221003, 41.117869],
              [1.221189, 41.117434],
              [1.221211, 41.117399],
              [1.221243, 41.117328],
              [1.221317, 41.117176],
              [1.221471, 41.11687],
              [1.221525, 41.116746],
              [1.221566, 41.116612],
              [1.22161, 41.11645],
              [1.221861, 41.116483],
              [1.221862, 41.116513],
              [1.221905, 41.116513],
              [1.221987, 41.116519],
              [1.22199, 41.116382],
              [1.221995, 41.116212],
              [1.222003, 41.116119],
              [1.222009, 41.116025],
              [1.222031, 41.115995],
              [1.222068, 41.115936],
              [1.222111, 41.115889]
            ]
          ]
        ]
      }
    },
    {
      "type": "Feature",
      "properties": {
        "id": "rodolat-del-moro",
        "name": "Rodolat del Moro",
        "cityId": "tarragona"
      },
      "geometry": {
        "type": "MultiPolygon",
        "coordinates": [
          [
            [
              [1.270808, 41.153128],
              [1.270284, 41.153324],
              [1.269954, 41.153452],
              [1.270012, 41.153152],
              [1.270071, 41.152894],
              [1.270039, 41.152869],
              [1.270017, 41.152843],
              [1.269996, 41.152804],
              [1.269992, 41.152793],
              [1.269991, 41.152778],
              [1.270198, 41.151728],
              [1.269493, 41.151622],
              [1.269111, 41.151678],
              [1.269093, 41.151655],
              [1.268918, 41.151748],
              [1.268759, 41.151838],
              [1.268563, 41.151981],
              [1.268419, 41.152088],
              [1.268349, 41.152175],
              [1.268288, 41.152223],
              [1.268167, 41.152411],
              [1.267911, 41.15244],
              [1.26758, 41.152534],
              [1.267486, 41.152557],
              [1.267437, 41.152347],
              [1.266753, 41.152284],
              [1.265834, 41.152031],
              [1.264896, 41.151664],
              [1.264502, 41.151547],
              [1.264721, 41.151268],
              [1.265058, 41.151099],
              [1.265616, 41.150898],
              [1.265882, 41.150779],
              [1.266171, 41.150687],
              [1.265437, 41.150382],
              [1.264937, 41.150146],
              [1.2655, 41.149661],
              [1.265417, 41.149613],
              [1.265348, 41.149578],
              [1.265274, 41.14955],
              [1.265176, 41.149522],
              [1.265075, 41.149504],
              [1.264993, 41.149495],
              [1.26491, 41.149494],
              [1.264806, 41.1495],
              [1.264684, 41.149519],
              [1.264586, 41.149545],
              [1.26437, 41.14962],
              [1.263793, 41.149811],
              [1.263682, 41.149846],
              [1.263615, 41.14987],
              [1.263543, 41.149874],
              [1.263457, 41.149849],
              [1.26339, 41.149793],
              [1.263379, 41.149759],
              [1.263344, 41.149659],
              [1.263249, 41.149399],
              [1.263148, 41.149144],
              [1.263137, 41.14912],
              [1.263128, 41.149105],
              [1.263116, 41.149092],
              [1.263104, 41.149084],
              [1.263056, 41.1491],
              [1.263006, 41.149099],
              [1.26293, 41.14912],
              [1.262693, 41.149239],
              [1.2625, 41.14935],
              [1.262205, 41.149505],
              [1.262207, 41.149044],
              [1.262159, 41.149036],
              [1.262142, 41.149017],
              [1.262128, 41.149003],
              [1.262107, 41.148981],
              [1.262173, 41.148622],
              [1.262191, 41.148562],
              [1.262256, 41.14852],
              [1.262271, 41.148511],
              [1.262299, 41.14851],
              [1.262473, 41.14851],
              [1.262596, 41.148511],
              [1.263418, 41.148534],
              [1.263459, 41.148535],
              [1.263476, 41.14854],
              [1.263552, 41.148561],
              [1.263611, 41.1486],
              [1.263622, 41.148617],
              [1.263658, 41.148671],
              [1.263686, 41.148697],
              [1.263712, 41.148712],
              [1.263729, 41.148719],
              [1.263746, 41.148723],
              [1.263764, 41.148725],
              [1.263783, 41.148726],
              [1.263801, 41.148724],
              [1.263818, 41.14872],
              [1.263852, 41.148709],
              [1.263884, 41.148692],
              [1.263897, 41.148683],
              [1.263907, 41.148671],
              [1.264109, 41.148283],
              [1.264121, 41.14826],
              [1.264137, 41.148248],
              [1.26416, 41.148231],
              [1.264179, 41.148216],
              [1.264286, 41.148198],
              [1.264324, 41.148207],
              [1.264366, 41.148217],
              [1.264375, 41.14822],
              [1.264424, 41.148235],
              [1.264678, 41.148315],
              [1.264733, 41.148326],
              [1.264751, 41.148328],
              [1.26477, 41.148327],
              [1.264798, 41.148323],
              [1.264816, 41.148318],
              [1.264834, 41.148312],
              [1.264857, 41.148299],
              [1.26487, 41.148288],
              [1.26488, 41.148276],
              [1.264978, 41.148129],
              [1.265046, 41.148034],
              [1.265198, 41.147811],
              [1.265242, 41.147753],
              [1.265355, 41.147656],
              [1.265374, 41.147633],
              [1.265451, 41.147479],
              [1.265487, 41.147417],
              [1.265766, 41.147619],
              [1.266072, 41.147786],
              [1.266692, 41.147142],
              [1.266442, 41.147024],
              [1.266495, 41.146932],
              [1.266974, 41.147153],
              [1.266994, 41.147135],
              [1.267039, 41.147103],
              [1.267099, 41.147089],
              [1.267123, 41.147083],
              [1.2672, 41.147076],
              [1.268869, 41.146941],
              [1.268889, 41.146939],
              [1.268922, 41.146945],
              [1.268973, 41.146953],
              [1.26901, 41.146959],
              [1.269089, 41.147012],
              [1.269125, 41.147066],
              [1.26914, 41.147089],
              [1.269139, 41.147126],
              [1.269133, 41.14752],
              [1.269127, 41.14775],
              [1.269135, 41.1478],
              [1.269143, 41.147814],
              [1.269152, 41.147826],
              [1.269176, 41.147849],
              [1.269245, 41.147896],
              [1.269343, 41.147973],
              [1.269428, 41.148047],
              [1.269459, 41.148066],
              [1.269477, 41.148073],
              [1.269485, 41.148074],
              [1.269494, 41.148072],
              [1.269262, 41.148214],
              [1.26914, 41.148297],
              [1.269105, 41.148325],
              [1.269084, 41.148345],
              [1.269049, 41.148388],
              [1.269021, 41.148434],
              [1.269006, 41.14847],
              [1.268996, 41.148507],
              [1.268991, 41.148545],
              [1.268991, 41.148583],
              [1.268997, 41.148621],
              [1.269012, 41.148669],
              [1.269029, 41.148704],
              [1.269077, 41.148789],
              [1.269231, 41.149009],
              [1.2697, 41.149643],
              [1.270226, 41.150364],
              [1.270293, 41.150453],
              [1.270365, 41.15054],
              [1.270441, 41.150626],
              [1.27052, 41.15071],
              [1.270603, 41.150791],
              [1.27069, 41.15087],
              [1.27078, 41.150947],
              [1.271288, 41.151369],
              [1.271473, 41.151554],
              [1.271492, 41.151575],
              [1.271508, 41.151596],
              [1.271529, 41.151628],
              [1.271541, 41.151651],
              [1.271554, 41.151687],
              [1.271561, 41.15171],
              [1.271566, 41.151747],
              [1.271566, 41.151796],
              [1.271557, 41.151844],
              [1.271539, 41.151891],
              [1.271143, 41.152638],
              [1.271096, 41.152713],
              [1.271052, 41.15279],
              [1.271012, 41.152868],
              [1.270974, 41.152946],
              [1.27094, 41.153026],
              [1.27091, 41.153106],
              [1.270808, 41.153128]
            ]
          ]
        ]
      }
    },
    {
      "type": "Feature",
      "properties": {
        "id": "sant-pere-i-sant-pau",
        "name": "Sant Pere i Sant Pau",
        "cityId": "tarragona"
      },
      "geometry": {
        "type": "MultiPolygon",
        "coordinates": [
          [
            [
              [1.256358, 41.138645],
              [1.256429, 41.138713],
              [1.257234, 41.139462],
              [1.258089, 41.14026],
              [1.258292, 41.140454],
              [1.258394, 41.140568],
              [1.258559, 41.140773],
              [1.258607, 41.140824],
              [1.25865, 41.140862],
              [1.258695, 41.140894],
              [1.258752, 41.14093],
              [1.258795, 41.140952],
              [1.258859, 41.140982],
              [1.258944, 41.141016],
              [1.259026, 41.141042],
              [1.259099, 41.141057],
              [1.259156, 41.141065],
              [1.259237, 41.141067],
              [1.259294, 41.141063],
              [1.259356, 41.141052],
              [1.259404, 41.141038],
              [1.259442, 41.141023],
              [1.259508, 41.140992],
              [1.259639, 41.140909],
              [1.259923, 41.140721],
              [1.259992, 41.140681],
              [1.260067, 41.140641],
              [1.2601, 41.140627],
              [1.260127, 41.140618],
              [1.260171, 41.140606],
              [1.260204, 41.140598],
              [1.260259, 41.14059],
              [1.260321, 41.140587],
              [1.260381, 41.140591],
              [1.260431, 41.140599],
              [1.260488, 41.140615],
              [1.260546, 41.140636],
              [1.26063, 41.140673],
              [1.260699, 41.140706],
              [1.260774, 41.140746],
              [1.260688, 41.141193],
              [1.255879, 41.141174],
              [1.254089, 41.141163],
              [1.254063, 41.141163],
              [1.253987, 41.141147],
              [1.253989, 41.141288],
              [1.253825, 41.141896],
              [1.252298, 41.141648],
              [1.252436, 41.141153],
              [1.251254, 41.141146],
              [1.247367, 41.141715],
              [1.246852, 41.141221],
              [1.246615, 41.14105],
              [1.246104, 41.140698],
              [1.246068, 41.140691],
              [1.246055, 41.140675],
              [1.245981, 41.140512],
              [1.245833, 41.140237],
              [1.245682, 41.139886],
              [1.245587, 41.139733],
              [1.245771, 41.139572],
              [1.24577, 41.139549],
              [1.245812, 41.139466],
              [1.245834, 41.139401],
              [1.245849, 41.139337],
              [1.245869, 41.13926],
              [1.245905, 41.139151],
              [1.245955, 41.139028],
              [1.245982, 41.13897],
              [1.245997, 41.138956],
              [1.246018, 41.138947],
              [1.246224, 41.138943],
              [1.246356, 41.138937],
              [1.246404, 41.138931],
              [1.246512, 41.138908],
              [1.246595, 41.138817],
              [1.246979, 41.1384],
              [1.247076, 41.138281],
              [1.247229, 41.138086],
              [1.247374, 41.137901],
              [1.247465, 41.137778],
              [1.247515, 41.137694],
              [1.247529, 41.137661],
              [1.24754, 41.137628],
              [1.247549, 41.137577],
              [1.247566, 41.137528],
              [1.247598, 41.137459],
              [1.247639, 41.137392],
              [1.24767, 41.137349],
              [1.24781, 41.137141],
              [1.247915, 41.137223],
              [1.248038, 41.137323],
              [1.248054, 41.137297],
              [1.248074, 41.137273],
              [1.248095, 41.13725],
              [1.248121, 41.137227],
              [1.248168, 41.13719],
              [1.248422, 41.137004],
              [1.248513, 41.136929],
              [1.248577, 41.136868],
              [1.2487, 41.136734],
              [1.248718, 41.136711],
              [1.248763, 41.136638],
              [1.248798, 41.136562],
              [1.248839, 41.136484],
              [1.249373, 41.135892],
              [1.249725, 41.135676],
              [1.250743, 41.135045],
              [1.251394, 41.134591],
              [1.251774, 41.134623],
              [1.252028, 41.134638],
              [1.252126, 41.13464],
              [1.252196, 41.134635],
              [1.252248, 41.134629],
              [1.252292, 41.134618],
              [1.252392, 41.134577],
              [1.252431, 41.134556],
              [1.252483, 41.134523],
              [1.252516, 41.134497],
              [1.252546, 41.134469],
              [1.252582, 41.134427],
              [1.252613, 41.134384],
              [1.252668, 41.134281],
              [1.252708, 41.134179],
              [1.25272, 41.134153],
              [1.252738, 41.134122],
              [1.252749, 41.134108],
              [1.252763, 41.134095],
              [1.252787, 41.134077],
              [1.252806, 41.134068],
              [1.252826, 41.13406],
              [1.252858, 41.134052],
              [1.252892, 41.134051],
              [1.252925, 41.134056],
              [1.252983, 41.134072],
              [1.253036, 41.13409],
              [1.253068, 41.134108],
              [1.253082, 41.134119],
              [1.253089, 41.134128],
              [1.253095, 41.134139],
              [1.253118, 41.134204],
              [1.253169, 41.134367],
              [1.253293, 41.134782],
              [1.253312, 41.134855],
              [1.253578, 41.134946],
              [1.25413, 41.13466],
              [1.254081, 41.13504],
              [1.254061, 41.135232],
              [1.25406, 41.135337],
              [1.254064, 41.135402],
              [1.25408, 41.135505],
              [1.254108, 41.135612],
              [1.254149, 41.135756],
              [1.254204, 41.135951],
              [1.254257, 41.136152],
              [1.254286, 41.136376],
              [1.25432, 41.136753],
              [1.25434, 41.13691],
              [1.254378, 41.137064],
              [1.254436, 41.137209],
              [1.254523, 41.137347],
              [1.254583, 41.137423],
              [1.254706, 41.137541],
              [1.254841, 41.137646],
              [1.254978, 41.137742],
              [1.255462, 41.138049],
              [1.255851, 41.13828],
              [1.256156, 41.138472],
              [1.256358, 41.138645]
            ]
          ]
        ]
      }
    },
    {
      "type": "Feature",
      "properties": {
        "id": "sant-ramon",
        "name": "Sant Ramon",
        "cityId": "tarragona"
      },
      "geometry": {
        "type": "MultiPolygon",
        "coordinates": [
          [
            [
              [1.239768, 41.152242],
              [1.239723, 41.151437],
              [1.239719, 41.151347],
              [1.239716, 41.151253],
              [1.239711, 41.151077],
              [1.239707, 41.150807],
              [1.239706, 41.150376],
              [1.239711, 41.150031],
              [1.239713, 41.14974],
              [1.23993, 41.149823],
              [1.240191, 41.149935],
              [1.24069, 41.150147],
              [1.24073, 41.150164],
              [1.24079, 41.150123],
              [1.240917, 41.150036],
              [1.241013, 41.149991],
              [1.241174, 41.149917],
              [1.241779, 41.149505],
              [1.241918, 41.14941],
              [1.24212, 41.149362],
              [1.24215, 41.149369],
              [1.242178, 41.149379],
              [1.242219, 41.149397],
              [1.242284, 41.149438],
              [1.242293, 41.149445],
              [1.242299, 41.149454],
              [1.242364, 41.149563],
              [1.242448, 41.149775],
              [1.2425, 41.150203],
              [1.245865, 41.153996],
              [1.247029, 41.155203],
              [1.249299, 41.157562],
              [1.250287, 41.158534],
              [1.248557, 41.158604],
              [1.247063, 41.158548],
              [1.247269, 41.159763],
              [1.244795, 41.159784],
              [1.245021, 41.161726],
              [1.244942, 41.161693],
              [1.244813, 41.161629],
              [1.243195, 41.160889],
              [1.24275, 41.160653],
              [1.241493, 41.16],
              [1.241142, 41.159825],
              [1.241071, 41.159698],
              [1.241064, 41.159523],
              [1.241054, 41.158994],
              [1.241038, 41.158365],
              [1.241039, 41.158295],
              [1.241045, 41.158206],
              [1.24106, 41.158097],
              [1.241102, 41.157868],
              [1.241152, 41.157573],
              [1.241172, 41.157465],
              [1.241188, 41.157357],
              [1.241199, 41.157269],
              [1.24121, 41.157102],
              [1.241211, 41.157039],
              [1.2412, 41.156695],
              [1.241132, 41.155516],
              [1.241116, 41.155345],
              [1.241105, 41.155289],
              [1.241034, 41.155049],
              [1.240935, 41.154701],
              [1.240891, 41.154559],
              [1.240851, 41.154397],
              [1.240615, 41.153918],
              [1.24055, 41.153866],
              [1.240464, 41.153841],
              [1.240242, 41.153629],
              [1.240145, 41.153532],
              [1.239981, 41.153537],
              [1.239949, 41.15303],
              [1.239946, 41.152914],
              [1.239952, 41.152797],
              [1.239967, 41.152681],
              [1.239979, 41.152628],
              [1.239937, 41.152599],
              [1.239785, 41.152427],
              [1.239768, 41.152242]
            ]
          ]
        ]
      }
    },
    {
      "type": "Feature",
      "properties": {
        "id": "sant-salvador",
        "name": "Sant Salvador",
        "cityId": "tarragona"
      },
      "geometry": {
        "type": "MultiPolygon",
        "coordinates": [
          [
            [
              [1.237065, 41.153637],
              [1.23705, 41.153506],
              [1.237033, 41.153393],
              [1.237016, 41.15325],
              [1.236941, 41.153068],
              [1.236915, 41.15299],
              [1.236897, 41.152902],
              [1.236899, 41.152867],
              [1.236911, 41.152832],
              [1.23694, 41.15278],
              [1.236988, 41.152715],
              [1.237081, 41.152567],
              [1.237157, 41.152473],
              [1.237206, 41.152396],
              [1.237239, 41.152372],
              [1.237288, 41.152352],
              [1.237328, 41.152328],
              [1.237412, 41.152213],
              [1.237474, 41.152145],
              [1.23752, 41.152082],
              [1.237537, 41.152025],
              [1.237588, 41.151945],
              [1.23763, 41.151825],
              [1.237668, 41.151685],
              [1.23769, 41.151584],
              [1.237713, 41.151523],
              [1.237751, 41.151471],
              [1.237781, 41.151421],
              [1.239611, 41.15144],
              [1.239723, 41.151437],
              [1.239768, 41.152242],
              [1.239785, 41.152427],
              [1.239937, 41.152599],
              [1.239979, 41.152628],
              [1.239967, 41.152681],
              [1.239952, 41.152797],
              [1.239946, 41.152914],
              [1.239949, 41.15303],
              [1.239981, 41.153537],
              [1.240145, 41.153532],
              [1.240242, 41.153629],
              [1.240464, 41.153841],
              [1.24055, 41.153866],
              [1.240615, 41.153918],
              [1.240851, 41.154397],
              [1.240891, 41.154559],
              [1.240935, 41.154701],
              [1.241034, 41.155049],
              [1.241105, 41.155289],
              [1.241116, 41.155345],
              [1.241132, 41.155516],
              [1.2412, 41.156695],
              [1.241211, 41.157039],
              [1.24121, 41.157102],
              [1.241199, 41.157269],
              [1.241188, 41.157357],
              [1.241172, 41.157465],
              [1.241152, 41.157573],
              [1.241102, 41.157868],
              [1.24106, 41.158097],
              [1.241045, 41.158206],
              [1.241039, 41.158295],
              [1.241038, 41.158365],
              [1.241054, 41.158994],
              [1.241064, 41.159523],
              [1.241071, 41.159698],
              [1.241142, 41.159825],
              [1.241493, 41.16],
              [1.24275, 41.160653],
              [1.243195, 41.160889],
              [1.244813, 41.161629],
              [1.244942, 41.161693],
              [1.245021, 41.161726],
              [1.24524, 41.162035],
              [1.245345, 41.162234],
              [1.245418, 41.162407],
              [1.245473, 41.162544],
              [1.245513, 41.162641],
              [1.245562, 41.162739],
              [1.245636, 41.162834],
              [1.245696, 41.16291],
              [1.245746, 41.162962],
              [1.245911, 41.163139],
              [1.246042, 41.163283],
              [1.2461, 41.163348],
              [1.246166, 41.163422],
              [1.246221, 41.163493],
              [1.246285, 41.163595],
              [1.246311, 41.163657],
              [1.246362, 41.163765],
              [1.246397, 41.163838],
              [1.247049, 41.163233],
              [1.248879, 41.161536],
              [1.249972, 41.162602],
              [1.248166, 41.164319],
              [1.24755, 41.164905],
              [1.247991, 41.166881],
              [1.247606, 41.166834],
              [1.247265, 41.166657],
              [1.246936, 41.166491],
              [1.246782, 41.166414],
              [1.24669, 41.166362],
              [1.246592, 41.166294],
              [1.246447, 41.166176],
              [1.246286, 41.166023],
              [1.24611, 41.165889],
              [1.245918, 41.165769],
              [1.245649, 41.165635],
              [1.245238, 41.165447],
              [1.244827, 41.165242],
              [1.243899, 41.164867],
              [1.242704, 41.164451],
              [1.24176, 41.16587],
              [1.239832, 41.165985],
              [1.240087, 41.161301],
              [1.239883, 41.16141],
              [1.236851, 41.163042],
              [1.236948, 41.162584],
              [1.236967, 41.162356],
              [1.237012, 41.162157],
              [1.23703, 41.161963],
              [1.237068, 41.161753],
              [1.237072, 41.161673],
              [1.237097, 41.161558],
              [1.237166, 41.161453],
              [1.23725, 41.161341],
              [1.237312, 41.161236],
              [1.237346, 41.161135],
              [1.237355, 41.161046],
              [1.237326, 41.160927],
              [1.23729, 41.160785],
              [1.237269, 41.160622],
              [1.237255, 41.160561],
              [1.237229, 41.160485],
              [1.237182, 41.160364],
              [1.237154, 41.16022],
              [1.237107, 41.160051],
              [1.237099, 41.159964],
              [1.237118, 41.159872],
              [1.237132, 41.159799],
              [1.237148, 41.159677],
              [1.237146, 41.15962],
              [1.237072, 41.159459],
              [1.237042, 41.159315],
              [1.237035, 41.159126],
              [1.237046, 41.158942],
              [1.237056, 41.158786],
              [1.237023, 41.15863],
              [1.236956, 41.158456],
              [1.23692, 41.158357],
              [1.236891, 41.158291],
              [1.236844, 41.158218],
              [1.236808, 41.158112],
              [1.236801, 41.157982],
              [1.236764, 41.157837],
              [1.236711, 41.157713],
              [1.236659, 41.157617],
              [1.236623, 41.157504],
              [1.236623, 41.157441],
              [1.236622, 41.157369],
              [1.236641, 41.157151],
              [1.236757, 41.156866],
              [1.236827, 41.156725],
              [1.236888, 41.156581],
              [1.23691, 41.156443],
              [1.236897, 41.156181],
              [1.236847, 41.155879],
              [1.236809, 41.155693],
              [1.23678, 41.155496],
              [1.236765, 41.155287],
              [1.236736, 41.155045],
              [1.236696, 41.154787],
              [1.236687, 41.154643],
              [1.236695, 41.154555],
              [1.236731, 41.154443],
              [1.236794, 41.154317],
              [1.236856, 41.154221],
              [1.236941, 41.154119],
              [1.237006, 41.154022],
              [1.237042, 41.153929],
              [1.237065, 41.153742],
              [1.237065, 41.153637]
            ]
          ]
        ]
      }
    },
    {
      "type": "Feature",
      "properties": {
        "id": "solimar",
        "name": "Solimar",
        "cityId": "tarragona"
      },
      "geometry": {
        "type": "MultiPolygon",
        "coordinates": [
          [
            [
              [1.309015, 41.133318],
              [1.309115, 41.133463],
              [1.30915, 41.133471],
              [1.309181, 41.133487],
              [1.309195, 41.133497],
              [1.309211, 41.133512],
              [1.309256, 41.133567],
              [1.309445, 41.133809],
              [1.309592, 41.133971],
              [1.309799, 41.134205],
              [1.309832, 41.134248],
              [1.309914, 41.134367],
              [1.310211, 41.134702],
              [1.310229, 41.134726],
              [1.310245, 41.134755],
              [1.310259, 41.1348],
              [1.310262, 41.134845],
              [1.310258, 41.1349],
              [1.310234, 41.134997],
              [1.310189, 41.135109],
              [1.310167, 41.135147],
              [1.31029, 41.135525],
              [1.308884, 41.135716],
              [1.308436, 41.135779],
              [1.308371, 41.135788],
              [1.30824, 41.1358],
              [1.308108, 41.135805],
              [1.308042, 41.135806],
              [1.30791, 41.135802],
              [1.307779, 41.135791],
              [1.307604, 41.135773],
              [1.307283, 41.135743],
              [1.307306, 41.135703],
              [1.306998, 41.135675],
              [1.306977, 41.135661],
              [1.306632, 41.135628],
              [1.3065, 41.135615],
              [1.306434, 41.135607],
              [1.306354, 41.135571],
              [1.306173, 41.135477],
              [1.306169, 41.135466],
              [1.306297, 41.135423],
              [1.30628, 41.135395],
              [1.30628, 41.135382],
              [1.306243, 41.135345],
              [1.306103, 41.135146],
              [1.306043, 41.13517],
              [1.305947, 41.135205],
              [1.305317, 41.134945],
              [1.305326, 41.13493],
              [1.305396, 41.134822],
              [1.305421, 41.134772],
              [1.305461, 41.134684],
              [1.305488, 41.13462],
              [1.305533, 41.134492],
              [1.305549, 41.134413],
              [1.305551, 41.134371],
              [1.305544, 41.134333],
              [1.305531, 41.134294],
              [1.305519, 41.134269],
              [1.305487, 41.134222],
              [1.305429, 41.134154],
              [1.304972, 41.133665],
              [1.304611, 41.133254],
              [1.304511, 41.133144],
              [1.304294, 41.132921],
              [1.30407, 41.132294],
              [1.304112, 41.131992],
              [1.304121, 41.131892],
              [1.304127, 41.131789],
              [1.304126, 41.131676],
              [1.304123, 41.131587],
              [1.304112, 41.131483],
              [1.304089, 41.131354],
              [1.304028, 41.131088],
              [1.304197, 41.131119],
              [1.304728, 41.131185],
              [1.304966, 41.131226],
              [1.305244, 41.131285],
              [1.305355, 41.131313],
              [1.305575, 41.131373],
              [1.305683, 41.131406],
              [1.305796, 41.131443],
              [1.305851, 41.131463],
              [1.305959, 41.131506],
              [1.306064, 41.131553],
              [1.306115, 41.131578],
              [1.306243, 41.13165],
              [1.306365, 41.131729],
              [1.306603, 41.131903],
              [1.306838, 41.132069],
              [1.306874, 41.132093],
              [1.30695, 41.132138],
              [1.307029, 41.132181],
              [1.307069, 41.132201],
              [1.307146, 41.132231],
              [1.307225, 41.132259],
              [1.307305, 41.132285],
              [1.307386, 41.132309],
              [1.307511, 41.132337],
              [1.307638, 41.132358],
              [1.307724, 41.132367],
              [1.307819, 41.13237],
              [1.307914, 41.132371],
              [1.308009, 41.13237],
              [1.308104, 41.132368],
              [1.308215, 41.13236],
              [1.308326, 41.132351],
              [1.308436, 41.13234],
              [1.308885, 41.132291],
              [1.309015, 41.133318]
            ]
          ]
        ]
      }
    },
    {
      "type": "Feature",
      "properties": {
        "id": "tabacalera-jaume-i",
        "name": "Tabacalera - Jaume I",
        "cityId": "tarragona"
      },
      "geometry": {
        "type": "MultiPolygon",
        "coordinates": [
          [
            [
              [1.240968, 41.11435],
              [1.240287, 41.115887],
              [1.240236, 41.116017],
              [1.24019, 41.11615],
              [1.238039, 41.116195],
              [1.237829, 41.116197],
              [1.237639, 41.116202],
              [1.237503, 41.11621],
              [1.237515, 41.116147],
              [1.237623, 41.115813],
              [1.237658, 41.115673],
              [1.237674, 41.11559],
              [1.237695, 41.115455],
              [1.237705, 41.115366],
              [1.237712, 41.115255],
              [1.237714, 41.115124],
              [1.237713, 41.114965],
              [1.237706, 41.11464],
              [1.237709, 41.114561],
              [1.237725, 41.114435],
              [1.237745, 41.114343],
              [1.237769, 41.114253],
              [1.238105, 41.11307],
              [1.238131, 41.112967],
              [1.238156, 41.112846],
              [1.238176, 41.112751],
              [1.239376, 41.112538],
              [1.239594, 41.112474],
              [1.239705, 41.11245],
              [1.24164, 41.112105],
              [1.242005, 41.112032],
              [1.242107, 41.111829],
              [1.242281, 41.111438],
              [1.242291, 41.111421],
              [1.242309, 41.111401],
              [1.242329, 41.111385],
              [1.242378, 41.111359],
              [1.24245, 41.111334],
              [1.242519, 41.111318],
              [1.242636, 41.111295],
              [1.242799, 41.111801],
              [1.242989, 41.1124],
              [1.243955, 41.11223],
              [1.244116, 41.112729],
              [1.244286, 41.113266],
              [1.244506, 41.11396],
              [1.243684, 41.114118],
              [1.241987, 41.114439],
              [1.241675, 41.113656],
              [1.241292, 41.11361],
              [1.241251, 41.113707],
              [1.240968, 41.11435]
            ]
          ]
        ]
      }
    },
    {
      "type": "Feature",
      "properties": {
        "id": "tarragona-2",
        "name": "Tarragona 2",
        "cityId": "tarragona"
      },
      "geometry": {
        "type": "MultiPolygon",
        "coordinates": [
          [
            [
              [1.244299, 41.126872],
              [1.244304, 41.126831],
              [1.244325, 41.126698],
              [1.244355, 41.12657],
              [1.244368, 41.12652],
              [1.244393, 41.126444],
              [1.244432, 41.126332],
              [1.244459, 41.126266],
              [1.24452, 41.126134],
              [1.244546, 41.126082],
              [1.244575, 41.126028],
              [1.24466, 41.12589],
              [1.245146, 41.125161],
              [1.245148, 41.125157],
              [1.245151, 41.125153],
              [1.245154, 41.125149],
              [1.245158, 41.125145],
              [1.245161, 41.125142],
              [1.245165, 41.125138],
              [1.245169, 41.125134],
              [1.245173, 41.125131],
              [1.245177, 41.125128],
              [1.245181, 41.125124],
              [1.245185, 41.125121],
              [1.24519, 41.125118],
              [1.245195, 41.125115],
              [1.2452, 41.125113],
              [1.245209, 41.125107],
              [1.245254, 41.125086],
              [1.245337, 41.125049],
              [1.245469, 41.124996],
              [1.245696, 41.124911],
              [1.24589, 41.124849],
              [1.246137, 41.12478],
              [1.246391, 41.124717],
              [1.24667, 41.124654],
              [1.246864, 41.124603],
              [1.2471, 41.124547],
              [1.247169, 41.124533],
              [1.247433, 41.124486],
              [1.247653, 41.124454],
              [1.247849, 41.124429],
              [1.248094, 41.124401],
              [1.24856, 41.124355],
              [1.248733, 41.124337],
              [1.248956, 41.124313],
              [1.249146, 41.124289],
              [1.249517, 41.124234],
              [1.249809, 41.124178],
              [1.249997, 41.124137],
              [1.250085, 41.124116],
              [1.250273, 41.124067],
              [1.250387, 41.124036],
              [1.250559, 41.123986],
              [1.251308, 41.123754],
              [1.25153, 41.123688],
              [1.251751, 41.123626],
              [1.25183, 41.123605],
              [1.252279, 41.123498],
              [1.252407, 41.123473],
              [1.252489, 41.123459],
              [1.252594, 41.123441],
              [1.252805, 41.123408],
              [1.252958, 41.123388],
              [1.253242, 41.123363],
              [1.25347, 41.123349],
              [1.253702, 41.123343],
              [1.25384, 41.123341],
              [1.254015, 41.123343],
              [1.254148, 41.12335],
              [1.254358, 41.123368],
              [1.254884, 41.123419],
              [1.254976, 41.12343],
              [1.25456, 41.124247],
              [1.254479, 41.124441],
              [1.254422, 41.124532],
              [1.254326, 41.124616],
              [1.254238, 41.124659],
              [1.254092, 41.124692],
              [1.253704, 41.124731],
              [1.253583, 41.12475],
              [1.253491, 41.124785],
              [1.253412, 41.124838],
              [1.253325, 41.124955],
              [1.253165, 41.12519],
              [1.253139, 41.125119],
              [1.252841, 41.125552],
              [1.252494, 41.125366],
              [1.252463, 41.125228],
              [1.252481, 41.125229],
              [1.252488, 41.125001],
              [1.252495, 41.124829],
              [1.252533, 41.124735],
              [1.252503, 41.12475],
              [1.252448, 41.124783],
              [1.252414, 41.12481],
              [1.252383, 41.124839],
              [1.252315, 41.12492],
              [1.252295, 41.124941],
              [1.252264, 41.124966],
              [1.252224, 41.124991],
              [1.252186, 41.125009],
              [1.252146, 41.125022],
              [1.252103, 41.125031],
              [1.251975, 41.125048],
              [1.251853, 41.125068],
              [1.25187, 41.125254],
              [1.251877, 41.125365],
              [1.251863, 41.125412],
              [1.251791, 41.125423],
              [1.251545, 41.125422],
              [1.251496, 41.125425],
              [1.251453, 41.125433],
              [1.251418, 41.125443],
              [1.251384, 41.125457],
              [1.251353, 41.125473],
              [1.251328, 41.125489],
              [1.251306, 41.125507],
              [1.251176, 41.125631],
              [1.251013, 41.125792],
              [1.250784, 41.126004],
              [1.250623, 41.12616],
              [1.250606, 41.12618],
              [1.250585, 41.1262],
              [1.250554, 41.126224],
              [1.250513, 41.126247],
              [1.250469, 41.126265],
              [1.250426, 41.126276],
              [1.250377, 41.126284],
              [1.249242, 41.126498],
              [1.249232, 41.1265],
              [1.249223, 41.126501],
              [1.249213, 41.126502],
              [1.249203, 41.126503],
              [1.249194, 41.126504],
              [1.249184, 41.126505],
              [1.249175, 41.126505],
              [1.248689, 41.126511],
              [1.247504, 41.126526],
              [1.247324, 41.126539],
              [1.24705, 41.126565],
              [1.24676, 41.126603],
              [1.246392, 41.126669],
              [1.24619, 41.126704],
              [1.2458, 41.126767],
              [1.245667, 41.126788],
              [1.245569, 41.126797],
              [1.245357, 41.126813],
              [1.245101, 41.126836],
              [1.244804, 41.126863],
              [1.244615, 41.12688],
              [1.244557, 41.126882],
              [1.244299, 41.126872]
            ]
          ]
        ]
      }
    },
    {
      "type": "Feature",
      "properties": {
        "id": "terres-cavades",
        "name": "Terres Cavades",
        "cityId": "tarragona"
      },
      "geometry": {
        "type": "MultiPolygon",
        "coordinates": [
          [
            [
              [1.269171, 41.130338],
              [1.269351, 41.130153],
              [1.269586, 41.129961],
              [1.269923, 41.129761],
              [1.270218, 41.129636],
              [1.270522, 41.129544],
              [1.27071, 41.12951],
              [1.270921, 41.129473],
              [1.271125, 41.129506],
              [1.271392, 41.129502],
              [1.271596, 41.129471],
              [1.271872, 41.12942],
              [1.272119, 41.129403],
              [1.272405, 41.129412],
              [1.272446, 41.129416],
              [1.272455, 41.129418],
              [1.27251, 41.129431],
              [1.272559, 41.12945],
              [1.272574, 41.12946],
              [1.272637, 41.12952],
              [1.272693, 41.129547],
              [1.272724, 41.129556],
              [1.272771, 41.129573],
              [1.272786, 41.129585],
              [1.272836, 41.129645],
              [1.272836, 41.129645],
              [1.272637, 41.129753],
              [1.272352, 41.12986],
              [1.272018, 41.129938],
              [1.271753, 41.129965],
              [1.271487, 41.129975],
              [1.271293, 41.129975],
              [1.271044, 41.130003],
              [1.270753, 41.130069],
              [1.270532, 41.130148],
              [1.270318, 41.130251],
              [1.270067, 41.130419],
              [1.269899, 41.130573],
              [1.269756, 41.130741],
              [1.269514, 41.131035],
              [1.26999, 41.13161],
              [1.269106, 41.132218],
              [1.269186, 41.132283],
              [1.269247, 41.132363],
              [1.269302, 41.132467],
              [1.269323, 41.132529],
              [1.269416, 41.132608],
              [1.269578, 41.13272],
              [1.269676, 41.132761],
              [1.269926, 41.13288],
              [1.270009, 41.132927],
              [1.270199, 41.133023],
              [1.270495, 41.133161],
              [1.270849, 41.133343],
              [1.271011, 41.133431],
              [1.27057, 41.13396],
              [1.270134, 41.133976],
              [1.270007, 41.134069],
              [1.269929, 41.134162],
              [1.269891, 41.134262],
              [1.269856, 41.134358],
              [1.26979, 41.134466],
              [1.269725, 41.134547],
              [1.269456, 41.134811],
              [1.269088, 41.135197],
              [1.268289, 41.134986],
              [1.268121, 41.13533],
              [1.267902, 41.135312],
              [1.266385, 41.134908],
              [1.266365, 41.134999],
              [1.266068, 41.134967],
              [1.265889, 41.134937],
              [1.265422, 41.13484],
              [1.265259, 41.134798],
              [1.26519, 41.13478],
              [1.264936, 41.13427],
              [1.264897, 41.134197],
              [1.264566, 41.133881],
              [1.263882, 41.133523],
              [1.262931, 41.133091],
              [1.262773, 41.133026],
              [1.262462, 41.132904],
              [1.262166, 41.132794],
              [1.261945, 41.132715],
              [1.261682, 41.132626],
              [1.261501, 41.132581],
              [1.261317, 41.132541],
              [1.261131, 41.132508],
              [1.260944, 41.132481],
              [1.260755, 41.132461],
              [1.260565, 41.132447],
              [1.260374, 41.132439],
              [1.260183, 41.132438],
              [1.259992, 41.132443],
              [1.259801, 41.132455],
              [1.259612, 41.132473],
              [1.25934, 41.13251],
              [1.259257, 41.132529],
              [1.259178, 41.132554],
              [1.259102, 41.132584],
              [1.25903, 41.13262],
              [1.258964, 41.132661],
              [1.258903, 41.132707],
              [1.258848, 41.132757],
              [1.258801, 41.132811],
              [1.258761, 41.132869],
              [1.258728, 41.132929],
              [1.258703, 41.132991],
              [1.258989, 41.133404],
              [1.258716, 41.133538],
              [1.258283, 41.133516],
              [1.258071, 41.133501],
              [1.25789, 41.133546],
              [1.257475, 41.133411],
              [1.257379, 41.133362],
              [1.257177, 41.133312],
              [1.256909, 41.133298],
              [1.256795, 41.13336],
              [1.256708, 41.133343],
              [1.256647, 41.13335],
              [1.256586, 41.133371],
              [1.256539, 41.133363],
              [1.256442, 41.133329],
              [1.256395, 41.133307],
              [1.256357, 41.133285],
              [1.256249, 41.133196],
              [1.256182, 41.133123],
              [1.256154, 41.133081],
              [1.256119, 41.133009],
              [1.256106, 41.132971],
              [1.25608, 41.132853],
              [1.25607, 41.132759],
              [1.255747, 41.132899],
              [1.255634, 41.132934],
              [1.255423, 41.132998],
              [1.255419, 41.132994],
              [1.255374, 41.133007],
              [1.25537, 41.132999],
              [1.255311, 41.133015],
              [1.255208, 41.133048],
              [1.255123, 41.133086],
              [1.255047, 41.133134],
              [1.255031, 41.133173],
              [1.254896, 41.133209],
              [1.254743, 41.133247],
              [1.25425, 41.133269],
              [1.254237, 41.133172],
              [1.254166, 41.132877],
              [1.254099, 41.132682],
              [1.253923, 41.132211],
              [1.253848, 41.13202],
              [1.253698, 41.131624],
              [1.253648, 41.131477],
              [1.253603, 41.131337],
              [1.253574, 41.131215],
              [1.253546, 41.131079],
              [1.253531, 41.130965],
              [1.253526, 41.130862],
              [1.253528, 41.130755],
              [1.253534, 41.130648],
              [1.253545, 41.130564],
              [1.253593, 41.130366],
              [1.253665, 41.130141],
              [1.253863, 41.129622],
              [1.253923, 41.129334],
              [1.254079, 41.12878],
              [1.254134, 41.128471],
              [1.254144, 41.128251],
              [1.254102, 41.127948],
              [1.254025, 41.127696],
              [1.25381, 41.127241],
              [1.253685, 41.126956],
              [1.253665, 41.126887],
              [1.253541, 41.126496],
              [1.253321, 41.125719],
              [1.253182, 41.125225],
              [1.253165, 41.12519],
              [1.253325, 41.124955],
              [1.253412, 41.124838],
              [1.253491, 41.124785],
              [1.253583, 41.12475],
              [1.253704, 41.124731],
              [1.254092, 41.124692],
              [1.254238, 41.124659],
              [1.254326, 41.124616],
              [1.254422, 41.124532],
              [1.254479, 41.124441],
              [1.25456, 41.124247],
              [1.254976, 41.12343],
              [1.255339, 41.123473],
              [1.255834, 41.123508],
              [1.25655, 41.123562],
              [1.256807, 41.123577],
              [1.257103, 41.123589],
              [1.257812, 41.123601],
              [1.258215, 41.123589],
              [1.258621, 41.123563],
              [1.259062, 41.123519],
              [1.259873, 41.123396],
              [1.260455, 41.123305],
              [1.26083, 41.123258],
              [1.261021, 41.123236],
              [1.26128, 41.123212],
              [1.26151, 41.123197],
              [1.261659, 41.123191],
              [1.261841, 41.123188],
              [1.261929, 41.123189],
              [1.262182, 41.123197],
              [1.262432, 41.123213],
              [1.262549, 41.123224],
              [1.262669, 41.123239],
              [1.262927, 41.123277],
              [1.263144, 41.123316],
              [1.263386, 41.123375],
              [1.263411, 41.123375],
              [1.263515, 41.123401],
              [1.263859, 41.123492],
              [1.264295, 41.123613],
              [1.264241, 41.123721],
              [1.264004, 41.1238],
              [1.263741, 41.123729],
              [1.263622, 41.123711],
              [1.263507, 41.1237],
              [1.26337, 41.123697],
              [1.263238, 41.123705],
              [1.263165, 41.123714],
              [1.263075, 41.123728],
              [1.262964, 41.123752],
              [1.262833, 41.123792],
              [1.262729, 41.123833],
              [1.262647, 41.123871],
              [1.261936, 41.124273],
              [1.261845, 41.124584],
              [1.262085, 41.125148],
              [1.262133, 41.125197],
              [1.262135, 41.125196],
              [1.262304, 41.125325],
              [1.262438, 41.12542],
              [1.262625, 41.125555],
              [1.262738, 41.125691],
              [1.262857, 41.125884],
              [1.262957, 41.126082],
              [1.263015, 41.126275],
              [1.263047, 41.126447],
              [1.263227, 41.126612],
              [1.263237, 41.126621],
              [1.263405, 41.126769],
              [1.264057, 41.127331],
              [1.264685, 41.127871],
              [1.265354, 41.128445],
              [1.266009, 41.129009],
              [1.266567, 41.129497],
              [1.268352, 41.130604],
              [1.268428, 41.130635],
              [1.268505, 41.130655],
              [1.268586, 41.130665],
              [1.268668, 41.130664],
              [1.268748, 41.130652],
              [1.268824, 41.130631],
              [1.268893, 41.130601],
              [1.268957, 41.13056],
              [1.268998, 41.130523],
              [1.269171, 41.130338]
            ]
          ]
        ]
      }
    },
    {
      "type": "Feature",
      "properties": {
        "id": "torreforta",
        "name": "Torreforta",
        "cityId": "tarragona"
      },
      "geometry": {
        "type": "MultiPolygon",
        "coordinates": [
          [
            [
              [1.217792, 41.12163],
              [1.217963, 41.121375],
              [1.217635, 41.121263],
              [1.217007, 41.121056],
              [1.216163, 41.120764],
              [1.215559, 41.120562],
              [1.215665, 41.120367],
              [1.215834, 41.120012],
              [1.216038, 41.119594],
              [1.216173, 41.119337],
              [1.21639, 41.118886],
              [1.216596, 41.118439],
              [1.216949, 41.117705],
              [1.217299, 41.11705],
              [1.217346, 41.116977],
              [1.217752, 41.117167],
              [1.218152, 41.11733],
              [1.218247, 41.117357],
              [1.218458, 41.117026],
              [1.218496, 41.116968],
              [1.218608, 41.116748],
              [1.218661, 41.116636],
              [1.218693, 41.116497],
              [1.218766, 41.116148],
              [1.218827, 41.115858],
              [1.21891, 41.11539],
              [1.219532, 41.115408],
              [1.220357, 41.115424],
              [1.220872, 41.115431],
              [1.221371, 41.115429],
              [1.221855, 41.115436],
              [1.221916, 41.115438],
              [1.222186, 41.115835],
              [1.222111, 41.115889],
              [1.222068, 41.115936],
              [1.222031, 41.115995],
              [1.222009, 41.116025],
              [1.222003, 41.116119],
              [1.221995, 41.116212],
              [1.22199, 41.116382],
              [1.221987, 41.116519],
              [1.221905, 41.116513],
              [1.221862, 41.116513],
              [1.221861, 41.116483],
              [1.22161, 41.11645],
              [1.221566, 41.116612],
              [1.221525, 41.116746],
              [1.221471, 41.11687],
              [1.221317, 41.117176],
              [1.221243, 41.117328],
              [1.221211, 41.117399],
              [1.221189, 41.117434],
              [1.221003, 41.117869],
              [1.220958, 41.118014],
              [1.220856, 41.118354],
              [1.22081, 41.118529],
              [1.22079, 41.118619],
              [1.220792, 41.118682],
              [1.220789, 41.11872],
              [1.220821, 41.118819],
              [1.220879, 41.118964],
              [1.220986, 41.119331],
              [1.221019, 41.119406],
              [1.221016, 41.119476],
              [1.221016, 41.119545],
              [1.221019, 41.119615],
              [1.221025, 41.119684],
              [1.221035, 41.119753],
              [1.221048, 41.119822],
              [1.221064, 41.119891],
              [1.221094, 41.119994],
              [1.221306, 41.120582],
              [1.221492, 41.121105],
              [1.221966, 41.122165],
              [1.221498, 41.122308],
              [1.220315, 41.12266],
              [1.219966, 41.122756],
              [1.219354, 41.122926],
              [1.218722, 41.123096],
              [1.218543, 41.123143],
              [1.218442, 41.122989],
              [1.218531, 41.122956],
              [1.21861, 41.122906],
              [1.218674, 41.12285],
              [1.218725, 41.122783],
              [1.218767, 41.122699],
              [1.218868, 41.122451],
              [1.218956, 41.122209],
              [1.219025, 41.122042],
              [1.219073, 41.121934],
              [1.21878, 41.122021],
              [1.218529, 41.122083],
              [1.218437, 41.121978],
              [1.218337, 41.121892],
              [1.218093, 41.121776],
              [1.217893, 41.121673],
              [1.217849, 41.121649],
              [1.217792, 41.12163]
            ]
          ]
        ]
      }
    },
    {
      "type": "Feature",
      "properties": {
        "id": "torreforta-eixample",
        "name": "Torreforta Eixample",
        "cityId": "tarragona"
      },
      "geometry": {
        "type": "MultiPolygon",
        "coordinates": [
          [
            [
              [1.215559, 41.120562],
              [1.211635, 41.119247],
              [1.211565, 41.119233],
              [1.211478, 41.119225],
              [1.211476, 41.119196],
              [1.211448, 41.119035],
              [1.211434, 41.118971],
              [1.211399, 41.11885],
              [1.211377, 41.118788],
              [1.211352, 41.118727],
              [1.211326, 41.118669],
              [1.211298, 41.118612],
              [1.211264, 41.118552],
              [1.211206, 41.118457],
              [1.210691, 41.117627],
              [1.210632, 41.117525],
              [1.2106, 41.117463],
              [1.210573, 41.117403],
              [1.210531, 41.117293],
              [1.210469, 41.116669],
              [1.210534, 41.115174],
              [1.211829, 41.115208],
              [1.211839, 41.115208],
              [1.211823, 41.115884],
              [1.211794, 41.116858],
              [1.2129, 41.116575],
              [1.21312, 41.116523],
              [1.213565, 41.11643],
              [1.213778, 41.116383],
              [1.21422, 41.116282],
              [1.214853, 41.116156],
              [1.214884, 41.115897],
              [1.214931, 41.115285],
              [1.215183, 41.11529],
              [1.217222, 41.115345],
              [1.218362, 41.115375],
              [1.21891, 41.11539],
              [1.218827, 41.115858],
              [1.218766, 41.116148],
              [1.218693, 41.116497],
              [1.218661, 41.116636],
              [1.218608, 41.116748],
              [1.218496, 41.116968],
              [1.218458, 41.117026],
              [1.218247, 41.117357],
              [1.218152, 41.11733],
              [1.217752, 41.117167],
              [1.217346, 41.116977],
              [1.217299, 41.11705],
              [1.216949, 41.117705],
              [1.216596, 41.118439],
              [1.21639, 41.118886],
              [1.216173, 41.119337],
              [1.216038, 41.119594],
              [1.215834, 41.120012],
              [1.215665, 41.120367],
              [1.215559, 41.120562]
            ]
          ]
        ]
      }
    },
    {
      "type": "Feature",
      "properties": {
        "id": "torres-jordi",
        "name": "Torres Jordi",
        "cityId": "tarragona"
      },
      "geometry": {
        "type": "MultiPolygon",
        "coordinates": [
          [
            [
              [1.242107, 41.111829],
              [1.242005, 41.112032],
              [1.24164, 41.112105],
              [1.239705, 41.11245],
              [1.239594, 41.112474],
              [1.239376, 41.112538],
              [1.238176, 41.112751],
              [1.238185, 41.11271],
              [1.238231, 41.112453],
              [1.23826, 41.112263],
              [1.238275, 41.11213],
              [1.238285, 41.112013],
              [1.238414, 41.111388],
              [1.238434, 41.111253],
              [1.238462, 41.111032],
              [1.23848, 41.110872],
              [1.238623, 41.11087],
              [1.239803, 41.110853],
              [1.241193, 41.11084],
              [1.242559, 41.11083],
              [1.242618, 41.111228],
              [1.242636, 41.111295],
              [1.242519, 41.111318],
              [1.24245, 41.111334],
              [1.242378, 41.111359],
              [1.242329, 41.111385],
              [1.242309, 41.111401],
              [1.242291, 41.111421],
              [1.242281, 41.111438],
              [1.242107, 41.111829]
            ]
          ]
        ]
      }
    },
    {
      "type": "Feature",
      "properties": {
        "id": "universitat-laboral",
        "name": "Universitat Laboral",
        "cityId": "tarragona"
      },
      "geometry": {
        "type": "MultiPolygon",
        "coordinates": [
          [
            [
              [1.210122, 41.102176],
              [1.210266, 41.102268],
              [1.209352, 41.103426],
              [1.208615, 41.104345],
              [1.208401, 41.104626],
              [1.207715, 41.105771],
              [1.207612, 41.105939],
              [1.207461, 41.106148],
              [1.207213, 41.106141],
              [1.20696, 41.10613],
              [1.206835, 41.106123],
              [1.206619, 41.106108],
              [1.206387, 41.106084],
              [1.206197, 41.106059],
              [1.206006, 41.106029],
              [1.205896, 41.106008],
              [1.205594, 41.105939],
              [1.205344, 41.105872],
              [1.205086, 41.105796],
              [1.204894, 41.105735],
              [1.204727, 41.105678],
              [1.204068, 41.105444],
              [1.203871, 41.105377],
              [1.203669, 41.10531],
              [1.20347, 41.105248],
              [1.203264, 41.10519],
              [1.203053, 41.105138],
              [1.202836, 41.10509],
              [1.202618, 41.105049],
              [1.202396, 41.105016],
              [1.202174, 41.104987],
              [1.201948, 41.104964],
              [1.201717, 41.104945],
              [1.201493, 41.10493],
              [1.201263, 41.10492],
              [1.200801, 41.1049],
              [1.200563, 41.104892],
              [1.200097, 41.10487],
              [1.199868, 41.104856],
              [1.199638, 41.104838],
              [1.199407, 41.104815],
              [1.19914, 41.104782],
              [1.1989, 41.104745],
              [1.198672, 41.104703],
              [1.198456, 41.104656],
              [1.198114, 41.104569],
              [1.197889, 41.104504],
              [1.197668, 41.104435],
              [1.197453, 41.104359],
              [1.197239, 41.104279],
              [1.197032, 41.104196],
              [1.196437, 41.103947],
              [1.195019, 41.103344],
              [1.194044, 41.102931],
              [1.194793, 41.102461],
              [1.196806, 41.10121],
              [1.19787, 41.100555],
              [1.19828, 41.1003],
              [1.198741, 41.100008],
              [1.199413, 41.099589],
              [1.200855, 41.098698],
              [1.200917, 41.098647],
              [1.200959, 41.098605],
              [1.200995, 41.09856],
              [1.201916, 41.097285],
              [1.202174, 41.096934],
              [1.202534, 41.097166],
              [1.20315, 41.09757],
              [1.203499, 41.097793],
              [1.204058, 41.098157],
              [1.204394, 41.098374],
              [1.204728, 41.098594],
              [1.20536, 41.099003],
              [1.206412, 41.09969],
              [1.210122, 41.102176]
            ]
          ]
        ]
      }
    },
    {
      "type": "Feature",
      "properties": {
        "id": "verge-del-carme",
        "name": "Verge del Carme",
        "cityId": "tarragona"
      },
      "geometry": {
        "type": "MultiPolygon",
        "coordinates": [
          [
            [
              [1.245131, 41.115889],
              [1.245146, 41.115922],
              [1.245169, 41.115951],
              [1.245199, 41.115977],
              [1.245236, 41.115999],
              [1.245277, 41.116014],
              [1.24416, 41.11606],
              [1.243666, 41.11607],
              [1.242892, 41.11609],
              [1.241815, 41.116114],
              [1.241012, 41.116129],
              [1.24019, 41.11615],
              [1.24019, 41.11615],
              [1.240236, 41.116017],
              [1.240287, 41.115887],
              [1.240968, 41.11435],
              [1.241251, 41.113707],
              [1.241292, 41.11361],
              [1.241675, 41.113656],
              [1.241987, 41.114439],
              [1.243684, 41.114118],
              [1.244506, 41.11396],
              [1.245131, 41.115889]
            ]
          ]
        ]
      }
    },
    {
      "type": "Feature",
      "properties": {
        "id": "verge-del-pilar",
        "name": "Verge del Pilar",
        "cityId": "tarragona"
      },
      "geometry": {
        "type": "MultiPolygon",
        "coordinates": [
          [
            [
              [1.214884, 41.115897],
              [1.214853, 41.116156],
              [1.21422, 41.116282],
              [1.213778, 41.116383],
              [1.213565, 41.11643],
              [1.21312, 41.116523],
              [1.2129, 41.116575],
              [1.211794, 41.116858],
              [1.211823, 41.115884],
              [1.211839, 41.115208],
              [1.213023, 41.115242],
              [1.213329, 41.115248],
              [1.214931, 41.115285],
              [1.214884, 41.115897]
            ]
          ]
        ]
      }
    },
    {
      "type": "Feature",
      "properties": {
        "id": "via-augusta",
        "name": "Via Augusta",
        "cityId": "tarragona"
      },
      "geometry": {
        "type": "MultiPolygon",
        "coordinates": [
          [
            [
              [1.271792, 41.118541],
              [1.272159, 41.118677],
              [1.272361, 41.118755],
              [1.272646, 41.118856],
              [1.273025, 41.118998],
              [1.273271, 41.119101],
              [1.273357, 41.119148],
              [1.27333, 41.11918],
              [1.273257, 41.119279],
              [1.272991, 41.119573],
              [1.272102, 41.120231],
              [1.27199, 41.120286],
              [1.271846, 41.120367],
              [1.27167, 41.12047],
              [1.271527, 41.120589],
              [1.271345, 41.120531],
              [1.270987, 41.120498],
              [1.270705, 41.120509],
              [1.270149, 41.120767],
              [1.269857, 41.120918],
              [1.269697, 41.120992],
              [1.269434, 41.121123],
              [1.26945, 41.121145],
              [1.269202, 41.121254],
              [1.268943, 41.120961],
              [1.268769, 41.120769],
              [1.268677, 41.120665],
              [1.268581, 41.120679],
              [1.268082, 41.120748],
              [1.267609, 41.120814],
              [1.267583, 41.120731],
              [1.267567, 41.120671],
              [1.267515, 41.120592],
              [1.267459, 41.120474],
              [1.267426, 41.120389],
              [1.26739, 41.120259],
              [1.267377, 41.120169],
              [1.267377, 41.120102],
              [1.267368, 41.120066],
              [1.26736, 41.119999],
              [1.267148, 41.119912],
              [1.267277, 41.119727],
              [1.267554, 41.119335],
              [1.26737, 41.119254],
              [1.267226, 41.119189],
              [1.266965, 41.119078],
              [1.266638, 41.118936],
              [1.266592, 41.118917],
              [1.266545, 41.118901],
              [1.266355, 41.118844],
              [1.266003, 41.118744],
              [1.265847, 41.118693],
              [1.265809, 41.118684],
              [1.265783, 41.118682],
              [1.265757, 41.118681],
              [1.265718, 41.118685],
              [1.265616, 41.118718],
              [1.265336, 41.118799],
              [1.265174, 41.11884],
              [1.264805, 41.118929],
              [1.264629, 41.118966],
              [1.264471, 41.118997],
              [1.264216, 41.11906],
              [1.263991, 41.119107],
              [1.263861, 41.119126],
              [1.263459, 41.119172],
              [1.262748, 41.119276],
              [1.262493, 41.119311],
              [1.262398, 41.119298],
              [1.262032, 41.119096],
              [1.261741, 41.118931],
              [1.261662, 41.118894],
              [1.26163, 41.118878],
              [1.261564, 41.118846],
              [1.261497, 41.118814],
              [1.261432, 41.118782],
              [1.261366, 41.118749],
              [1.261301, 41.118716],
              [1.261237, 41.118682],
              [1.261174, 41.118647],
              [1.261112, 41.118611],
              [1.261052, 41.118574],
              [1.260992, 41.118536],
              [1.260935, 41.118496],
              [1.260878, 41.118455],
              [1.260868, 41.118447],
              [1.260854, 41.118436],
              [1.261518, 41.117891],
              [1.262583, 41.117071],
              [1.262723, 41.116782],
              [1.263129, 41.116891],
              [1.264662, 41.117291],
              [1.265339, 41.11617],
              [1.266889, 41.116702],
              [1.269126, 41.117529],
              [1.270321, 41.117964],
              [1.27122, 41.118335],
              [1.271792, 41.118541]
            ]
          ]
        ]
      }
    },
    {
      "type": "Feature",
      "properties": {
        "id": "viladegats",
        "name": "Viladegats",
        "cityId": "tarragona"
      },
      "geometry": {
        "type": "MultiPolygon",
        "coordinates": [
          [
            [
              [1.26202, 41.140921],
              [1.261964, 41.140916],
              [1.261571, 41.140965],
              [1.261407, 41.140979],
              [1.261207, 41.140958],
              [1.260774, 41.140746],
              [1.260722, 41.140681],
              [1.260253, 41.140061],
              [1.258258, 41.137298],
              [1.258709, 41.137261],
              [1.258763, 41.137267],
              [1.258917, 41.137258],
              [1.258893, 41.137198],
              [1.258862, 41.1371],
              [1.258842, 41.137017],
              [1.258827, 41.136934],
              [1.258817, 41.136851],
              [1.258812, 41.136766],
              [1.258812, 41.136685],
              [1.258818, 41.136609],
              [1.258828, 41.136532],
              [1.258845, 41.136451],
              [1.258848, 41.136452],
              [1.258921, 41.13633],
              [1.25897, 41.136204],
              [1.259038, 41.136058],
              [1.259082, 41.135951],
              [1.25913, 41.135884],
              [1.259203, 41.135822],
              [1.259259, 41.135777],
              [1.259346, 41.135721],
              [1.259524, 41.135632],
              [1.259617, 41.135711],
              [1.259664, 41.135753],
              [1.259684, 41.135764],
              [1.259803, 41.135691],
              [1.259908, 41.135636],
              [1.260018, 41.135588],
              [1.260155, 41.135538],
              [1.260249, 41.135509],
              [1.260392, 41.135467],
              [1.260632, 41.135403],
              [1.26085, 41.135351],
              [1.260973, 41.135326],
              [1.261071, 41.135307],
              [1.261245, 41.135277],
              [1.261444, 41.135247],
              [1.26162, 41.135224],
              [1.261796, 41.135205],
              [1.261973, 41.135191],
              [1.262151, 41.13518],
              [1.262329, 41.135174],
              [1.262507, 41.135171],
              [1.262685, 41.135172],
              [1.262837, 41.135176],
              [1.262939, 41.135182],
              [1.263217, 41.135201],
              [1.263549, 41.135212],
              [1.263701, 41.135223],
              [1.263825, 41.135244],
              [1.263848, 41.135251],
              [1.263858, 41.135254],
              [1.26387, 41.135262],
              [1.263928, 41.135299],
              [1.26399, 41.135334],
              [1.264036, 41.13535],
              [1.264086, 41.135285],
              [1.264121, 41.135226],
              [1.264193, 41.135142],
              [1.264222, 41.135091],
              [1.264241, 41.13506],
              [1.264284, 41.134998],
              [1.264282, 41.134996],
              [1.264303, 41.134966],
              [1.264433, 41.134635],
              [1.264628, 41.134672],
              [1.264738, 41.134693],
              [1.26511, 41.134764],
              [1.26519, 41.13478],
              [1.265259, 41.134798],
              [1.265422, 41.13484],
              [1.265889, 41.134937],
              [1.266068, 41.134967],
              [1.266333, 41.134996],
              [1.26631, 41.135091],
              [1.26629, 41.135174],
              [1.266281, 41.135213],
              [1.266247, 41.135363],
              [1.266228, 41.135458],
              [1.266207, 41.135544],
              [1.266204, 41.135553],
              [1.266163, 41.135745],
              [1.266163, 41.135751],
              [1.266162, 41.135783],
              [1.266155, 41.135829],
              [1.266164, 41.135967],
              [1.266135, 41.136079],
              [1.266109, 41.136206],
              [1.266092, 41.136311],
              [1.266079, 41.136416],
              [1.266078, 41.136442],
              [1.266054, 41.136595],
              [1.266039, 41.136703],
              [1.26603, 41.136807],
              [1.266027, 41.136874],
              [1.266012, 41.136945],
              [1.265996, 41.137038],
              [1.266013, 41.137037],
              [1.266057, 41.137039],
              [1.266079, 41.137042],
              [1.266123, 41.137051],
              [1.266164, 41.137064],
              [1.266202, 41.137081],
              [1.266237, 41.137102],
              [1.266267, 41.137127],
              [1.26628, 41.137141],
              [1.266303, 41.13717],
              [1.266319, 41.137202],
              [1.266326, 41.137218],
              [1.266334, 41.137251],
              [1.266335, 41.137285],
              [1.26633, 41.137318],
              [1.266319, 41.137351],
              [1.266302, 41.137382],
              [1.26628, 41.137411],
              [1.266252, 41.137437],
              [1.266219, 41.137461],
              [1.266183, 41.13748],
              [1.266143, 41.137495],
              [1.266101, 41.137506],
              [1.266057, 41.137513],
              [1.266013, 41.137515],
              [1.265968, 41.137512],
              [1.265925, 41.137503],
              [1.265862, 41.137485],
              [1.26584, 41.137484],
              [1.265818, 41.137489],
              [1.265799, 41.137498],
              [1.265784, 41.137511],
              [1.265657, 41.137652],
              [1.265466, 41.137844],
              [1.265388, 41.137928],
              [1.265339, 41.137986],
              [1.265282, 41.13806],
              [1.265228, 41.138135],
              [1.265187, 41.138196],
              [1.265129, 41.138288],
              [1.265084, 41.138367],
              [1.265035, 41.138463],
              [1.26499, 41.13856],
              [1.264949, 41.138658],
              [1.26492, 41.13874],
              [1.2649, 41.138807],
              [1.264886, 41.138875],
              [1.264821, 41.138869],
              [1.26458, 41.139057],
              [1.264498, 41.139125],
              [1.264417, 41.139194],
              [1.264302, 41.139301],
              [1.264221, 41.139385],
              [1.264173, 41.139444],
              [1.264134, 41.139506],
              [1.264104, 41.139571],
              [1.264045, 41.139737],
              [1.263957, 41.139969],
              [1.263914, 41.140103],
              [1.263858, 41.140305],
              [1.263734, 41.140791],
              [1.263646, 41.140877],
              [1.263577, 41.140945],
              [1.263467, 41.141053],
              [1.263379, 41.141136],
              [1.262193, 41.140935],
              [1.26202, 41.140921]
            ]
          ]
        ]
      }
    },
    {
      "type": "Feature",
      "properties": {
        "id": "violant-d-hongria",
        "name": "Violant d'Hongria",
        "cityId": "tarragona"
      },
      "geometry": {
        "type": "MultiPolygon",
        "coordinates": [
          [
            [
              [1.260722, 41.140681],
              [1.260774, 41.140746],
              [1.260699, 41.140706],
              [1.26063, 41.140673],
              [1.260546, 41.140636],
              [1.260488, 41.140615],
              [1.260431, 41.140599],
              [1.260381, 41.140591],
              [1.260321, 41.140587],
              [1.260259, 41.14059],
              [1.260204, 41.140598],
              [1.260171, 41.140606],
              [1.260113, 41.140622],
              [1.260067, 41.140641],
              [1.259992, 41.140681],
              [1.259923, 41.140721],
              [1.259639, 41.140909],
              [1.25952, 41.140984],
              [1.259496, 41.140998],
              [1.259442, 41.141023],
              [1.259404, 41.141038],
              [1.259356, 41.141052],
              [1.259294, 41.141063],
              [1.259237, 41.141067],
              [1.259171, 41.141066],
              [1.259139, 41.141063],
              [1.259099, 41.141057],
              [1.259026, 41.141042],
              [1.258944, 41.141016],
              [1.258859, 41.140982],
              [1.258795, 41.140952],
              [1.258752, 41.14093],
              [1.258695, 41.140894],
              [1.25865, 41.140862],
              [1.258607, 41.140824],
              [1.258559, 41.140773],
              [1.258394, 41.140568],
              [1.258292, 41.140454],
              [1.258089, 41.14026],
              [1.257234, 41.139462],
              [1.256429, 41.138713],
              [1.256358, 41.138645],
              [1.256156, 41.138472],
              [1.255851, 41.13828],
              [1.255462, 41.138049],
              [1.254978, 41.137742],
              [1.254841, 41.137646],
              [1.254706, 41.137541],
              [1.254583, 41.137423],
              [1.254523, 41.137347],
              [1.254436, 41.137209],
              [1.254378, 41.137064],
              [1.25434, 41.13691],
              [1.25432, 41.136753],
              [1.254286, 41.136376],
              [1.254257, 41.136152],
              [1.254204, 41.135951],
              [1.254149, 41.135756],
              [1.254341, 41.135921],
              [1.254538, 41.135974],
              [1.256369, 41.136399],
              [1.256706, 41.136479],
              [1.256998, 41.136543],
              [1.257131, 41.136576],
              [1.2572, 41.136596],
              [1.257298, 41.136627],
              [1.257395, 41.136662],
              [1.257491, 41.1367],
              [1.257585, 41.136742],
              [1.257675, 41.136789],
              [1.257762, 41.13684],
              [1.25787, 41.136911],
              [1.257902, 41.136935],
              [1.258021, 41.137032],
              [1.258089, 41.137097],
              [1.2582, 41.137219],
              [1.258242, 41.137276],
              [1.260253, 41.140061],
              [1.260722, 41.140681]
            ]
          ]
        ]
      }
    },
    {
      "type": "Feature",
      "properties": {
        "id": "xalets-del-tennis",
        "name": "Xalets del Tennis",
        "cityId": "tarragona"
      },
      "geometry": {
        "type": "MultiPolygon",
        "coordinates": [
          [
            [
              [1.254585, 41.121376],
              [1.254599, 41.121414],
              [1.254654, 41.121589],
              [1.254903, 41.121808],
              [1.255118, 41.121874],
              [1.255348, 41.121948],
              [1.254441, 41.123241],
              [1.254358, 41.123368],
              [1.254148, 41.123349],
              [1.254015, 41.123343],
              [1.25384, 41.123341],
              [1.253702, 41.123343],
              [1.25347, 41.123349],
              [1.253242, 41.123363],
              [1.252958, 41.123388],
              [1.252805, 41.123408],
              [1.252594, 41.123441],
              [1.252489, 41.123459],
              [1.252445, 41.123372],
              [1.252398, 41.123285],
              [1.25231, 41.123093],
              [1.252056, 41.122418],
              [1.251595, 41.121229],
              [1.251558, 41.121134],
              [1.251495, 41.120928],
              [1.253046, 41.119825],
              [1.253229, 41.119697],
              [1.253557, 41.119462],
              [1.253595, 41.119437],
              [1.253824, 41.119618],
              [1.253895, 41.119681],
              [1.253981, 41.119768],
              [1.254059, 41.119859],
              [1.25409, 41.119908],
              [1.254183, 41.120105],
              [1.254383, 41.120731],
              [1.254429, 41.120874],
              [1.254585, 41.121376]
            ]
          ]
        ]
      }
    },
    {
      "type": "Feature",
      "properties": {
        "id": "zona-educacional",
        "name": "Zona Educacional",
        "cityId": "tarragona"
      },
      "geometry": {
        "type": "MultiPolygon",
        "coordinates": [
          [
            [
              [1.251394, 41.134591],
              [1.250743, 41.135045],
              [1.249725, 41.135676],
              [1.249373, 41.135892],
              [1.249317, 41.135934],
              [1.249263, 41.135978],
              [1.249211, 41.136024],
              [1.24916, 41.136071],
              [1.249112, 41.136118],
              [1.249066, 41.136168],
              [1.249023, 41.136218],
              [1.248981, 41.136269],
              [1.248942, 41.136321],
              [1.248905, 41.136375],
              [1.248871, 41.136429],
              [1.248839, 41.136484],
              [1.248798, 41.136562],
              [1.248763, 41.136638],
              [1.248718, 41.136711],
              [1.2487, 41.136734],
              [1.248577, 41.136868],
              [1.248513, 41.136929],
              [1.248422, 41.137004],
              [1.248168, 41.13719],
              [1.248121, 41.137227],
              [1.248095, 41.13725],
              [1.248074, 41.137273],
              [1.248054, 41.137297],
              [1.248038, 41.137323],
              [1.247915, 41.137223],
              [1.24781, 41.137141],
              [1.24767, 41.137349],
              [1.247639, 41.137392],
              [1.247598, 41.137459],
              [1.247566, 41.137528],
              [1.247549, 41.137577],
              [1.24754, 41.137628],
              [1.247529, 41.137661],
              [1.247515, 41.137694],
              [1.247465, 41.137778],
              [1.247374, 41.137901],
              [1.247229, 41.138086],
              [1.247076, 41.138281],
              [1.246979, 41.1384],
              [1.246595, 41.138817],
              [1.246512, 41.138908],
              [1.246404, 41.138931],
              [1.246356, 41.138937],
              [1.246224, 41.138943],
              [1.246018, 41.138947],
              [1.245997, 41.138956],
              [1.245982, 41.13897],
              [1.245955, 41.139028],
              [1.245905, 41.139151],
              [1.245869, 41.13926],
              [1.245849, 41.139337],
              [1.245834, 41.139401],
              [1.245812, 41.139466],
              [1.24577, 41.139549],
              [1.245771, 41.139572],
              [1.245587, 41.139733],
              [1.245682, 41.139886],
              [1.245833, 41.140237],
              [1.245981, 41.140512],
              [1.246055, 41.140675],
              [1.246069, 41.140693],
              [1.246079, 41.140694],
              [1.246104, 41.140698],
              [1.245895, 41.14109],
              [1.245364, 41.141192],
              [1.245098, 41.141242],
              [1.244831, 41.141289],
              [1.244564, 41.141335],
              [1.244296, 41.141377],
              [1.244028, 41.141415],
              [1.243758, 41.141449],
              [1.243488, 41.141478],
              [1.243216, 41.141502],
              [1.242944, 41.141523],
              [1.24267, 41.141538],
              [1.242397, 41.14155],
              [1.242122, 41.141558],
              [1.241848, 41.141562],
              [1.241574, 41.141563],
              [1.241299, 41.14156],
              [1.241025, 41.141554],
              [1.240751, 41.141546],
              [1.240477, 41.141535],
              [1.240204, 41.141522],
              [1.239238, 41.141469],
              [1.239205, 41.140988],
              [1.239159, 41.140148],
              [1.239124, 41.13976],
              [1.239081, 41.139553],
              [1.238988, 41.139288],
              [1.238854, 41.138994],
              [1.238699, 41.138727],
              [1.238544, 41.138505],
              [1.238296, 41.138154],
              [1.23802, 41.13776],
              [1.23786, 41.1375],
              [1.237786, 41.137346],
              [1.237733, 41.137203],
              [1.237686, 41.137027],
              [1.237651, 41.136758],
              [1.237661, 41.136478],
              [1.237694, 41.136291],
              [1.237757, 41.136076],
              [1.237911, 41.135704],
              [1.238123, 41.135232],
              [1.238413, 41.134596],
              [1.238605, 41.134156],
              [1.239765, 41.131588],
              [1.240014, 41.131039],
              [1.240155, 41.130717],
              [1.240338, 41.130325],
              [1.240548, 41.129861],
              [1.240958, 41.128974],
              [1.241142, 41.128545],
              [1.241677, 41.127363],
              [1.241808, 41.127081],
              [1.24195, 41.126762],
              [1.24262, 41.126533],
              [1.242925, 41.126418],
              [1.243121, 41.126334],
              [1.243295, 41.126254],
              [1.243428, 41.126188],
              [1.243594, 41.1261],
              [1.243751, 41.12601],
              [1.24401, 41.12585],
              [1.244561, 41.125484],
              [1.244738, 41.125371],
              [1.244928, 41.125254],
              [1.245036, 41.125191],
              [1.245209, 41.125107],
              [1.2452, 41.125113],
              [1.245195, 41.125115],
              [1.24519, 41.125118],
              [1.245185, 41.125121],
              [1.245181, 41.125124],
              [1.245177, 41.125128],
              [1.245173, 41.125131],
              [1.245169, 41.125134],
              [1.245165, 41.125138],
              [1.245161, 41.125142],
              [1.245158, 41.125145],
              [1.245154, 41.125149],
              [1.245151, 41.125153],
              [1.245148, 41.125157],
              [1.245146, 41.125161],
              [1.24466, 41.12589],
              [1.244575, 41.126028],
              [1.244546, 41.126082],
              [1.24452, 41.126134],
              [1.244459, 41.126266],
              [1.244432, 41.126332],
              [1.244393, 41.126444],
              [1.244368, 41.12652],
              [1.244355, 41.12657],
              [1.244325, 41.126698],
              [1.244304, 41.126831],
              [1.244299, 41.126872],
              [1.244288, 41.126976],
              [1.244286, 41.12712],
              [1.244293, 41.127255],
              [1.244318, 41.127444],
              [1.244329, 41.127513],
              [1.244346, 41.127591],
              [1.244353, 41.127615],
              [1.244402, 41.127774],
              [1.244538, 41.128098],
              [1.244615, 41.128271],
              [1.24465, 41.128356],
              [1.244712, 41.128498],
              [1.244851, 41.12881],
              [1.244918, 41.12897],
              [1.245002, 41.129137],
              [1.245099, 41.129377],
              [1.245131, 41.129447],
              [1.245235, 41.129632],
              [1.245298, 41.129728],
              [1.245421, 41.129867],
              [1.245605, 41.130046],
              [1.245749, 41.130166],
              [1.246435, 41.130791],
              [1.246646, 41.130985],
              [1.246874, 41.131176],
              [1.247063, 41.131313],
              [1.247399, 41.131527],
              [1.247698, 41.131677],
              [1.247834, 41.131719],
              [1.247969, 41.131761],
              [1.248157, 41.131851],
              [1.248311, 41.131927],
              [1.248559, 41.13199],
              [1.248688, 41.132046],
              [1.249054, 41.132193],
              [1.249189, 41.132244],
              [1.249327, 41.132293],
              [1.24948, 41.132343],
              [1.249641, 41.132393],
              [1.249722, 41.132416],
              [1.249812, 41.132437],
              [1.250227, 41.132812],
              [1.250629, 41.133039],
              [1.250849, 41.133098],
              [1.251016, 41.133096],
              [1.251015, 41.133114],
              [1.25102, 41.133133],
              [1.251026, 41.133145],
              [1.251031, 41.133151],
              [1.251035, 41.133155],
              [1.251048, 41.133163],
              [1.251072, 41.133169],
              [1.251105, 41.133175],
              [1.25113, 41.133226],
              [1.25116, 41.133304],
              [1.251294, 41.133609],
              [1.251343, 41.133729],
              [1.251376, 41.133823],
              [1.251375, 41.134009],
              [1.251381, 41.134189],
              [1.251387, 41.134331],
              [1.251387, 41.134517],
              [1.251394, 41.134591]
            ]
          ]
        ]
      }
    }
  ]
}
